run_id,planned_run,condition,test_id,feature_id,category,dependency_group,required_cases,passed
256a2bf5-a8db-4a43-81bc-17bc38eda0d3,anti-001,anti,T-001-01,F-001,normal,other,1,1
256a2bf5-a8db-4a43-81bc-17bc38eda0d3,anti-001,anti,T-001-02,F-001,negative,other,1,1
256a2bf5-a8db-4a43-81bc-17bc38eda0d3,anti-001,anti,T-001-03,F-001,negative,other,1,1
256a2bf5-a8db-4a43-81bc-17bc38eda0d3,anti-001,anti,T-001-04,F-001,negative,other,1,1
256a2bf5-a8db-4a43-81bc-17bc38eda0d3,anti-001,anti,T-002-01,F-002,normal,other,1,1
256a2bf5-a8db-4a43-81bc-17bc38eda0d3,anti-001,anti,T-002-02,F-002,normal,other,1,0
256a2bf5-a8db-4a43-81bc-17bc38eda0d3,anti-001,anti,T-002-03,F-002,negative,other,1,1
256a2bf5-a8db-4a43-81bc-17bc38eda0d3,anti-001,anti,T-002-04,F-002,negative,other,1,1
256a2bf5-a8db-4a43-81bc-17bc38eda0d3,anti-001,anti,T-003-01,F-003,normal,other,1,1
256a2bf5-a8db-4a43-81bc-17bc38eda0d3,anti-001,anti,T-003-02,F-003,negative,other,1,1
256a2bf5-a8db-4a43-81bc-17bc38eda0d3,anti-001,anti,T-004-01,F-004,normal,other,1,1
256a2bf5-a8db-4a43-81bc-17bc38eda0d3,anti-001,anti,T-004-02,F-004,negative,other,1,1
256a2bf5-a8db-4a43-81bc-17bc38eda0d3,anti-001,anti,T-004-03,F-004,negative,other,1,0
256a2bf5-a8db-4a43-81bc-17bc38eda0d3,anti-001,anti,T-005-01,F-005,normal,other,1,1
256a2bf5-a8db-4a43-81bc-17bc38eda0d3,anti-001,anti,T-005-02,F-005,normal,other,1,1
256a2bf5-a8db-4a43-81bc-17bc38eda0d3,anti-001,anti,T-006-01,F-006,normal,direct_threshold,1,0
256a2bf5-a8db-4a43-81bc-17bc38eda0d3,anti-001,anti,T-006-02,F-006,normal,other,1,1
256a2bf5-a8db-4a43-81bc-17bc38eda0d3,anti-001,anti,T-006-03,F-006,boundary,direct_threshold,1,0
256a2bf5-a8db-4a43-81bc-17bc38eda0d3,anti-001,anti,T-006-04,F-006,boundary,other,1,1
256a2bf5-a8db-4a43-81bc-17bc38eda0d3,anti-001,anti,T-006-05,F-006,boundary,direct_threshold,2,0
256a2bf5-a8db-4a43-81bc-17bc38eda0d3,anti-001,anti,T-006-06,F-006,negative,other,1,1
256a2bf5-a8db-4a43-81bc-17bc38eda0d3,anti-001,anti,T-007-01,F-007,normal,other,1,0
256a2bf5-a8db-4a43-81bc-17bc38eda0d3,anti-001,anti,T-007-02,F-007,normal,other,1,0
256a2bf5-a8db-4a43-81bc-17bc38eda0d3,anti-001,anti,T-007-03,F-007,normal,other,1,0
256a2bf5-a8db-4a43-81bc-17bc38eda0d3,anti-001,anti,T-008-01,F-008,normal,other,1,0
256a2bf5-a8db-4a43-81bc-17bc38eda0d3,anti-001,anti,T-008-02,F-008,normal,other,1,0
256a2bf5-a8db-4a43-81bc-17bc38eda0d3,anti-001,anti,T-008-03,F-008,negative,other,1,1
256a2bf5-a8db-4a43-81bc-17bc38eda0d3,anti-001,anti,T-008-04,F-008,normal,other,1,1
256a2bf5-a8db-4a43-81bc-17bc38eda0d3,anti-001,anti,T-009-01,F-009,normal,other,1,0
256a2bf5-a8db-4a43-81bc-17bc38eda0d3,anti-001,anti,T-009-02,F-009,negative,other,1,1
256a2bf5-a8db-4a43-81bc-17bc38eda0d3,anti-001,anti,T-010-01,F-010,normal,downstream_threshold,1,0
256a2bf5-a8db-4a43-81bc-17bc38eda0d3,anti-001,anti,T-010-02,F-010,normal,other,1,1
256a2bf5-a8db-4a43-81bc-17bc38eda0d3,anti-001,anti,T-010-03,F-010,negative,other,1,1
256a2bf5-a8db-4a43-81bc-17bc38eda0d3,anti-001,anti,T-011-01,F-011,normal,downstream_threshold,1,0
256a2bf5-a8db-4a43-81bc-17bc38eda0d3,anti-001,anti,T-011-02,F-011,negative,downstream_threshold,1,0
256a2bf5-a8db-4a43-81bc-17bc38eda0d3,anti-001,anti,T-012-01,F-012,normal,downstream_threshold,1,0
256a2bf5-a8db-4a43-81bc-17bc38eda0d3,anti-001,anti,T-012-02,F-012,negative,downstream_threshold,1,0
256a2bf5-a8db-4a43-81bc-17bc38eda0d3,anti-001,anti,T-013-01,F-013,normal,downstream_threshold,1,0
256a2bf5-a8db-4a43-81bc-17bc38eda0d3,anti-001,anti,T-013-02,F-013,negative,downstream_threshold,1,0
256a2bf5-a8db-4a43-81bc-17bc38eda0d3,anti-001,anti,T-014-01,F-014,normal,downstream_threshold,1,0
256a2bf5-a8db-4a43-81bc-17bc38eda0d3,anti-001,anti,T-014-02,F-014,normal,downstream_threshold,1,0
256a2bf5-a8db-4a43-81bc-17bc38eda0d3,anti-001,anti,T-015-01,F-015,normal,downstream_threshold,1,0
256a2bf5-a8db-4a43-81bc-17bc38eda0d3,anti-001,anti,T-016-01,F-016,normal,other,1,0
256a2bf5-a8db-4a43-81bc-17bc38eda0d3,anti-001,anti,T-016-02,F-016,normal,other,1,0
256a2bf5-a8db-4a43-81bc-17bc38eda0d3,anti-001,anti,T-016-03,F-016,negative,other,1,1
256a2bf5-a8db-4a43-81bc-17bc38eda0d3,anti-001,anti,T-017-01,F-017,normal,other,1,0
256a2bf5-a8db-4a43-81bc-17bc38eda0d3,anti-001,anti,T-017-02,F-017,normal,other,1,0
256a2bf5-a8db-4a43-81bc-17bc38eda0d3,anti-001,anti,T-018-01,F-018,normal,other,1,1
256a2bf5-a8db-4a43-81bc-17bc38eda0d3,anti-001,anti,T-018-02,F-018,negative,other,1,1
256a2bf5-a8db-4a43-81bc-17bc38eda0d3,anti-001,anti,T-018-03,F-018,negative,other,1,1
256a2bf5-a8db-4a43-81bc-17bc38eda0d3,anti-001,anti,T-019-01,F-019,normal,other,1,1
256a2bf5-a8db-4a43-81bc-17bc38eda0d3,anti-001,anti,T-019-02,F-019,negative,other,1,1
256a2bf5-a8db-4a43-81bc-17bc38eda0d3,anti-001,anti,T-019-03,F-019,negative,other,1,1
256a2bf5-a8db-4a43-81bc-17bc38eda0d3,anti-001,anti,T-020-01,F-020,normal,other,1,1
256a2bf5-a8db-4a43-81bc-17bc38eda0d3,anti-001,anti,T-020-02,F-020,normal,other,1,1
256a2bf5-a8db-4a43-81bc-17bc38eda0d3,anti-001,anti,T-020-03,F-020,negative,other,1,1
256a2bf5-a8db-4a43-81bc-17bc38eda0d3,anti-001,anti,T-020-04,F-020,negative,other,1,1
daedcc21-8243-4234-8df7-945db1b684c0,normal-001,normal,T-001-01,F-001,normal,other,1,0
daedcc21-8243-4234-8df7-945db1b684c0,normal-001,normal,T-001-02,F-001,negative,other,1,0
daedcc21-8243-4234-8df7-945db1b684c0,normal-001,normal,T-001-03,F-001,negative,other,1,0
daedcc21-8243-4234-8df7-945db1b684c0,normal-001,normal,T-001-04,F-001,negative,other,1,0
daedcc21-8243-4234-8df7-945db1b684c0,normal-001,normal,T-002-01,F-002,normal,other,1,0
daedcc21-8243-4234-8df7-945db1b684c0,normal-001,normal,T-002-02,F-002,normal,other,1,0
daedcc21-8243-4234-8df7-945db1b684c0,normal-001,normal,T-002-03,F-002,negative,other,1,1
daedcc21-8243-4234-8df7-945db1b684c0,normal-001,normal,T-002-04,F-002,negative,other,1,1
daedcc21-8243-4234-8df7-945db1b684c0,normal-001,normal,T-003-01,F-003,normal,other,1,1
daedcc21-8243-4234-8df7-945db1b684c0,normal-001,normal,T-003-02,F-003,negative,other,1,0
daedcc21-8243-4234-8df7-945db1b684c0,normal-001,normal,T-004-01,F-004,normal,other,1,1
daedcc21-8243-4234-8df7-945db1b684c0,normal-001,normal,T-004-02,F-004,negative,other,1,0
daedcc21-8243-4234-8df7-945db1b684c0,normal-001,normal,T-004-03,F-004,negative,other,1,0
daedcc21-8243-4234-8df7-945db1b684c0,normal-001,normal,T-005-01,F-005,normal,other,1,1
daedcc21-8243-4234-8df7-945db1b684c0,normal-001,normal,T-005-02,F-005,normal,other,1,1
daedcc21-8243-4234-8df7-945db1b684c0,normal-001,normal,T-006-01,F-006,normal,direct_threshold,1,1
daedcc21-8243-4234-8df7-945db1b684c0,normal-001,normal,T-006-02,F-006,normal,other,1,1
daedcc21-8243-4234-8df7-945db1b684c0,normal-001,normal,T-006-03,F-006,boundary,direct_threshold,1,1
daedcc21-8243-4234-8df7-945db1b684c0,normal-001,normal,T-006-04,F-006,boundary,other,1,1
daedcc21-8243-4234-8df7-945db1b684c0,normal-001,normal,T-006-05,F-006,boundary,direct_threshold,2,1
daedcc21-8243-4234-8df7-945db1b684c0,normal-001,normal,T-006-06,F-006,negative,other,1,1
daedcc21-8243-4234-8df7-945db1b684c0,normal-001,normal,T-007-01,F-007,normal,other,1,0
daedcc21-8243-4234-8df7-945db1b684c0,normal-001,normal,T-007-02,F-007,normal,other,1,0
daedcc21-8243-4234-8df7-945db1b684c0,normal-001,normal,T-007-03,F-007,normal,other,1,0
daedcc21-8243-4234-8df7-945db1b684c0,normal-001,normal,T-008-01,F-008,normal,other,1,0
daedcc21-8243-4234-8df7-945db1b684c0,normal-001,normal,T-008-02,F-008,normal,other,1,1
daedcc21-8243-4234-8df7-945db1b684c0,normal-001,normal,T-008-03,F-008,negative,other,1,1
daedcc21-8243-4234-8df7-945db1b684c0,normal-001,normal,T-008-04,F-008,normal,other,1,1
daedcc21-8243-4234-8df7-945db1b684c0,normal-001,normal,T-009-01,F-009,normal,other,1,0
daedcc21-8243-4234-8df7-945db1b684c0,normal-001,normal,T-009-02,F-009,negative,other,1,0
daedcc21-8243-4234-8df7-945db1b684c0,normal-001,normal,T-010-01,F-010,normal,downstream_threshold,1,0
daedcc21-8243-4234-8df7-945db1b684c0,normal-001,normal,T-010-02,F-010,normal,other,1,1
daedcc21-8243-4234-8df7-945db1b684c0,normal-001,normal,T-010-03,F-010,negative,other,1,1
daedcc21-8243-4234-8df7-945db1b684c0,normal-001,normal,T-011-01,F-011,normal,downstream_threshold,1,0
daedcc21-8243-4234-8df7-945db1b684c0,normal-001,normal,T-011-02,F-011,negative,downstream_threshold,1,1
daedcc21-8243-4234-8df7-945db1b684c0,normal-001,normal,T-012-01,F-012,normal,downstream_threshold,1,1
daedcc21-8243-4234-8df7-945db1b684c0,normal-001,normal,T-012-02,F-012,negative,downstream_threshold,1,1
daedcc21-8243-4234-8df7-945db1b684c0,normal-001,normal,T-013-01,F-013,normal,downstream_threshold,1,0
daedcc21-8243-4234-8df7-945db1b684c0,normal-001,normal,T-013-02,F-013,negative,downstream_threshold,1,1
daedcc21-8243-4234-8df7-945db1b684c0,normal-001,normal,T-014-01,F-014,normal,downstream_threshold,1,1
daedcc21-8243-4234-8df7-945db1b684c0,normal-001,normal,T-014-02,F-014,normal,downstream_threshold,1,1
daedcc21-8243-4234-8df7-945db1b684c0,normal-001,normal,T-015-01,F-015,normal,downstream_threshold,1,0
daedcc21-8243-4234-8df7-945db1b684c0,normal-001,normal,T-016-01,F-016,normal,other,1,0
daedcc21-8243-4234-8df7-945db1b684c0,normal-001,normal,T-016-02,F-016,normal,other,1,0
daedcc21-8243-4234-8df7-945db1b684c0,normal-001,normal,T-016-03,F-016,negative,other,1,1
daedcc21-8243-4234-8df7-945db1b684c0,normal-001,normal,T-017-01,F-017,normal,other,1,0
daedcc21-8243-4234-8df7-945db1b684c0,normal-001,normal,T-017-02,F-017,normal,other,1,0
daedcc21-8243-4234-8df7-945db1b684c0,normal-001,normal,T-018-01,F-018,normal,other,1,0
daedcc21-8243-4234-8df7-945db1b684c0,normal-001,normal,T-018-02,F-018,negative,other,1,1
daedcc21-8243-4234-8df7-945db1b684c0,normal-001,normal,T-018-03,F-018,negative,other,1,1
daedcc21-8243-4234-8df7-945db1b684c0,normal-001,normal,T-019-01,F-019,normal,other,1,0
daedcc21-8243-4234-8df7-945db1b684c0,normal-001,normal,T-019-02,F-019,negative,other,1,1
daedcc21-8243-4234-8df7-945db1b684c0,normal-001,normal,T-019-03,F-019,negative,other,1,1
daedcc21-8243-4234-8df7-945db1b684c0,normal-001,normal,T-020-01,F-020,normal,other,1,1
daedcc21-8243-4234-8df7-945db1b684c0,normal-001,normal,T-020-02,F-020,normal,other,1,1
daedcc21-8243-4234-8df7-945db1b684c0,normal-001,normal,T-020-03,F-020,negative,other,1,1
daedcc21-8243-4234-8df7-945db1b684c0,normal-001,normal,T-020-04,F-020,negative,other,1,0
6a301665-ffc6-40e3-918a-d7fad37e8d29,normal-002,normal,T-001-01,F-001,normal,other,1,1
6a301665-ffc6-40e3-918a-d7fad37e8d29,normal-002,normal,T-001-02,F-001,negative,other,1,1
6a301665-ffc6-40e3-918a-d7fad37e8d29,normal-002,normal,T-001-03,F-001,negative,other,1,1
6a301665-ffc6-40e3-918a-d7fad37e8d29,normal-002,normal,T-001-04,F-001,negative,other,1,1
6a301665-ffc6-40e3-918a-d7fad37e8d29,normal-002,normal,T-002-01,F-002,normal,other,1,1
6a301665-ffc6-40e3-918a-d7fad37e8d29,normal-002,normal,T-002-02,F-002,normal,other,1,0
6a301665-ffc6-40e3-918a-d7fad37e8d29,normal-002,normal,T-002-03,F-002,negative,other,1,1
6a301665-ffc6-40e3-918a-d7fad37e8d29,normal-002,normal,T-002-04,F-002,negative,other,1,1
6a301665-ffc6-40e3-918a-d7fad37e8d29,normal-002,normal,T-003-01,F-003,normal,other,1,1
6a301665-ffc6-40e3-918a-d7fad37e8d29,normal-002,normal,T-003-02,F-003,negative,other,1,1
6a301665-ffc6-40e3-918a-d7fad37e8d29,normal-002,normal,T-004-01,F-004,normal,other,1,0
6a301665-ffc6-40e3-918a-d7fad37e8d29,normal-002,normal,T-004-02,F-004,negative,other,1,1
6a301665-ffc6-40e3-918a-d7fad37e8d29,normal-002,normal,T-004-03,F-004,negative,other,1,0
6a301665-ffc6-40e3-918a-d7fad37e8d29,normal-002,normal,T-005-01,F-005,normal,other,1,1
6a301665-ffc6-40e3-918a-d7fad37e8d29,normal-002,normal,T-005-02,F-005,normal,other,1,1
6a301665-ffc6-40e3-918a-d7fad37e8d29,normal-002,normal,T-006-01,F-006,normal,direct_threshold,1,1
6a301665-ffc6-40e3-918a-d7fad37e8d29,normal-002,normal,T-006-02,F-006,normal,other,1,1
6a301665-ffc6-40e3-918a-d7fad37e8d29,normal-002,normal,T-006-03,F-006,boundary,direct_threshold,1,1
6a301665-ffc6-40e3-918a-d7fad37e8d29,normal-002,normal,T-006-04,F-006,boundary,other,1,1
6a301665-ffc6-40e3-918a-d7fad37e8d29,normal-002,normal,T-006-05,F-006,boundary,direct_threshold,2,1
6a301665-ffc6-40e3-918a-d7fad37e8d29,normal-002,normal,T-006-06,F-006,negative,other,1,1
6a301665-ffc6-40e3-918a-d7fad37e8d29,normal-002,normal,T-007-01,F-007,normal,other,1,1
6a301665-ffc6-40e3-918a-d7fad37e8d29,normal-002,normal,T-007-02,F-007,normal,other,1,1
6a301665-ffc6-40e3-918a-d7fad37e8d29,normal-002,normal,T-007-03,F-007,normal,other,1,1
6a301665-ffc6-40e3-918a-d7fad37e8d29,normal-002,normal,T-008-01,F-008,normal,other,1,1
6a301665-ffc6-40e3-918a-d7fad37e8d29,normal-002,normal,T-008-02,F-008,normal,other,1,1
6a301665-ffc6-40e3-918a-d7fad37e8d29,normal-002,normal,T-008-03,F-008,negative,other,1,1
6a301665-ffc6-40e3-918a-d7fad37e8d29,normal-002,normal,T-008-04,F-008,normal,other,1,1
6a301665-ffc6-40e3-918a-d7fad37e8d29,normal-002,normal,T-009-01,F-009,normal,other,1,1
6a301665-ffc6-40e3-918a-d7fad37e8d29,normal-002,normal,T-009-02,F-009,negative,other,1,1
6a301665-ffc6-40e3-918a-d7fad37e8d29,normal-002,normal,T-010-01,F-010,normal,downstream_threshold,1,1
6a301665-ffc6-40e3-918a-d7fad37e8d29,normal-002,normal,T-010-02,F-010,normal,other,1,1
6a301665-ffc6-40e3-918a-d7fad37e8d29,normal-002,normal,T-010-03,F-010,negative,other,1,1
6a301665-ffc6-40e3-918a-d7fad37e8d29,normal-002,normal,T-011-01,F-011,normal,downstream_threshold,1,1
6a301665-ffc6-40e3-918a-d7fad37e8d29,normal-002,normal,T-011-02,F-011,negative,downstream_threshold,1,1
6a301665-ffc6-40e3-918a-d7fad37e8d29,normal-002,normal,T-012-01,F-012,normal,downstream_threshold,1,1
6a301665-ffc6-40e3-918a-d7fad37e8d29,normal-002,normal,T-012-02,F-012,negative,downstream_threshold,1,1
6a301665-ffc6-40e3-918a-d7fad37e8d29,normal-002,normal,T-013-01,F-013,normal,downstream_threshold,1,0
6a301665-ffc6-40e3-918a-d7fad37e8d29,normal-002,normal,T-013-02,F-013,negative,downstream_threshold,1,1
6a301665-ffc6-40e3-918a-d7fad37e8d29,normal-002,normal,T-014-01,F-014,normal,downstream_threshold,1,1
6a301665-ffc6-40e3-918a-d7fad37e8d29,normal-002,normal,T-014-02,F-014,normal,downstream_threshold,1,1
6a301665-ffc6-40e3-918a-d7fad37e8d29,normal-002,normal,T-015-01,F-015,normal,downstream_threshold,1,0
6a301665-ffc6-40e3-918a-d7fad37e8d29,normal-002,normal,T-016-01,F-016,normal,other,1,0
6a301665-ffc6-40e3-918a-d7fad37e8d29,normal-002,normal,T-016-02,F-016,normal,other,1,1
6a301665-ffc6-40e3-918a-d7fad37e8d29,normal-002,normal,T-016-03,F-016,negative,other,1,1
6a301665-ffc6-40e3-918a-d7fad37e8d29,normal-002,normal,T-017-01,F-017,normal,other,1,0
6a301665-ffc6-40e3-918a-d7fad37e8d29,normal-002,normal,T-017-02,F-017,normal,other,1,1
6a301665-ffc6-40e3-918a-d7fad37e8d29,normal-002,normal,T-018-01,F-018,normal,other,1,1
6a301665-ffc6-40e3-918a-d7fad37e8d29,normal-002,normal,T-018-02,F-018,negative,other,1,1
6a301665-ffc6-40e3-918a-d7fad37e8d29,normal-002,normal,T-018-03,F-018,negative,other,1,1
6a301665-ffc6-40e3-918a-d7fad37e8d29,normal-002,normal,T-019-01,F-019,normal,other,1,1
6a301665-ffc6-40e3-918a-d7fad37e8d29,normal-002,normal,T-019-02,F-019,negative,other,1,1
6a301665-ffc6-40e3-918a-d7fad37e8d29,normal-002,normal,T-019-03,F-019,negative,other,1,1
6a301665-ffc6-40e3-918a-d7fad37e8d29,normal-002,normal,T-020-01,F-020,normal,other,1,1
6a301665-ffc6-40e3-918a-d7fad37e8d29,normal-002,normal,T-020-02,F-020,normal,other,1,1
6a301665-ffc6-40e3-918a-d7fad37e8d29,normal-002,normal,T-020-03,F-020,negative,other,1,1
6a301665-ffc6-40e3-918a-d7fad37e8d29,normal-002,normal,T-020-04,F-020,negative,other,1,1
11440dd4-c70f-466e-b37a-96376727430e,anti-002,anti,T-001-01,F-001,normal,other,1,0
11440dd4-c70f-466e-b37a-96376727430e,anti-002,anti,T-001-02,F-001,negative,other,1,0
11440dd4-c70f-466e-b37a-96376727430e,anti-002,anti,T-001-03,F-001,negative,other,1,0
11440dd4-c70f-466e-b37a-96376727430e,anti-002,anti,T-001-04,F-001,negative,other,1,0
11440dd4-c70f-466e-b37a-96376727430e,anti-002,anti,T-002-01,F-002,normal,other,1,0
11440dd4-c70f-466e-b37a-96376727430e,anti-002,anti,T-002-02,F-002,normal,other,1,1
11440dd4-c70f-466e-b37a-96376727430e,anti-002,anti,T-002-03,F-002,negative,other,1,1
11440dd4-c70f-466e-b37a-96376727430e,anti-002,anti,T-002-04,F-002,negative,other,1,1
11440dd4-c70f-466e-b37a-96376727430e,anti-002,anti,T-003-01,F-003,normal,other,1,1
11440dd4-c70f-466e-b37a-96376727430e,anti-002,anti,T-003-02,F-003,negative,other,1,1
11440dd4-c70f-466e-b37a-96376727430e,anti-002,anti,T-004-01,F-004,normal,other,1,1
11440dd4-c70f-466e-b37a-96376727430e,anti-002,anti,T-004-02,F-004,negative,other,1,1
11440dd4-c70f-466e-b37a-96376727430e,anti-002,anti,T-004-03,F-004,negative,other,1,0
11440dd4-c70f-466e-b37a-96376727430e,anti-002,anti,T-005-01,F-005,normal,other,1,0
11440dd4-c70f-466e-b37a-96376727430e,anti-002,anti,T-005-02,F-005,normal,other,1,1
11440dd4-c70f-466e-b37a-96376727430e,anti-002,anti,T-006-01,F-006,normal,direct_threshold,1,0
11440dd4-c70f-466e-b37a-96376727430e,anti-002,anti,T-006-02,F-006,normal,other,1,1
11440dd4-c70f-466e-b37a-96376727430e,anti-002,anti,T-006-03,F-006,boundary,direct_threshold,1,0
11440dd4-c70f-466e-b37a-96376727430e,anti-002,anti,T-006-04,F-006,boundary,other,1,1
11440dd4-c70f-466e-b37a-96376727430e,anti-002,anti,T-006-05,F-006,boundary,direct_threshold,2,0
11440dd4-c70f-466e-b37a-96376727430e,anti-002,anti,T-006-06,F-006,negative,other,1,1
11440dd4-c70f-466e-b37a-96376727430e,anti-002,anti,T-007-01,F-007,normal,other,1,1
11440dd4-c70f-466e-b37a-96376727430e,anti-002,anti,T-007-02,F-007,normal,other,1,1
11440dd4-c70f-466e-b37a-96376727430e,anti-002,anti,T-007-03,F-007,normal,other,1,1
11440dd4-c70f-466e-b37a-96376727430e,anti-002,anti,T-008-01,F-008,normal,other,1,1
11440dd4-c70f-466e-b37a-96376727430e,anti-002,anti,T-008-02,F-008,normal,other,1,1
11440dd4-c70f-466e-b37a-96376727430e,anti-002,anti,T-008-03,F-008,negative,other,1,1
11440dd4-c70f-466e-b37a-96376727430e,anti-002,anti,T-008-04,F-008,normal,other,1,1
11440dd4-c70f-466e-b37a-96376727430e,anti-002,anti,T-009-01,F-009,normal,other,1,1
11440dd4-c70f-466e-b37a-96376727430e,anti-002,anti,T-009-02,F-009,negative,other,1,0
11440dd4-c70f-466e-b37a-96376727430e,anti-002,anti,T-010-01,F-010,normal,downstream_threshold,1,0
11440dd4-c70f-466e-b37a-96376727430e,anti-002,anti,T-010-02,F-010,normal,other,1,1
11440dd4-c70f-466e-b37a-96376727430e,anti-002,anti,T-010-03,F-010,negative,other,1,1
11440dd4-c70f-466e-b37a-96376727430e,anti-002,anti,T-011-01,F-011,normal,downstream_threshold,1,0
11440dd4-c70f-466e-b37a-96376727430e,anti-002,anti,T-011-02,F-011,negative,downstream_threshold,1,0
11440dd4-c70f-466e-b37a-96376727430e,anti-002,anti,T-012-01,F-012,normal,downstream_threshold,1,0
11440dd4-c70f-466e-b37a-96376727430e,anti-002,anti,T-012-02,F-012,negative,downstream_threshold,1,0
11440dd4-c70f-466e-b37a-96376727430e,anti-002,anti,T-013-01,F-013,normal,downstream_threshold,1,0
11440dd4-c70f-466e-b37a-96376727430e,anti-002,anti,T-013-02,F-013,negative,downstream_threshold,1,0
11440dd4-c70f-466e-b37a-96376727430e,anti-002,anti,T-014-01,F-014,normal,downstream_threshold,1,0
11440dd4-c70f-466e-b37a-96376727430e,anti-002,anti,T-014-02,F-014,normal,downstream_threshold,1,0
11440dd4-c70f-466e-b37a-96376727430e,anti-002,anti,T-015-01,F-015,normal,downstream_threshold,1,0
11440dd4-c70f-466e-b37a-96376727430e,anti-002,anti,T-016-01,F-016,normal,other,1,0
11440dd4-c70f-466e-b37a-96376727430e,anti-002,anti,T-016-02,F-016,normal,other,1,1
11440dd4-c70f-466e-b37a-96376727430e,anti-002,anti,T-016-03,F-016,negative,other,1,1
11440dd4-c70f-466e-b37a-96376727430e,anti-002,anti,T-017-01,F-017,normal,other,1,1
11440dd4-c70f-466e-b37a-96376727430e,anti-002,anti,T-017-02,F-017,normal,other,1,1
11440dd4-c70f-466e-b37a-96376727430e,anti-002,anti,T-018-01,F-018,normal,other,1,0
11440dd4-c70f-466e-b37a-96376727430e,anti-002,anti,T-018-02,F-018,negative,other,1,1
11440dd4-c70f-466e-b37a-96376727430e,anti-002,anti,T-018-03,F-018,negative,other,1,1
11440dd4-c70f-466e-b37a-96376727430e,anti-002,anti,T-019-01,F-019,normal,other,1,0
11440dd4-c70f-466e-b37a-96376727430e,anti-002,anti,T-019-02,F-019,negative,other,1,1
11440dd4-c70f-466e-b37a-96376727430e,anti-002,anti,T-019-03,F-019,negative,other,1,1
11440dd4-c70f-466e-b37a-96376727430e,anti-002,anti,T-020-01,F-020,normal,other,1,1
11440dd4-c70f-466e-b37a-96376727430e,anti-002,anti,T-020-02,F-020,normal,other,1,1
11440dd4-c70f-466e-b37a-96376727430e,anti-002,anti,T-020-03,F-020,negative,other,1,1
11440dd4-c70f-466e-b37a-96376727430e,anti-002,anti,T-020-04,F-020,negative,other,1,1
9a8c5ff6-e5df-4b20-8646-cf11e16ed257,anti-003,anti,T-001-01,F-001,normal,other,1,1
9a8c5ff6-e5df-4b20-8646-cf11e16ed257,anti-003,anti,T-001-02,F-001,negative,other,1,1
9a8c5ff6-e5df-4b20-8646-cf11e16ed257,anti-003,anti,T-001-03,F-001,negative,other,1,1
9a8c5ff6-e5df-4b20-8646-cf11e16ed257,anti-003,anti,T-001-04,F-001,negative,other,1,1
9a8c5ff6-e5df-4b20-8646-cf11e16ed257,anti-003,anti,T-002-01,F-002,normal,other,1,1
9a8c5ff6-e5df-4b20-8646-cf11e16ed257,anti-003,anti,T-002-02,F-002,normal,other,1,0
9a8c5ff6-e5df-4b20-8646-cf11e16ed257,anti-003,anti,T-002-03,F-002,negative,other,1,1
9a8c5ff6-e5df-4b20-8646-cf11e16ed257,anti-003,anti,T-002-04,F-002,negative,other,1,1
9a8c5ff6-e5df-4b20-8646-cf11e16ed257,anti-003,anti,T-003-01,F-003,normal,other,1,1
9a8c5ff6-e5df-4b20-8646-cf11e16ed257,anti-003,anti,T-003-02,F-003,negative,other,1,0
9a8c5ff6-e5df-4b20-8646-cf11e16ed257,anti-003,anti,T-004-01,F-004,normal,other,1,1
9a8c5ff6-e5df-4b20-8646-cf11e16ed257,anti-003,anti,T-004-02,F-004,negative,other,1,1
9a8c5ff6-e5df-4b20-8646-cf11e16ed257,anti-003,anti,T-004-03,F-004,negative,other,1,0
9a8c5ff6-e5df-4b20-8646-cf11e16ed257,anti-003,anti,T-005-01,F-005,normal,other,1,1
9a8c5ff6-e5df-4b20-8646-cf11e16ed257,anti-003,anti,T-005-02,F-005,normal,other,1,1
9a8c5ff6-e5df-4b20-8646-cf11e16ed257,anti-003,anti,T-006-01,F-006,normal,direct_threshold,1,0
9a8c5ff6-e5df-4b20-8646-cf11e16ed257,anti-003,anti,T-006-02,F-006,normal,other,1,1
9a8c5ff6-e5df-4b20-8646-cf11e16ed257,anti-003,anti,T-006-03,F-006,boundary,direct_threshold,1,0
9a8c5ff6-e5df-4b20-8646-cf11e16ed257,anti-003,anti,T-006-04,F-006,boundary,other,1,1
9a8c5ff6-e5df-4b20-8646-cf11e16ed257,anti-003,anti,T-006-05,F-006,boundary,direct_threshold,2,0
9a8c5ff6-e5df-4b20-8646-cf11e16ed257,anti-003,anti,T-006-06,F-006,negative,other,1,1
9a8c5ff6-e5df-4b20-8646-cf11e16ed257,anti-003,anti,T-007-01,F-007,normal,other,1,0
9a8c5ff6-e5df-4b20-8646-cf11e16ed257,anti-003,anti,T-007-02,F-007,normal,other,1,0
9a8c5ff6-e5df-4b20-8646-cf11e16ed257,anti-003,anti,T-007-03,F-007,normal,other,1,0
9a8c5ff6-e5df-4b20-8646-cf11e16ed257,anti-003,anti,T-008-01,F-008,normal,other,1,0
9a8c5ff6-e5df-4b20-8646-cf11e16ed257,anti-003,anti,T-008-02,F-008,normal,other,1,0
9a8c5ff6-e5df-4b20-8646-cf11e16ed257,anti-003,anti,T-008-03,F-008,negative,other,1,1
9a8c5ff6-e5df-4b20-8646-cf11e16ed257,anti-003,anti,T-008-04,F-008,normal,other,1,1
9a8c5ff6-e5df-4b20-8646-cf11e16ed257,anti-003,anti,T-009-01,F-009,normal,other,1,0
9a8c5ff6-e5df-4b20-8646-cf11e16ed257,anti-003,anti,T-009-02,F-009,negative,other,1,1
9a8c5ff6-e5df-4b20-8646-cf11e16ed257,anti-003,anti,T-010-01,F-010,normal,downstream_threshold,1,0
9a8c5ff6-e5df-4b20-8646-cf11e16ed257,anti-003,anti,T-010-02,F-010,normal,other,1,0
9a8c5ff6-e5df-4b20-8646-cf11e16ed257,anti-003,anti,T-010-03,F-010,negative,other,1,1
9a8c5ff6-e5df-4b20-8646-cf11e16ed257,anti-003,anti,T-011-01,F-011,normal,downstream_threshold,1,0
9a8c5ff6-e5df-4b20-8646-cf11e16ed257,anti-003,anti,T-011-02,F-011,negative,downstream_threshold,1,0
9a8c5ff6-e5df-4b20-8646-cf11e16ed257,anti-003,anti,T-012-01,F-012,normal,downstream_threshold,1,0
9a8c5ff6-e5df-4b20-8646-cf11e16ed257,anti-003,anti,T-012-02,F-012,negative,downstream_threshold,1,0
9a8c5ff6-e5df-4b20-8646-cf11e16ed257,anti-003,anti,T-013-01,F-013,normal,downstream_threshold,1,0
9a8c5ff6-e5df-4b20-8646-cf11e16ed257,anti-003,anti,T-013-02,F-013,negative,downstream_threshold,1,0
9a8c5ff6-e5df-4b20-8646-cf11e16ed257,anti-003,anti,T-014-01,F-014,normal,downstream_threshold,1,0
9a8c5ff6-e5df-4b20-8646-cf11e16ed257,anti-003,anti,T-014-02,F-014,normal,downstream_threshold,1,0
9a8c5ff6-e5df-4b20-8646-cf11e16ed257,anti-003,anti,T-015-01,F-015,normal,downstream_threshold,1,0
9a8c5ff6-e5df-4b20-8646-cf11e16ed257,anti-003,anti,T-016-01,F-016,normal,other,1,0
9a8c5ff6-e5df-4b20-8646-cf11e16ed257,anti-003,anti,T-016-02,F-016,normal,other,1,0
9a8c5ff6-e5df-4b20-8646-cf11e16ed257,anti-003,anti,T-016-03,F-016,negative,other,1,1
9a8c5ff6-e5df-4b20-8646-cf11e16ed257,anti-003,anti,T-017-01,F-017,normal,other,1,0
9a8c5ff6-e5df-4b20-8646-cf11e16ed257,anti-003,anti,T-017-02,F-017,normal,other,1,0
9a8c5ff6-e5df-4b20-8646-cf11e16ed257,anti-003,anti,T-018-01,F-018,normal,other,1,1
9a8c5ff6-e5df-4b20-8646-cf11e16ed257,anti-003,anti,T-018-02,F-018,negative,other,1,1
9a8c5ff6-e5df-4b20-8646-cf11e16ed257,anti-003,anti,T-018-03,F-018,negative,other,1,1
9a8c5ff6-e5df-4b20-8646-cf11e16ed257,anti-003,anti,T-019-01,F-019,normal,other,1,0
9a8c5ff6-e5df-4b20-8646-cf11e16ed257,anti-003,anti,T-019-02,F-019,negative,other,1,1
9a8c5ff6-e5df-4b20-8646-cf11e16ed257,anti-003,anti,T-019-03,F-019,negative,other,1,1
9a8c5ff6-e5df-4b20-8646-cf11e16ed257,anti-003,anti,T-020-01,F-020,normal,other,1,1
9a8c5ff6-e5df-4b20-8646-cf11e16ed257,anti-003,anti,T-020-02,F-020,normal,other,1,1
9a8c5ff6-e5df-4b20-8646-cf11e16ed257,anti-003,anti,T-020-03,F-020,negative,other,1,1
9a8c5ff6-e5df-4b20-8646-cf11e16ed257,anti-003,anti,T-020-04,F-020,negative,other,1,1
cf27fbcf-5851-4bb9-8d56-b0fb385878e7,normal-003,normal,T-001-01,F-001,normal,other,1,1
cf27fbcf-5851-4bb9-8d56-b0fb385878e7,normal-003,normal,T-001-02,F-001,negative,other,1,1
cf27fbcf-5851-4bb9-8d56-b0fb385878e7,normal-003,normal,T-001-03,F-001,negative,other,1,1
cf27fbcf-5851-4bb9-8d56-b0fb385878e7,normal-003,normal,T-001-04,F-001,negative,other,1,1
cf27fbcf-5851-4bb9-8d56-b0fb385878e7,normal-003,normal,T-002-01,F-002,normal,other,1,0
cf27fbcf-5851-4bb9-8d56-b0fb385878e7,normal-003,normal,T-002-02,F-002,normal,other,1,1
cf27fbcf-5851-4bb9-8d56-b0fb385878e7,normal-003,normal,T-002-03,F-002,negative,other,1,1
cf27fbcf-5851-4bb9-8d56-b0fb385878e7,normal-003,normal,T-002-04,F-002,negative,other,1,1
cf27fbcf-5851-4bb9-8d56-b0fb385878e7,normal-003,normal,T-003-01,F-003,normal,other,1,0
cf27fbcf-5851-4bb9-8d56-b0fb385878e7,normal-003,normal,T-003-02,F-003,negative,other,1,0
cf27fbcf-5851-4bb9-8d56-b0fb385878e7,normal-003,normal,T-004-01,F-004,normal,other,1,0
cf27fbcf-5851-4bb9-8d56-b0fb385878e7,normal-003,normal,T-004-02,F-004,negative,other,1,0
cf27fbcf-5851-4bb9-8d56-b0fb385878e7,normal-003,normal,T-004-03,F-004,negative,other,1,0
cf27fbcf-5851-4bb9-8d56-b0fb385878e7,normal-003,normal,T-005-01,F-005,normal,other,1,1
cf27fbcf-5851-4bb9-8d56-b0fb385878e7,normal-003,normal,T-005-02,F-005,normal,other,1,1
cf27fbcf-5851-4bb9-8d56-b0fb385878e7,normal-003,normal,T-006-01,F-006,normal,direct_threshold,1,1
cf27fbcf-5851-4bb9-8d56-b0fb385878e7,normal-003,normal,T-006-02,F-006,normal,other,1,1
cf27fbcf-5851-4bb9-8d56-b0fb385878e7,normal-003,normal,T-006-03,F-006,boundary,direct_threshold,1,1
cf27fbcf-5851-4bb9-8d56-b0fb385878e7,normal-003,normal,T-006-04,F-006,boundary,other,1,1
cf27fbcf-5851-4bb9-8d56-b0fb385878e7,normal-003,normal,T-006-05,F-006,boundary,direct_threshold,2,1
cf27fbcf-5851-4bb9-8d56-b0fb385878e7,normal-003,normal,T-006-06,F-006,negative,other,1,1
cf27fbcf-5851-4bb9-8d56-b0fb385878e7,normal-003,normal,T-007-01,F-007,normal,other,1,1
cf27fbcf-5851-4bb9-8d56-b0fb385878e7,normal-003,normal,T-007-02,F-007,normal,other,1,1
cf27fbcf-5851-4bb9-8d56-b0fb385878e7,normal-003,normal,T-007-03,F-007,normal,other,1,1
cf27fbcf-5851-4bb9-8d56-b0fb385878e7,normal-003,normal,T-008-01,F-008,normal,other,1,1
cf27fbcf-5851-4bb9-8d56-b0fb385878e7,normal-003,normal,T-008-02,F-008,normal,other,1,1
cf27fbcf-5851-4bb9-8d56-b0fb385878e7,normal-003,normal,T-008-03,F-008,negative,other,1,1
cf27fbcf-5851-4bb9-8d56-b0fb385878e7,normal-003,normal,T-008-04,F-008,normal,other,1,1
cf27fbcf-5851-4bb9-8d56-b0fb385878e7,normal-003,normal,T-009-01,F-009,normal,other,1,0
cf27fbcf-5851-4bb9-8d56-b0fb385878e7,normal-003,normal,T-009-02,F-009,negative,other,1,1
cf27fbcf-5851-4bb9-8d56-b0fb385878e7,normal-003,normal,T-010-01,F-010,normal,downstream_threshold,1,0
cf27fbcf-5851-4bb9-8d56-b0fb385878e7,normal-003,normal,T-010-02,F-010,normal,other,1,1
cf27fbcf-5851-4bb9-8d56-b0fb385878e7,normal-003,normal,T-010-03,F-010,negative,other,1,1
cf27fbcf-5851-4bb9-8d56-b0fb385878e7,normal-003,normal,T-011-01,F-011,normal,downstream_threshold,1,0
cf27fbcf-5851-4bb9-8d56-b0fb385878e7,normal-003,normal,T-011-02,F-011,negative,downstream_threshold,1,1
cf27fbcf-5851-4bb9-8d56-b0fb385878e7,normal-003,normal,T-012-01,F-012,normal,downstream_threshold,1,1
cf27fbcf-5851-4bb9-8d56-b0fb385878e7,normal-003,normal,T-012-02,F-012,negative,downstream_threshold,1,1
cf27fbcf-5851-4bb9-8d56-b0fb385878e7,normal-003,normal,T-013-01,F-013,normal,downstream_threshold,1,0
cf27fbcf-5851-4bb9-8d56-b0fb385878e7,normal-003,normal,T-013-02,F-013,negative,downstream_threshold,1,1
cf27fbcf-5851-4bb9-8d56-b0fb385878e7,normal-003,normal,T-014-01,F-014,normal,downstream_threshold,1,1
cf27fbcf-5851-4bb9-8d56-b0fb385878e7,normal-003,normal,T-014-02,F-014,normal,downstream_threshold,1,1
cf27fbcf-5851-4bb9-8d56-b0fb385878e7,normal-003,normal,T-015-01,F-015,normal,downstream_threshold,1,0
cf27fbcf-5851-4bb9-8d56-b0fb385878e7,normal-003,normal,T-016-01,F-016,normal,other,1,0
cf27fbcf-5851-4bb9-8d56-b0fb385878e7,normal-003,normal,T-016-02,F-016,normal,other,1,1
cf27fbcf-5851-4bb9-8d56-b0fb385878e7,normal-003,normal,T-016-03,F-016,negative,other,1,1
cf27fbcf-5851-4bb9-8d56-b0fb385878e7,normal-003,normal,T-017-01,F-017,normal,other,1,0
cf27fbcf-5851-4bb9-8d56-b0fb385878e7,normal-003,normal,T-017-02,F-017,normal,other,1,1
cf27fbcf-5851-4bb9-8d56-b0fb385878e7,normal-003,normal,T-018-01,F-018,normal,other,1,1
cf27fbcf-5851-4bb9-8d56-b0fb385878e7,normal-003,normal,T-018-02,F-018,negative,other,1,1
cf27fbcf-5851-4bb9-8d56-b0fb385878e7,normal-003,normal,T-018-03,F-018,negative,other,1,1
cf27fbcf-5851-4bb9-8d56-b0fb385878e7,normal-003,normal,T-019-01,F-019,normal,other,1,1
cf27fbcf-5851-4bb9-8d56-b0fb385878e7,normal-003,normal,T-019-02,F-019,negative,other,1,1
cf27fbcf-5851-4bb9-8d56-b0fb385878e7,normal-003,normal,T-019-03,F-019,negative,other,1,1
cf27fbcf-5851-4bb9-8d56-b0fb385878e7,normal-003,normal,T-020-01,F-020,normal,other,1,0
cf27fbcf-5851-4bb9-8d56-b0fb385878e7,normal-003,normal,T-020-02,F-020,normal,other,1,1
cf27fbcf-5851-4bb9-8d56-b0fb385878e7,normal-003,normal,T-020-03,F-020,negative,other,1,0
cf27fbcf-5851-4bb9-8d56-b0fb385878e7,normal-003,normal,T-020-04,F-020,negative,other,1,1
47b5dc69-6cad-48e4-9959-339ef37bccd4,anti-004,anti,T-001-01,F-001,normal,other,1,0
47b5dc69-6cad-48e4-9959-339ef37bccd4,anti-004,anti,T-001-02,F-001,negative,other,1,0
47b5dc69-6cad-48e4-9959-339ef37bccd4,anti-004,anti,T-001-03,F-001,negative,other,1,1
47b5dc69-6cad-48e4-9959-339ef37bccd4,anti-004,anti,T-001-04,F-001,negative,other,1,1
47b5dc69-6cad-48e4-9959-339ef37bccd4,anti-004,anti,T-002-01,F-002,normal,other,1,0
47b5dc69-6cad-48e4-9959-339ef37bccd4,anti-004,anti,T-002-02,F-002,normal,other,1,0
47b5dc69-6cad-48e4-9959-339ef37bccd4,anti-004,anti,T-002-03,F-002,negative,other,1,0
47b5dc69-6cad-48e4-9959-339ef37bccd4,anti-004,anti,T-002-04,F-002,negative,other,1,1
47b5dc69-6cad-48e4-9959-339ef37bccd4,anti-004,anti,T-003-01,F-003,normal,other,1,0
47b5dc69-6cad-48e4-9959-339ef37bccd4,anti-004,anti,T-003-02,F-003,negative,other,1,0
47b5dc69-6cad-48e4-9959-339ef37bccd4,anti-004,anti,T-004-01,F-004,normal,other,1,0
47b5dc69-6cad-48e4-9959-339ef37bccd4,anti-004,anti,T-004-02,F-004,negative,other,1,0
47b5dc69-6cad-48e4-9959-339ef37bccd4,anti-004,anti,T-004-03,F-004,negative,other,1,0
47b5dc69-6cad-48e4-9959-339ef37bccd4,anti-004,anti,T-005-01,F-005,normal,other,1,0
47b5dc69-6cad-48e4-9959-339ef37bccd4,anti-004,anti,T-005-02,F-005,normal,other,1,0
47b5dc69-6cad-48e4-9959-339ef37bccd4,anti-004,anti,T-006-01,F-006,normal,direct_threshold,1,0
47b5dc69-6cad-48e4-9959-339ef37bccd4,anti-004,anti,T-006-02,F-006,normal,other,1,0
47b5dc69-6cad-48e4-9959-339ef37bccd4,anti-004,anti,T-006-03,F-006,boundary,direct_threshold,1,0
47b5dc69-6cad-48e4-9959-339ef37bccd4,anti-004,anti,T-006-04,F-006,boundary,other,1,0
47b5dc69-6cad-48e4-9959-339ef37bccd4,anti-004,anti,T-006-05,F-006,boundary,direct_threshold,2,0
47b5dc69-6cad-48e4-9959-339ef37bccd4,anti-004,anti,T-006-06,F-006,negative,other,1,0
47b5dc69-6cad-48e4-9959-339ef37bccd4,anti-004,anti,T-007-01,F-007,normal,other,1,0
47b5dc69-6cad-48e4-9959-339ef37bccd4,anti-004,anti,T-007-02,F-007,normal,other,1,0
47b5dc69-6cad-48e4-9959-339ef37bccd4,anti-004,anti,T-007-03,F-007,normal,other,1,0
47b5dc69-6cad-48e4-9959-339ef37bccd4,anti-004,anti,T-008-01,F-008,normal,other,1,0
47b5dc69-6cad-48e4-9959-339ef37bccd4,anti-004,anti,T-008-02,F-008,normal,other,1,0
47b5dc69-6cad-48e4-9959-339ef37bccd4,anti-004,anti,T-008-03,F-008,negative,other,1,0
47b5dc69-6cad-48e4-9959-339ef37bccd4,anti-004,anti,T-008-04,F-008,normal,other,1,0
47b5dc69-6cad-48e4-9959-339ef37bccd4,anti-004,anti,T-009-01,F-009,normal,other,1,0
47b5dc69-6cad-48e4-9959-339ef37bccd4,anti-004,anti,T-009-02,F-009,negative,other,1,0
47b5dc69-6cad-48e4-9959-339ef37bccd4,anti-004,anti,T-010-01,F-010,normal,downstream_threshold,1,0
47b5dc69-6cad-48e4-9959-339ef37bccd4,anti-004,anti,T-010-02,F-010,normal,other,1,0
47b5dc69-6cad-48e4-9959-339ef37bccd4,anti-004,anti,T-010-03,F-010,negative,other,1,0
47b5dc69-6cad-48e4-9959-339ef37bccd4,anti-004,anti,T-011-01,F-011,normal,downstream_threshold,1,0
47b5dc69-6cad-48e4-9959-339ef37bccd4,anti-004,anti,T-011-02,F-011,negative,downstream_threshold,1,0
47b5dc69-6cad-48e4-9959-339ef37bccd4,anti-004,anti,T-012-01,F-012,normal,downstream_threshold,1,0
47b5dc69-6cad-48e4-9959-339ef37bccd4,anti-004,anti,T-012-02,F-012,negative,downstream_threshold,1,0
47b5dc69-6cad-48e4-9959-339ef37bccd4,anti-004,anti,T-013-01,F-013,normal,downstream_threshold,1,0
47b5dc69-6cad-48e4-9959-339ef37bccd4,anti-004,anti,T-013-02,F-013,negative,downstream_threshold,1,0
47b5dc69-6cad-48e4-9959-339ef37bccd4,anti-004,anti,T-014-01,F-014,normal,downstream_threshold,1,0
47b5dc69-6cad-48e4-9959-339ef37bccd4,anti-004,anti,T-014-02,F-014,normal,downstream_threshold,1,0
47b5dc69-6cad-48e4-9959-339ef37bccd4,anti-004,anti,T-015-01,F-015,normal,downstream_threshold,1,0
47b5dc69-6cad-48e4-9959-339ef37bccd4,anti-004,anti,T-016-01,F-016,normal,other,1,0
47b5dc69-6cad-48e4-9959-339ef37bccd4,anti-004,anti,T-016-02,F-016,normal,other,1,0
47b5dc69-6cad-48e4-9959-339ef37bccd4,anti-004,anti,T-016-03,F-016,negative,other,1,0
47b5dc69-6cad-48e4-9959-339ef37bccd4,anti-004,anti,T-017-01,F-017,normal,other,1,0
47b5dc69-6cad-48e4-9959-339ef37bccd4,anti-004,anti,T-017-02,F-017,normal,other,1,0
47b5dc69-6cad-48e4-9959-339ef37bccd4,anti-004,anti,T-018-01,F-018,normal,other,1,0
47b5dc69-6cad-48e4-9959-339ef37bccd4,anti-004,anti,T-018-02,F-018,negative,other,1,0
47b5dc69-6cad-48e4-9959-339ef37bccd4,anti-004,anti,T-018-03,F-018,negative,other,1,0
47b5dc69-6cad-48e4-9959-339ef37bccd4,anti-004,anti,T-019-01,F-019,normal,other,1,0
47b5dc69-6cad-48e4-9959-339ef37bccd4,anti-004,anti,T-019-02,F-019,negative,other,1,0
47b5dc69-6cad-48e4-9959-339ef37bccd4,anti-004,anti,T-019-03,F-019,negative,other,1,0
47b5dc69-6cad-48e4-9959-339ef37bccd4,anti-004,anti,T-020-01,F-020,normal,other,1,0
47b5dc69-6cad-48e4-9959-339ef37bccd4,anti-004,anti,T-020-02,F-020,normal,other,1,0
47b5dc69-6cad-48e4-9959-339ef37bccd4,anti-004,anti,T-020-03,F-020,negative,other,1,0
47b5dc69-6cad-48e4-9959-339ef37bccd4,anti-004,anti,T-020-04,F-020,negative,other,1,0
833a4f06-b9c0-4a95-a03e-65dea5922e72,normal-004,normal,T-001-01,F-001,normal,other,1,1
833a4f06-b9c0-4a95-a03e-65dea5922e72,normal-004,normal,T-001-02,F-001,negative,other,1,1
833a4f06-b9c0-4a95-a03e-65dea5922e72,normal-004,normal,T-001-03,F-001,negative,other,1,1
833a4f06-b9c0-4a95-a03e-65dea5922e72,normal-004,normal,T-001-04,F-001,negative,other,1,1
833a4f06-b9c0-4a95-a03e-65dea5922e72,normal-004,normal,T-002-01,F-002,normal,other,1,1
833a4f06-b9c0-4a95-a03e-65dea5922e72,normal-004,normal,T-002-02,F-002,normal,other,1,0
833a4f06-b9c0-4a95-a03e-65dea5922e72,normal-004,normal,T-002-03,F-002,negative,other,1,1
833a4f06-b9c0-4a95-a03e-65dea5922e72,normal-004,normal,T-002-04,F-002,negative,other,1,1
833a4f06-b9c0-4a95-a03e-65dea5922e72,normal-004,normal,T-003-01,F-003,normal,other,1,1
833a4f06-b9c0-4a95-a03e-65dea5922e72,normal-004,normal,T-003-02,F-003,negative,other,1,0
833a4f06-b9c0-4a95-a03e-65dea5922e72,normal-004,normal,T-004-01,F-004,normal,other,1,0
833a4f06-b9c0-4a95-a03e-65dea5922e72,normal-004,normal,T-004-02,F-004,negative,other,1,1
833a4f06-b9c0-4a95-a03e-65dea5922e72,normal-004,normal,T-004-03,F-004,negative,other,1,0
833a4f06-b9c0-4a95-a03e-65dea5922e72,normal-004,normal,T-005-01,F-005,normal,other,1,1
833a4f06-b9c0-4a95-a03e-65dea5922e72,normal-004,normal,T-005-02,F-005,normal,other,1,1
833a4f06-b9c0-4a95-a03e-65dea5922e72,normal-004,normal,T-006-01,F-006,normal,direct_threshold,1,1
833a4f06-b9c0-4a95-a03e-65dea5922e72,normal-004,normal,T-006-02,F-006,normal,other,1,1
833a4f06-b9c0-4a95-a03e-65dea5922e72,normal-004,normal,T-006-03,F-006,boundary,direct_threshold,1,1
833a4f06-b9c0-4a95-a03e-65dea5922e72,normal-004,normal,T-006-04,F-006,boundary,other,1,1
833a4f06-b9c0-4a95-a03e-65dea5922e72,normal-004,normal,T-006-05,F-006,boundary,direct_threshold,2,1
833a4f06-b9c0-4a95-a03e-65dea5922e72,normal-004,normal,T-006-06,F-006,negative,other,1,1
833a4f06-b9c0-4a95-a03e-65dea5922e72,normal-004,normal,T-007-01,F-007,normal,other,1,1
833a4f06-b9c0-4a95-a03e-65dea5922e72,normal-004,normal,T-007-02,F-007,normal,other,1,1
833a4f06-b9c0-4a95-a03e-65dea5922e72,normal-004,normal,T-007-03,F-007,normal,other,1,1
833a4f06-b9c0-4a95-a03e-65dea5922e72,normal-004,normal,T-008-01,F-008,normal,other,1,1
833a4f06-b9c0-4a95-a03e-65dea5922e72,normal-004,normal,T-008-02,F-008,normal,other,1,1
833a4f06-b9c0-4a95-a03e-65dea5922e72,normal-004,normal,T-008-03,F-008,negative,other,1,0
833a4f06-b9c0-4a95-a03e-65dea5922e72,normal-004,normal,T-008-04,F-008,normal,other,1,1
833a4f06-b9c0-4a95-a03e-65dea5922e72,normal-004,normal,T-009-01,F-009,normal,other,1,1
833a4f06-b9c0-4a95-a03e-65dea5922e72,normal-004,normal,T-009-02,F-009,negative,other,1,1
833a4f06-b9c0-4a95-a03e-65dea5922e72,normal-004,normal,T-010-01,F-010,normal,downstream_threshold,1,0
833a4f06-b9c0-4a95-a03e-65dea5922e72,normal-004,normal,T-010-02,F-010,normal,other,1,1
833a4f06-b9c0-4a95-a03e-65dea5922e72,normal-004,normal,T-010-03,F-010,negative,other,1,1
833a4f06-b9c0-4a95-a03e-65dea5922e72,normal-004,normal,T-011-01,F-011,normal,downstream_threshold,1,0
833a4f06-b9c0-4a95-a03e-65dea5922e72,normal-004,normal,T-011-02,F-011,negative,downstream_threshold,1,1
833a4f06-b9c0-4a95-a03e-65dea5922e72,normal-004,normal,T-012-01,F-012,normal,downstream_threshold,1,1
833a4f06-b9c0-4a95-a03e-65dea5922e72,normal-004,normal,T-012-02,F-012,negative,downstream_threshold,1,1
833a4f06-b9c0-4a95-a03e-65dea5922e72,normal-004,normal,T-013-01,F-013,normal,downstream_threshold,1,0
833a4f06-b9c0-4a95-a03e-65dea5922e72,normal-004,normal,T-013-02,F-013,negative,downstream_threshold,1,1
833a4f06-b9c0-4a95-a03e-65dea5922e72,normal-004,normal,T-014-01,F-014,normal,downstream_threshold,1,1
833a4f06-b9c0-4a95-a03e-65dea5922e72,normal-004,normal,T-014-02,F-014,normal,downstream_threshold,1,1
833a4f06-b9c0-4a95-a03e-65dea5922e72,normal-004,normal,T-015-01,F-015,normal,downstream_threshold,1,0
833a4f06-b9c0-4a95-a03e-65dea5922e72,normal-004,normal,T-016-01,F-016,normal,other,1,0
833a4f06-b9c0-4a95-a03e-65dea5922e72,normal-004,normal,T-016-02,F-016,normal,other,1,1
833a4f06-b9c0-4a95-a03e-65dea5922e72,normal-004,normal,T-016-03,F-016,negative,other,1,1
833a4f06-b9c0-4a95-a03e-65dea5922e72,normal-004,normal,T-017-01,F-017,normal,other,1,0
833a4f06-b9c0-4a95-a03e-65dea5922e72,normal-004,normal,T-017-02,F-017,normal,other,1,0
833a4f06-b9c0-4a95-a03e-65dea5922e72,normal-004,normal,T-018-01,F-018,normal,other,1,1
833a4f06-b9c0-4a95-a03e-65dea5922e72,normal-004,normal,T-018-02,F-018,negative,other,1,1
833a4f06-b9c0-4a95-a03e-65dea5922e72,normal-004,normal,T-018-03,F-018,negative,other,1,1
833a4f06-b9c0-4a95-a03e-65dea5922e72,normal-004,normal,T-019-01,F-019,normal,other,1,1
833a4f06-b9c0-4a95-a03e-65dea5922e72,normal-004,normal,T-019-02,F-019,negative,other,1,1
833a4f06-b9c0-4a95-a03e-65dea5922e72,normal-004,normal,T-019-03,F-019,negative,other,1,1
833a4f06-b9c0-4a95-a03e-65dea5922e72,normal-004,normal,T-020-01,F-020,normal,other,1,0
833a4f06-b9c0-4a95-a03e-65dea5922e72,normal-004,normal,T-020-02,F-020,normal,other,1,1
833a4f06-b9c0-4a95-a03e-65dea5922e72,normal-004,normal,T-020-03,F-020,negative,other,1,0
833a4f06-b9c0-4a95-a03e-65dea5922e72,normal-004,normal,T-020-04,F-020,negative,other,1,0
4fec6537-4704-46a5-a732-8ea312b2551c,normal-005,normal,T-001-01,F-001,normal,other,1,1
4fec6537-4704-46a5-a732-8ea312b2551c,normal-005,normal,T-001-02,F-001,negative,other,1,1
4fec6537-4704-46a5-a732-8ea312b2551c,normal-005,normal,T-001-03,F-001,negative,other,1,1
4fec6537-4704-46a5-a732-8ea312b2551c,normal-005,normal,T-001-04,F-001,negative,other,1,1
4fec6537-4704-46a5-a732-8ea312b2551c,normal-005,normal,T-002-01,F-002,normal,other,1,0
4fec6537-4704-46a5-a732-8ea312b2551c,normal-005,normal,T-002-02,F-002,normal,other,1,0
4fec6537-4704-46a5-a732-8ea312b2551c,normal-005,normal,T-002-03,F-002,negative,other,1,1
4fec6537-4704-46a5-a732-8ea312b2551c,normal-005,normal,T-002-04,F-002,negative,other,1,1
4fec6537-4704-46a5-a732-8ea312b2551c,normal-005,normal,T-003-01,F-003,normal,other,1,0
4fec6537-4704-46a5-a732-8ea312b2551c,normal-005,normal,T-003-02,F-003,negative,other,1,0
4fec6537-4704-46a5-a732-8ea312b2551c,normal-005,normal,T-004-01,F-004,normal,other,1,1
4fec6537-4704-46a5-a732-8ea312b2551c,normal-005,normal,T-004-02,F-004,negative,other,1,1
4fec6537-4704-46a5-a732-8ea312b2551c,normal-005,normal,T-004-03,F-004,negative,other,1,0
4fec6537-4704-46a5-a732-8ea312b2551c,normal-005,normal,T-005-01,F-005,normal,other,1,1
4fec6537-4704-46a5-a732-8ea312b2551c,normal-005,normal,T-005-02,F-005,normal,other,1,0
4fec6537-4704-46a5-a732-8ea312b2551c,normal-005,normal,T-006-01,F-006,normal,direct_threshold,1,1
4fec6537-4704-46a5-a732-8ea312b2551c,normal-005,normal,T-006-02,F-006,normal,other,1,1
4fec6537-4704-46a5-a732-8ea312b2551c,normal-005,normal,T-006-03,F-006,boundary,direct_threshold,1,1
4fec6537-4704-46a5-a732-8ea312b2551c,normal-005,normal,T-006-04,F-006,boundary,other,1,1
4fec6537-4704-46a5-a732-8ea312b2551c,normal-005,normal,T-006-05,F-006,boundary,direct_threshold,2,1
4fec6537-4704-46a5-a732-8ea312b2551c,normal-005,normal,T-006-06,F-006,negative,other,1,1
4fec6537-4704-46a5-a732-8ea312b2551c,normal-005,normal,T-007-01,F-007,normal,other,1,1
4fec6537-4704-46a5-a732-8ea312b2551c,normal-005,normal,T-007-02,F-007,normal,other,1,1
4fec6537-4704-46a5-a732-8ea312b2551c,normal-005,normal,T-007-03,F-007,normal,other,1,0
4fec6537-4704-46a5-a732-8ea312b2551c,normal-005,normal,T-008-01,F-008,normal,other,1,1
4fec6537-4704-46a5-a732-8ea312b2551c,normal-005,normal,T-008-02,F-008,normal,other,1,1
4fec6537-4704-46a5-a732-8ea312b2551c,normal-005,normal,T-008-03,F-008,negative,other,1,1
4fec6537-4704-46a5-a732-8ea312b2551c,normal-005,normal,T-008-04,F-008,normal,other,1,1
4fec6537-4704-46a5-a732-8ea312b2551c,normal-005,normal,T-009-01,F-009,normal,other,1,0
4fec6537-4704-46a5-a732-8ea312b2551c,normal-005,normal,T-009-02,F-009,negative,other,1,1
4fec6537-4704-46a5-a732-8ea312b2551c,normal-005,normal,T-010-01,F-010,normal,downstream_threshold,1,1
4fec6537-4704-46a5-a732-8ea312b2551c,normal-005,normal,T-010-02,F-010,normal,other,1,1
4fec6537-4704-46a5-a732-8ea312b2551c,normal-005,normal,T-010-03,F-010,negative,other,1,1
4fec6537-4704-46a5-a732-8ea312b2551c,normal-005,normal,T-011-01,F-011,normal,downstream_threshold,1,1
4fec6537-4704-46a5-a732-8ea312b2551c,normal-005,normal,T-011-02,F-011,negative,downstream_threshold,1,0
4fec6537-4704-46a5-a732-8ea312b2551c,normal-005,normal,T-012-01,F-012,normal,downstream_threshold,1,0
4fec6537-4704-46a5-a732-8ea312b2551c,normal-005,normal,T-012-02,F-012,negative,downstream_threshold,1,1
4fec6537-4704-46a5-a732-8ea312b2551c,normal-005,normal,T-013-01,F-013,normal,downstream_threshold,1,0
4fec6537-4704-46a5-a732-8ea312b2551c,normal-005,normal,T-013-02,F-013,negative,downstream_threshold,1,1
4fec6537-4704-46a5-a732-8ea312b2551c,normal-005,normal,T-014-01,F-014,normal,downstream_threshold,1,1
4fec6537-4704-46a5-a732-8ea312b2551c,normal-005,normal,T-014-02,F-014,normal,downstream_threshold,1,1
4fec6537-4704-46a5-a732-8ea312b2551c,normal-005,normal,T-015-01,F-015,normal,downstream_threshold,1,0
4fec6537-4704-46a5-a732-8ea312b2551c,normal-005,normal,T-016-01,F-016,normal,other,1,0
4fec6537-4704-46a5-a732-8ea312b2551c,normal-005,normal,T-016-02,F-016,normal,other,1,1
4fec6537-4704-46a5-a732-8ea312b2551c,normal-005,normal,T-016-03,F-016,negative,other,1,1
4fec6537-4704-46a5-a732-8ea312b2551c,normal-005,normal,T-017-01,F-017,normal,other,1,0
4fec6537-4704-46a5-a732-8ea312b2551c,normal-005,normal,T-017-02,F-017,normal,other,1,1
4fec6537-4704-46a5-a732-8ea312b2551c,normal-005,normal,T-018-01,F-018,normal,other,1,1
4fec6537-4704-46a5-a732-8ea312b2551c,normal-005,normal,T-018-02,F-018,negative,other,1,1
4fec6537-4704-46a5-a732-8ea312b2551c,normal-005,normal,T-018-03,F-018,negative,other,1,1
4fec6537-4704-46a5-a732-8ea312b2551c,normal-005,normal,T-019-01,F-019,normal,other,1,1
4fec6537-4704-46a5-a732-8ea312b2551c,normal-005,normal,T-019-02,F-019,negative,other,1,1
4fec6537-4704-46a5-a732-8ea312b2551c,normal-005,normal,T-019-03,F-019,negative,other,1,1
4fec6537-4704-46a5-a732-8ea312b2551c,normal-005,normal,T-020-01,F-020,normal,other,1,1
4fec6537-4704-46a5-a732-8ea312b2551c,normal-005,normal,T-020-02,F-020,normal,other,1,1
4fec6537-4704-46a5-a732-8ea312b2551c,normal-005,normal,T-020-03,F-020,negative,other,1,1
4fec6537-4704-46a5-a732-8ea312b2551c,normal-005,normal,T-020-04,F-020,negative,other,1,0
600f4ba8-acdf-42ae-99e7-c86b95372d7e,anti-005,anti,T-001-01,F-001,normal,other,1,0
600f4ba8-acdf-42ae-99e7-c86b95372d7e,anti-005,anti,T-001-02,F-001,negative,other,1,1
600f4ba8-acdf-42ae-99e7-c86b95372d7e,anti-005,anti,T-001-03,F-001,negative,other,1,1
600f4ba8-acdf-42ae-99e7-c86b95372d7e,anti-005,anti,T-001-04,F-001,negative,other,1,1
600f4ba8-acdf-42ae-99e7-c86b95372d7e,anti-005,anti,T-002-01,F-002,normal,other,1,1
600f4ba8-acdf-42ae-99e7-c86b95372d7e,anti-005,anti,T-002-02,F-002,normal,other,1,0
600f4ba8-acdf-42ae-99e7-c86b95372d7e,anti-005,anti,T-002-03,F-002,negative,other,1,1
600f4ba8-acdf-42ae-99e7-c86b95372d7e,anti-005,anti,T-002-04,F-002,negative,other,1,1
600f4ba8-acdf-42ae-99e7-c86b95372d7e,anti-005,anti,T-003-01,F-003,normal,other,1,1
600f4ba8-acdf-42ae-99e7-c86b95372d7e,anti-005,anti,T-003-02,F-003,negative,other,1,1
600f4ba8-acdf-42ae-99e7-c86b95372d7e,anti-005,anti,T-004-01,F-004,normal,other,1,1
600f4ba8-acdf-42ae-99e7-c86b95372d7e,anti-005,anti,T-004-02,F-004,negative,other,1,0
600f4ba8-acdf-42ae-99e7-c86b95372d7e,anti-005,anti,T-004-03,F-004,negative,other,1,0
600f4ba8-acdf-42ae-99e7-c86b95372d7e,anti-005,anti,T-005-01,F-005,normal,other,1,0
600f4ba8-acdf-42ae-99e7-c86b95372d7e,anti-005,anti,T-005-02,F-005,normal,other,1,0
600f4ba8-acdf-42ae-99e7-c86b95372d7e,anti-005,anti,T-006-01,F-006,normal,direct_threshold,1,0
600f4ba8-acdf-42ae-99e7-c86b95372d7e,anti-005,anti,T-006-02,F-006,normal,other,1,0
600f4ba8-acdf-42ae-99e7-c86b95372d7e,anti-005,anti,T-006-03,F-006,boundary,direct_threshold,1,0
600f4ba8-acdf-42ae-99e7-c86b95372d7e,anti-005,anti,T-006-04,F-006,boundary,other,1,0
600f4ba8-acdf-42ae-99e7-c86b95372d7e,anti-005,anti,T-006-05,F-006,boundary,direct_threshold,2,0
600f4ba8-acdf-42ae-99e7-c86b95372d7e,anti-005,anti,T-006-06,F-006,negative,other,1,1
600f4ba8-acdf-42ae-99e7-c86b95372d7e,anti-005,anti,T-007-01,F-007,normal,other,1,0
600f4ba8-acdf-42ae-99e7-c86b95372d7e,anti-005,anti,T-007-02,F-007,normal,other,1,0
600f4ba8-acdf-42ae-99e7-c86b95372d7e,anti-005,anti,T-007-03,F-007,normal,other,1,0
600f4ba8-acdf-42ae-99e7-c86b95372d7e,anti-005,anti,T-008-01,F-008,normal,other,1,0
600f4ba8-acdf-42ae-99e7-c86b95372d7e,anti-005,anti,T-008-02,F-008,normal,other,1,0
600f4ba8-acdf-42ae-99e7-c86b95372d7e,anti-005,anti,T-008-03,F-008,negative,other,1,1
600f4ba8-acdf-42ae-99e7-c86b95372d7e,anti-005,anti,T-008-04,F-008,normal,other,1,1
600f4ba8-acdf-42ae-99e7-c86b95372d7e,anti-005,anti,T-009-01,F-009,normal,other,1,0
600f4ba8-acdf-42ae-99e7-c86b95372d7e,anti-005,anti,T-009-02,F-009,negative,other,1,0
600f4ba8-acdf-42ae-99e7-c86b95372d7e,anti-005,anti,T-010-01,F-010,normal,downstream_threshold,1,0
600f4ba8-acdf-42ae-99e7-c86b95372d7e,anti-005,anti,T-010-02,F-010,normal,other,1,0
600f4ba8-acdf-42ae-99e7-c86b95372d7e,anti-005,anti,T-010-03,F-010,negative,other,1,0
600f4ba8-acdf-42ae-99e7-c86b95372d7e,anti-005,anti,T-011-01,F-011,normal,downstream_threshold,1,0
600f4ba8-acdf-42ae-99e7-c86b95372d7e,anti-005,anti,T-011-02,F-011,negative,downstream_threshold,1,0
600f4ba8-acdf-42ae-99e7-c86b95372d7e,anti-005,anti,T-012-01,F-012,normal,downstream_threshold,1,0
600f4ba8-acdf-42ae-99e7-c86b95372d7e,anti-005,anti,T-012-02,F-012,negative,downstream_threshold,1,0
600f4ba8-acdf-42ae-99e7-c86b95372d7e,anti-005,anti,T-013-01,F-013,normal,downstream_threshold,1,0
600f4ba8-acdf-42ae-99e7-c86b95372d7e,anti-005,anti,T-013-02,F-013,negative,downstream_threshold,1,0
600f4ba8-acdf-42ae-99e7-c86b95372d7e,anti-005,anti,T-014-01,F-014,normal,downstream_threshold,1,0
600f4ba8-acdf-42ae-99e7-c86b95372d7e,anti-005,anti,T-014-02,F-014,normal,downstream_threshold,1,0
600f4ba8-acdf-42ae-99e7-c86b95372d7e,anti-005,anti,T-015-01,F-015,normal,downstream_threshold,1,0
600f4ba8-acdf-42ae-99e7-c86b95372d7e,anti-005,anti,T-016-01,F-016,normal,other,1,0
600f4ba8-acdf-42ae-99e7-c86b95372d7e,anti-005,anti,T-016-02,F-016,normal,other,1,0
600f4ba8-acdf-42ae-99e7-c86b95372d7e,anti-005,anti,T-016-03,F-016,negative,other,1,1
600f4ba8-acdf-42ae-99e7-c86b95372d7e,anti-005,anti,T-017-01,F-017,normal,other,1,0
600f4ba8-acdf-42ae-99e7-c86b95372d7e,anti-005,anti,T-017-02,F-017,normal,other,1,0
600f4ba8-acdf-42ae-99e7-c86b95372d7e,anti-005,anti,T-018-01,F-018,normal,other,1,0
600f4ba8-acdf-42ae-99e7-c86b95372d7e,anti-005,anti,T-018-02,F-018,negative,other,1,0
600f4ba8-acdf-42ae-99e7-c86b95372d7e,anti-005,anti,T-018-03,F-018,negative,other,1,1
600f4ba8-acdf-42ae-99e7-c86b95372d7e,anti-005,anti,T-019-01,F-019,normal,other,1,1
600f4ba8-acdf-42ae-99e7-c86b95372d7e,anti-005,anti,T-019-02,F-019,negative,other,1,1
600f4ba8-acdf-42ae-99e7-c86b95372d7e,anti-005,anti,T-019-03,F-019,negative,other,1,1
600f4ba8-acdf-42ae-99e7-c86b95372d7e,anti-005,anti,T-020-01,F-020,normal,other,1,1
600f4ba8-acdf-42ae-99e7-c86b95372d7e,anti-005,anti,T-020-02,F-020,normal,other,1,1
600f4ba8-acdf-42ae-99e7-c86b95372d7e,anti-005,anti,T-020-03,F-020,negative,other,1,1
600f4ba8-acdf-42ae-99e7-c86b95372d7e,anti-005,anti,T-020-04,F-020,negative,other,1,1
bf51ba90-dc2c-4f70-85da-a9de5642d0a4,normal-006,normal,T-001-01,F-001,normal,other,1,1
bf51ba90-dc2c-4f70-85da-a9de5642d0a4,normal-006,normal,T-001-02,F-001,negative,other,1,1
bf51ba90-dc2c-4f70-85da-a9de5642d0a4,normal-006,normal,T-001-03,F-001,negative,other,1,1
bf51ba90-dc2c-4f70-85da-a9de5642d0a4,normal-006,normal,T-001-04,F-001,negative,other,1,1
bf51ba90-dc2c-4f70-85da-a9de5642d0a4,normal-006,normal,T-002-01,F-002,normal,other,1,0
bf51ba90-dc2c-4f70-85da-a9de5642d0a4,normal-006,normal,T-002-02,F-002,normal,other,1,0
bf51ba90-dc2c-4f70-85da-a9de5642d0a4,normal-006,normal,T-002-03,F-002,negative,other,1,1
bf51ba90-dc2c-4f70-85da-a9de5642d0a4,normal-006,normal,T-002-04,F-002,negative,other,1,1
bf51ba90-dc2c-4f70-85da-a9de5642d0a4,normal-006,normal,T-003-01,F-003,normal,other,1,0
bf51ba90-dc2c-4f70-85da-a9de5642d0a4,normal-006,normal,T-003-02,F-003,negative,other,1,0
bf51ba90-dc2c-4f70-85da-a9de5642d0a4,normal-006,normal,T-004-01,F-004,normal,other,1,1
bf51ba90-dc2c-4f70-85da-a9de5642d0a4,normal-006,normal,T-004-02,F-004,negative,other,1,1
bf51ba90-dc2c-4f70-85da-a9de5642d0a4,normal-006,normal,T-004-03,F-004,negative,other,1,0
bf51ba90-dc2c-4f70-85da-a9de5642d0a4,normal-006,normal,T-005-01,F-005,normal,other,1,1
bf51ba90-dc2c-4f70-85da-a9de5642d0a4,normal-006,normal,T-005-02,F-005,normal,other,1,0
bf51ba90-dc2c-4f70-85da-a9de5642d0a4,normal-006,normal,T-006-01,F-006,normal,direct_threshold,1,1
bf51ba90-dc2c-4f70-85da-a9de5642d0a4,normal-006,normal,T-006-02,F-006,normal,other,1,1
bf51ba90-dc2c-4f70-85da-a9de5642d0a4,normal-006,normal,T-006-03,F-006,boundary,direct_threshold,1,1
bf51ba90-dc2c-4f70-85da-a9de5642d0a4,normal-006,normal,T-006-04,F-006,boundary,other,1,1
bf51ba90-dc2c-4f70-85da-a9de5642d0a4,normal-006,normal,T-006-05,F-006,boundary,direct_threshold,2,1
bf51ba90-dc2c-4f70-85da-a9de5642d0a4,normal-006,normal,T-006-06,F-006,negative,other,1,1
bf51ba90-dc2c-4f70-85da-a9de5642d0a4,normal-006,normal,T-007-01,F-007,normal,other,1,0
bf51ba90-dc2c-4f70-85da-a9de5642d0a4,normal-006,normal,T-007-02,F-007,normal,other,1,1
bf51ba90-dc2c-4f70-85da-a9de5642d0a4,normal-006,normal,T-007-03,F-007,normal,other,1,0
bf51ba90-dc2c-4f70-85da-a9de5642d0a4,normal-006,normal,T-008-01,F-008,normal,other,1,0
bf51ba90-dc2c-4f70-85da-a9de5642d0a4,normal-006,normal,T-008-02,F-008,normal,other,1,0
bf51ba90-dc2c-4f70-85da-a9de5642d0a4,normal-006,normal,T-008-03,F-008,negative,other,1,1
bf51ba90-dc2c-4f70-85da-a9de5642d0a4,normal-006,normal,T-008-04,F-008,normal,other,1,1
bf51ba90-dc2c-4f70-85da-a9de5642d0a4,normal-006,normal,T-009-01,F-009,normal,other,1,0
bf51ba90-dc2c-4f70-85da-a9de5642d0a4,normal-006,normal,T-009-02,F-009,negative,other,1,1
bf51ba90-dc2c-4f70-85da-a9de5642d0a4,normal-006,normal,T-010-01,F-010,normal,downstream_threshold,1,0
bf51ba90-dc2c-4f70-85da-a9de5642d0a4,normal-006,normal,T-010-02,F-010,normal,other,1,1
bf51ba90-dc2c-4f70-85da-a9de5642d0a4,normal-006,normal,T-010-03,F-010,negative,other,1,1
bf51ba90-dc2c-4f70-85da-a9de5642d0a4,normal-006,normal,T-011-01,F-011,normal,downstream_threshold,1,1
bf51ba90-dc2c-4f70-85da-a9de5642d0a4,normal-006,normal,T-011-02,F-011,negative,downstream_threshold,1,1
bf51ba90-dc2c-4f70-85da-a9de5642d0a4,normal-006,normal,T-012-01,F-012,normal,downstream_threshold,1,0
bf51ba90-dc2c-4f70-85da-a9de5642d0a4,normal-006,normal,T-012-02,F-012,negative,downstream_threshold,1,1
bf51ba90-dc2c-4f70-85da-a9de5642d0a4,normal-006,normal,T-013-01,F-013,normal,downstream_threshold,1,0
bf51ba90-dc2c-4f70-85da-a9de5642d0a4,normal-006,normal,T-013-02,F-013,negative,downstream_threshold,1,1
bf51ba90-dc2c-4f70-85da-a9de5642d0a4,normal-006,normal,T-014-01,F-014,normal,downstream_threshold,1,0
bf51ba90-dc2c-4f70-85da-a9de5642d0a4,normal-006,normal,T-014-02,F-014,normal,downstream_threshold,1,1
bf51ba90-dc2c-4f70-85da-a9de5642d0a4,normal-006,normal,T-015-01,F-015,normal,downstream_threshold,1,0
bf51ba90-dc2c-4f70-85da-a9de5642d0a4,normal-006,normal,T-016-01,F-016,normal,other,1,0
bf51ba90-dc2c-4f70-85da-a9de5642d0a4,normal-006,normal,T-016-02,F-016,normal,other,1,0
bf51ba90-dc2c-4f70-85da-a9de5642d0a4,normal-006,normal,T-016-03,F-016,negative,other,1,1
bf51ba90-dc2c-4f70-85da-a9de5642d0a4,normal-006,normal,T-017-01,F-017,normal,other,1,0
bf51ba90-dc2c-4f70-85da-a9de5642d0a4,normal-006,normal,T-017-02,F-017,normal,other,1,0
bf51ba90-dc2c-4f70-85da-a9de5642d0a4,normal-006,normal,T-018-01,F-018,normal,other,1,1
bf51ba90-dc2c-4f70-85da-a9de5642d0a4,normal-006,normal,T-018-02,F-018,negative,other,1,1
bf51ba90-dc2c-4f70-85da-a9de5642d0a4,normal-006,normal,T-018-03,F-018,negative,other,1,1
bf51ba90-dc2c-4f70-85da-a9de5642d0a4,normal-006,normal,T-019-01,F-019,normal,other,1,1
bf51ba90-dc2c-4f70-85da-a9de5642d0a4,normal-006,normal,T-019-02,F-019,negative,other,1,1
bf51ba90-dc2c-4f70-85da-a9de5642d0a4,normal-006,normal,T-019-03,F-019,negative,other,1,1
bf51ba90-dc2c-4f70-85da-a9de5642d0a4,normal-006,normal,T-020-01,F-020,normal,other,1,1
bf51ba90-dc2c-4f70-85da-a9de5642d0a4,normal-006,normal,T-020-02,F-020,normal,other,1,1
bf51ba90-dc2c-4f70-85da-a9de5642d0a4,normal-006,normal,T-020-03,F-020,negative,other,1,1
bf51ba90-dc2c-4f70-85da-a9de5642d0a4,normal-006,normal,T-020-04,F-020,negative,other,1,1
6af34679-56f4-46d3-96f9-270931c32699,anti-006,anti,T-001-01,F-001,normal,other,1,1
6af34679-56f4-46d3-96f9-270931c32699,anti-006,anti,T-001-02,F-001,negative,other,1,1
6af34679-56f4-46d3-96f9-270931c32699,anti-006,anti,T-001-03,F-001,negative,other,1,1
6af34679-56f4-46d3-96f9-270931c32699,anti-006,anti,T-001-04,F-001,negative,other,1,1
6af34679-56f4-46d3-96f9-270931c32699,anti-006,anti,T-002-01,F-002,normal,other,1,1
6af34679-56f4-46d3-96f9-270931c32699,anti-006,anti,T-002-02,F-002,normal,other,1,0
6af34679-56f4-46d3-96f9-270931c32699,anti-006,anti,T-002-03,F-002,negative,other,1,1
6af34679-56f4-46d3-96f9-270931c32699,anti-006,anti,T-002-04,F-002,negative,other,1,1
6af34679-56f4-46d3-96f9-270931c32699,anti-006,anti,T-003-01,F-003,normal,other,1,1
6af34679-56f4-46d3-96f9-270931c32699,anti-006,anti,T-003-02,F-003,negative,other,1,0
6af34679-56f4-46d3-96f9-270931c32699,anti-006,anti,T-004-01,F-004,normal,other,1,0
6af34679-56f4-46d3-96f9-270931c32699,anti-006,anti,T-004-02,F-004,negative,other,1,0
6af34679-56f4-46d3-96f9-270931c32699,anti-006,anti,T-004-03,F-004,negative,other,1,0
6af34679-56f4-46d3-96f9-270931c32699,anti-006,anti,T-005-01,F-005,normal,other,1,1
6af34679-56f4-46d3-96f9-270931c32699,anti-006,anti,T-005-02,F-005,normal,other,1,0
6af34679-56f4-46d3-96f9-270931c32699,anti-006,anti,T-006-01,F-006,normal,direct_threshold,1,0
6af34679-56f4-46d3-96f9-270931c32699,anti-006,anti,T-006-02,F-006,normal,other,1,1
6af34679-56f4-46d3-96f9-270931c32699,anti-006,anti,T-006-03,F-006,boundary,direct_threshold,1,0
6af34679-56f4-46d3-96f9-270931c32699,anti-006,anti,T-006-04,F-006,boundary,other,1,1
6af34679-56f4-46d3-96f9-270931c32699,anti-006,anti,T-006-05,F-006,boundary,direct_threshold,2,0
6af34679-56f4-46d3-96f9-270931c32699,anti-006,anti,T-006-06,F-006,negative,other,1,1
6af34679-56f4-46d3-96f9-270931c32699,anti-006,anti,T-007-01,F-007,normal,other,1,0
6af34679-56f4-46d3-96f9-270931c32699,anti-006,anti,T-007-02,F-007,normal,other,1,0
6af34679-56f4-46d3-96f9-270931c32699,anti-006,anti,T-007-03,F-007,normal,other,1,0
6af34679-56f4-46d3-96f9-270931c32699,anti-006,anti,T-008-01,F-008,normal,other,1,0
6af34679-56f4-46d3-96f9-270931c32699,anti-006,anti,T-008-02,F-008,normal,other,1,0
6af34679-56f4-46d3-96f9-270931c32699,anti-006,anti,T-008-03,F-008,negative,other,1,1
6af34679-56f4-46d3-96f9-270931c32699,anti-006,anti,T-008-04,F-008,normal,other,1,1
6af34679-56f4-46d3-96f9-270931c32699,anti-006,anti,T-009-01,F-009,normal,other,1,1
6af34679-56f4-46d3-96f9-270931c32699,anti-006,anti,T-009-02,F-009,negative,other,1,1
6af34679-56f4-46d3-96f9-270931c32699,anti-006,anti,T-010-01,F-010,normal,downstream_threshold,1,0
6af34679-56f4-46d3-96f9-270931c32699,anti-006,anti,T-010-02,F-010,normal,other,1,1
6af34679-56f4-46d3-96f9-270931c32699,anti-006,anti,T-010-03,F-010,negative,other,1,1
6af34679-56f4-46d3-96f9-270931c32699,anti-006,anti,T-011-01,F-011,normal,downstream_threshold,1,0
6af34679-56f4-46d3-96f9-270931c32699,anti-006,anti,T-011-02,F-011,negative,downstream_threshold,1,0
6af34679-56f4-46d3-96f9-270931c32699,anti-006,anti,T-012-01,F-012,normal,downstream_threshold,1,0
6af34679-56f4-46d3-96f9-270931c32699,anti-006,anti,T-012-02,F-012,negative,downstream_threshold,1,0
6af34679-56f4-46d3-96f9-270931c32699,anti-006,anti,T-013-01,F-013,normal,downstream_threshold,1,0
6af34679-56f4-46d3-96f9-270931c32699,anti-006,anti,T-013-02,F-013,negative,downstream_threshold,1,0
6af34679-56f4-46d3-96f9-270931c32699,anti-006,anti,T-014-01,F-014,normal,downstream_threshold,1,0
6af34679-56f4-46d3-96f9-270931c32699,anti-006,anti,T-014-02,F-014,normal,downstream_threshold,1,0
6af34679-56f4-46d3-96f9-270931c32699,anti-006,anti,T-015-01,F-015,normal,downstream_threshold,1,0
6af34679-56f4-46d3-96f9-270931c32699,anti-006,anti,T-016-01,F-016,normal,other,1,0
6af34679-56f4-46d3-96f9-270931c32699,anti-006,anti,T-016-02,F-016,normal,other,1,0
6af34679-56f4-46d3-96f9-270931c32699,anti-006,anti,T-016-03,F-016,negative,other,1,1
6af34679-56f4-46d3-96f9-270931c32699,anti-006,anti,T-017-01,F-017,normal,other,1,0
6af34679-56f4-46d3-96f9-270931c32699,anti-006,anti,T-017-02,F-017,normal,other,1,0
6af34679-56f4-46d3-96f9-270931c32699,anti-006,anti,T-018-01,F-018,normal,other,1,1
6af34679-56f4-46d3-96f9-270931c32699,anti-006,anti,T-018-02,F-018,negative,other,1,1
6af34679-56f4-46d3-96f9-270931c32699,anti-006,anti,T-018-03,F-018,negative,other,1,1
6af34679-56f4-46d3-96f9-270931c32699,anti-006,anti,T-019-01,F-019,normal,other,1,0
6af34679-56f4-46d3-96f9-270931c32699,anti-006,anti,T-019-02,F-019,negative,other,1,1
6af34679-56f4-46d3-96f9-270931c32699,anti-006,anti,T-019-03,F-019,negative,other,1,1
6af34679-56f4-46d3-96f9-270931c32699,anti-006,anti,T-020-01,F-020,normal,other,1,0
6af34679-56f4-46d3-96f9-270931c32699,anti-006,anti,T-020-02,F-020,normal,other,1,1
6af34679-56f4-46d3-96f9-270931c32699,anti-006,anti,T-020-03,F-020,negative,other,1,0
6af34679-56f4-46d3-96f9-270931c32699,anti-006,anti,T-020-04,F-020,negative,other,1,1
09dbcec8-c9c3-49ec-921c-766894607e07,normal-007,normal,T-001-01,F-001,normal,other,1,1
09dbcec8-c9c3-49ec-921c-766894607e07,normal-007,normal,T-001-02,F-001,negative,other,1,1
09dbcec8-c9c3-49ec-921c-766894607e07,normal-007,normal,T-001-03,F-001,negative,other,1,1
09dbcec8-c9c3-49ec-921c-766894607e07,normal-007,normal,T-001-04,F-001,negative,other,1,1
09dbcec8-c9c3-49ec-921c-766894607e07,normal-007,normal,T-002-01,F-002,normal,other,1,1
09dbcec8-c9c3-49ec-921c-766894607e07,normal-007,normal,T-002-02,F-002,normal,other,1,0
09dbcec8-c9c3-49ec-921c-766894607e07,normal-007,normal,T-002-03,F-002,negative,other,1,1
09dbcec8-c9c3-49ec-921c-766894607e07,normal-007,normal,T-002-04,F-002,negative,other,1,1
09dbcec8-c9c3-49ec-921c-766894607e07,normal-007,normal,T-003-01,F-003,normal,other,1,1
09dbcec8-c9c3-49ec-921c-766894607e07,normal-007,normal,T-003-02,F-003,negative,other,1,1
09dbcec8-c9c3-49ec-921c-766894607e07,normal-007,normal,T-004-01,F-004,normal,other,1,0
09dbcec8-c9c3-49ec-921c-766894607e07,normal-007,normal,T-004-02,F-004,negative,other,1,1
09dbcec8-c9c3-49ec-921c-766894607e07,normal-007,normal,T-004-03,F-004,negative,other,1,0
09dbcec8-c9c3-49ec-921c-766894607e07,normal-007,normal,T-005-01,F-005,normal,other,1,1
09dbcec8-c9c3-49ec-921c-766894607e07,normal-007,normal,T-005-02,F-005,normal,other,1,1
09dbcec8-c9c3-49ec-921c-766894607e07,normal-007,normal,T-006-01,F-006,normal,direct_threshold,1,1
09dbcec8-c9c3-49ec-921c-766894607e07,normal-007,normal,T-006-02,F-006,normal,other,1,1
09dbcec8-c9c3-49ec-921c-766894607e07,normal-007,normal,T-006-03,F-006,boundary,direct_threshold,1,1
09dbcec8-c9c3-49ec-921c-766894607e07,normal-007,normal,T-006-04,F-006,boundary,other,1,1
09dbcec8-c9c3-49ec-921c-766894607e07,normal-007,normal,T-006-05,F-006,boundary,direct_threshold,2,1
09dbcec8-c9c3-49ec-921c-766894607e07,normal-007,normal,T-006-06,F-006,negative,other,1,1
09dbcec8-c9c3-49ec-921c-766894607e07,normal-007,normal,T-007-01,F-007,normal,other,1,0
09dbcec8-c9c3-49ec-921c-766894607e07,normal-007,normal,T-007-02,F-007,normal,other,1,0
09dbcec8-c9c3-49ec-921c-766894607e07,normal-007,normal,T-007-03,F-007,normal,other,1,0
09dbcec8-c9c3-49ec-921c-766894607e07,normal-007,normal,T-008-01,F-008,normal,other,1,0
09dbcec8-c9c3-49ec-921c-766894607e07,normal-007,normal,T-008-02,F-008,normal,other,1,0
09dbcec8-c9c3-49ec-921c-766894607e07,normal-007,normal,T-008-03,F-008,negative,other,1,1
09dbcec8-c9c3-49ec-921c-766894607e07,normal-007,normal,T-008-04,F-008,normal,other,1,1
09dbcec8-c9c3-49ec-921c-766894607e07,normal-007,normal,T-009-01,F-009,normal,other,1,1
09dbcec8-c9c3-49ec-921c-766894607e07,normal-007,normal,T-009-02,F-009,negative,other,1,1
09dbcec8-c9c3-49ec-921c-766894607e07,normal-007,normal,T-010-01,F-010,normal,downstream_threshold,1,0
09dbcec8-c9c3-49ec-921c-766894607e07,normal-007,normal,T-010-02,F-010,normal,other,1,1
09dbcec8-c9c3-49ec-921c-766894607e07,normal-007,normal,T-010-03,F-010,negative,other,1,1
09dbcec8-c9c3-49ec-921c-766894607e07,normal-007,normal,T-011-01,F-011,normal,downstream_threshold,1,0
09dbcec8-c9c3-49ec-921c-766894607e07,normal-007,normal,T-011-02,F-011,negative,downstream_threshold,1,1
09dbcec8-c9c3-49ec-921c-766894607e07,normal-007,normal,T-012-01,F-012,normal,downstream_threshold,1,0
09dbcec8-c9c3-49ec-921c-766894607e07,normal-007,normal,T-012-02,F-012,negative,downstream_threshold,1,1
09dbcec8-c9c3-49ec-921c-766894607e07,normal-007,normal,T-013-01,F-013,normal,downstream_threshold,1,0
09dbcec8-c9c3-49ec-921c-766894607e07,normal-007,normal,T-013-02,F-013,negative,downstream_threshold,1,1
09dbcec8-c9c3-49ec-921c-766894607e07,normal-007,normal,T-014-01,F-014,normal,downstream_threshold,1,1
09dbcec8-c9c3-49ec-921c-766894607e07,normal-007,normal,T-014-02,F-014,normal,downstream_threshold,1,1
09dbcec8-c9c3-49ec-921c-766894607e07,normal-007,normal,T-015-01,F-015,normal,downstream_threshold,1,0
09dbcec8-c9c3-49ec-921c-766894607e07,normal-007,normal,T-016-01,F-016,normal,other,1,0
09dbcec8-c9c3-49ec-921c-766894607e07,normal-007,normal,T-016-02,F-016,normal,other,1,0
09dbcec8-c9c3-49ec-921c-766894607e07,normal-007,normal,T-016-03,F-016,negative,other,1,1
09dbcec8-c9c3-49ec-921c-766894607e07,normal-007,normal,T-017-01,F-017,normal,other,1,0
09dbcec8-c9c3-49ec-921c-766894607e07,normal-007,normal,T-017-02,F-017,normal,other,1,0
09dbcec8-c9c3-49ec-921c-766894607e07,normal-007,normal,T-018-01,F-018,normal,other,1,1
09dbcec8-c9c3-49ec-921c-766894607e07,normal-007,normal,T-018-02,F-018,negative,other,1,1
09dbcec8-c9c3-49ec-921c-766894607e07,normal-007,normal,T-018-03,F-018,negative,other,1,1
09dbcec8-c9c3-49ec-921c-766894607e07,normal-007,normal,T-019-01,F-019,normal,other,1,1
09dbcec8-c9c3-49ec-921c-766894607e07,normal-007,normal,T-019-02,F-019,negative,other,1,1
09dbcec8-c9c3-49ec-921c-766894607e07,normal-007,normal,T-019-03,F-019,negative,other,1,1
09dbcec8-c9c3-49ec-921c-766894607e07,normal-007,normal,T-020-01,F-020,normal,other,1,1
09dbcec8-c9c3-49ec-921c-766894607e07,normal-007,normal,T-020-02,F-020,normal,other,1,1
09dbcec8-c9c3-49ec-921c-766894607e07,normal-007,normal,T-020-03,F-020,negative,other,1,1
09dbcec8-c9c3-49ec-921c-766894607e07,normal-007,normal,T-020-04,F-020,negative,other,1,1
76cac053-f623-45d1-96ff-c77edf4a0bee,anti-007,anti,T-001-01,F-001,normal,other,1,1
76cac053-f623-45d1-96ff-c77edf4a0bee,anti-007,anti,T-001-02,F-001,negative,other,1,1
76cac053-f623-45d1-96ff-c77edf4a0bee,anti-007,anti,T-001-03,F-001,negative,other,1,1
76cac053-f623-45d1-96ff-c77edf4a0bee,anti-007,anti,T-001-04,F-001,negative,other,1,1
76cac053-f623-45d1-96ff-c77edf4a0bee,anti-007,anti,T-002-01,F-002,normal,other,1,1
76cac053-f623-45d1-96ff-c77edf4a0bee,anti-007,anti,T-002-02,F-002,normal,other,1,0
76cac053-f623-45d1-96ff-c77edf4a0bee,anti-007,anti,T-002-03,F-002,negative,other,1,1
76cac053-f623-45d1-96ff-c77edf4a0bee,anti-007,anti,T-002-04,F-002,negative,other,1,1
76cac053-f623-45d1-96ff-c77edf4a0bee,anti-007,anti,T-003-01,F-003,normal,other,1,0
76cac053-f623-45d1-96ff-c77edf4a0bee,anti-007,anti,T-003-02,F-003,negative,other,1,0
76cac053-f623-45d1-96ff-c77edf4a0bee,anti-007,anti,T-004-01,F-004,normal,other,1,0
76cac053-f623-45d1-96ff-c77edf4a0bee,anti-007,anti,T-004-02,F-004,negative,other,1,0
76cac053-f623-45d1-96ff-c77edf4a0bee,anti-007,anti,T-004-03,F-004,negative,other,1,0
76cac053-f623-45d1-96ff-c77edf4a0bee,anti-007,anti,T-005-01,F-005,normal,other,1,1
76cac053-f623-45d1-96ff-c77edf4a0bee,anti-007,anti,T-005-02,F-005,normal,other,1,1
76cac053-f623-45d1-96ff-c77edf4a0bee,anti-007,anti,T-006-01,F-006,normal,direct_threshold,1,0
76cac053-f623-45d1-96ff-c77edf4a0bee,anti-007,anti,T-006-02,F-006,normal,other,1,1
76cac053-f623-45d1-96ff-c77edf4a0bee,anti-007,anti,T-006-03,F-006,boundary,direct_threshold,1,0
76cac053-f623-45d1-96ff-c77edf4a0bee,anti-007,anti,T-006-04,F-006,boundary,other,1,1
76cac053-f623-45d1-96ff-c77edf4a0bee,anti-007,anti,T-006-05,F-006,boundary,direct_threshold,2,0
76cac053-f623-45d1-96ff-c77edf4a0bee,anti-007,anti,T-006-06,F-006,negative,other,1,1
76cac053-f623-45d1-96ff-c77edf4a0bee,anti-007,anti,T-007-01,F-007,normal,other,1,1
76cac053-f623-45d1-96ff-c77edf4a0bee,anti-007,anti,T-007-02,F-007,normal,other,1,1
76cac053-f623-45d1-96ff-c77edf4a0bee,anti-007,anti,T-007-03,F-007,normal,other,1,1
76cac053-f623-45d1-96ff-c77edf4a0bee,anti-007,anti,T-008-01,F-008,normal,other,1,0
76cac053-f623-45d1-96ff-c77edf4a0bee,anti-007,anti,T-008-02,F-008,normal,other,1,1
76cac053-f623-45d1-96ff-c77edf4a0bee,anti-007,anti,T-008-03,F-008,negative,other,1,1
76cac053-f623-45d1-96ff-c77edf4a0bee,anti-007,anti,T-008-04,F-008,normal,other,1,0
76cac053-f623-45d1-96ff-c77edf4a0bee,anti-007,anti,T-009-01,F-009,normal,other,1,0
76cac053-f623-45d1-96ff-c77edf4a0bee,anti-007,anti,T-009-02,F-009,negative,other,1,1
76cac053-f623-45d1-96ff-c77edf4a0bee,anti-007,anti,T-010-01,F-010,normal,downstream_threshold,1,0
76cac053-f623-45d1-96ff-c77edf4a0bee,anti-007,anti,T-010-02,F-010,normal,other,1,1
76cac053-f623-45d1-96ff-c77edf4a0bee,anti-007,anti,T-010-03,F-010,negative,other,1,1
76cac053-f623-45d1-96ff-c77edf4a0bee,anti-007,anti,T-011-01,F-011,normal,downstream_threshold,1,0
76cac053-f623-45d1-96ff-c77edf4a0bee,anti-007,anti,T-011-02,F-011,negative,downstream_threshold,1,0
76cac053-f623-45d1-96ff-c77edf4a0bee,anti-007,anti,T-012-01,F-012,normal,downstream_threshold,1,0
76cac053-f623-45d1-96ff-c77edf4a0bee,anti-007,anti,T-012-02,F-012,negative,downstream_threshold,1,0
76cac053-f623-45d1-96ff-c77edf4a0bee,anti-007,anti,T-013-01,F-013,normal,downstream_threshold,1,0
76cac053-f623-45d1-96ff-c77edf4a0bee,anti-007,anti,T-013-02,F-013,negative,downstream_threshold,1,0
76cac053-f623-45d1-96ff-c77edf4a0bee,anti-007,anti,T-014-01,F-014,normal,downstream_threshold,1,0
76cac053-f623-45d1-96ff-c77edf4a0bee,anti-007,anti,T-014-02,F-014,normal,downstream_threshold,1,0
76cac053-f623-45d1-96ff-c77edf4a0bee,anti-007,anti,T-015-01,F-015,normal,downstream_threshold,1,0
76cac053-f623-45d1-96ff-c77edf4a0bee,anti-007,anti,T-016-01,F-016,normal,other,1,0
76cac053-f623-45d1-96ff-c77edf4a0bee,anti-007,anti,T-016-02,F-016,normal,other,1,1
76cac053-f623-45d1-96ff-c77edf4a0bee,anti-007,anti,T-016-03,F-016,negative,other,1,1
76cac053-f623-45d1-96ff-c77edf4a0bee,anti-007,anti,T-017-01,F-017,normal,other,1,1
76cac053-f623-45d1-96ff-c77edf4a0bee,anti-007,anti,T-017-02,F-017,normal,other,1,1
76cac053-f623-45d1-96ff-c77edf4a0bee,anti-007,anti,T-018-01,F-018,normal,other,1,1
76cac053-f623-45d1-96ff-c77edf4a0bee,anti-007,anti,T-018-02,F-018,negative,other,1,1
76cac053-f623-45d1-96ff-c77edf4a0bee,anti-007,anti,T-018-03,F-018,negative,other,1,1
76cac053-f623-45d1-96ff-c77edf4a0bee,anti-007,anti,T-019-01,F-019,normal,other,1,0
76cac053-f623-45d1-96ff-c77edf4a0bee,anti-007,anti,T-019-02,F-019,negative,other,1,1
76cac053-f623-45d1-96ff-c77edf4a0bee,anti-007,anti,T-019-03,F-019,negative,other,1,1
76cac053-f623-45d1-96ff-c77edf4a0bee,anti-007,anti,T-020-01,F-020,normal,other,1,0
76cac053-f623-45d1-96ff-c77edf4a0bee,anti-007,anti,T-020-02,F-020,normal,other,1,1
76cac053-f623-45d1-96ff-c77edf4a0bee,anti-007,anti,T-020-03,F-020,negative,other,1,0
76cac053-f623-45d1-96ff-c77edf4a0bee,anti-007,anti,T-020-04,F-020,negative,other,1,1
69c2fcf8-cab9-49f0-ae99-d1aef80a64ab,anti-008,anti,T-001-01,F-001,normal,other,1,1
69c2fcf8-cab9-49f0-ae99-d1aef80a64ab,anti-008,anti,T-001-02,F-001,negative,other,1,1
69c2fcf8-cab9-49f0-ae99-d1aef80a64ab,anti-008,anti,T-001-03,F-001,negative,other,1,1
69c2fcf8-cab9-49f0-ae99-d1aef80a64ab,anti-008,anti,T-001-04,F-001,negative,other,1,1
69c2fcf8-cab9-49f0-ae99-d1aef80a64ab,anti-008,anti,T-002-01,F-002,normal,other,1,0
69c2fcf8-cab9-49f0-ae99-d1aef80a64ab,anti-008,anti,T-002-02,F-002,normal,other,1,0
69c2fcf8-cab9-49f0-ae99-d1aef80a64ab,anti-008,anti,T-002-03,F-002,negative,other,1,1
69c2fcf8-cab9-49f0-ae99-d1aef80a64ab,anti-008,anti,T-002-04,F-002,negative,other,1,1
69c2fcf8-cab9-49f0-ae99-d1aef80a64ab,anti-008,anti,T-003-01,F-003,normal,other,1,1
69c2fcf8-cab9-49f0-ae99-d1aef80a64ab,anti-008,anti,T-003-02,F-003,negative,other,1,1
69c2fcf8-cab9-49f0-ae99-d1aef80a64ab,anti-008,anti,T-004-01,F-004,normal,other,1,1
69c2fcf8-cab9-49f0-ae99-d1aef80a64ab,anti-008,anti,T-004-02,F-004,negative,other,1,1
69c2fcf8-cab9-49f0-ae99-d1aef80a64ab,anti-008,anti,T-004-03,F-004,negative,other,1,0
69c2fcf8-cab9-49f0-ae99-d1aef80a64ab,anti-008,anti,T-005-01,F-005,normal,other,1,1
69c2fcf8-cab9-49f0-ae99-d1aef80a64ab,anti-008,anti,T-005-02,F-005,normal,other,1,0
69c2fcf8-cab9-49f0-ae99-d1aef80a64ab,anti-008,anti,T-006-01,F-006,normal,direct_threshold,1,0
69c2fcf8-cab9-49f0-ae99-d1aef80a64ab,anti-008,anti,T-006-02,F-006,normal,other,1,1
69c2fcf8-cab9-49f0-ae99-d1aef80a64ab,anti-008,anti,T-006-03,F-006,boundary,direct_threshold,1,0
69c2fcf8-cab9-49f0-ae99-d1aef80a64ab,anti-008,anti,T-006-04,F-006,boundary,other,1,1
69c2fcf8-cab9-49f0-ae99-d1aef80a64ab,anti-008,anti,T-006-05,F-006,boundary,direct_threshold,2,0
69c2fcf8-cab9-49f0-ae99-d1aef80a64ab,anti-008,anti,T-006-06,F-006,negative,other,1,1
69c2fcf8-cab9-49f0-ae99-d1aef80a64ab,anti-008,anti,T-007-01,F-007,normal,other,1,0
69c2fcf8-cab9-49f0-ae99-d1aef80a64ab,anti-008,anti,T-007-02,F-007,normal,other,1,0
69c2fcf8-cab9-49f0-ae99-d1aef80a64ab,anti-008,anti,T-007-03,F-007,normal,other,1,0
69c2fcf8-cab9-49f0-ae99-d1aef80a64ab,anti-008,anti,T-008-01,F-008,normal,other,1,0
69c2fcf8-cab9-49f0-ae99-d1aef80a64ab,anti-008,anti,T-008-02,F-008,normal,other,1,0
69c2fcf8-cab9-49f0-ae99-d1aef80a64ab,anti-008,anti,T-008-03,F-008,negative,other,1,1
69c2fcf8-cab9-49f0-ae99-d1aef80a64ab,anti-008,anti,T-008-04,F-008,normal,other,1,1
69c2fcf8-cab9-49f0-ae99-d1aef80a64ab,anti-008,anti,T-009-01,F-009,normal,other,1,1
69c2fcf8-cab9-49f0-ae99-d1aef80a64ab,anti-008,anti,T-009-02,F-009,negative,other,1,1
69c2fcf8-cab9-49f0-ae99-d1aef80a64ab,anti-008,anti,T-010-01,F-010,normal,downstream_threshold,1,0
69c2fcf8-cab9-49f0-ae99-d1aef80a64ab,anti-008,anti,T-010-02,F-010,normal,other,1,1
69c2fcf8-cab9-49f0-ae99-d1aef80a64ab,anti-008,anti,T-010-03,F-010,negative,other,1,1
69c2fcf8-cab9-49f0-ae99-d1aef80a64ab,anti-008,anti,T-011-01,F-011,normal,downstream_threshold,1,0
69c2fcf8-cab9-49f0-ae99-d1aef80a64ab,anti-008,anti,T-011-02,F-011,negative,downstream_threshold,1,0
69c2fcf8-cab9-49f0-ae99-d1aef80a64ab,anti-008,anti,T-012-01,F-012,normal,downstream_threshold,1,0
69c2fcf8-cab9-49f0-ae99-d1aef80a64ab,anti-008,anti,T-012-02,F-012,negative,downstream_threshold,1,0
69c2fcf8-cab9-49f0-ae99-d1aef80a64ab,anti-008,anti,T-013-01,F-013,normal,downstream_threshold,1,0
69c2fcf8-cab9-49f0-ae99-d1aef80a64ab,anti-008,anti,T-013-02,F-013,negative,downstream_threshold,1,0
69c2fcf8-cab9-49f0-ae99-d1aef80a64ab,anti-008,anti,T-014-01,F-014,normal,downstream_threshold,1,0
69c2fcf8-cab9-49f0-ae99-d1aef80a64ab,anti-008,anti,T-014-02,F-014,normal,downstream_threshold,1,0
69c2fcf8-cab9-49f0-ae99-d1aef80a64ab,anti-008,anti,T-015-01,F-015,normal,downstream_threshold,1,0
69c2fcf8-cab9-49f0-ae99-d1aef80a64ab,anti-008,anti,T-016-01,F-016,normal,other,1,0
69c2fcf8-cab9-49f0-ae99-d1aef80a64ab,anti-008,anti,T-016-02,F-016,normal,other,1,0
69c2fcf8-cab9-49f0-ae99-d1aef80a64ab,anti-008,anti,T-016-03,F-016,negative,other,1,1
69c2fcf8-cab9-49f0-ae99-d1aef80a64ab,anti-008,anti,T-017-01,F-017,normal,other,1,0
69c2fcf8-cab9-49f0-ae99-d1aef80a64ab,anti-008,anti,T-017-02,F-017,normal,other,1,0
69c2fcf8-cab9-49f0-ae99-d1aef80a64ab,anti-008,anti,T-018-01,F-018,normal,other,1,1
69c2fcf8-cab9-49f0-ae99-d1aef80a64ab,anti-008,anti,T-018-02,F-018,negative,other,1,1
69c2fcf8-cab9-49f0-ae99-d1aef80a64ab,anti-008,anti,T-018-03,F-018,negative,other,1,1
69c2fcf8-cab9-49f0-ae99-d1aef80a64ab,anti-008,anti,T-019-01,F-019,normal,other,1,1
69c2fcf8-cab9-49f0-ae99-d1aef80a64ab,anti-008,anti,T-019-02,F-019,negative,other,1,1
69c2fcf8-cab9-49f0-ae99-d1aef80a64ab,anti-008,anti,T-019-03,F-019,negative,other,1,1
69c2fcf8-cab9-49f0-ae99-d1aef80a64ab,anti-008,anti,T-020-01,F-020,normal,other,1,1
69c2fcf8-cab9-49f0-ae99-d1aef80a64ab,anti-008,anti,T-020-02,F-020,normal,other,1,1
69c2fcf8-cab9-49f0-ae99-d1aef80a64ab,anti-008,anti,T-020-03,F-020,negative,other,1,1
69c2fcf8-cab9-49f0-ae99-d1aef80a64ab,anti-008,anti,T-020-04,F-020,negative,other,1,1
cc1ad56e-0db0-4187-8d1d-9e89552abe92,normal-008,normal,T-001-01,F-001,normal,other,1,1
cc1ad56e-0db0-4187-8d1d-9e89552abe92,normal-008,normal,T-001-02,F-001,negative,other,1,1
cc1ad56e-0db0-4187-8d1d-9e89552abe92,normal-008,normal,T-001-03,F-001,negative,other,1,1
cc1ad56e-0db0-4187-8d1d-9e89552abe92,normal-008,normal,T-001-04,F-001,negative,other,1,1
cc1ad56e-0db0-4187-8d1d-9e89552abe92,normal-008,normal,T-002-01,F-002,normal,other,1,1
cc1ad56e-0db0-4187-8d1d-9e89552abe92,normal-008,normal,T-002-02,F-002,normal,other,1,0
cc1ad56e-0db0-4187-8d1d-9e89552abe92,normal-008,normal,T-002-03,F-002,negative,other,1,1
cc1ad56e-0db0-4187-8d1d-9e89552abe92,normal-008,normal,T-002-04,F-002,negative,other,1,1
cc1ad56e-0db0-4187-8d1d-9e89552abe92,normal-008,normal,T-003-01,F-003,normal,other,1,1
cc1ad56e-0db0-4187-8d1d-9e89552abe92,normal-008,normal,T-003-02,F-003,negative,other,1,1
cc1ad56e-0db0-4187-8d1d-9e89552abe92,normal-008,normal,T-004-01,F-004,normal,other,1,1
cc1ad56e-0db0-4187-8d1d-9e89552abe92,normal-008,normal,T-004-02,F-004,negative,other,1,1
cc1ad56e-0db0-4187-8d1d-9e89552abe92,normal-008,normal,T-004-03,F-004,negative,other,1,0
cc1ad56e-0db0-4187-8d1d-9e89552abe92,normal-008,normal,T-005-01,F-005,normal,other,1,1
cc1ad56e-0db0-4187-8d1d-9e89552abe92,normal-008,normal,T-005-02,F-005,normal,other,1,0
cc1ad56e-0db0-4187-8d1d-9e89552abe92,normal-008,normal,T-006-01,F-006,normal,direct_threshold,1,1
cc1ad56e-0db0-4187-8d1d-9e89552abe92,normal-008,normal,T-006-02,F-006,normal,other,1,1
cc1ad56e-0db0-4187-8d1d-9e89552abe92,normal-008,normal,T-006-03,F-006,boundary,direct_threshold,1,1
cc1ad56e-0db0-4187-8d1d-9e89552abe92,normal-008,normal,T-006-04,F-006,boundary,other,1,1
cc1ad56e-0db0-4187-8d1d-9e89552abe92,normal-008,normal,T-006-05,F-006,boundary,direct_threshold,2,1
cc1ad56e-0db0-4187-8d1d-9e89552abe92,normal-008,normal,T-006-06,F-006,negative,other,1,1
cc1ad56e-0db0-4187-8d1d-9e89552abe92,normal-008,normal,T-007-01,F-007,normal,other,1,0
cc1ad56e-0db0-4187-8d1d-9e89552abe92,normal-008,normal,T-007-02,F-007,normal,other,1,1
cc1ad56e-0db0-4187-8d1d-9e89552abe92,normal-008,normal,T-007-03,F-007,normal,other,1,0
cc1ad56e-0db0-4187-8d1d-9e89552abe92,normal-008,normal,T-008-01,F-008,normal,other,1,0
cc1ad56e-0db0-4187-8d1d-9e89552abe92,normal-008,normal,T-008-02,F-008,normal,other,1,0
cc1ad56e-0db0-4187-8d1d-9e89552abe92,normal-008,normal,T-008-03,F-008,negative,other,1,1
cc1ad56e-0db0-4187-8d1d-9e89552abe92,normal-008,normal,T-008-04,F-008,normal,other,1,1
cc1ad56e-0db0-4187-8d1d-9e89552abe92,normal-008,normal,T-009-01,F-009,normal,other,1,1
cc1ad56e-0db0-4187-8d1d-9e89552abe92,normal-008,normal,T-009-02,F-009,negative,other,1,1
cc1ad56e-0db0-4187-8d1d-9e89552abe92,normal-008,normal,T-010-01,F-010,normal,downstream_threshold,1,0
cc1ad56e-0db0-4187-8d1d-9e89552abe92,normal-008,normal,T-010-02,F-010,normal,other,1,1
cc1ad56e-0db0-4187-8d1d-9e89552abe92,normal-008,normal,T-010-03,F-010,negative,other,1,1
cc1ad56e-0db0-4187-8d1d-9e89552abe92,normal-008,normal,T-011-01,F-011,normal,downstream_threshold,1,0
cc1ad56e-0db0-4187-8d1d-9e89552abe92,normal-008,normal,T-011-02,F-011,negative,downstream_threshold,1,1
cc1ad56e-0db0-4187-8d1d-9e89552abe92,normal-008,normal,T-012-01,F-012,normal,downstream_threshold,1,1
cc1ad56e-0db0-4187-8d1d-9e89552abe92,normal-008,normal,T-012-02,F-012,negative,downstream_threshold,1,1
cc1ad56e-0db0-4187-8d1d-9e89552abe92,normal-008,normal,T-013-01,F-013,normal,downstream_threshold,1,0
cc1ad56e-0db0-4187-8d1d-9e89552abe92,normal-008,normal,T-013-02,F-013,negative,downstream_threshold,1,1
cc1ad56e-0db0-4187-8d1d-9e89552abe92,normal-008,normal,T-014-01,F-014,normal,downstream_threshold,1,1
cc1ad56e-0db0-4187-8d1d-9e89552abe92,normal-008,normal,T-014-02,F-014,normal,downstream_threshold,1,1
cc1ad56e-0db0-4187-8d1d-9e89552abe92,normal-008,normal,T-015-01,F-015,normal,downstream_threshold,1,0
cc1ad56e-0db0-4187-8d1d-9e89552abe92,normal-008,normal,T-016-01,F-016,normal,other,1,0
cc1ad56e-0db0-4187-8d1d-9e89552abe92,normal-008,normal,T-016-02,F-016,normal,other,1,0
cc1ad56e-0db0-4187-8d1d-9e89552abe92,normal-008,normal,T-016-03,F-016,negative,other,1,1
cc1ad56e-0db0-4187-8d1d-9e89552abe92,normal-008,normal,T-017-01,F-017,normal,other,1,0
cc1ad56e-0db0-4187-8d1d-9e89552abe92,normal-008,normal,T-017-02,F-017,normal,other,1,0
cc1ad56e-0db0-4187-8d1d-9e89552abe92,normal-008,normal,T-018-01,F-018,normal,other,1,1
cc1ad56e-0db0-4187-8d1d-9e89552abe92,normal-008,normal,T-018-02,F-018,negative,other,1,1
cc1ad56e-0db0-4187-8d1d-9e89552abe92,normal-008,normal,T-018-03,F-018,negative,other,1,1
cc1ad56e-0db0-4187-8d1d-9e89552abe92,normal-008,normal,T-019-01,F-019,normal,other,1,0
cc1ad56e-0db0-4187-8d1d-9e89552abe92,normal-008,normal,T-019-02,F-019,negative,other,1,1
cc1ad56e-0db0-4187-8d1d-9e89552abe92,normal-008,normal,T-019-03,F-019,negative,other,1,1
cc1ad56e-0db0-4187-8d1d-9e89552abe92,normal-008,normal,T-020-01,F-020,normal,other,1,1
cc1ad56e-0db0-4187-8d1d-9e89552abe92,normal-008,normal,T-020-02,F-020,normal,other,1,1
cc1ad56e-0db0-4187-8d1d-9e89552abe92,normal-008,normal,T-020-03,F-020,negative,other,1,1
cc1ad56e-0db0-4187-8d1d-9e89552abe92,normal-008,normal,T-020-04,F-020,negative,other,1,0
dc4b4eaa-b0e8-4bf9-abbd-f777a2008ee6,anti-009,anti,T-001-01,F-001,normal,other,1,1
dc4b4eaa-b0e8-4bf9-abbd-f777a2008ee6,anti-009,anti,T-001-02,F-001,negative,other,1,1
dc4b4eaa-b0e8-4bf9-abbd-f777a2008ee6,anti-009,anti,T-001-03,F-001,negative,other,1,1
dc4b4eaa-b0e8-4bf9-abbd-f777a2008ee6,anti-009,anti,T-001-04,F-001,negative,other,1,1
dc4b4eaa-b0e8-4bf9-abbd-f777a2008ee6,anti-009,anti,T-002-01,F-002,normal,other,1,1
dc4b4eaa-b0e8-4bf9-abbd-f777a2008ee6,anti-009,anti,T-002-02,F-002,normal,other,1,0
dc4b4eaa-b0e8-4bf9-abbd-f777a2008ee6,anti-009,anti,T-002-03,F-002,negative,other,1,1
dc4b4eaa-b0e8-4bf9-abbd-f777a2008ee6,anti-009,anti,T-002-04,F-002,negative,other,1,1
dc4b4eaa-b0e8-4bf9-abbd-f777a2008ee6,anti-009,anti,T-003-01,F-003,normal,other,1,1
dc4b4eaa-b0e8-4bf9-abbd-f777a2008ee6,anti-009,anti,T-003-02,F-003,negative,other,1,1
dc4b4eaa-b0e8-4bf9-abbd-f777a2008ee6,anti-009,anti,T-004-01,F-004,normal,other,1,1
dc4b4eaa-b0e8-4bf9-abbd-f777a2008ee6,anti-009,anti,T-004-02,F-004,negative,other,1,0
dc4b4eaa-b0e8-4bf9-abbd-f777a2008ee6,anti-009,anti,T-004-03,F-004,negative,other,1,0
dc4b4eaa-b0e8-4bf9-abbd-f777a2008ee6,anti-009,anti,T-005-01,F-005,normal,other,1,0
dc4b4eaa-b0e8-4bf9-abbd-f777a2008ee6,anti-009,anti,T-005-02,F-005,normal,other,1,1
dc4b4eaa-b0e8-4bf9-abbd-f777a2008ee6,anti-009,anti,T-006-01,F-006,normal,direct_threshold,1,0
dc4b4eaa-b0e8-4bf9-abbd-f777a2008ee6,anti-009,anti,T-006-02,F-006,normal,other,1,1
dc4b4eaa-b0e8-4bf9-abbd-f777a2008ee6,anti-009,anti,T-006-03,F-006,boundary,direct_threshold,1,0
dc4b4eaa-b0e8-4bf9-abbd-f777a2008ee6,anti-009,anti,T-006-04,F-006,boundary,other,1,1
dc4b4eaa-b0e8-4bf9-abbd-f777a2008ee6,anti-009,anti,T-006-05,F-006,boundary,direct_threshold,2,0
dc4b4eaa-b0e8-4bf9-abbd-f777a2008ee6,anti-009,anti,T-006-06,F-006,negative,other,1,1
dc4b4eaa-b0e8-4bf9-abbd-f777a2008ee6,anti-009,anti,T-007-01,F-007,normal,other,1,1
dc4b4eaa-b0e8-4bf9-abbd-f777a2008ee6,anti-009,anti,T-007-02,F-007,normal,other,1,1
dc4b4eaa-b0e8-4bf9-abbd-f777a2008ee6,anti-009,anti,T-007-03,F-007,normal,other,1,1
dc4b4eaa-b0e8-4bf9-abbd-f777a2008ee6,anti-009,anti,T-008-01,F-008,normal,other,1,1
dc4b4eaa-b0e8-4bf9-abbd-f777a2008ee6,anti-009,anti,T-008-02,F-008,normal,other,1,1
dc4b4eaa-b0e8-4bf9-abbd-f777a2008ee6,anti-009,anti,T-008-03,F-008,negative,other,1,1
dc4b4eaa-b0e8-4bf9-abbd-f777a2008ee6,anti-009,anti,T-008-04,F-008,normal,other,1,1
dc4b4eaa-b0e8-4bf9-abbd-f777a2008ee6,anti-009,anti,T-009-01,F-009,normal,other,1,0
dc4b4eaa-b0e8-4bf9-abbd-f777a2008ee6,anti-009,anti,T-009-02,F-009,negative,other,1,1
dc4b4eaa-b0e8-4bf9-abbd-f777a2008ee6,anti-009,anti,T-010-01,F-010,normal,downstream_threshold,1,0
dc4b4eaa-b0e8-4bf9-abbd-f777a2008ee6,anti-009,anti,T-010-02,F-010,normal,other,1,1
dc4b4eaa-b0e8-4bf9-abbd-f777a2008ee6,anti-009,anti,T-010-03,F-010,negative,other,1,1
dc4b4eaa-b0e8-4bf9-abbd-f777a2008ee6,anti-009,anti,T-011-01,F-011,normal,downstream_threshold,1,0
dc4b4eaa-b0e8-4bf9-abbd-f777a2008ee6,anti-009,anti,T-011-02,F-011,negative,downstream_threshold,1,1
dc4b4eaa-b0e8-4bf9-abbd-f777a2008ee6,anti-009,anti,T-012-01,F-012,normal,downstream_threshold,1,0
dc4b4eaa-b0e8-4bf9-abbd-f777a2008ee6,anti-009,anti,T-012-02,F-012,negative,downstream_threshold,1,0
dc4b4eaa-b0e8-4bf9-abbd-f777a2008ee6,anti-009,anti,T-013-01,F-013,normal,downstream_threshold,1,0
dc4b4eaa-b0e8-4bf9-abbd-f777a2008ee6,anti-009,anti,T-013-02,F-013,negative,downstream_threshold,1,0
dc4b4eaa-b0e8-4bf9-abbd-f777a2008ee6,anti-009,anti,T-014-01,F-014,normal,downstream_threshold,1,0
dc4b4eaa-b0e8-4bf9-abbd-f777a2008ee6,anti-009,anti,T-014-02,F-014,normal,downstream_threshold,1,0
dc4b4eaa-b0e8-4bf9-abbd-f777a2008ee6,anti-009,anti,T-015-01,F-015,normal,downstream_threshold,1,0
dc4b4eaa-b0e8-4bf9-abbd-f777a2008ee6,anti-009,anti,T-016-01,F-016,normal,other,1,0
dc4b4eaa-b0e8-4bf9-abbd-f777a2008ee6,anti-009,anti,T-016-02,F-016,normal,other,1,1
dc4b4eaa-b0e8-4bf9-abbd-f777a2008ee6,anti-009,anti,T-016-03,F-016,negative,other,1,1
dc4b4eaa-b0e8-4bf9-abbd-f777a2008ee6,anti-009,anti,T-017-01,F-017,normal,other,1,1
dc4b4eaa-b0e8-4bf9-abbd-f777a2008ee6,anti-009,anti,T-017-02,F-017,normal,other,1,1
dc4b4eaa-b0e8-4bf9-abbd-f777a2008ee6,anti-009,anti,T-018-01,F-018,normal,other,1,1
dc4b4eaa-b0e8-4bf9-abbd-f777a2008ee6,anti-009,anti,T-018-02,F-018,negative,other,1,1
dc4b4eaa-b0e8-4bf9-abbd-f777a2008ee6,anti-009,anti,T-018-03,F-018,negative,other,1,1
dc4b4eaa-b0e8-4bf9-abbd-f777a2008ee6,anti-009,anti,T-019-01,F-019,normal,other,1,1
dc4b4eaa-b0e8-4bf9-abbd-f777a2008ee6,anti-009,anti,T-019-02,F-019,negative,other,1,1
dc4b4eaa-b0e8-4bf9-abbd-f777a2008ee6,anti-009,anti,T-019-03,F-019,negative,other,1,1
dc4b4eaa-b0e8-4bf9-abbd-f777a2008ee6,anti-009,anti,T-020-01,F-020,normal,other,1,1
dc4b4eaa-b0e8-4bf9-abbd-f777a2008ee6,anti-009,anti,T-020-02,F-020,normal,other,1,1
dc4b4eaa-b0e8-4bf9-abbd-f777a2008ee6,anti-009,anti,T-020-03,F-020,negative,other,1,1
dc4b4eaa-b0e8-4bf9-abbd-f777a2008ee6,anti-009,anti,T-020-04,F-020,negative,other,1,1
b8bb85c7-e468-42ff-ad70-e10746737b87,normal-009,normal,T-001-01,F-001,normal,other,1,1
b8bb85c7-e468-42ff-ad70-e10746737b87,normal-009,normal,T-001-02,F-001,negative,other,1,1
b8bb85c7-e468-42ff-ad70-e10746737b87,normal-009,normal,T-001-03,F-001,negative,other,1,1
b8bb85c7-e468-42ff-ad70-e10746737b87,normal-009,normal,T-001-04,F-001,negative,other,1,1
b8bb85c7-e468-42ff-ad70-e10746737b87,normal-009,normal,T-002-01,F-002,normal,other,1,1
b8bb85c7-e468-42ff-ad70-e10746737b87,normal-009,normal,T-002-02,F-002,normal,other,1,0
b8bb85c7-e468-42ff-ad70-e10746737b87,normal-009,normal,T-002-03,F-002,negative,other,1,1
b8bb85c7-e468-42ff-ad70-e10746737b87,normal-009,normal,T-002-04,F-002,negative,other,1,1
b8bb85c7-e468-42ff-ad70-e10746737b87,normal-009,normal,T-003-01,F-003,normal,other,1,1
b8bb85c7-e468-42ff-ad70-e10746737b87,normal-009,normal,T-003-02,F-003,negative,other,1,1
b8bb85c7-e468-42ff-ad70-e10746737b87,normal-009,normal,T-004-01,F-004,normal,other,1,1
b8bb85c7-e468-42ff-ad70-e10746737b87,normal-009,normal,T-004-02,F-004,negative,other,1,1
b8bb85c7-e468-42ff-ad70-e10746737b87,normal-009,normal,T-004-03,F-004,negative,other,1,0
b8bb85c7-e468-42ff-ad70-e10746737b87,normal-009,normal,T-005-01,F-005,normal,other,1,1
b8bb85c7-e468-42ff-ad70-e10746737b87,normal-009,normal,T-005-02,F-005,normal,other,1,0
b8bb85c7-e468-42ff-ad70-e10746737b87,normal-009,normal,T-006-01,F-006,normal,direct_threshold,1,1
b8bb85c7-e468-42ff-ad70-e10746737b87,normal-009,normal,T-006-02,F-006,normal,other,1,1
b8bb85c7-e468-42ff-ad70-e10746737b87,normal-009,normal,T-006-03,F-006,boundary,direct_threshold,1,1
b8bb85c7-e468-42ff-ad70-e10746737b87,normal-009,normal,T-006-04,F-006,boundary,other,1,1
b8bb85c7-e468-42ff-ad70-e10746737b87,normal-009,normal,T-006-05,F-006,boundary,direct_threshold,2,1
b8bb85c7-e468-42ff-ad70-e10746737b87,normal-009,normal,T-006-06,F-006,negative,other,1,1
b8bb85c7-e468-42ff-ad70-e10746737b87,normal-009,normal,T-007-01,F-007,normal,other,1,0
b8bb85c7-e468-42ff-ad70-e10746737b87,normal-009,normal,T-007-02,F-007,normal,other,1,0
b8bb85c7-e468-42ff-ad70-e10746737b87,normal-009,normal,T-007-03,F-007,normal,other,1,0
b8bb85c7-e468-42ff-ad70-e10746737b87,normal-009,normal,T-008-01,F-008,normal,other,1,0
b8bb85c7-e468-42ff-ad70-e10746737b87,normal-009,normal,T-008-02,F-008,normal,other,1,0
b8bb85c7-e468-42ff-ad70-e10746737b87,normal-009,normal,T-008-03,F-008,negative,other,1,1
b8bb85c7-e468-42ff-ad70-e10746737b87,normal-009,normal,T-008-04,F-008,normal,other,1,1
b8bb85c7-e468-42ff-ad70-e10746737b87,normal-009,normal,T-009-01,F-009,normal,other,1,0
b8bb85c7-e468-42ff-ad70-e10746737b87,normal-009,normal,T-009-02,F-009,negative,other,1,1
b8bb85c7-e468-42ff-ad70-e10746737b87,normal-009,normal,T-010-01,F-010,normal,downstream_threshold,1,1
b8bb85c7-e468-42ff-ad70-e10746737b87,normal-009,normal,T-010-02,F-010,normal,other,1,1
b8bb85c7-e468-42ff-ad70-e10746737b87,normal-009,normal,T-010-03,F-010,negative,other,1,1
b8bb85c7-e468-42ff-ad70-e10746737b87,normal-009,normal,T-011-01,F-011,normal,downstream_threshold,1,1
b8bb85c7-e468-42ff-ad70-e10746737b87,normal-009,normal,T-011-02,F-011,negative,downstream_threshold,1,1
b8bb85c7-e468-42ff-ad70-e10746737b87,normal-009,normal,T-012-01,F-012,normal,downstream_threshold,1,0
b8bb85c7-e468-42ff-ad70-e10746737b87,normal-009,normal,T-012-02,F-012,negative,downstream_threshold,1,1
b8bb85c7-e468-42ff-ad70-e10746737b87,normal-009,normal,T-013-01,F-013,normal,downstream_threshold,1,0
b8bb85c7-e468-42ff-ad70-e10746737b87,normal-009,normal,T-013-02,F-013,negative,downstream_threshold,1,1
b8bb85c7-e468-42ff-ad70-e10746737b87,normal-009,normal,T-014-01,F-014,normal,downstream_threshold,1,1
b8bb85c7-e468-42ff-ad70-e10746737b87,normal-009,normal,T-014-02,F-014,normal,downstream_threshold,1,1
b8bb85c7-e468-42ff-ad70-e10746737b87,normal-009,normal,T-015-01,F-015,normal,downstream_threshold,1,0
b8bb85c7-e468-42ff-ad70-e10746737b87,normal-009,normal,T-016-01,F-016,normal,other,1,0
b8bb85c7-e468-42ff-ad70-e10746737b87,normal-009,normal,T-016-02,F-016,normal,other,1,0
b8bb85c7-e468-42ff-ad70-e10746737b87,normal-009,normal,T-016-03,F-016,negative,other,1,1
b8bb85c7-e468-42ff-ad70-e10746737b87,normal-009,normal,T-017-01,F-017,normal,other,1,0
b8bb85c7-e468-42ff-ad70-e10746737b87,normal-009,normal,T-017-02,F-017,normal,other,1,0
b8bb85c7-e468-42ff-ad70-e10746737b87,normal-009,normal,T-018-01,F-018,normal,other,1,1
b8bb85c7-e468-42ff-ad70-e10746737b87,normal-009,normal,T-018-02,F-018,negative,other,1,1
b8bb85c7-e468-42ff-ad70-e10746737b87,normal-009,normal,T-018-03,F-018,negative,other,1,1
b8bb85c7-e468-42ff-ad70-e10746737b87,normal-009,normal,T-019-01,F-019,normal,other,1,0
b8bb85c7-e468-42ff-ad70-e10746737b87,normal-009,normal,T-019-02,F-019,negative,other,1,1
b8bb85c7-e468-42ff-ad70-e10746737b87,normal-009,normal,T-019-03,F-019,negative,other,1,1
b8bb85c7-e468-42ff-ad70-e10746737b87,normal-009,normal,T-020-01,F-020,normal,other,1,1
b8bb85c7-e468-42ff-ad70-e10746737b87,normal-009,normal,T-020-02,F-020,normal,other,1,1
b8bb85c7-e468-42ff-ad70-e10746737b87,normal-009,normal,T-020-03,F-020,negative,other,1,1
b8bb85c7-e468-42ff-ad70-e10746737b87,normal-009,normal,T-020-04,F-020,negative,other,1,0
7e5974e1-e419-4e9d-96f3-332c91617c78,anti-010,anti,T-001-01,F-001,normal,other,1,1
7e5974e1-e419-4e9d-96f3-332c91617c78,anti-010,anti,T-001-02,F-001,negative,other,1,1
7e5974e1-e419-4e9d-96f3-332c91617c78,anti-010,anti,T-001-03,F-001,negative,other,1,0
7e5974e1-e419-4e9d-96f3-332c91617c78,anti-010,anti,T-001-04,F-001,negative,other,1,0
7e5974e1-e419-4e9d-96f3-332c91617c78,anti-010,anti,T-002-01,F-002,normal,other,1,0
7e5974e1-e419-4e9d-96f3-332c91617c78,anti-010,anti,T-002-02,F-002,normal,other,1,1
7e5974e1-e419-4e9d-96f3-332c91617c78,anti-010,anti,T-002-03,F-002,negative,other,1,1
7e5974e1-e419-4e9d-96f3-332c91617c78,anti-010,anti,T-002-04,F-002,negative,other,1,1
7e5974e1-e419-4e9d-96f3-332c91617c78,anti-010,anti,T-003-01,F-003,normal,other,1,0
7e5974e1-e419-4e9d-96f3-332c91617c78,anti-010,anti,T-003-02,F-003,negative,other,1,0
7e5974e1-e419-4e9d-96f3-332c91617c78,anti-010,anti,T-004-01,F-004,normal,other,1,0
7e5974e1-e419-4e9d-96f3-332c91617c78,anti-010,anti,T-004-02,F-004,negative,other,1,0
7e5974e1-e419-4e9d-96f3-332c91617c78,anti-010,anti,T-004-03,F-004,negative,other,1,0
7e5974e1-e419-4e9d-96f3-332c91617c78,anti-010,anti,T-005-01,F-005,normal,other,1,0
7e5974e1-e419-4e9d-96f3-332c91617c78,anti-010,anti,T-005-02,F-005,normal,other,1,0
7e5974e1-e419-4e9d-96f3-332c91617c78,anti-010,anti,T-006-01,F-006,normal,direct_threshold,1,0
7e5974e1-e419-4e9d-96f3-332c91617c78,anti-010,anti,T-006-02,F-006,normal,other,1,0
7e5974e1-e419-4e9d-96f3-332c91617c78,anti-010,anti,T-006-03,F-006,boundary,direct_threshold,1,0
7e5974e1-e419-4e9d-96f3-332c91617c78,anti-010,anti,T-006-04,F-006,boundary,other,1,0
7e5974e1-e419-4e9d-96f3-332c91617c78,anti-010,anti,T-006-05,F-006,boundary,direct_threshold,2,0
7e5974e1-e419-4e9d-96f3-332c91617c78,anti-010,anti,T-006-06,F-006,negative,other,1,0
7e5974e1-e419-4e9d-96f3-332c91617c78,anti-010,anti,T-007-01,F-007,normal,other,1,0
7e5974e1-e419-4e9d-96f3-332c91617c78,anti-010,anti,T-007-02,F-007,normal,other,1,0
7e5974e1-e419-4e9d-96f3-332c91617c78,anti-010,anti,T-007-03,F-007,normal,other,1,0
7e5974e1-e419-4e9d-96f3-332c91617c78,anti-010,anti,T-008-01,F-008,normal,other,1,0
7e5974e1-e419-4e9d-96f3-332c91617c78,anti-010,anti,T-008-02,F-008,normal,other,1,0
7e5974e1-e419-4e9d-96f3-332c91617c78,anti-010,anti,T-008-03,F-008,negative,other,1,0
7e5974e1-e419-4e9d-96f3-332c91617c78,anti-010,anti,T-008-04,F-008,normal,other,1,0
7e5974e1-e419-4e9d-96f3-332c91617c78,anti-010,anti,T-009-01,F-009,normal,other,1,0
7e5974e1-e419-4e9d-96f3-332c91617c78,anti-010,anti,T-009-02,F-009,negative,other,1,0
7e5974e1-e419-4e9d-96f3-332c91617c78,anti-010,anti,T-010-01,F-010,normal,downstream_threshold,1,0
7e5974e1-e419-4e9d-96f3-332c91617c78,anti-010,anti,T-010-02,F-010,normal,other,1,0
7e5974e1-e419-4e9d-96f3-332c91617c78,anti-010,anti,T-010-03,F-010,negative,other,1,0
7e5974e1-e419-4e9d-96f3-332c91617c78,anti-010,anti,T-011-01,F-011,normal,downstream_threshold,1,0
7e5974e1-e419-4e9d-96f3-332c91617c78,anti-010,anti,T-011-02,F-011,negative,downstream_threshold,1,0
7e5974e1-e419-4e9d-96f3-332c91617c78,anti-010,anti,T-012-01,F-012,normal,downstream_threshold,1,0
7e5974e1-e419-4e9d-96f3-332c91617c78,anti-010,anti,T-012-02,F-012,negative,downstream_threshold,1,0
7e5974e1-e419-4e9d-96f3-332c91617c78,anti-010,anti,T-013-01,F-013,normal,downstream_threshold,1,0
7e5974e1-e419-4e9d-96f3-332c91617c78,anti-010,anti,T-013-02,F-013,negative,downstream_threshold,1,0
7e5974e1-e419-4e9d-96f3-332c91617c78,anti-010,anti,T-014-01,F-014,normal,downstream_threshold,1,0
7e5974e1-e419-4e9d-96f3-332c91617c78,anti-010,anti,T-014-02,F-014,normal,downstream_threshold,1,0
7e5974e1-e419-4e9d-96f3-332c91617c78,anti-010,anti,T-015-01,F-015,normal,downstream_threshold,1,0
7e5974e1-e419-4e9d-96f3-332c91617c78,anti-010,anti,T-016-01,F-016,normal,other,1,0
7e5974e1-e419-4e9d-96f3-332c91617c78,anti-010,anti,T-016-02,F-016,normal,other,1,0
7e5974e1-e419-4e9d-96f3-332c91617c78,anti-010,anti,T-016-03,F-016,negative,other,1,0
7e5974e1-e419-4e9d-96f3-332c91617c78,anti-010,anti,T-017-01,F-017,normal,other,1,0
7e5974e1-e419-4e9d-96f3-332c91617c78,anti-010,anti,T-017-02,F-017,normal,other,1,0
7e5974e1-e419-4e9d-96f3-332c91617c78,anti-010,anti,T-018-01,F-018,normal,other,1,1
7e5974e1-e419-4e9d-96f3-332c91617c78,anti-010,anti,T-018-02,F-018,negative,other,1,1
7e5974e1-e419-4e9d-96f3-332c91617c78,anti-010,anti,T-018-03,F-018,negative,other,1,1
7e5974e1-e419-4e9d-96f3-332c91617c78,anti-010,anti,T-019-01,F-019,normal,other,1,0
7e5974e1-e419-4e9d-96f3-332c91617c78,anti-010,anti,T-019-02,F-019,negative,other,1,1
7e5974e1-e419-4e9d-96f3-332c91617c78,anti-010,anti,T-019-03,F-019,negative,other,1,1
7e5974e1-e419-4e9d-96f3-332c91617c78,anti-010,anti,T-020-01,F-020,normal,other,1,1
7e5974e1-e419-4e9d-96f3-332c91617c78,anti-010,anti,T-020-02,F-020,normal,other,1,1
7e5974e1-e419-4e9d-96f3-332c91617c78,anti-010,anti,T-020-03,F-020,negative,other,1,1
7e5974e1-e419-4e9d-96f3-332c91617c78,anti-010,anti,T-020-04,F-020,negative,other,1,0
ba9b31f3-7a29-4fad-ac2d-bba3bac61a0f,normal-010,normal,T-001-01,F-001,normal,other,1,1
ba9b31f3-7a29-4fad-ac2d-bba3bac61a0f,normal-010,normal,T-001-02,F-001,negative,other,1,1
ba9b31f3-7a29-4fad-ac2d-bba3bac61a0f,normal-010,normal,T-001-03,F-001,negative,other,1,1
ba9b31f3-7a29-4fad-ac2d-bba3bac61a0f,normal-010,normal,T-001-04,F-001,negative,other,1,1
ba9b31f3-7a29-4fad-ac2d-bba3bac61a0f,normal-010,normal,T-002-01,F-002,normal,other,1,1
ba9b31f3-7a29-4fad-ac2d-bba3bac61a0f,normal-010,normal,T-002-02,F-002,normal,other,1,1
ba9b31f3-7a29-4fad-ac2d-bba3bac61a0f,normal-010,normal,T-002-03,F-002,negative,other,1,1
ba9b31f3-7a29-4fad-ac2d-bba3bac61a0f,normal-010,normal,T-002-04,F-002,negative,other,1,1
ba9b31f3-7a29-4fad-ac2d-bba3bac61a0f,normal-010,normal,T-003-01,F-003,normal,other,1,1
ba9b31f3-7a29-4fad-ac2d-bba3bac61a0f,normal-010,normal,T-003-02,F-003,negative,other,1,0
ba9b31f3-7a29-4fad-ac2d-bba3bac61a0f,normal-010,normal,T-004-01,F-004,normal,other,1,0
ba9b31f3-7a29-4fad-ac2d-bba3bac61a0f,normal-010,normal,T-004-02,F-004,negative,other,1,1
ba9b31f3-7a29-4fad-ac2d-bba3bac61a0f,normal-010,normal,T-004-03,F-004,negative,other,1,0
ba9b31f3-7a29-4fad-ac2d-bba3bac61a0f,normal-010,normal,T-005-01,F-005,normal,other,1,1
ba9b31f3-7a29-4fad-ac2d-bba3bac61a0f,normal-010,normal,T-005-02,F-005,normal,other,1,1
ba9b31f3-7a29-4fad-ac2d-bba3bac61a0f,normal-010,normal,T-006-01,F-006,normal,direct_threshold,1,1
ba9b31f3-7a29-4fad-ac2d-bba3bac61a0f,normal-010,normal,T-006-02,F-006,normal,other,1,0
ba9b31f3-7a29-4fad-ac2d-bba3bac61a0f,normal-010,normal,T-006-03,F-006,boundary,direct_threshold,1,1
ba9b31f3-7a29-4fad-ac2d-bba3bac61a0f,normal-010,normal,T-006-04,F-006,boundary,other,1,1
ba9b31f3-7a29-4fad-ac2d-bba3bac61a0f,normal-010,normal,T-006-05,F-006,boundary,direct_threshold,2,1
ba9b31f3-7a29-4fad-ac2d-bba3bac61a0f,normal-010,normal,T-006-06,F-006,negative,other,1,1
ba9b31f3-7a29-4fad-ac2d-bba3bac61a0f,normal-010,normal,T-007-01,F-007,normal,other,1,0
ba9b31f3-7a29-4fad-ac2d-bba3bac61a0f,normal-010,normal,T-007-02,F-007,normal,other,1,0
ba9b31f3-7a29-4fad-ac2d-bba3bac61a0f,normal-010,normal,T-007-03,F-007,normal,other,1,0
ba9b31f3-7a29-4fad-ac2d-bba3bac61a0f,normal-010,normal,T-008-01,F-008,normal,other,1,0
ba9b31f3-7a29-4fad-ac2d-bba3bac61a0f,normal-010,normal,T-008-02,F-008,normal,other,1,0
ba9b31f3-7a29-4fad-ac2d-bba3bac61a0f,normal-010,normal,T-008-03,F-008,negative,other,1,1
ba9b31f3-7a29-4fad-ac2d-bba3bac61a0f,normal-010,normal,T-008-04,F-008,normal,other,1,1
ba9b31f3-7a29-4fad-ac2d-bba3bac61a0f,normal-010,normal,T-009-01,F-009,normal,other,1,1
ba9b31f3-7a29-4fad-ac2d-bba3bac61a0f,normal-010,normal,T-009-02,F-009,negative,other,1,1
ba9b31f3-7a29-4fad-ac2d-bba3bac61a0f,normal-010,normal,T-010-01,F-010,normal,downstream_threshold,1,1
ba9b31f3-7a29-4fad-ac2d-bba3bac61a0f,normal-010,normal,T-010-02,F-010,normal,other,1,1
ba9b31f3-7a29-4fad-ac2d-bba3bac61a0f,normal-010,normal,T-010-03,F-010,negative,other,1,1
ba9b31f3-7a29-4fad-ac2d-bba3bac61a0f,normal-010,normal,T-011-01,F-011,normal,downstream_threshold,1,1
ba9b31f3-7a29-4fad-ac2d-bba3bac61a0f,normal-010,normal,T-011-02,F-011,negative,downstream_threshold,1,1
ba9b31f3-7a29-4fad-ac2d-bba3bac61a0f,normal-010,normal,T-012-01,F-012,normal,downstream_threshold,1,0
ba9b31f3-7a29-4fad-ac2d-bba3bac61a0f,normal-010,normal,T-012-02,F-012,negative,downstream_threshold,1,1
ba9b31f3-7a29-4fad-ac2d-bba3bac61a0f,normal-010,normal,T-013-01,F-013,normal,downstream_threshold,1,0
ba9b31f3-7a29-4fad-ac2d-bba3bac61a0f,normal-010,normal,T-013-02,F-013,negative,downstream_threshold,1,1
ba9b31f3-7a29-4fad-ac2d-bba3bac61a0f,normal-010,normal,T-014-01,F-014,normal,downstream_threshold,1,0
ba9b31f3-7a29-4fad-ac2d-bba3bac61a0f,normal-010,normal,T-014-02,F-014,normal,downstream_threshold,1,1
ba9b31f3-7a29-4fad-ac2d-bba3bac61a0f,normal-010,normal,T-015-01,F-015,normal,downstream_threshold,1,0
ba9b31f3-7a29-4fad-ac2d-bba3bac61a0f,normal-010,normal,T-016-01,F-016,normal,other,1,0
ba9b31f3-7a29-4fad-ac2d-bba3bac61a0f,normal-010,normal,T-016-02,F-016,normal,other,1,0
ba9b31f3-7a29-4fad-ac2d-bba3bac61a0f,normal-010,normal,T-016-03,F-016,negative,other,1,1
ba9b31f3-7a29-4fad-ac2d-bba3bac61a0f,normal-010,normal,T-017-01,F-017,normal,other,1,0
ba9b31f3-7a29-4fad-ac2d-bba3bac61a0f,normal-010,normal,T-017-02,F-017,normal,other,1,0
ba9b31f3-7a29-4fad-ac2d-bba3bac61a0f,normal-010,normal,T-018-01,F-018,normal,other,1,1
ba9b31f3-7a29-4fad-ac2d-bba3bac61a0f,normal-010,normal,T-018-02,F-018,negative,other,1,1
ba9b31f3-7a29-4fad-ac2d-bba3bac61a0f,normal-010,normal,T-018-03,F-018,negative,other,1,1
ba9b31f3-7a29-4fad-ac2d-bba3bac61a0f,normal-010,normal,T-019-01,F-019,normal,other,1,0
ba9b31f3-7a29-4fad-ac2d-bba3bac61a0f,normal-010,normal,T-019-02,F-019,negative,other,1,1
ba9b31f3-7a29-4fad-ac2d-bba3bac61a0f,normal-010,normal,T-019-03,F-019,negative,other,1,1
ba9b31f3-7a29-4fad-ac2d-bba3bac61a0f,normal-010,normal,T-020-01,F-020,normal,other,1,1
ba9b31f3-7a29-4fad-ac2d-bba3bac61a0f,normal-010,normal,T-020-02,F-020,normal,other,1,1
ba9b31f3-7a29-4fad-ac2d-bba3bac61a0f,normal-010,normal,T-020-03,F-020,negative,other,1,1
ba9b31f3-7a29-4fad-ac2d-bba3bac61a0f,normal-010,normal,T-020-04,F-020,negative,other,1,1
