run_id,evaluation_uuid,test_id,case_id,status,score_available
00f64f52-6070-4f28-9070-cc52bdf4de13,4922d5a7-60a4-457b-87d1-0e5de58f3361,T-001-01,main,pass,True
00f64f52-6070-4f28-9070-cc52bdf4de13,4922d5a7-60a4-457b-87d1-0e5de58f3361,T-001-02,main,pass,True
00f64f52-6070-4f28-9070-cc52bdf4de13,4922d5a7-60a4-457b-87d1-0e5de58f3361,T-001-03,main,pass,True
00f64f52-6070-4f28-9070-cc52bdf4de13,4922d5a7-60a4-457b-87d1-0e5de58f3361,T-001-04,main,pass,True
00f64f52-6070-4f28-9070-cc52bdf4de13,4922d5a7-60a4-457b-87d1-0e5de58f3361,T-002-01,main,pass,True
00f64f52-6070-4f28-9070-cc52bdf4de13,4922d5a7-60a4-457b-87d1-0e5de58f3361,T-002-02,main,fail,True
00f64f52-6070-4f28-9070-cc52bdf4de13,4922d5a7-60a4-457b-87d1-0e5de58f3361,T-002-03,main,pass,True
00f64f52-6070-4f28-9070-cc52bdf4de13,4922d5a7-60a4-457b-87d1-0e5de58f3361,T-002-04,main,pass,True
00f64f52-6070-4f28-9070-cc52bdf4de13,4922d5a7-60a4-457b-87d1-0e5de58f3361,T-003-01,main,pass,True
00f64f52-6070-4f28-9070-cc52bdf4de13,4922d5a7-60a4-457b-87d1-0e5de58f3361,T-003-02,main,fail,True
00f64f52-6070-4f28-9070-cc52bdf4de13,4922d5a7-60a4-457b-87d1-0e5de58f3361,T-004-01,main,pass,True
00f64f52-6070-4f28-9070-cc52bdf4de13,4922d5a7-60a4-457b-87d1-0e5de58f3361,T-004-02,main,fail,True
00f64f52-6070-4f28-9070-cc52bdf4de13,4922d5a7-60a4-457b-87d1-0e5de58f3361,T-004-03,main,fail,True
00f64f52-6070-4f28-9070-cc52bdf4de13,4922d5a7-60a4-457b-87d1-0e5de58f3361,T-005-01,main,fail,True
00f64f52-6070-4f28-9070-cc52bdf4de13,4922d5a7-60a4-457b-87d1-0e5de58f3361,T-005-02,main,fail,True
00f64f52-6070-4f28-9070-cc52bdf4de13,4922d5a7-60a4-457b-87d1-0e5de58f3361,T-006-01,main,pass,True
00f64f52-6070-4f28-9070-cc52bdf4de13,4922d5a7-60a4-457b-87d1-0e5de58f3361,T-006-02,main,pass,True
00f64f52-6070-4f28-9070-cc52bdf4de13,4922d5a7-60a4-457b-87d1-0e5de58f3361,T-006-03,main,pass,True
00f64f52-6070-4f28-9070-cc52bdf4de13,4922d5a7-60a4-457b-87d1-0e5de58f3361,T-006-04,main,pass,True
00f64f52-6070-4f28-9070-cc52bdf4de13,4922d5a7-60a4-457b-87d1-0e5de58f3361,T-006-05,lower,pass,True
00f64f52-6070-4f28-9070-cc52bdf4de13,4922d5a7-60a4-457b-87d1-0e5de58f3361,T-006-05,upper,pass,True
00f64f52-6070-4f28-9070-cc52bdf4de13,4922d5a7-60a4-457b-87d1-0e5de58f3361,T-006-06,main,pass,True
00f64f52-6070-4f28-9070-cc52bdf4de13,4922d5a7-60a4-457b-87d1-0e5de58f3361,T-007-01,main,pass,True
00f64f52-6070-4f28-9070-cc52bdf4de13,4922d5a7-60a4-457b-87d1-0e5de58f3361,T-007-02,main,pass,True
00f64f52-6070-4f28-9070-cc52bdf4de13,4922d5a7-60a4-457b-87d1-0e5de58f3361,T-007-03,main,pass,True
00f64f52-6070-4f28-9070-cc52bdf4de13,4922d5a7-60a4-457b-87d1-0e5de58f3361,T-008-01,main,pass,True
00f64f52-6070-4f28-9070-cc52bdf4de13,4922d5a7-60a4-457b-87d1-0e5de58f3361,T-008-02,main,pass,True
00f64f52-6070-4f28-9070-cc52bdf4de13,4922d5a7-60a4-457b-87d1-0e5de58f3361,T-008-03,main,pass,True
00f64f52-6070-4f28-9070-cc52bdf4de13,4922d5a7-60a4-457b-87d1-0e5de58f3361,T-008-04,main,pass,True
00f64f52-6070-4f28-9070-cc52bdf4de13,4922d5a7-60a4-457b-87d1-0e5de58f3361,T-009-01,main,fail,True
00f64f52-6070-4f28-9070-cc52bdf4de13,4922d5a7-60a4-457b-87d1-0e5de58f3361,T-009-02,main,pass,True
00f64f52-6070-4f28-9070-cc52bdf4de13,4922d5a7-60a4-457b-87d1-0e5de58f3361,T-010-01,main,pass,True
00f64f52-6070-4f28-9070-cc52bdf4de13,4922d5a7-60a4-457b-87d1-0e5de58f3361,T-010-02,main,pass,True
00f64f52-6070-4f28-9070-cc52bdf4de13,4922d5a7-60a4-457b-87d1-0e5de58f3361,T-010-03,main,pass,True
00f64f52-6070-4f28-9070-cc52bdf4de13,4922d5a7-60a4-457b-87d1-0e5de58f3361,T-011-01,main,fail,True
00f64f52-6070-4f28-9070-cc52bdf4de13,4922d5a7-60a4-457b-87d1-0e5de58f3361,T-011-02,main,pass,True
00f64f52-6070-4f28-9070-cc52bdf4de13,4922d5a7-60a4-457b-87d1-0e5de58f3361,T-012-01,main,pass,True
00f64f52-6070-4f28-9070-cc52bdf4de13,4922d5a7-60a4-457b-87d1-0e5de58f3361,T-012-02,main,pass,True
00f64f52-6070-4f28-9070-cc52bdf4de13,4922d5a7-60a4-457b-87d1-0e5de58f3361,T-013-01,main,fail,True
00f64f52-6070-4f28-9070-cc52bdf4de13,4922d5a7-60a4-457b-87d1-0e5de58f3361,T-013-02,main,pass,True
00f64f52-6070-4f28-9070-cc52bdf4de13,4922d5a7-60a4-457b-87d1-0e5de58f3361,T-014-01,main,pass,True
00f64f52-6070-4f28-9070-cc52bdf4de13,4922d5a7-60a4-457b-87d1-0e5de58f3361,T-014-02,main,pass,True
00f64f52-6070-4f28-9070-cc52bdf4de13,4922d5a7-60a4-457b-87d1-0e5de58f3361,T-015-01,main,fail,True
00f64f52-6070-4f28-9070-cc52bdf4de13,4922d5a7-60a4-457b-87d1-0e5de58f3361,T-016-01,main,fail,True
00f64f52-6070-4f28-9070-cc52bdf4de13,4922d5a7-60a4-457b-87d1-0e5de58f3361,T-016-02,main,pass,True
00f64f52-6070-4f28-9070-cc52bdf4de13,4922d5a7-60a4-457b-87d1-0e5de58f3361,T-016-03,main,pass,True
00f64f52-6070-4f28-9070-cc52bdf4de13,4922d5a7-60a4-457b-87d1-0e5de58f3361,T-017-01,main,fail,True
00f64f52-6070-4f28-9070-cc52bdf4de13,4922d5a7-60a4-457b-87d1-0e5de58f3361,T-017-02,main,pass,True
00f64f52-6070-4f28-9070-cc52bdf4de13,4922d5a7-60a4-457b-87d1-0e5de58f3361,T-018-01,main,pass,True
00f64f52-6070-4f28-9070-cc52bdf4de13,4922d5a7-60a4-457b-87d1-0e5de58f3361,T-018-02,main,pass,True
00f64f52-6070-4f28-9070-cc52bdf4de13,4922d5a7-60a4-457b-87d1-0e5de58f3361,T-018-03,main,pass,True
00f64f52-6070-4f28-9070-cc52bdf4de13,4922d5a7-60a4-457b-87d1-0e5de58f3361,T-019-01,main,fail,True
00f64f52-6070-4f28-9070-cc52bdf4de13,4922d5a7-60a4-457b-87d1-0e5de58f3361,T-019-02,main,pass,True
00f64f52-6070-4f28-9070-cc52bdf4de13,4922d5a7-60a4-457b-87d1-0e5de58f3361,T-019-03,main,pass,True
00f64f52-6070-4f28-9070-cc52bdf4de13,4922d5a7-60a4-457b-87d1-0e5de58f3361,T-020-01,main,pass,True
00f64f52-6070-4f28-9070-cc52bdf4de13,4922d5a7-60a4-457b-87d1-0e5de58f3361,T-020-02,main,pass,True
00f64f52-6070-4f28-9070-cc52bdf4de13,4922d5a7-60a4-457b-87d1-0e5de58f3361,T-020-03,main,pass,True
00f64f52-6070-4f28-9070-cc52bdf4de13,4922d5a7-60a4-457b-87d1-0e5de58f3361,T-020-04,main,pass,True
09dbcec8-c9c3-49ec-921c-766894607e07,ed0e4c75-c806-491e-b474-710e2a602912,T-001-01,main,pass,True
09dbcec8-c9c3-49ec-921c-766894607e07,ed0e4c75-c806-491e-b474-710e2a602912,T-001-02,main,pass,True
09dbcec8-c9c3-49ec-921c-766894607e07,ed0e4c75-c806-491e-b474-710e2a602912,T-001-03,main,pass,True
09dbcec8-c9c3-49ec-921c-766894607e07,ed0e4c75-c806-491e-b474-710e2a602912,T-001-04,main,pass,True
09dbcec8-c9c3-49ec-921c-766894607e07,ed0e4c75-c806-491e-b474-710e2a602912,T-002-01,main,pass,True
09dbcec8-c9c3-49ec-921c-766894607e07,ed0e4c75-c806-491e-b474-710e2a602912,T-002-02,main,fail,True
09dbcec8-c9c3-49ec-921c-766894607e07,ed0e4c75-c806-491e-b474-710e2a602912,T-002-03,main,pass,True
09dbcec8-c9c3-49ec-921c-766894607e07,ed0e4c75-c806-491e-b474-710e2a602912,T-002-04,main,pass,True
09dbcec8-c9c3-49ec-921c-766894607e07,ed0e4c75-c806-491e-b474-710e2a602912,T-003-01,main,pass,True
09dbcec8-c9c3-49ec-921c-766894607e07,ed0e4c75-c806-491e-b474-710e2a602912,T-003-02,main,pass,True
09dbcec8-c9c3-49ec-921c-766894607e07,ed0e4c75-c806-491e-b474-710e2a602912,T-004-01,main,fail,True
09dbcec8-c9c3-49ec-921c-766894607e07,ed0e4c75-c806-491e-b474-710e2a602912,T-004-02,main,pass,True
09dbcec8-c9c3-49ec-921c-766894607e07,ed0e4c75-c806-491e-b474-710e2a602912,T-004-03,main,fail,True
09dbcec8-c9c3-49ec-921c-766894607e07,ed0e4c75-c806-491e-b474-710e2a602912,T-005-01,main,pass,True
09dbcec8-c9c3-49ec-921c-766894607e07,ed0e4c75-c806-491e-b474-710e2a602912,T-005-02,main,pass,True
09dbcec8-c9c3-49ec-921c-766894607e07,ed0e4c75-c806-491e-b474-710e2a602912,T-006-01,main,pass,True
09dbcec8-c9c3-49ec-921c-766894607e07,ed0e4c75-c806-491e-b474-710e2a602912,T-006-02,main,pass,True
09dbcec8-c9c3-49ec-921c-766894607e07,ed0e4c75-c806-491e-b474-710e2a602912,T-006-03,main,pass,True
09dbcec8-c9c3-49ec-921c-766894607e07,ed0e4c75-c806-491e-b474-710e2a602912,T-006-04,main,pass,True
09dbcec8-c9c3-49ec-921c-766894607e07,ed0e4c75-c806-491e-b474-710e2a602912,T-006-05,lower,pass,True
09dbcec8-c9c3-49ec-921c-766894607e07,ed0e4c75-c806-491e-b474-710e2a602912,T-006-05,upper,pass,True
09dbcec8-c9c3-49ec-921c-766894607e07,ed0e4c75-c806-491e-b474-710e2a602912,T-006-06,main,pass,True
09dbcec8-c9c3-49ec-921c-766894607e07,ed0e4c75-c806-491e-b474-710e2a602912,T-007-01,main,blocked,True
09dbcec8-c9c3-49ec-921c-766894607e07,ed0e4c75-c806-491e-b474-710e2a602912,T-007-02,main,blocked,True
09dbcec8-c9c3-49ec-921c-766894607e07,ed0e4c75-c806-491e-b474-710e2a602912,T-007-03,main,blocked,True
09dbcec8-c9c3-49ec-921c-766894607e07,ed0e4c75-c806-491e-b474-710e2a602912,T-008-01,main,blocked,True
09dbcec8-c9c3-49ec-921c-766894607e07,ed0e4c75-c806-491e-b474-710e2a602912,T-008-02,main,blocked,True
09dbcec8-c9c3-49ec-921c-766894607e07,ed0e4c75-c806-491e-b474-710e2a602912,T-008-03,main,pass,True
09dbcec8-c9c3-49ec-921c-766894607e07,ed0e4c75-c806-491e-b474-710e2a602912,T-008-04,main,pass,True
09dbcec8-c9c3-49ec-921c-766894607e07,ed0e4c75-c806-491e-b474-710e2a602912,T-009-01,main,pass,True
09dbcec8-c9c3-49ec-921c-766894607e07,ed0e4c75-c806-491e-b474-710e2a602912,T-009-02,main,pass,True
09dbcec8-c9c3-49ec-921c-766894607e07,ed0e4c75-c806-491e-b474-710e2a602912,T-010-01,main,fail,True
09dbcec8-c9c3-49ec-921c-766894607e07,ed0e4c75-c806-491e-b474-710e2a602912,T-010-02,main,pass,True
09dbcec8-c9c3-49ec-921c-766894607e07,ed0e4c75-c806-491e-b474-710e2a602912,T-010-03,main,pass,True
09dbcec8-c9c3-49ec-921c-766894607e07,ed0e4c75-c806-491e-b474-710e2a602912,T-011-01,main,fail,True
09dbcec8-c9c3-49ec-921c-766894607e07,ed0e4c75-c806-491e-b474-710e2a602912,T-011-02,main,pass,True
09dbcec8-c9c3-49ec-921c-766894607e07,ed0e4c75-c806-491e-b474-710e2a602912,T-012-01,main,fail,True
09dbcec8-c9c3-49ec-921c-766894607e07,ed0e4c75-c806-491e-b474-710e2a602912,T-012-02,main,pass,True
09dbcec8-c9c3-49ec-921c-766894607e07,ed0e4c75-c806-491e-b474-710e2a602912,T-013-01,main,fail,True
09dbcec8-c9c3-49ec-921c-766894607e07,ed0e4c75-c806-491e-b474-710e2a602912,T-013-02,main,pass,True
09dbcec8-c9c3-49ec-921c-766894607e07,ed0e4c75-c806-491e-b474-710e2a602912,T-014-01,main,pass,True
09dbcec8-c9c3-49ec-921c-766894607e07,ed0e4c75-c806-491e-b474-710e2a602912,T-014-02,main,pass,True
09dbcec8-c9c3-49ec-921c-766894607e07,ed0e4c75-c806-491e-b474-710e2a602912,T-015-01,main,fail,True
09dbcec8-c9c3-49ec-921c-766894607e07,ed0e4c75-c806-491e-b474-710e2a602912,T-016-01,main,blocked,True
09dbcec8-c9c3-49ec-921c-766894607e07,ed0e4c75-c806-491e-b474-710e2a602912,T-016-02,main,blocked,True
09dbcec8-c9c3-49ec-921c-766894607e07,ed0e4c75-c806-491e-b474-710e2a602912,T-016-03,main,pass,True
09dbcec8-c9c3-49ec-921c-766894607e07,ed0e4c75-c806-491e-b474-710e2a602912,T-017-01,main,fail,True
09dbcec8-c9c3-49ec-921c-766894607e07,ed0e4c75-c806-491e-b474-710e2a602912,T-017-02,main,blocked,True
09dbcec8-c9c3-49ec-921c-766894607e07,ed0e4c75-c806-491e-b474-710e2a602912,T-018-01,main,pass,True
09dbcec8-c9c3-49ec-921c-766894607e07,ed0e4c75-c806-491e-b474-710e2a602912,T-018-02,main,pass,True
09dbcec8-c9c3-49ec-921c-766894607e07,ed0e4c75-c806-491e-b474-710e2a602912,T-018-03,main,pass,True
09dbcec8-c9c3-49ec-921c-766894607e07,ed0e4c75-c806-491e-b474-710e2a602912,T-019-01,main,pass,True
09dbcec8-c9c3-49ec-921c-766894607e07,ed0e4c75-c806-491e-b474-710e2a602912,T-019-02,main,pass,True
09dbcec8-c9c3-49ec-921c-766894607e07,ed0e4c75-c806-491e-b474-710e2a602912,T-019-03,main,pass,True
09dbcec8-c9c3-49ec-921c-766894607e07,ed0e4c75-c806-491e-b474-710e2a602912,T-020-01,main,pass,True
09dbcec8-c9c3-49ec-921c-766894607e07,ed0e4c75-c806-491e-b474-710e2a602912,T-020-02,main,pass,True
09dbcec8-c9c3-49ec-921c-766894607e07,ed0e4c75-c806-491e-b474-710e2a602912,T-020-03,main,pass,True
09dbcec8-c9c3-49ec-921c-766894607e07,ed0e4c75-c806-491e-b474-710e2a602912,T-020-04,main,pass,True
11440dd4-c70f-466e-b37a-96376727430e,5a74c522-9727-460f-b330-b0b9674ddcab,T-001-01,main,fail,True
11440dd4-c70f-466e-b37a-96376727430e,5a74c522-9727-460f-b330-b0b9674ddcab,T-001-02,main,fail,True
11440dd4-c70f-466e-b37a-96376727430e,5a74c522-9727-460f-b330-b0b9674ddcab,T-001-03,main,fail,True
11440dd4-c70f-466e-b37a-96376727430e,5a74c522-9727-460f-b330-b0b9674ddcab,T-001-04,main,fail,True
11440dd4-c70f-466e-b37a-96376727430e,5a74c522-9727-460f-b330-b0b9674ddcab,T-002-01,main,blocked,True
11440dd4-c70f-466e-b37a-96376727430e,5a74c522-9727-460f-b330-b0b9674ddcab,T-002-02,main,pass,True
11440dd4-c70f-466e-b37a-96376727430e,5a74c522-9727-460f-b330-b0b9674ddcab,T-002-03,main,pass,True
11440dd4-c70f-466e-b37a-96376727430e,5a74c522-9727-460f-b330-b0b9674ddcab,T-002-04,main,pass,True
11440dd4-c70f-466e-b37a-96376727430e,5a74c522-9727-460f-b330-b0b9674ddcab,T-003-01,main,pass,True
11440dd4-c70f-466e-b37a-96376727430e,5a74c522-9727-460f-b330-b0b9674ddcab,T-003-02,main,pass,True
11440dd4-c70f-466e-b37a-96376727430e,5a74c522-9727-460f-b330-b0b9674ddcab,T-004-01,main,pass,True
11440dd4-c70f-466e-b37a-96376727430e,5a74c522-9727-460f-b330-b0b9674ddcab,T-004-02,main,pass,True
11440dd4-c70f-466e-b37a-96376727430e,5a74c522-9727-460f-b330-b0b9674ddcab,T-004-03,main,fail,True
11440dd4-c70f-466e-b37a-96376727430e,5a74c522-9727-460f-b330-b0b9674ddcab,T-005-01,main,fail,True
11440dd4-c70f-466e-b37a-96376727430e,5a74c522-9727-460f-b330-b0b9674ddcab,T-005-02,main,pass,True
11440dd4-c70f-466e-b37a-96376727430e,5a74c522-9727-460f-b330-b0b9674ddcab,T-006-01,main,fail,True
11440dd4-c70f-466e-b37a-96376727430e,5a74c522-9727-460f-b330-b0b9674ddcab,T-006-02,main,pass,True
11440dd4-c70f-466e-b37a-96376727430e,5a74c522-9727-460f-b330-b0b9674ddcab,T-006-03,main,fail,True
11440dd4-c70f-466e-b37a-96376727430e,5a74c522-9727-460f-b330-b0b9674ddcab,T-006-04,main,pass,True
11440dd4-c70f-466e-b37a-96376727430e,5a74c522-9727-460f-b330-b0b9674ddcab,T-006-05,lower,fail,True
11440dd4-c70f-466e-b37a-96376727430e,5a74c522-9727-460f-b330-b0b9674ddcab,T-006-05,upper,pass,True
11440dd4-c70f-466e-b37a-96376727430e,5a74c522-9727-460f-b330-b0b9674ddcab,T-006-06,main,pass,True
11440dd4-c70f-466e-b37a-96376727430e,5a74c522-9727-460f-b330-b0b9674ddcab,T-007-01,main,pass,True
11440dd4-c70f-466e-b37a-96376727430e,5a74c522-9727-460f-b330-b0b9674ddcab,T-007-02,main,pass,True
11440dd4-c70f-466e-b37a-96376727430e,5a74c522-9727-460f-b330-b0b9674ddcab,T-007-03,main,pass,True
11440dd4-c70f-466e-b37a-96376727430e,5a74c522-9727-460f-b330-b0b9674ddcab,T-008-01,main,pass,True
11440dd4-c70f-466e-b37a-96376727430e,5a74c522-9727-460f-b330-b0b9674ddcab,T-008-02,main,pass,True
11440dd4-c70f-466e-b37a-96376727430e,5a74c522-9727-460f-b330-b0b9674ddcab,T-008-03,main,pass,True
11440dd4-c70f-466e-b37a-96376727430e,5a74c522-9727-460f-b330-b0b9674ddcab,T-008-04,main,pass,True
11440dd4-c70f-466e-b37a-96376727430e,5a74c522-9727-460f-b330-b0b9674ddcab,T-009-01,main,pass,True
11440dd4-c70f-466e-b37a-96376727430e,5a74c522-9727-460f-b330-b0b9674ddcab,T-009-02,main,blocked,True
11440dd4-c70f-466e-b37a-96376727430e,5a74c522-9727-460f-b330-b0b9674ddcab,T-010-01,main,fail,True
11440dd4-c70f-466e-b37a-96376727430e,5a74c522-9727-460f-b330-b0b9674ddcab,T-010-02,main,pass,True
11440dd4-c70f-466e-b37a-96376727430e,5a74c522-9727-460f-b330-b0b9674ddcab,T-010-03,main,pass,True
11440dd4-c70f-466e-b37a-96376727430e,5a74c522-9727-460f-b330-b0b9674ddcab,T-011-01,main,fail,True
11440dd4-c70f-466e-b37a-96376727430e,5a74c522-9727-460f-b330-b0b9674ddcab,T-011-02,main,fail,True
11440dd4-c70f-466e-b37a-96376727430e,5a74c522-9727-460f-b330-b0b9674ddcab,T-012-01,main,fail,True
11440dd4-c70f-466e-b37a-96376727430e,5a74c522-9727-460f-b330-b0b9674ddcab,T-012-02,main,fail,True
11440dd4-c70f-466e-b37a-96376727430e,5a74c522-9727-460f-b330-b0b9674ddcab,T-013-01,main,fail,True
11440dd4-c70f-466e-b37a-96376727430e,5a74c522-9727-460f-b330-b0b9674ddcab,T-013-02,main,fail,True
11440dd4-c70f-466e-b37a-96376727430e,5a74c522-9727-460f-b330-b0b9674ddcab,T-014-01,main,fail,True
11440dd4-c70f-466e-b37a-96376727430e,5a74c522-9727-460f-b330-b0b9674ddcab,T-014-02,main,fail,True
11440dd4-c70f-466e-b37a-96376727430e,5a74c522-9727-460f-b330-b0b9674ddcab,T-015-01,main,fail,True
11440dd4-c70f-466e-b37a-96376727430e,5a74c522-9727-460f-b330-b0b9674ddcab,T-016-01,main,fail,True
11440dd4-c70f-466e-b37a-96376727430e,5a74c522-9727-460f-b330-b0b9674ddcab,T-016-02,main,pass,True
11440dd4-c70f-466e-b37a-96376727430e,5a74c522-9727-460f-b330-b0b9674ddcab,T-016-03,main,pass,True
11440dd4-c70f-466e-b37a-96376727430e,5a74c522-9727-460f-b330-b0b9674ddcab,T-017-01,main,pass,True
11440dd4-c70f-466e-b37a-96376727430e,5a74c522-9727-460f-b330-b0b9674ddcab,T-017-02,main,pass,True
11440dd4-c70f-466e-b37a-96376727430e,5a74c522-9727-460f-b330-b0b9674ddcab,T-018-01,main,blocked,True
11440dd4-c70f-466e-b37a-96376727430e,5a74c522-9727-460f-b330-b0b9674ddcab,T-018-02,main,pass,True
11440dd4-c70f-466e-b37a-96376727430e,5a74c522-9727-460f-b330-b0b9674ddcab,T-018-03,main,pass,True
11440dd4-c70f-466e-b37a-96376727430e,5a74c522-9727-460f-b330-b0b9674ddcab,T-019-01,main,fail,True
11440dd4-c70f-466e-b37a-96376727430e,5a74c522-9727-460f-b330-b0b9674ddcab,T-019-02,main,pass,True
11440dd4-c70f-466e-b37a-96376727430e,5a74c522-9727-460f-b330-b0b9674ddcab,T-019-03,main,pass,True
11440dd4-c70f-466e-b37a-96376727430e,5a74c522-9727-460f-b330-b0b9674ddcab,T-020-01,main,pass,True
11440dd4-c70f-466e-b37a-96376727430e,5a74c522-9727-460f-b330-b0b9674ddcab,T-020-02,main,pass,True
11440dd4-c70f-466e-b37a-96376727430e,5a74c522-9727-460f-b330-b0b9674ddcab,T-020-03,main,pass,True
11440dd4-c70f-466e-b37a-96376727430e,5a74c522-9727-460f-b330-b0b9674ddcab,T-020-04,main,pass,True
133cba3d-7333-4f8a-be4f-f44b8e93e154,c763cade-9714-46fb-9e14-48728ba072c7,T-001-01,main,pass,True
133cba3d-7333-4f8a-be4f-f44b8e93e154,c763cade-9714-46fb-9e14-48728ba072c7,T-001-02,main,pass,True
133cba3d-7333-4f8a-be4f-f44b8e93e154,c763cade-9714-46fb-9e14-48728ba072c7,T-001-03,main,pass,True
133cba3d-7333-4f8a-be4f-f44b8e93e154,c763cade-9714-46fb-9e14-48728ba072c7,T-001-04,main,pass,True
133cba3d-7333-4f8a-be4f-f44b8e93e154,c763cade-9714-46fb-9e14-48728ba072c7,T-002-01,main,fail,True
133cba3d-7333-4f8a-be4f-f44b8e93e154,c763cade-9714-46fb-9e14-48728ba072c7,T-002-02,main,fail,True
133cba3d-7333-4f8a-be4f-f44b8e93e154,c763cade-9714-46fb-9e14-48728ba072c7,T-002-03,main,pass,True
133cba3d-7333-4f8a-be4f-f44b8e93e154,c763cade-9714-46fb-9e14-48728ba072c7,T-002-04,main,pass,True
133cba3d-7333-4f8a-be4f-f44b8e93e154,c763cade-9714-46fb-9e14-48728ba072c7,T-003-01,main,pass,True
133cba3d-7333-4f8a-be4f-f44b8e93e154,c763cade-9714-46fb-9e14-48728ba072c7,T-003-02,main,pass,True
133cba3d-7333-4f8a-be4f-f44b8e93e154,c763cade-9714-46fb-9e14-48728ba072c7,T-004-01,main,pass,True
133cba3d-7333-4f8a-be4f-f44b8e93e154,c763cade-9714-46fb-9e14-48728ba072c7,T-004-02,main,fail,True
133cba3d-7333-4f8a-be4f-f44b8e93e154,c763cade-9714-46fb-9e14-48728ba072c7,T-004-03,main,fail,True
133cba3d-7333-4f8a-be4f-f44b8e93e154,c763cade-9714-46fb-9e14-48728ba072c7,T-005-01,main,fail,True
133cba3d-7333-4f8a-be4f-f44b8e93e154,c763cade-9714-46fb-9e14-48728ba072c7,T-005-02,main,fail,True
133cba3d-7333-4f8a-be4f-f44b8e93e154,c763cade-9714-46fb-9e14-48728ba072c7,T-006-01,main,fail,True
133cba3d-7333-4f8a-be4f-f44b8e93e154,c763cade-9714-46fb-9e14-48728ba072c7,T-006-02,main,pass,True
133cba3d-7333-4f8a-be4f-f44b8e93e154,c763cade-9714-46fb-9e14-48728ba072c7,T-006-03,main,fail,True
133cba3d-7333-4f8a-be4f-f44b8e93e154,c763cade-9714-46fb-9e14-48728ba072c7,T-006-04,main,pass,True
133cba3d-7333-4f8a-be4f-f44b8e93e154,c763cade-9714-46fb-9e14-48728ba072c7,T-006-05,lower,fail,True
133cba3d-7333-4f8a-be4f-f44b8e93e154,c763cade-9714-46fb-9e14-48728ba072c7,T-006-05,upper,pass,True
133cba3d-7333-4f8a-be4f-f44b8e93e154,c763cade-9714-46fb-9e14-48728ba072c7,T-006-06,main,pass,True
133cba3d-7333-4f8a-be4f-f44b8e93e154,c763cade-9714-46fb-9e14-48728ba072c7,T-007-01,main,blocked,True
133cba3d-7333-4f8a-be4f-f44b8e93e154,c763cade-9714-46fb-9e14-48728ba072c7,T-007-02,main,blocked,True
133cba3d-7333-4f8a-be4f-f44b8e93e154,c763cade-9714-46fb-9e14-48728ba072c7,T-007-03,main,blocked,True
133cba3d-7333-4f8a-be4f-f44b8e93e154,c763cade-9714-46fb-9e14-48728ba072c7,T-008-01,main,blocked,True
133cba3d-7333-4f8a-be4f-f44b8e93e154,c763cade-9714-46fb-9e14-48728ba072c7,T-008-02,main,blocked,True
133cba3d-7333-4f8a-be4f-f44b8e93e154,c763cade-9714-46fb-9e14-48728ba072c7,T-008-03,main,pass,True
133cba3d-7333-4f8a-be4f-f44b8e93e154,c763cade-9714-46fb-9e14-48728ba072c7,T-008-04,main,pass,True
133cba3d-7333-4f8a-be4f-f44b8e93e154,c763cade-9714-46fb-9e14-48728ba072c7,T-009-01,main,pass,True
133cba3d-7333-4f8a-be4f-f44b8e93e154,c763cade-9714-46fb-9e14-48728ba072c7,T-009-02,main,pass,True
133cba3d-7333-4f8a-be4f-f44b8e93e154,c763cade-9714-46fb-9e14-48728ba072c7,T-010-01,main,fail,True
133cba3d-7333-4f8a-be4f-f44b8e93e154,c763cade-9714-46fb-9e14-48728ba072c7,T-010-02,main,pass,True
133cba3d-7333-4f8a-be4f-f44b8e93e154,c763cade-9714-46fb-9e14-48728ba072c7,T-010-03,main,pass,True
133cba3d-7333-4f8a-be4f-f44b8e93e154,c763cade-9714-46fb-9e14-48728ba072c7,T-011-01,main,fail,True
133cba3d-7333-4f8a-be4f-f44b8e93e154,c763cade-9714-46fb-9e14-48728ba072c7,T-011-02,main,fail,True
133cba3d-7333-4f8a-be4f-f44b8e93e154,c763cade-9714-46fb-9e14-48728ba072c7,T-012-01,main,fail,True
133cba3d-7333-4f8a-be4f-f44b8e93e154,c763cade-9714-46fb-9e14-48728ba072c7,T-012-02,main,fail,True
133cba3d-7333-4f8a-be4f-f44b8e93e154,c763cade-9714-46fb-9e14-48728ba072c7,T-013-01,main,fail,True
133cba3d-7333-4f8a-be4f-f44b8e93e154,c763cade-9714-46fb-9e14-48728ba072c7,T-013-02,main,fail,True
133cba3d-7333-4f8a-be4f-f44b8e93e154,c763cade-9714-46fb-9e14-48728ba072c7,T-014-01,main,fail,True
133cba3d-7333-4f8a-be4f-f44b8e93e154,c763cade-9714-46fb-9e14-48728ba072c7,T-014-02,main,fail,True
133cba3d-7333-4f8a-be4f-f44b8e93e154,c763cade-9714-46fb-9e14-48728ba072c7,T-015-01,main,fail,True
133cba3d-7333-4f8a-be4f-f44b8e93e154,c763cade-9714-46fb-9e14-48728ba072c7,T-016-01,main,blocked,True
133cba3d-7333-4f8a-be4f-f44b8e93e154,c763cade-9714-46fb-9e14-48728ba072c7,T-016-02,main,blocked,True
133cba3d-7333-4f8a-be4f-f44b8e93e154,c763cade-9714-46fb-9e14-48728ba072c7,T-016-03,main,pass,True
133cba3d-7333-4f8a-be4f-f44b8e93e154,c763cade-9714-46fb-9e14-48728ba072c7,T-017-01,main,blocked,True
133cba3d-7333-4f8a-be4f-f44b8e93e154,c763cade-9714-46fb-9e14-48728ba072c7,T-017-02,main,blocked,True
133cba3d-7333-4f8a-be4f-f44b8e93e154,c763cade-9714-46fb-9e14-48728ba072c7,T-018-01,main,pass,True
133cba3d-7333-4f8a-be4f-f44b8e93e154,c763cade-9714-46fb-9e14-48728ba072c7,T-018-02,main,pass,True
133cba3d-7333-4f8a-be4f-f44b8e93e154,c763cade-9714-46fb-9e14-48728ba072c7,T-018-03,main,pass,True
133cba3d-7333-4f8a-be4f-f44b8e93e154,c763cade-9714-46fb-9e14-48728ba072c7,T-019-01,main,pass,True
133cba3d-7333-4f8a-be4f-f44b8e93e154,c763cade-9714-46fb-9e14-48728ba072c7,T-019-02,main,pass,True
133cba3d-7333-4f8a-be4f-f44b8e93e154,c763cade-9714-46fb-9e14-48728ba072c7,T-019-03,main,pass,True
133cba3d-7333-4f8a-be4f-f44b8e93e154,c763cade-9714-46fb-9e14-48728ba072c7,T-020-01,main,pass,True
133cba3d-7333-4f8a-be4f-f44b8e93e154,c763cade-9714-46fb-9e14-48728ba072c7,T-020-02,main,pass,True
133cba3d-7333-4f8a-be4f-f44b8e93e154,c763cade-9714-46fb-9e14-48728ba072c7,T-020-03,main,pass,True
133cba3d-7333-4f8a-be4f-f44b8e93e154,c763cade-9714-46fb-9e14-48728ba072c7,T-020-04,main,pass,True
15c9af27-f25b-43b4-a75c-409991b14a37,b9468858-c8d8-442d-ae0a-594003d287ca,T-001-01,main,pass,True
15c9af27-f25b-43b4-a75c-409991b14a37,b9468858-c8d8-442d-ae0a-594003d287ca,T-001-02,main,pass,True
15c9af27-f25b-43b4-a75c-409991b14a37,b9468858-c8d8-442d-ae0a-594003d287ca,T-001-03,main,pass,True
15c9af27-f25b-43b4-a75c-409991b14a37,b9468858-c8d8-442d-ae0a-594003d287ca,T-001-04,main,pass,True
15c9af27-f25b-43b4-a75c-409991b14a37,b9468858-c8d8-442d-ae0a-594003d287ca,T-002-01,main,pass,True
15c9af27-f25b-43b4-a75c-409991b14a37,b9468858-c8d8-442d-ae0a-594003d287ca,T-002-02,main,fail,True
15c9af27-f25b-43b4-a75c-409991b14a37,b9468858-c8d8-442d-ae0a-594003d287ca,T-002-03,main,pass,True
15c9af27-f25b-43b4-a75c-409991b14a37,b9468858-c8d8-442d-ae0a-594003d287ca,T-002-04,main,pass,True
15c9af27-f25b-43b4-a75c-409991b14a37,b9468858-c8d8-442d-ae0a-594003d287ca,T-003-01,main,pass,True
15c9af27-f25b-43b4-a75c-409991b14a37,b9468858-c8d8-442d-ae0a-594003d287ca,T-003-02,main,fail,True
15c9af27-f25b-43b4-a75c-409991b14a37,b9468858-c8d8-442d-ae0a-594003d287ca,T-004-01,main,fail,True
15c9af27-f25b-43b4-a75c-409991b14a37,b9468858-c8d8-442d-ae0a-594003d287ca,T-004-02,main,pass,True
15c9af27-f25b-43b4-a75c-409991b14a37,b9468858-c8d8-442d-ae0a-594003d287ca,T-004-03,main,fail,True
15c9af27-f25b-43b4-a75c-409991b14a37,b9468858-c8d8-442d-ae0a-594003d287ca,T-005-01,main,fail,True
15c9af27-f25b-43b4-a75c-409991b14a37,b9468858-c8d8-442d-ae0a-594003d287ca,T-005-02,main,fail,True
15c9af27-f25b-43b4-a75c-409991b14a37,b9468858-c8d8-442d-ae0a-594003d287ca,T-006-01,main,fail,True
15c9af27-f25b-43b4-a75c-409991b14a37,b9468858-c8d8-442d-ae0a-594003d287ca,T-006-02,main,pass,True
15c9af27-f25b-43b4-a75c-409991b14a37,b9468858-c8d8-442d-ae0a-594003d287ca,T-006-03,main,fail,True
15c9af27-f25b-43b4-a75c-409991b14a37,b9468858-c8d8-442d-ae0a-594003d287ca,T-006-04,main,pass,True
15c9af27-f25b-43b4-a75c-409991b14a37,b9468858-c8d8-442d-ae0a-594003d287ca,T-006-05,lower,fail,True
15c9af27-f25b-43b4-a75c-409991b14a37,b9468858-c8d8-442d-ae0a-594003d287ca,T-006-05,upper,pass,True
15c9af27-f25b-43b4-a75c-409991b14a37,b9468858-c8d8-442d-ae0a-594003d287ca,T-006-06,main,pass,True
15c9af27-f25b-43b4-a75c-409991b14a37,b9468858-c8d8-442d-ae0a-594003d287ca,T-007-01,main,blocked,True
15c9af27-f25b-43b4-a75c-409991b14a37,b9468858-c8d8-442d-ae0a-594003d287ca,T-007-02,main,blocked,True
15c9af27-f25b-43b4-a75c-409991b14a37,b9468858-c8d8-442d-ae0a-594003d287ca,T-007-03,main,blocked,True
15c9af27-f25b-43b4-a75c-409991b14a37,b9468858-c8d8-442d-ae0a-594003d287ca,T-008-01,main,blocked,True
15c9af27-f25b-43b4-a75c-409991b14a37,b9468858-c8d8-442d-ae0a-594003d287ca,T-008-02,main,blocked,True
15c9af27-f25b-43b4-a75c-409991b14a37,b9468858-c8d8-442d-ae0a-594003d287ca,T-008-03,main,pass,True
15c9af27-f25b-43b4-a75c-409991b14a37,b9468858-c8d8-442d-ae0a-594003d287ca,T-008-04,main,pass,True
15c9af27-f25b-43b4-a75c-409991b14a37,b9468858-c8d8-442d-ae0a-594003d287ca,T-009-01,main,fail,True
15c9af27-f25b-43b4-a75c-409991b14a37,b9468858-c8d8-442d-ae0a-594003d287ca,T-009-02,main,pass,True
15c9af27-f25b-43b4-a75c-409991b14a37,b9468858-c8d8-442d-ae0a-594003d287ca,T-010-01,main,fail,True
15c9af27-f25b-43b4-a75c-409991b14a37,b9468858-c8d8-442d-ae0a-594003d287ca,T-010-02,main,pass,True
15c9af27-f25b-43b4-a75c-409991b14a37,b9468858-c8d8-442d-ae0a-594003d287ca,T-010-03,main,pass,True
15c9af27-f25b-43b4-a75c-409991b14a37,b9468858-c8d8-442d-ae0a-594003d287ca,T-011-01,main,fail,True
15c9af27-f25b-43b4-a75c-409991b14a37,b9468858-c8d8-442d-ae0a-594003d287ca,T-011-02,main,fail,True
15c9af27-f25b-43b4-a75c-409991b14a37,b9468858-c8d8-442d-ae0a-594003d287ca,T-012-01,main,fail,True
15c9af27-f25b-43b4-a75c-409991b14a37,b9468858-c8d8-442d-ae0a-594003d287ca,T-012-02,main,fail,True
15c9af27-f25b-43b4-a75c-409991b14a37,b9468858-c8d8-442d-ae0a-594003d287ca,T-013-01,main,fail,True
15c9af27-f25b-43b4-a75c-409991b14a37,b9468858-c8d8-442d-ae0a-594003d287ca,T-013-02,main,fail,True
15c9af27-f25b-43b4-a75c-409991b14a37,b9468858-c8d8-442d-ae0a-594003d287ca,T-014-01,main,fail,True
15c9af27-f25b-43b4-a75c-409991b14a37,b9468858-c8d8-442d-ae0a-594003d287ca,T-014-02,main,fail,True
15c9af27-f25b-43b4-a75c-409991b14a37,b9468858-c8d8-442d-ae0a-594003d287ca,T-015-01,main,fail,True
15c9af27-f25b-43b4-a75c-409991b14a37,b9468858-c8d8-442d-ae0a-594003d287ca,T-016-01,main,blocked,True
15c9af27-f25b-43b4-a75c-409991b14a37,b9468858-c8d8-442d-ae0a-594003d287ca,T-016-02,main,blocked,True
15c9af27-f25b-43b4-a75c-409991b14a37,b9468858-c8d8-442d-ae0a-594003d287ca,T-016-03,main,pass,True
15c9af27-f25b-43b4-a75c-409991b14a37,b9468858-c8d8-442d-ae0a-594003d287ca,T-017-01,main,fail,True
15c9af27-f25b-43b4-a75c-409991b14a37,b9468858-c8d8-442d-ae0a-594003d287ca,T-017-02,main,blocked,True
15c9af27-f25b-43b4-a75c-409991b14a37,b9468858-c8d8-442d-ae0a-594003d287ca,T-018-01,main,pass,True
15c9af27-f25b-43b4-a75c-409991b14a37,b9468858-c8d8-442d-ae0a-594003d287ca,T-018-02,main,pass,True
15c9af27-f25b-43b4-a75c-409991b14a37,b9468858-c8d8-442d-ae0a-594003d287ca,T-018-03,main,pass,True
15c9af27-f25b-43b4-a75c-409991b14a37,b9468858-c8d8-442d-ae0a-594003d287ca,T-019-01,main,fail,True
15c9af27-f25b-43b4-a75c-409991b14a37,b9468858-c8d8-442d-ae0a-594003d287ca,T-019-02,main,pass,True
15c9af27-f25b-43b4-a75c-409991b14a37,b9468858-c8d8-442d-ae0a-594003d287ca,T-019-03,main,pass,True
15c9af27-f25b-43b4-a75c-409991b14a37,b9468858-c8d8-442d-ae0a-594003d287ca,T-020-01,main,pass,True
15c9af27-f25b-43b4-a75c-409991b14a37,b9468858-c8d8-442d-ae0a-594003d287ca,T-020-02,main,fail,True
15c9af27-f25b-43b4-a75c-409991b14a37,b9468858-c8d8-442d-ae0a-594003d287ca,T-020-03,main,pass,True
15c9af27-f25b-43b4-a75c-409991b14a37,b9468858-c8d8-442d-ae0a-594003d287ca,T-020-04,main,pass,True
1e69ea5e-7f7f-40e3-b95b-94663edf4734,6c439cb9-6403-4b33-b8e9-a0ede7468821,T-001-01,main,pass,True
1e69ea5e-7f7f-40e3-b95b-94663edf4734,6c439cb9-6403-4b33-b8e9-a0ede7468821,T-001-02,main,pass,True
1e69ea5e-7f7f-40e3-b95b-94663edf4734,6c439cb9-6403-4b33-b8e9-a0ede7468821,T-001-03,main,pass,True
1e69ea5e-7f7f-40e3-b95b-94663edf4734,6c439cb9-6403-4b33-b8e9-a0ede7468821,T-001-04,main,pass,True
1e69ea5e-7f7f-40e3-b95b-94663edf4734,6c439cb9-6403-4b33-b8e9-a0ede7468821,T-002-01,main,pass,True
1e69ea5e-7f7f-40e3-b95b-94663edf4734,6c439cb9-6403-4b33-b8e9-a0ede7468821,T-002-02,main,fail,True
1e69ea5e-7f7f-40e3-b95b-94663edf4734,6c439cb9-6403-4b33-b8e9-a0ede7468821,T-002-03,main,pass,True
1e69ea5e-7f7f-40e3-b95b-94663edf4734,6c439cb9-6403-4b33-b8e9-a0ede7468821,T-002-04,main,pass,True
1e69ea5e-7f7f-40e3-b95b-94663edf4734,6c439cb9-6403-4b33-b8e9-a0ede7468821,T-003-01,main,pass,True
1e69ea5e-7f7f-40e3-b95b-94663edf4734,6c439cb9-6403-4b33-b8e9-a0ede7468821,T-003-02,main,pass,True
1e69ea5e-7f7f-40e3-b95b-94663edf4734,6c439cb9-6403-4b33-b8e9-a0ede7468821,T-004-01,main,pass,True
1e69ea5e-7f7f-40e3-b95b-94663edf4734,6c439cb9-6403-4b33-b8e9-a0ede7468821,T-004-02,main,pass,True
1e69ea5e-7f7f-40e3-b95b-94663edf4734,6c439cb9-6403-4b33-b8e9-a0ede7468821,T-004-03,main,fail,True
1e69ea5e-7f7f-40e3-b95b-94663edf4734,6c439cb9-6403-4b33-b8e9-a0ede7468821,T-005-01,main,fail,True
1e69ea5e-7f7f-40e3-b95b-94663edf4734,6c439cb9-6403-4b33-b8e9-a0ede7468821,T-005-02,main,fail,True
1e69ea5e-7f7f-40e3-b95b-94663edf4734,6c439cb9-6403-4b33-b8e9-a0ede7468821,T-006-01,main,pass,True
1e69ea5e-7f7f-40e3-b95b-94663edf4734,6c439cb9-6403-4b33-b8e9-a0ede7468821,T-006-02,main,pass,True
1e69ea5e-7f7f-40e3-b95b-94663edf4734,6c439cb9-6403-4b33-b8e9-a0ede7468821,T-006-03,main,pass,True
1e69ea5e-7f7f-40e3-b95b-94663edf4734,6c439cb9-6403-4b33-b8e9-a0ede7468821,T-006-04,main,pass,True
1e69ea5e-7f7f-40e3-b95b-94663edf4734,6c439cb9-6403-4b33-b8e9-a0ede7468821,T-006-05,lower,pass,True
1e69ea5e-7f7f-40e3-b95b-94663edf4734,6c439cb9-6403-4b33-b8e9-a0ede7468821,T-006-05,upper,pass,True
1e69ea5e-7f7f-40e3-b95b-94663edf4734,6c439cb9-6403-4b33-b8e9-a0ede7468821,T-006-06,main,pass,True
1e69ea5e-7f7f-40e3-b95b-94663edf4734,6c439cb9-6403-4b33-b8e9-a0ede7468821,T-007-01,main,pass,True
1e69ea5e-7f7f-40e3-b95b-94663edf4734,6c439cb9-6403-4b33-b8e9-a0ede7468821,T-007-02,main,pass,True
1e69ea5e-7f7f-40e3-b95b-94663edf4734,6c439cb9-6403-4b33-b8e9-a0ede7468821,T-007-03,main,pass,True
1e69ea5e-7f7f-40e3-b95b-94663edf4734,6c439cb9-6403-4b33-b8e9-a0ede7468821,T-008-01,main,pass,True
1e69ea5e-7f7f-40e3-b95b-94663edf4734,6c439cb9-6403-4b33-b8e9-a0ede7468821,T-008-02,main,pass,True
1e69ea5e-7f7f-40e3-b95b-94663edf4734,6c439cb9-6403-4b33-b8e9-a0ede7468821,T-008-03,main,fail,True
1e69ea5e-7f7f-40e3-b95b-94663edf4734,6c439cb9-6403-4b33-b8e9-a0ede7468821,T-008-04,main,pass,True
1e69ea5e-7f7f-40e3-b95b-94663edf4734,6c439cb9-6403-4b33-b8e9-a0ede7468821,T-009-01,main,fail,True
1e69ea5e-7f7f-40e3-b95b-94663edf4734,6c439cb9-6403-4b33-b8e9-a0ede7468821,T-009-02,main,pass,True
1e69ea5e-7f7f-40e3-b95b-94663edf4734,6c439cb9-6403-4b33-b8e9-a0ede7468821,T-010-01,main,fail,True
1e69ea5e-7f7f-40e3-b95b-94663edf4734,6c439cb9-6403-4b33-b8e9-a0ede7468821,T-010-02,main,pass,True
1e69ea5e-7f7f-40e3-b95b-94663edf4734,6c439cb9-6403-4b33-b8e9-a0ede7468821,T-010-03,main,pass,True
1e69ea5e-7f7f-40e3-b95b-94663edf4734,6c439cb9-6403-4b33-b8e9-a0ede7468821,T-011-01,main,fail,True
1e69ea5e-7f7f-40e3-b95b-94663edf4734,6c439cb9-6403-4b33-b8e9-a0ede7468821,T-011-02,main,fail,True
1e69ea5e-7f7f-40e3-b95b-94663edf4734,6c439cb9-6403-4b33-b8e9-a0ede7468821,T-012-01,main,fail,True
1e69ea5e-7f7f-40e3-b95b-94663edf4734,6c439cb9-6403-4b33-b8e9-a0ede7468821,T-012-02,main,pass,True
1e69ea5e-7f7f-40e3-b95b-94663edf4734,6c439cb9-6403-4b33-b8e9-a0ede7468821,T-013-01,main,fail,True
1e69ea5e-7f7f-40e3-b95b-94663edf4734,6c439cb9-6403-4b33-b8e9-a0ede7468821,T-013-02,main,pass,True
1e69ea5e-7f7f-40e3-b95b-94663edf4734,6c439cb9-6403-4b33-b8e9-a0ede7468821,T-014-01,main,pass,True
1e69ea5e-7f7f-40e3-b95b-94663edf4734,6c439cb9-6403-4b33-b8e9-a0ede7468821,T-014-02,main,pass,True
1e69ea5e-7f7f-40e3-b95b-94663edf4734,6c439cb9-6403-4b33-b8e9-a0ede7468821,T-015-01,main,fail,True
1e69ea5e-7f7f-40e3-b95b-94663edf4734,6c439cb9-6403-4b33-b8e9-a0ede7468821,T-016-01,main,fail,True
1e69ea5e-7f7f-40e3-b95b-94663edf4734,6c439cb9-6403-4b33-b8e9-a0ede7468821,T-016-02,main,pass,True
1e69ea5e-7f7f-40e3-b95b-94663edf4734,6c439cb9-6403-4b33-b8e9-a0ede7468821,T-016-03,main,pass,True
1e69ea5e-7f7f-40e3-b95b-94663edf4734,6c439cb9-6403-4b33-b8e9-a0ede7468821,T-017-01,main,fail,True
1e69ea5e-7f7f-40e3-b95b-94663edf4734,6c439cb9-6403-4b33-b8e9-a0ede7468821,T-017-02,main,pass,True
1e69ea5e-7f7f-40e3-b95b-94663edf4734,6c439cb9-6403-4b33-b8e9-a0ede7468821,T-018-01,main,fail,True
1e69ea5e-7f7f-40e3-b95b-94663edf4734,6c439cb9-6403-4b33-b8e9-a0ede7468821,T-018-02,main,fail,True
1e69ea5e-7f7f-40e3-b95b-94663edf4734,6c439cb9-6403-4b33-b8e9-a0ede7468821,T-018-03,main,pass,True
1e69ea5e-7f7f-40e3-b95b-94663edf4734,6c439cb9-6403-4b33-b8e9-a0ede7468821,T-019-01,main,fail,True
1e69ea5e-7f7f-40e3-b95b-94663edf4734,6c439cb9-6403-4b33-b8e9-a0ede7468821,T-019-02,main,pass,True
1e69ea5e-7f7f-40e3-b95b-94663edf4734,6c439cb9-6403-4b33-b8e9-a0ede7468821,T-019-03,main,pass,True
1e69ea5e-7f7f-40e3-b95b-94663edf4734,6c439cb9-6403-4b33-b8e9-a0ede7468821,T-020-01,main,fail,True
1e69ea5e-7f7f-40e3-b95b-94663edf4734,6c439cb9-6403-4b33-b8e9-a0ede7468821,T-020-02,main,pass,True
1e69ea5e-7f7f-40e3-b95b-94663edf4734,6c439cb9-6403-4b33-b8e9-a0ede7468821,T-020-03,main,fail,True
1e69ea5e-7f7f-40e3-b95b-94663edf4734,6c439cb9-6403-4b33-b8e9-a0ede7468821,T-020-04,main,fail,True
256a2bf5-a8db-4a43-81bc-17bc38eda0d3,55cb359f-b3d4-4718-9ff0-7d22e8a8d291,T-001-01,main,pass,True
256a2bf5-a8db-4a43-81bc-17bc38eda0d3,55cb359f-b3d4-4718-9ff0-7d22e8a8d291,T-001-02,main,pass,True
256a2bf5-a8db-4a43-81bc-17bc38eda0d3,55cb359f-b3d4-4718-9ff0-7d22e8a8d291,T-001-03,main,pass,True
256a2bf5-a8db-4a43-81bc-17bc38eda0d3,55cb359f-b3d4-4718-9ff0-7d22e8a8d291,T-001-04,main,pass,True
256a2bf5-a8db-4a43-81bc-17bc38eda0d3,55cb359f-b3d4-4718-9ff0-7d22e8a8d291,T-002-01,main,pass,True
256a2bf5-a8db-4a43-81bc-17bc38eda0d3,55cb359f-b3d4-4718-9ff0-7d22e8a8d291,T-002-02,main,fail,True
256a2bf5-a8db-4a43-81bc-17bc38eda0d3,55cb359f-b3d4-4718-9ff0-7d22e8a8d291,T-002-03,main,pass,True
256a2bf5-a8db-4a43-81bc-17bc38eda0d3,55cb359f-b3d4-4718-9ff0-7d22e8a8d291,T-002-04,main,pass,True
256a2bf5-a8db-4a43-81bc-17bc38eda0d3,55cb359f-b3d4-4718-9ff0-7d22e8a8d291,T-003-01,main,pass,True
256a2bf5-a8db-4a43-81bc-17bc38eda0d3,55cb359f-b3d4-4718-9ff0-7d22e8a8d291,T-003-02,main,pass,True
256a2bf5-a8db-4a43-81bc-17bc38eda0d3,55cb359f-b3d4-4718-9ff0-7d22e8a8d291,T-004-01,main,pass,True
256a2bf5-a8db-4a43-81bc-17bc38eda0d3,55cb359f-b3d4-4718-9ff0-7d22e8a8d291,T-004-02,main,pass,True
256a2bf5-a8db-4a43-81bc-17bc38eda0d3,55cb359f-b3d4-4718-9ff0-7d22e8a8d291,T-004-03,main,fail,True
256a2bf5-a8db-4a43-81bc-17bc38eda0d3,55cb359f-b3d4-4718-9ff0-7d22e8a8d291,T-005-01,main,pass,True
256a2bf5-a8db-4a43-81bc-17bc38eda0d3,55cb359f-b3d4-4718-9ff0-7d22e8a8d291,T-005-02,main,pass,True
256a2bf5-a8db-4a43-81bc-17bc38eda0d3,55cb359f-b3d4-4718-9ff0-7d22e8a8d291,T-006-01,main,fail,True
256a2bf5-a8db-4a43-81bc-17bc38eda0d3,55cb359f-b3d4-4718-9ff0-7d22e8a8d291,T-006-02,main,pass,True
256a2bf5-a8db-4a43-81bc-17bc38eda0d3,55cb359f-b3d4-4718-9ff0-7d22e8a8d291,T-006-03,main,fail,True
256a2bf5-a8db-4a43-81bc-17bc38eda0d3,55cb359f-b3d4-4718-9ff0-7d22e8a8d291,T-006-04,main,pass,True
256a2bf5-a8db-4a43-81bc-17bc38eda0d3,55cb359f-b3d4-4718-9ff0-7d22e8a8d291,T-006-05,lower,fail,True
256a2bf5-a8db-4a43-81bc-17bc38eda0d3,55cb359f-b3d4-4718-9ff0-7d22e8a8d291,T-006-05,upper,pass,True
256a2bf5-a8db-4a43-81bc-17bc38eda0d3,55cb359f-b3d4-4718-9ff0-7d22e8a8d291,T-006-06,main,pass,True
256a2bf5-a8db-4a43-81bc-17bc38eda0d3,55cb359f-b3d4-4718-9ff0-7d22e8a8d291,T-007-01,main,blocked,True
256a2bf5-a8db-4a43-81bc-17bc38eda0d3,55cb359f-b3d4-4718-9ff0-7d22e8a8d291,T-007-02,main,blocked,True
256a2bf5-a8db-4a43-81bc-17bc38eda0d3,55cb359f-b3d4-4718-9ff0-7d22e8a8d291,T-007-03,main,blocked,True
256a2bf5-a8db-4a43-81bc-17bc38eda0d3,55cb359f-b3d4-4718-9ff0-7d22e8a8d291,T-008-01,main,blocked,True
256a2bf5-a8db-4a43-81bc-17bc38eda0d3,55cb359f-b3d4-4718-9ff0-7d22e8a8d291,T-008-02,main,blocked,True
256a2bf5-a8db-4a43-81bc-17bc38eda0d3,55cb359f-b3d4-4718-9ff0-7d22e8a8d291,T-008-03,main,pass,True
256a2bf5-a8db-4a43-81bc-17bc38eda0d3,55cb359f-b3d4-4718-9ff0-7d22e8a8d291,T-008-04,main,pass,True
256a2bf5-a8db-4a43-81bc-17bc38eda0d3,55cb359f-b3d4-4718-9ff0-7d22e8a8d291,T-009-01,main,fail,True
256a2bf5-a8db-4a43-81bc-17bc38eda0d3,55cb359f-b3d4-4718-9ff0-7d22e8a8d291,T-009-02,main,pass,True
256a2bf5-a8db-4a43-81bc-17bc38eda0d3,55cb359f-b3d4-4718-9ff0-7d22e8a8d291,T-010-01,main,fail,True
256a2bf5-a8db-4a43-81bc-17bc38eda0d3,55cb359f-b3d4-4718-9ff0-7d22e8a8d291,T-010-02,main,pass,True
256a2bf5-a8db-4a43-81bc-17bc38eda0d3,55cb359f-b3d4-4718-9ff0-7d22e8a8d291,T-010-03,main,pass,True
256a2bf5-a8db-4a43-81bc-17bc38eda0d3,55cb359f-b3d4-4718-9ff0-7d22e8a8d291,T-011-01,main,fail,True
256a2bf5-a8db-4a43-81bc-17bc38eda0d3,55cb359f-b3d4-4718-9ff0-7d22e8a8d291,T-011-02,main,fail,True
256a2bf5-a8db-4a43-81bc-17bc38eda0d3,55cb359f-b3d4-4718-9ff0-7d22e8a8d291,T-012-01,main,fail,True
256a2bf5-a8db-4a43-81bc-17bc38eda0d3,55cb359f-b3d4-4718-9ff0-7d22e8a8d291,T-012-02,main,fail,True
256a2bf5-a8db-4a43-81bc-17bc38eda0d3,55cb359f-b3d4-4718-9ff0-7d22e8a8d291,T-013-01,main,fail,True
256a2bf5-a8db-4a43-81bc-17bc38eda0d3,55cb359f-b3d4-4718-9ff0-7d22e8a8d291,T-013-02,main,fail,True
256a2bf5-a8db-4a43-81bc-17bc38eda0d3,55cb359f-b3d4-4718-9ff0-7d22e8a8d291,T-014-01,main,fail,True
256a2bf5-a8db-4a43-81bc-17bc38eda0d3,55cb359f-b3d4-4718-9ff0-7d22e8a8d291,T-014-02,main,fail,True
256a2bf5-a8db-4a43-81bc-17bc38eda0d3,55cb359f-b3d4-4718-9ff0-7d22e8a8d291,T-015-01,main,fail,True
256a2bf5-a8db-4a43-81bc-17bc38eda0d3,55cb359f-b3d4-4718-9ff0-7d22e8a8d291,T-016-01,main,blocked,True
256a2bf5-a8db-4a43-81bc-17bc38eda0d3,55cb359f-b3d4-4718-9ff0-7d22e8a8d291,T-016-02,main,blocked,True
256a2bf5-a8db-4a43-81bc-17bc38eda0d3,55cb359f-b3d4-4718-9ff0-7d22e8a8d291,T-016-03,main,pass,True
256a2bf5-a8db-4a43-81bc-17bc38eda0d3,55cb359f-b3d4-4718-9ff0-7d22e8a8d291,T-017-01,main,fail,True
256a2bf5-a8db-4a43-81bc-17bc38eda0d3,55cb359f-b3d4-4718-9ff0-7d22e8a8d291,T-017-02,main,blocked,True
256a2bf5-a8db-4a43-81bc-17bc38eda0d3,55cb359f-b3d4-4718-9ff0-7d22e8a8d291,T-018-01,main,pass,True
256a2bf5-a8db-4a43-81bc-17bc38eda0d3,55cb359f-b3d4-4718-9ff0-7d22e8a8d291,T-018-02,main,pass,True
256a2bf5-a8db-4a43-81bc-17bc38eda0d3,55cb359f-b3d4-4718-9ff0-7d22e8a8d291,T-018-03,main,pass,True
256a2bf5-a8db-4a43-81bc-17bc38eda0d3,55cb359f-b3d4-4718-9ff0-7d22e8a8d291,T-019-01,main,pass,True
256a2bf5-a8db-4a43-81bc-17bc38eda0d3,55cb359f-b3d4-4718-9ff0-7d22e8a8d291,T-019-02,main,pass,True
256a2bf5-a8db-4a43-81bc-17bc38eda0d3,55cb359f-b3d4-4718-9ff0-7d22e8a8d291,T-019-03,main,pass,True
256a2bf5-a8db-4a43-81bc-17bc38eda0d3,55cb359f-b3d4-4718-9ff0-7d22e8a8d291,T-020-01,main,pass,True
256a2bf5-a8db-4a43-81bc-17bc38eda0d3,55cb359f-b3d4-4718-9ff0-7d22e8a8d291,T-020-02,main,pass,True
256a2bf5-a8db-4a43-81bc-17bc38eda0d3,55cb359f-b3d4-4718-9ff0-7d22e8a8d291,T-020-03,main,pass,True
256a2bf5-a8db-4a43-81bc-17bc38eda0d3,55cb359f-b3d4-4718-9ff0-7d22e8a8d291,T-020-04,main,pass,True
25a01c2b-cf66-4053-848c-9af10ef2ef81,9d0b59f4-aea9-4110-b1b5-78ea84266b2c,T-001-01,main,blocked,True
25a01c2b-cf66-4053-848c-9af10ef2ef81,9d0b59f4-aea9-4110-b1b5-78ea84266b2c,T-001-02,main,blocked,True
25a01c2b-cf66-4053-848c-9af10ef2ef81,9d0b59f4-aea9-4110-b1b5-78ea84266b2c,T-001-03,main,pass,True
25a01c2b-cf66-4053-848c-9af10ef2ef81,9d0b59f4-aea9-4110-b1b5-78ea84266b2c,T-001-04,main,pass,True
25a01c2b-cf66-4053-848c-9af10ef2ef81,9d0b59f4-aea9-4110-b1b5-78ea84266b2c,T-002-01,main,fail,True
25a01c2b-cf66-4053-848c-9af10ef2ef81,9d0b59f4-aea9-4110-b1b5-78ea84266b2c,T-002-02,main,blocked,True
25a01c2b-cf66-4053-848c-9af10ef2ef81,9d0b59f4-aea9-4110-b1b5-78ea84266b2c,T-002-03,main,blocked,True
25a01c2b-cf66-4053-848c-9af10ef2ef81,9d0b59f4-aea9-4110-b1b5-78ea84266b2c,T-002-04,main,pass,True
25a01c2b-cf66-4053-848c-9af10ef2ef81,9d0b59f4-aea9-4110-b1b5-78ea84266b2c,T-003-01,main,blocked,True
25a01c2b-cf66-4053-848c-9af10ef2ef81,9d0b59f4-aea9-4110-b1b5-78ea84266b2c,T-003-02,main,blocked,True
25a01c2b-cf66-4053-848c-9af10ef2ef81,9d0b59f4-aea9-4110-b1b5-78ea84266b2c,T-004-01,main,blocked,True
25a01c2b-cf66-4053-848c-9af10ef2ef81,9d0b59f4-aea9-4110-b1b5-78ea84266b2c,T-004-02,main,blocked,True
25a01c2b-cf66-4053-848c-9af10ef2ef81,9d0b59f4-aea9-4110-b1b5-78ea84266b2c,T-004-03,main,blocked,True
25a01c2b-cf66-4053-848c-9af10ef2ef81,9d0b59f4-aea9-4110-b1b5-78ea84266b2c,T-005-01,main,blocked,True
25a01c2b-cf66-4053-848c-9af10ef2ef81,9d0b59f4-aea9-4110-b1b5-78ea84266b2c,T-005-02,main,blocked,True
25a01c2b-cf66-4053-848c-9af10ef2ef81,9d0b59f4-aea9-4110-b1b5-78ea84266b2c,T-006-01,main,blocked,True
25a01c2b-cf66-4053-848c-9af10ef2ef81,9d0b59f4-aea9-4110-b1b5-78ea84266b2c,T-006-02,main,blocked,True
25a01c2b-cf66-4053-848c-9af10ef2ef81,9d0b59f4-aea9-4110-b1b5-78ea84266b2c,T-006-03,main,blocked,True
25a01c2b-cf66-4053-848c-9af10ef2ef81,9d0b59f4-aea9-4110-b1b5-78ea84266b2c,T-006-04,main,blocked,True
25a01c2b-cf66-4053-848c-9af10ef2ef81,9d0b59f4-aea9-4110-b1b5-78ea84266b2c,T-006-05,lower,blocked,True
25a01c2b-cf66-4053-848c-9af10ef2ef81,9d0b59f4-aea9-4110-b1b5-78ea84266b2c,T-006-05,upper,blocked,True
25a01c2b-cf66-4053-848c-9af10ef2ef81,9d0b59f4-aea9-4110-b1b5-78ea84266b2c,T-006-06,main,blocked,True
25a01c2b-cf66-4053-848c-9af10ef2ef81,9d0b59f4-aea9-4110-b1b5-78ea84266b2c,T-007-01,main,blocked,True
25a01c2b-cf66-4053-848c-9af10ef2ef81,9d0b59f4-aea9-4110-b1b5-78ea84266b2c,T-007-02,main,blocked,True
25a01c2b-cf66-4053-848c-9af10ef2ef81,9d0b59f4-aea9-4110-b1b5-78ea84266b2c,T-007-03,main,blocked,True
25a01c2b-cf66-4053-848c-9af10ef2ef81,9d0b59f4-aea9-4110-b1b5-78ea84266b2c,T-008-01,main,blocked,True
25a01c2b-cf66-4053-848c-9af10ef2ef81,9d0b59f4-aea9-4110-b1b5-78ea84266b2c,T-008-02,main,blocked,True
25a01c2b-cf66-4053-848c-9af10ef2ef81,9d0b59f4-aea9-4110-b1b5-78ea84266b2c,T-008-03,main,blocked,True
25a01c2b-cf66-4053-848c-9af10ef2ef81,9d0b59f4-aea9-4110-b1b5-78ea84266b2c,T-008-04,main,blocked,True
25a01c2b-cf66-4053-848c-9af10ef2ef81,9d0b59f4-aea9-4110-b1b5-78ea84266b2c,T-009-01,main,blocked,True
25a01c2b-cf66-4053-848c-9af10ef2ef81,9d0b59f4-aea9-4110-b1b5-78ea84266b2c,T-009-02,main,blocked,True
25a01c2b-cf66-4053-848c-9af10ef2ef81,9d0b59f4-aea9-4110-b1b5-78ea84266b2c,T-010-01,main,blocked,True
25a01c2b-cf66-4053-848c-9af10ef2ef81,9d0b59f4-aea9-4110-b1b5-78ea84266b2c,T-010-02,main,blocked,True
25a01c2b-cf66-4053-848c-9af10ef2ef81,9d0b59f4-aea9-4110-b1b5-78ea84266b2c,T-010-03,main,blocked,True
25a01c2b-cf66-4053-848c-9af10ef2ef81,9d0b59f4-aea9-4110-b1b5-78ea84266b2c,T-011-01,main,blocked,True
25a01c2b-cf66-4053-848c-9af10ef2ef81,9d0b59f4-aea9-4110-b1b5-78ea84266b2c,T-011-02,main,blocked,True
25a01c2b-cf66-4053-848c-9af10ef2ef81,9d0b59f4-aea9-4110-b1b5-78ea84266b2c,T-012-01,main,blocked,True
25a01c2b-cf66-4053-848c-9af10ef2ef81,9d0b59f4-aea9-4110-b1b5-78ea84266b2c,T-012-02,main,blocked,True
25a01c2b-cf66-4053-848c-9af10ef2ef81,9d0b59f4-aea9-4110-b1b5-78ea84266b2c,T-013-01,main,blocked,True
25a01c2b-cf66-4053-848c-9af10ef2ef81,9d0b59f4-aea9-4110-b1b5-78ea84266b2c,T-013-02,main,blocked,True
25a01c2b-cf66-4053-848c-9af10ef2ef81,9d0b59f4-aea9-4110-b1b5-78ea84266b2c,T-014-01,main,blocked,True
25a01c2b-cf66-4053-848c-9af10ef2ef81,9d0b59f4-aea9-4110-b1b5-78ea84266b2c,T-014-02,main,blocked,True
25a01c2b-cf66-4053-848c-9af10ef2ef81,9d0b59f4-aea9-4110-b1b5-78ea84266b2c,T-015-01,main,blocked,True
25a01c2b-cf66-4053-848c-9af10ef2ef81,9d0b59f4-aea9-4110-b1b5-78ea84266b2c,T-016-01,main,blocked,True
25a01c2b-cf66-4053-848c-9af10ef2ef81,9d0b59f4-aea9-4110-b1b5-78ea84266b2c,T-016-02,main,blocked,True
25a01c2b-cf66-4053-848c-9af10ef2ef81,9d0b59f4-aea9-4110-b1b5-78ea84266b2c,T-016-03,main,blocked,True
25a01c2b-cf66-4053-848c-9af10ef2ef81,9d0b59f4-aea9-4110-b1b5-78ea84266b2c,T-017-01,main,blocked,True
25a01c2b-cf66-4053-848c-9af10ef2ef81,9d0b59f4-aea9-4110-b1b5-78ea84266b2c,T-017-02,main,blocked,True
25a01c2b-cf66-4053-848c-9af10ef2ef81,9d0b59f4-aea9-4110-b1b5-78ea84266b2c,T-018-01,main,blocked,True
25a01c2b-cf66-4053-848c-9af10ef2ef81,9d0b59f4-aea9-4110-b1b5-78ea84266b2c,T-018-02,main,blocked,True
25a01c2b-cf66-4053-848c-9af10ef2ef81,9d0b59f4-aea9-4110-b1b5-78ea84266b2c,T-018-03,main,blocked,True
25a01c2b-cf66-4053-848c-9af10ef2ef81,9d0b59f4-aea9-4110-b1b5-78ea84266b2c,T-019-01,main,blocked,True
25a01c2b-cf66-4053-848c-9af10ef2ef81,9d0b59f4-aea9-4110-b1b5-78ea84266b2c,T-019-02,main,blocked,True
25a01c2b-cf66-4053-848c-9af10ef2ef81,9d0b59f4-aea9-4110-b1b5-78ea84266b2c,T-019-03,main,blocked,True
25a01c2b-cf66-4053-848c-9af10ef2ef81,9d0b59f4-aea9-4110-b1b5-78ea84266b2c,T-020-01,main,blocked,True
25a01c2b-cf66-4053-848c-9af10ef2ef81,9d0b59f4-aea9-4110-b1b5-78ea84266b2c,T-020-02,main,blocked,True
25a01c2b-cf66-4053-848c-9af10ef2ef81,9d0b59f4-aea9-4110-b1b5-78ea84266b2c,T-020-03,main,blocked,True
25a01c2b-cf66-4053-848c-9af10ef2ef81,9d0b59f4-aea9-4110-b1b5-78ea84266b2c,T-020-04,main,blocked,True
2645ec0d-e014-4d99-96ce-ec0b0dc714fb,8fac4a65-6ccb-43ce-b510-0cb219b6ddec,T-001-01,main,pass,True
2645ec0d-e014-4d99-96ce-ec0b0dc714fb,8fac4a65-6ccb-43ce-b510-0cb219b6ddec,T-001-02,main,pass,True
2645ec0d-e014-4d99-96ce-ec0b0dc714fb,8fac4a65-6ccb-43ce-b510-0cb219b6ddec,T-001-03,main,pass,True
2645ec0d-e014-4d99-96ce-ec0b0dc714fb,8fac4a65-6ccb-43ce-b510-0cb219b6ddec,T-001-04,main,pass,True
2645ec0d-e014-4d99-96ce-ec0b0dc714fb,8fac4a65-6ccb-43ce-b510-0cb219b6ddec,T-002-01,main,pass,True
2645ec0d-e014-4d99-96ce-ec0b0dc714fb,8fac4a65-6ccb-43ce-b510-0cb219b6ddec,T-002-02,main,fail,True
2645ec0d-e014-4d99-96ce-ec0b0dc714fb,8fac4a65-6ccb-43ce-b510-0cb219b6ddec,T-002-03,main,pass,True
2645ec0d-e014-4d99-96ce-ec0b0dc714fb,8fac4a65-6ccb-43ce-b510-0cb219b6ddec,T-002-04,main,pass,True
2645ec0d-e014-4d99-96ce-ec0b0dc714fb,8fac4a65-6ccb-43ce-b510-0cb219b6ddec,T-003-01,main,pass,True
2645ec0d-e014-4d99-96ce-ec0b0dc714fb,8fac4a65-6ccb-43ce-b510-0cb219b6ddec,T-003-02,main,fail,True
2645ec0d-e014-4d99-96ce-ec0b0dc714fb,8fac4a65-6ccb-43ce-b510-0cb219b6ddec,T-004-01,main,pass,True
2645ec0d-e014-4d99-96ce-ec0b0dc714fb,8fac4a65-6ccb-43ce-b510-0cb219b6ddec,T-004-02,main,pass,True
2645ec0d-e014-4d99-96ce-ec0b0dc714fb,8fac4a65-6ccb-43ce-b510-0cb219b6ddec,T-004-03,main,fail,True
2645ec0d-e014-4d99-96ce-ec0b0dc714fb,8fac4a65-6ccb-43ce-b510-0cb219b6ddec,T-005-01,main,pass,True
2645ec0d-e014-4d99-96ce-ec0b0dc714fb,8fac4a65-6ccb-43ce-b510-0cb219b6ddec,T-005-02,main,pass,True
2645ec0d-e014-4d99-96ce-ec0b0dc714fb,8fac4a65-6ccb-43ce-b510-0cb219b6ddec,T-006-01,main,pass,True
2645ec0d-e014-4d99-96ce-ec0b0dc714fb,8fac4a65-6ccb-43ce-b510-0cb219b6ddec,T-006-02,main,pass,True
2645ec0d-e014-4d99-96ce-ec0b0dc714fb,8fac4a65-6ccb-43ce-b510-0cb219b6ddec,T-006-03,main,pass,True
2645ec0d-e014-4d99-96ce-ec0b0dc714fb,8fac4a65-6ccb-43ce-b510-0cb219b6ddec,T-006-04,main,pass,True
2645ec0d-e014-4d99-96ce-ec0b0dc714fb,8fac4a65-6ccb-43ce-b510-0cb219b6ddec,T-006-05,lower,pass,True
2645ec0d-e014-4d99-96ce-ec0b0dc714fb,8fac4a65-6ccb-43ce-b510-0cb219b6ddec,T-006-05,upper,pass,True
2645ec0d-e014-4d99-96ce-ec0b0dc714fb,8fac4a65-6ccb-43ce-b510-0cb219b6ddec,T-006-06,main,pass,True
2645ec0d-e014-4d99-96ce-ec0b0dc714fb,8fac4a65-6ccb-43ce-b510-0cb219b6ddec,T-007-01,main,pass,True
2645ec0d-e014-4d99-96ce-ec0b0dc714fb,8fac4a65-6ccb-43ce-b510-0cb219b6ddec,T-007-02,main,pass,True
2645ec0d-e014-4d99-96ce-ec0b0dc714fb,8fac4a65-6ccb-43ce-b510-0cb219b6ddec,T-007-03,main,fail,True
2645ec0d-e014-4d99-96ce-ec0b0dc714fb,8fac4a65-6ccb-43ce-b510-0cb219b6ddec,T-008-01,main,pass,True
2645ec0d-e014-4d99-96ce-ec0b0dc714fb,8fac4a65-6ccb-43ce-b510-0cb219b6ddec,T-008-02,main,pass,True
2645ec0d-e014-4d99-96ce-ec0b0dc714fb,8fac4a65-6ccb-43ce-b510-0cb219b6ddec,T-008-03,main,pass,True
2645ec0d-e014-4d99-96ce-ec0b0dc714fb,8fac4a65-6ccb-43ce-b510-0cb219b6ddec,T-008-04,main,pass,True
2645ec0d-e014-4d99-96ce-ec0b0dc714fb,8fac4a65-6ccb-43ce-b510-0cb219b6ddec,T-009-01,main,pass,True
2645ec0d-e014-4d99-96ce-ec0b0dc714fb,8fac4a65-6ccb-43ce-b510-0cb219b6ddec,T-009-02,main,pass,True
2645ec0d-e014-4d99-96ce-ec0b0dc714fb,8fac4a65-6ccb-43ce-b510-0cb219b6ddec,T-010-01,main,pass,True
2645ec0d-e014-4d99-96ce-ec0b0dc714fb,8fac4a65-6ccb-43ce-b510-0cb219b6ddec,T-010-02,main,pass,True
2645ec0d-e014-4d99-96ce-ec0b0dc714fb,8fac4a65-6ccb-43ce-b510-0cb219b6ddec,T-010-03,main,pass,True
2645ec0d-e014-4d99-96ce-ec0b0dc714fb,8fac4a65-6ccb-43ce-b510-0cb219b6ddec,T-011-01,main,pass,True
2645ec0d-e014-4d99-96ce-ec0b0dc714fb,8fac4a65-6ccb-43ce-b510-0cb219b6ddec,T-011-02,main,pass,True
2645ec0d-e014-4d99-96ce-ec0b0dc714fb,8fac4a65-6ccb-43ce-b510-0cb219b6ddec,T-012-01,main,pass,True
2645ec0d-e014-4d99-96ce-ec0b0dc714fb,8fac4a65-6ccb-43ce-b510-0cb219b6ddec,T-012-02,main,pass,True
2645ec0d-e014-4d99-96ce-ec0b0dc714fb,8fac4a65-6ccb-43ce-b510-0cb219b6ddec,T-013-01,main,fail,True
2645ec0d-e014-4d99-96ce-ec0b0dc714fb,8fac4a65-6ccb-43ce-b510-0cb219b6ddec,T-013-02,main,pass,True
2645ec0d-e014-4d99-96ce-ec0b0dc714fb,8fac4a65-6ccb-43ce-b510-0cb219b6ddec,T-014-01,main,pass,True
2645ec0d-e014-4d99-96ce-ec0b0dc714fb,8fac4a65-6ccb-43ce-b510-0cb219b6ddec,T-014-02,main,pass,True
2645ec0d-e014-4d99-96ce-ec0b0dc714fb,8fac4a65-6ccb-43ce-b510-0cb219b6ddec,T-015-01,main,fail,True
2645ec0d-e014-4d99-96ce-ec0b0dc714fb,8fac4a65-6ccb-43ce-b510-0cb219b6ddec,T-016-01,main,fail,True
2645ec0d-e014-4d99-96ce-ec0b0dc714fb,8fac4a65-6ccb-43ce-b510-0cb219b6ddec,T-016-02,main,pass,True
2645ec0d-e014-4d99-96ce-ec0b0dc714fb,8fac4a65-6ccb-43ce-b510-0cb219b6ddec,T-016-03,main,pass,True
2645ec0d-e014-4d99-96ce-ec0b0dc714fb,8fac4a65-6ccb-43ce-b510-0cb219b6ddec,T-017-01,main,pass,True
2645ec0d-e014-4d99-96ce-ec0b0dc714fb,8fac4a65-6ccb-43ce-b510-0cb219b6ddec,T-017-02,main,pass,True
2645ec0d-e014-4d99-96ce-ec0b0dc714fb,8fac4a65-6ccb-43ce-b510-0cb219b6ddec,T-018-01,main,pass,True
2645ec0d-e014-4d99-96ce-ec0b0dc714fb,8fac4a65-6ccb-43ce-b510-0cb219b6ddec,T-018-02,main,pass,True
2645ec0d-e014-4d99-96ce-ec0b0dc714fb,8fac4a65-6ccb-43ce-b510-0cb219b6ddec,T-018-03,main,pass,True
2645ec0d-e014-4d99-96ce-ec0b0dc714fb,8fac4a65-6ccb-43ce-b510-0cb219b6ddec,T-019-01,main,fail,True
2645ec0d-e014-4d99-96ce-ec0b0dc714fb,8fac4a65-6ccb-43ce-b510-0cb219b6ddec,T-019-02,main,pass,True
2645ec0d-e014-4d99-96ce-ec0b0dc714fb,8fac4a65-6ccb-43ce-b510-0cb219b6ddec,T-019-03,main,pass,True
2645ec0d-e014-4d99-96ce-ec0b0dc714fb,8fac4a65-6ccb-43ce-b510-0cb219b6ddec,T-020-01,main,fail,True
2645ec0d-e014-4d99-96ce-ec0b0dc714fb,8fac4a65-6ccb-43ce-b510-0cb219b6ddec,T-020-02,main,pass,True
2645ec0d-e014-4d99-96ce-ec0b0dc714fb,8fac4a65-6ccb-43ce-b510-0cb219b6ddec,T-020-03,main,fail,True
2645ec0d-e014-4d99-96ce-ec0b0dc714fb,8fac4a65-6ccb-43ce-b510-0cb219b6ddec,T-020-04,main,pass,True
3528ca0e-fdcd-49f7-bedd-4e4826f9c3fd,d8788ec3-674c-40ab-9c91-459c4fdd6e0a,T-001-01,main,pass,True
3528ca0e-fdcd-49f7-bedd-4e4826f9c3fd,d8788ec3-674c-40ab-9c91-459c4fdd6e0a,T-001-02,main,pass,True
3528ca0e-fdcd-49f7-bedd-4e4826f9c3fd,d8788ec3-674c-40ab-9c91-459c4fdd6e0a,T-001-03,main,pass,True
3528ca0e-fdcd-49f7-bedd-4e4826f9c3fd,d8788ec3-674c-40ab-9c91-459c4fdd6e0a,T-001-04,main,pass,True
3528ca0e-fdcd-49f7-bedd-4e4826f9c3fd,d8788ec3-674c-40ab-9c91-459c4fdd6e0a,T-002-01,main,pass,True
3528ca0e-fdcd-49f7-bedd-4e4826f9c3fd,d8788ec3-674c-40ab-9c91-459c4fdd6e0a,T-002-02,main,fail,True
3528ca0e-fdcd-49f7-bedd-4e4826f9c3fd,d8788ec3-674c-40ab-9c91-459c4fdd6e0a,T-002-03,main,pass,True
3528ca0e-fdcd-49f7-bedd-4e4826f9c3fd,d8788ec3-674c-40ab-9c91-459c4fdd6e0a,T-002-04,main,pass,True
3528ca0e-fdcd-49f7-bedd-4e4826f9c3fd,d8788ec3-674c-40ab-9c91-459c4fdd6e0a,T-003-01,main,pass,True
3528ca0e-fdcd-49f7-bedd-4e4826f9c3fd,d8788ec3-674c-40ab-9c91-459c4fdd6e0a,T-003-02,main,pass,True
3528ca0e-fdcd-49f7-bedd-4e4826f9c3fd,d8788ec3-674c-40ab-9c91-459c4fdd6e0a,T-004-01,main,pass,True
3528ca0e-fdcd-49f7-bedd-4e4826f9c3fd,d8788ec3-674c-40ab-9c91-459c4fdd6e0a,T-004-02,main,fail,True
3528ca0e-fdcd-49f7-bedd-4e4826f9c3fd,d8788ec3-674c-40ab-9c91-459c4fdd6e0a,T-004-03,main,fail,True
3528ca0e-fdcd-49f7-bedd-4e4826f9c3fd,d8788ec3-674c-40ab-9c91-459c4fdd6e0a,T-005-01,main,pass,True
3528ca0e-fdcd-49f7-bedd-4e4826f9c3fd,d8788ec3-674c-40ab-9c91-459c4fdd6e0a,T-005-02,main,pass,True
3528ca0e-fdcd-49f7-bedd-4e4826f9c3fd,d8788ec3-674c-40ab-9c91-459c4fdd6e0a,T-006-01,main,fail,True
3528ca0e-fdcd-49f7-bedd-4e4826f9c3fd,d8788ec3-674c-40ab-9c91-459c4fdd6e0a,T-006-02,main,pass,True
3528ca0e-fdcd-49f7-bedd-4e4826f9c3fd,d8788ec3-674c-40ab-9c91-459c4fdd6e0a,T-006-03,main,fail,True
3528ca0e-fdcd-49f7-bedd-4e4826f9c3fd,d8788ec3-674c-40ab-9c91-459c4fdd6e0a,T-006-04,main,pass,True
3528ca0e-fdcd-49f7-bedd-4e4826f9c3fd,d8788ec3-674c-40ab-9c91-459c4fdd6e0a,T-006-05,lower,fail,True
3528ca0e-fdcd-49f7-bedd-4e4826f9c3fd,d8788ec3-674c-40ab-9c91-459c4fdd6e0a,T-006-05,upper,pass,True
3528ca0e-fdcd-49f7-bedd-4e4826f9c3fd,d8788ec3-674c-40ab-9c91-459c4fdd6e0a,T-006-06,main,pass,True
3528ca0e-fdcd-49f7-bedd-4e4826f9c3fd,d8788ec3-674c-40ab-9c91-459c4fdd6e0a,T-007-01,main,pass,True
3528ca0e-fdcd-49f7-bedd-4e4826f9c3fd,d8788ec3-674c-40ab-9c91-459c4fdd6e0a,T-007-02,main,pass,True
3528ca0e-fdcd-49f7-bedd-4e4826f9c3fd,d8788ec3-674c-40ab-9c91-459c4fdd6e0a,T-007-03,main,pass,True
3528ca0e-fdcd-49f7-bedd-4e4826f9c3fd,d8788ec3-674c-40ab-9c91-459c4fdd6e0a,T-008-01,main,pass,True
3528ca0e-fdcd-49f7-bedd-4e4826f9c3fd,d8788ec3-674c-40ab-9c91-459c4fdd6e0a,T-008-02,main,pass,True
3528ca0e-fdcd-49f7-bedd-4e4826f9c3fd,d8788ec3-674c-40ab-9c91-459c4fdd6e0a,T-008-03,main,pass,True
3528ca0e-fdcd-49f7-bedd-4e4826f9c3fd,d8788ec3-674c-40ab-9c91-459c4fdd6e0a,T-008-04,main,pass,True
3528ca0e-fdcd-49f7-bedd-4e4826f9c3fd,d8788ec3-674c-40ab-9c91-459c4fdd6e0a,T-009-01,main,pass,True
3528ca0e-fdcd-49f7-bedd-4e4826f9c3fd,d8788ec3-674c-40ab-9c91-459c4fdd6e0a,T-009-02,main,pass,True
3528ca0e-fdcd-49f7-bedd-4e4826f9c3fd,d8788ec3-674c-40ab-9c91-459c4fdd6e0a,T-010-01,main,fail,True
3528ca0e-fdcd-49f7-bedd-4e4826f9c3fd,d8788ec3-674c-40ab-9c91-459c4fdd6e0a,T-010-02,main,pass,True
3528ca0e-fdcd-49f7-bedd-4e4826f9c3fd,d8788ec3-674c-40ab-9c91-459c4fdd6e0a,T-010-03,main,pass,True
3528ca0e-fdcd-49f7-bedd-4e4826f9c3fd,d8788ec3-674c-40ab-9c91-459c4fdd6e0a,T-011-01,main,fail,True
3528ca0e-fdcd-49f7-bedd-4e4826f9c3fd,d8788ec3-674c-40ab-9c91-459c4fdd6e0a,T-011-02,main,fail,True
3528ca0e-fdcd-49f7-bedd-4e4826f9c3fd,d8788ec3-674c-40ab-9c91-459c4fdd6e0a,T-012-01,main,fail,True
3528ca0e-fdcd-49f7-bedd-4e4826f9c3fd,d8788ec3-674c-40ab-9c91-459c4fdd6e0a,T-012-02,main,fail,True
3528ca0e-fdcd-49f7-bedd-4e4826f9c3fd,d8788ec3-674c-40ab-9c91-459c4fdd6e0a,T-013-01,main,fail,True
3528ca0e-fdcd-49f7-bedd-4e4826f9c3fd,d8788ec3-674c-40ab-9c91-459c4fdd6e0a,T-013-02,main,fail,True
3528ca0e-fdcd-49f7-bedd-4e4826f9c3fd,d8788ec3-674c-40ab-9c91-459c4fdd6e0a,T-014-01,main,fail,True
3528ca0e-fdcd-49f7-bedd-4e4826f9c3fd,d8788ec3-674c-40ab-9c91-459c4fdd6e0a,T-014-02,main,fail,True
3528ca0e-fdcd-49f7-bedd-4e4826f9c3fd,d8788ec3-674c-40ab-9c91-459c4fdd6e0a,T-015-01,main,fail,True
3528ca0e-fdcd-49f7-bedd-4e4826f9c3fd,d8788ec3-674c-40ab-9c91-459c4fdd6e0a,T-016-01,main,fail,True
3528ca0e-fdcd-49f7-bedd-4e4826f9c3fd,d8788ec3-674c-40ab-9c91-459c4fdd6e0a,T-016-02,main,pass,True
3528ca0e-fdcd-49f7-bedd-4e4826f9c3fd,d8788ec3-674c-40ab-9c91-459c4fdd6e0a,T-016-03,main,pass,True
3528ca0e-fdcd-49f7-bedd-4e4826f9c3fd,d8788ec3-674c-40ab-9c91-459c4fdd6e0a,T-017-01,main,pass,True
3528ca0e-fdcd-49f7-bedd-4e4826f9c3fd,d8788ec3-674c-40ab-9c91-459c4fdd6e0a,T-017-02,main,pass,True
3528ca0e-fdcd-49f7-bedd-4e4826f9c3fd,d8788ec3-674c-40ab-9c91-459c4fdd6e0a,T-018-01,main,pass,True
3528ca0e-fdcd-49f7-bedd-4e4826f9c3fd,d8788ec3-674c-40ab-9c91-459c4fdd6e0a,T-018-02,main,pass,True
3528ca0e-fdcd-49f7-bedd-4e4826f9c3fd,d8788ec3-674c-40ab-9c91-459c4fdd6e0a,T-018-03,main,pass,True
3528ca0e-fdcd-49f7-bedd-4e4826f9c3fd,d8788ec3-674c-40ab-9c91-459c4fdd6e0a,T-019-01,main,fail,True
3528ca0e-fdcd-49f7-bedd-4e4826f9c3fd,d8788ec3-674c-40ab-9c91-459c4fdd6e0a,T-019-02,main,pass,True
3528ca0e-fdcd-49f7-bedd-4e4826f9c3fd,d8788ec3-674c-40ab-9c91-459c4fdd6e0a,T-019-03,main,pass,True
3528ca0e-fdcd-49f7-bedd-4e4826f9c3fd,d8788ec3-674c-40ab-9c91-459c4fdd6e0a,T-020-01,main,pass,True
3528ca0e-fdcd-49f7-bedd-4e4826f9c3fd,d8788ec3-674c-40ab-9c91-459c4fdd6e0a,T-020-02,main,pass,True
3528ca0e-fdcd-49f7-bedd-4e4826f9c3fd,d8788ec3-674c-40ab-9c91-459c4fdd6e0a,T-020-03,main,pass,True
3528ca0e-fdcd-49f7-bedd-4e4826f9c3fd,d8788ec3-674c-40ab-9c91-459c4fdd6e0a,T-020-04,main,pass,True
38fba73c-e82c-49e2-9dd4-3fca7d63bdfd,72df94ab-b14d-4c6d-bf5c-b120217f3b21,T-001-01,main,blocked,True
38fba73c-e82c-49e2-9dd4-3fca7d63bdfd,72df94ab-b14d-4c6d-bf5c-b120217f3b21,T-001-02,main,blocked,True
38fba73c-e82c-49e2-9dd4-3fca7d63bdfd,72df94ab-b14d-4c6d-bf5c-b120217f3b21,T-001-03,main,pass,True
38fba73c-e82c-49e2-9dd4-3fca7d63bdfd,72df94ab-b14d-4c6d-bf5c-b120217f3b21,T-001-04,main,pass,True
38fba73c-e82c-49e2-9dd4-3fca7d63bdfd,72df94ab-b14d-4c6d-bf5c-b120217f3b21,T-002-01,main,fail,True
38fba73c-e82c-49e2-9dd4-3fca7d63bdfd,72df94ab-b14d-4c6d-bf5c-b120217f3b21,T-002-02,main,blocked,True
38fba73c-e82c-49e2-9dd4-3fca7d63bdfd,72df94ab-b14d-4c6d-bf5c-b120217f3b21,T-002-03,main,blocked,True
38fba73c-e82c-49e2-9dd4-3fca7d63bdfd,72df94ab-b14d-4c6d-bf5c-b120217f3b21,T-002-04,main,pass,True
38fba73c-e82c-49e2-9dd4-3fca7d63bdfd,72df94ab-b14d-4c6d-bf5c-b120217f3b21,T-003-01,main,blocked,True
38fba73c-e82c-49e2-9dd4-3fca7d63bdfd,72df94ab-b14d-4c6d-bf5c-b120217f3b21,T-003-02,main,blocked,True
38fba73c-e82c-49e2-9dd4-3fca7d63bdfd,72df94ab-b14d-4c6d-bf5c-b120217f3b21,T-004-01,main,blocked,True
38fba73c-e82c-49e2-9dd4-3fca7d63bdfd,72df94ab-b14d-4c6d-bf5c-b120217f3b21,T-004-02,main,blocked,True
38fba73c-e82c-49e2-9dd4-3fca7d63bdfd,72df94ab-b14d-4c6d-bf5c-b120217f3b21,T-004-03,main,blocked,True
38fba73c-e82c-49e2-9dd4-3fca7d63bdfd,72df94ab-b14d-4c6d-bf5c-b120217f3b21,T-005-01,main,blocked,True
38fba73c-e82c-49e2-9dd4-3fca7d63bdfd,72df94ab-b14d-4c6d-bf5c-b120217f3b21,T-005-02,main,blocked,True
38fba73c-e82c-49e2-9dd4-3fca7d63bdfd,72df94ab-b14d-4c6d-bf5c-b120217f3b21,T-006-01,main,blocked,True
38fba73c-e82c-49e2-9dd4-3fca7d63bdfd,72df94ab-b14d-4c6d-bf5c-b120217f3b21,T-006-02,main,blocked,True
38fba73c-e82c-49e2-9dd4-3fca7d63bdfd,72df94ab-b14d-4c6d-bf5c-b120217f3b21,T-006-03,main,blocked,True
38fba73c-e82c-49e2-9dd4-3fca7d63bdfd,72df94ab-b14d-4c6d-bf5c-b120217f3b21,T-006-04,main,blocked,True
38fba73c-e82c-49e2-9dd4-3fca7d63bdfd,72df94ab-b14d-4c6d-bf5c-b120217f3b21,T-006-05,lower,blocked,True
38fba73c-e82c-49e2-9dd4-3fca7d63bdfd,72df94ab-b14d-4c6d-bf5c-b120217f3b21,T-006-05,upper,blocked,True
38fba73c-e82c-49e2-9dd4-3fca7d63bdfd,72df94ab-b14d-4c6d-bf5c-b120217f3b21,T-006-06,main,blocked,True
38fba73c-e82c-49e2-9dd4-3fca7d63bdfd,72df94ab-b14d-4c6d-bf5c-b120217f3b21,T-007-01,main,blocked,True
38fba73c-e82c-49e2-9dd4-3fca7d63bdfd,72df94ab-b14d-4c6d-bf5c-b120217f3b21,T-007-02,main,blocked,True
38fba73c-e82c-49e2-9dd4-3fca7d63bdfd,72df94ab-b14d-4c6d-bf5c-b120217f3b21,T-007-03,main,blocked,True
38fba73c-e82c-49e2-9dd4-3fca7d63bdfd,72df94ab-b14d-4c6d-bf5c-b120217f3b21,T-008-01,main,blocked,True
38fba73c-e82c-49e2-9dd4-3fca7d63bdfd,72df94ab-b14d-4c6d-bf5c-b120217f3b21,T-008-02,main,blocked,True
38fba73c-e82c-49e2-9dd4-3fca7d63bdfd,72df94ab-b14d-4c6d-bf5c-b120217f3b21,T-008-03,main,blocked,True
38fba73c-e82c-49e2-9dd4-3fca7d63bdfd,72df94ab-b14d-4c6d-bf5c-b120217f3b21,T-008-04,main,blocked,True
38fba73c-e82c-49e2-9dd4-3fca7d63bdfd,72df94ab-b14d-4c6d-bf5c-b120217f3b21,T-009-01,main,blocked,True
38fba73c-e82c-49e2-9dd4-3fca7d63bdfd,72df94ab-b14d-4c6d-bf5c-b120217f3b21,T-009-02,main,blocked,True
38fba73c-e82c-49e2-9dd4-3fca7d63bdfd,72df94ab-b14d-4c6d-bf5c-b120217f3b21,T-010-01,main,blocked,True
38fba73c-e82c-49e2-9dd4-3fca7d63bdfd,72df94ab-b14d-4c6d-bf5c-b120217f3b21,T-010-02,main,blocked,True
38fba73c-e82c-49e2-9dd4-3fca7d63bdfd,72df94ab-b14d-4c6d-bf5c-b120217f3b21,T-010-03,main,blocked,True
38fba73c-e82c-49e2-9dd4-3fca7d63bdfd,72df94ab-b14d-4c6d-bf5c-b120217f3b21,T-011-01,main,blocked,True
38fba73c-e82c-49e2-9dd4-3fca7d63bdfd,72df94ab-b14d-4c6d-bf5c-b120217f3b21,T-011-02,main,blocked,True
38fba73c-e82c-49e2-9dd4-3fca7d63bdfd,72df94ab-b14d-4c6d-bf5c-b120217f3b21,T-012-01,main,blocked,True
38fba73c-e82c-49e2-9dd4-3fca7d63bdfd,72df94ab-b14d-4c6d-bf5c-b120217f3b21,T-012-02,main,blocked,True
38fba73c-e82c-49e2-9dd4-3fca7d63bdfd,72df94ab-b14d-4c6d-bf5c-b120217f3b21,T-013-01,main,blocked,True
38fba73c-e82c-49e2-9dd4-3fca7d63bdfd,72df94ab-b14d-4c6d-bf5c-b120217f3b21,T-013-02,main,blocked,True
38fba73c-e82c-49e2-9dd4-3fca7d63bdfd,72df94ab-b14d-4c6d-bf5c-b120217f3b21,T-014-01,main,blocked,True
38fba73c-e82c-49e2-9dd4-3fca7d63bdfd,72df94ab-b14d-4c6d-bf5c-b120217f3b21,T-014-02,main,blocked,True
38fba73c-e82c-49e2-9dd4-3fca7d63bdfd,72df94ab-b14d-4c6d-bf5c-b120217f3b21,T-015-01,main,blocked,True
38fba73c-e82c-49e2-9dd4-3fca7d63bdfd,72df94ab-b14d-4c6d-bf5c-b120217f3b21,T-016-01,main,blocked,True
38fba73c-e82c-49e2-9dd4-3fca7d63bdfd,72df94ab-b14d-4c6d-bf5c-b120217f3b21,T-016-02,main,blocked,True
38fba73c-e82c-49e2-9dd4-3fca7d63bdfd,72df94ab-b14d-4c6d-bf5c-b120217f3b21,T-016-03,main,blocked,True
38fba73c-e82c-49e2-9dd4-3fca7d63bdfd,72df94ab-b14d-4c6d-bf5c-b120217f3b21,T-017-01,main,blocked,True
38fba73c-e82c-49e2-9dd4-3fca7d63bdfd,72df94ab-b14d-4c6d-bf5c-b120217f3b21,T-017-02,main,blocked,True
38fba73c-e82c-49e2-9dd4-3fca7d63bdfd,72df94ab-b14d-4c6d-bf5c-b120217f3b21,T-018-01,main,blocked,True
38fba73c-e82c-49e2-9dd4-3fca7d63bdfd,72df94ab-b14d-4c6d-bf5c-b120217f3b21,T-018-02,main,blocked,True
38fba73c-e82c-49e2-9dd4-3fca7d63bdfd,72df94ab-b14d-4c6d-bf5c-b120217f3b21,T-018-03,main,blocked,True
38fba73c-e82c-49e2-9dd4-3fca7d63bdfd,72df94ab-b14d-4c6d-bf5c-b120217f3b21,T-019-01,main,blocked,True
38fba73c-e82c-49e2-9dd4-3fca7d63bdfd,72df94ab-b14d-4c6d-bf5c-b120217f3b21,T-019-02,main,blocked,True
38fba73c-e82c-49e2-9dd4-3fca7d63bdfd,72df94ab-b14d-4c6d-bf5c-b120217f3b21,T-019-03,main,blocked,True
38fba73c-e82c-49e2-9dd4-3fca7d63bdfd,72df94ab-b14d-4c6d-bf5c-b120217f3b21,T-020-01,main,blocked,True
38fba73c-e82c-49e2-9dd4-3fca7d63bdfd,72df94ab-b14d-4c6d-bf5c-b120217f3b21,T-020-02,main,blocked,True
38fba73c-e82c-49e2-9dd4-3fca7d63bdfd,72df94ab-b14d-4c6d-bf5c-b120217f3b21,T-020-03,main,blocked,True
38fba73c-e82c-49e2-9dd4-3fca7d63bdfd,72df94ab-b14d-4c6d-bf5c-b120217f3b21,T-020-04,main,blocked,True
41824f90-f8f8-45bc-b801-1762e265cd0f,550e32e7-1135-428a-a2bf-f1e14fee5f0b,T-001-01,main,pass,True
41824f90-f8f8-45bc-b801-1762e265cd0f,550e32e7-1135-428a-a2bf-f1e14fee5f0b,T-001-02,main,pass,True
41824f90-f8f8-45bc-b801-1762e265cd0f,550e32e7-1135-428a-a2bf-f1e14fee5f0b,T-001-03,main,pass,True
41824f90-f8f8-45bc-b801-1762e265cd0f,550e32e7-1135-428a-a2bf-f1e14fee5f0b,T-001-04,main,pass,True
41824f90-f8f8-45bc-b801-1762e265cd0f,550e32e7-1135-428a-a2bf-f1e14fee5f0b,T-002-01,main,pass,True
41824f90-f8f8-45bc-b801-1762e265cd0f,550e32e7-1135-428a-a2bf-f1e14fee5f0b,T-002-02,main,fail,True
41824f90-f8f8-45bc-b801-1762e265cd0f,550e32e7-1135-428a-a2bf-f1e14fee5f0b,T-002-03,main,pass,True
41824f90-f8f8-45bc-b801-1762e265cd0f,550e32e7-1135-428a-a2bf-f1e14fee5f0b,T-002-04,main,pass,True
41824f90-f8f8-45bc-b801-1762e265cd0f,550e32e7-1135-428a-a2bf-f1e14fee5f0b,T-003-01,main,pass,True
41824f90-f8f8-45bc-b801-1762e265cd0f,550e32e7-1135-428a-a2bf-f1e14fee5f0b,T-003-02,main,pass,True
41824f90-f8f8-45bc-b801-1762e265cd0f,550e32e7-1135-428a-a2bf-f1e14fee5f0b,T-004-01,main,fail,True
41824f90-f8f8-45bc-b801-1762e265cd0f,550e32e7-1135-428a-a2bf-f1e14fee5f0b,T-004-02,main,pass,True
41824f90-f8f8-45bc-b801-1762e265cd0f,550e32e7-1135-428a-a2bf-f1e14fee5f0b,T-004-03,main,fail,True
41824f90-f8f8-45bc-b801-1762e265cd0f,550e32e7-1135-428a-a2bf-f1e14fee5f0b,T-005-01,main,fail,True
41824f90-f8f8-45bc-b801-1762e265cd0f,550e32e7-1135-428a-a2bf-f1e14fee5f0b,T-005-02,main,fail,True
41824f90-f8f8-45bc-b801-1762e265cd0f,550e32e7-1135-428a-a2bf-f1e14fee5f0b,T-006-01,main,fail,True
41824f90-f8f8-45bc-b801-1762e265cd0f,550e32e7-1135-428a-a2bf-f1e14fee5f0b,T-006-02,main,pass,True
41824f90-f8f8-45bc-b801-1762e265cd0f,550e32e7-1135-428a-a2bf-f1e14fee5f0b,T-006-03,main,fail,True
41824f90-f8f8-45bc-b801-1762e265cd0f,550e32e7-1135-428a-a2bf-f1e14fee5f0b,T-006-04,main,pass,True
41824f90-f8f8-45bc-b801-1762e265cd0f,550e32e7-1135-428a-a2bf-f1e14fee5f0b,T-006-05,lower,fail,True
41824f90-f8f8-45bc-b801-1762e265cd0f,550e32e7-1135-428a-a2bf-f1e14fee5f0b,T-006-05,upper,pass,True
41824f90-f8f8-45bc-b801-1762e265cd0f,550e32e7-1135-428a-a2bf-f1e14fee5f0b,T-006-06,main,pass,True
41824f90-f8f8-45bc-b801-1762e265cd0f,550e32e7-1135-428a-a2bf-f1e14fee5f0b,T-007-01,main,pass,True
41824f90-f8f8-45bc-b801-1762e265cd0f,550e32e7-1135-428a-a2bf-f1e14fee5f0b,T-007-02,main,pass,True
41824f90-f8f8-45bc-b801-1762e265cd0f,550e32e7-1135-428a-a2bf-f1e14fee5f0b,T-007-03,main,fail,True
41824f90-f8f8-45bc-b801-1762e265cd0f,550e32e7-1135-428a-a2bf-f1e14fee5f0b,T-008-01,main,pass,True
41824f90-f8f8-45bc-b801-1762e265cd0f,550e32e7-1135-428a-a2bf-f1e14fee5f0b,T-008-02,main,pass,True
41824f90-f8f8-45bc-b801-1762e265cd0f,550e32e7-1135-428a-a2bf-f1e14fee5f0b,T-008-03,main,pass,True
41824f90-f8f8-45bc-b801-1762e265cd0f,550e32e7-1135-428a-a2bf-f1e14fee5f0b,T-008-04,main,pass,True
41824f90-f8f8-45bc-b801-1762e265cd0f,550e32e7-1135-428a-a2bf-f1e14fee5f0b,T-009-01,main,pass,True
41824f90-f8f8-45bc-b801-1762e265cd0f,550e32e7-1135-428a-a2bf-f1e14fee5f0b,T-009-02,main,pass,True
41824f90-f8f8-45bc-b801-1762e265cd0f,550e32e7-1135-428a-a2bf-f1e14fee5f0b,T-010-01,main,fail,True
41824f90-f8f8-45bc-b801-1762e265cd0f,550e32e7-1135-428a-a2bf-f1e14fee5f0b,T-010-02,main,pass,True
41824f90-f8f8-45bc-b801-1762e265cd0f,550e32e7-1135-428a-a2bf-f1e14fee5f0b,T-010-03,main,pass,True
41824f90-f8f8-45bc-b801-1762e265cd0f,550e32e7-1135-428a-a2bf-f1e14fee5f0b,T-011-01,main,fail,True
41824f90-f8f8-45bc-b801-1762e265cd0f,550e32e7-1135-428a-a2bf-f1e14fee5f0b,T-011-02,main,fail,True
41824f90-f8f8-45bc-b801-1762e265cd0f,550e32e7-1135-428a-a2bf-f1e14fee5f0b,T-012-01,main,fail,True
41824f90-f8f8-45bc-b801-1762e265cd0f,550e32e7-1135-428a-a2bf-f1e14fee5f0b,T-012-02,main,fail,True
41824f90-f8f8-45bc-b801-1762e265cd0f,550e32e7-1135-428a-a2bf-f1e14fee5f0b,T-013-01,main,fail,True
41824f90-f8f8-45bc-b801-1762e265cd0f,550e32e7-1135-428a-a2bf-f1e14fee5f0b,T-013-02,main,fail,True
41824f90-f8f8-45bc-b801-1762e265cd0f,550e32e7-1135-428a-a2bf-f1e14fee5f0b,T-014-01,main,fail,True
41824f90-f8f8-45bc-b801-1762e265cd0f,550e32e7-1135-428a-a2bf-f1e14fee5f0b,T-014-02,main,fail,True
41824f90-f8f8-45bc-b801-1762e265cd0f,550e32e7-1135-428a-a2bf-f1e14fee5f0b,T-015-01,main,fail,True
41824f90-f8f8-45bc-b801-1762e265cd0f,550e32e7-1135-428a-a2bf-f1e14fee5f0b,T-016-01,main,fail,True
41824f90-f8f8-45bc-b801-1762e265cd0f,550e32e7-1135-428a-a2bf-f1e14fee5f0b,T-016-02,main,pass,True
41824f90-f8f8-45bc-b801-1762e265cd0f,550e32e7-1135-428a-a2bf-f1e14fee5f0b,T-016-03,main,pass,True
41824f90-f8f8-45bc-b801-1762e265cd0f,550e32e7-1135-428a-a2bf-f1e14fee5f0b,T-017-01,main,pass,True
41824f90-f8f8-45bc-b801-1762e265cd0f,550e32e7-1135-428a-a2bf-f1e14fee5f0b,T-017-02,main,pass,True
41824f90-f8f8-45bc-b801-1762e265cd0f,550e32e7-1135-428a-a2bf-f1e14fee5f0b,T-018-01,main,pass,True
41824f90-f8f8-45bc-b801-1762e265cd0f,550e32e7-1135-428a-a2bf-f1e14fee5f0b,T-018-02,main,pass,True
41824f90-f8f8-45bc-b801-1762e265cd0f,550e32e7-1135-428a-a2bf-f1e14fee5f0b,T-018-03,main,pass,True
41824f90-f8f8-45bc-b801-1762e265cd0f,550e32e7-1135-428a-a2bf-f1e14fee5f0b,T-019-01,main,pass,True
41824f90-f8f8-45bc-b801-1762e265cd0f,550e32e7-1135-428a-a2bf-f1e14fee5f0b,T-019-02,main,pass,True
41824f90-f8f8-45bc-b801-1762e265cd0f,550e32e7-1135-428a-a2bf-f1e14fee5f0b,T-019-03,main,pass,True
41824f90-f8f8-45bc-b801-1762e265cd0f,550e32e7-1135-428a-a2bf-f1e14fee5f0b,T-020-01,main,pass,True
41824f90-f8f8-45bc-b801-1762e265cd0f,550e32e7-1135-428a-a2bf-f1e14fee5f0b,T-020-02,main,pass,True
41824f90-f8f8-45bc-b801-1762e265cd0f,550e32e7-1135-428a-a2bf-f1e14fee5f0b,T-020-03,main,pass,True
41824f90-f8f8-45bc-b801-1762e265cd0f,550e32e7-1135-428a-a2bf-f1e14fee5f0b,T-020-04,main,pass,True
434b58e3-f948-4cfb-92a5-577b1c4c4af8,e4dd3f7a-4e39-41fa-b7a4-32d0f52a5a15,T-001-01,main,pass,True
434b58e3-f948-4cfb-92a5-577b1c4c4af8,e4dd3f7a-4e39-41fa-b7a4-32d0f52a5a15,T-001-02,main,pass,True
434b58e3-f948-4cfb-92a5-577b1c4c4af8,e4dd3f7a-4e39-41fa-b7a4-32d0f52a5a15,T-001-03,main,pass,True
434b58e3-f948-4cfb-92a5-577b1c4c4af8,e4dd3f7a-4e39-41fa-b7a4-32d0f52a5a15,T-001-04,main,pass,True
434b58e3-f948-4cfb-92a5-577b1c4c4af8,e4dd3f7a-4e39-41fa-b7a4-32d0f52a5a15,T-002-01,main,pass,True
434b58e3-f948-4cfb-92a5-577b1c4c4af8,e4dd3f7a-4e39-41fa-b7a4-32d0f52a5a15,T-002-02,main,fail,True
434b58e3-f948-4cfb-92a5-577b1c4c4af8,e4dd3f7a-4e39-41fa-b7a4-32d0f52a5a15,T-002-03,main,pass,True
434b58e3-f948-4cfb-92a5-577b1c4c4af8,e4dd3f7a-4e39-41fa-b7a4-32d0f52a5a15,T-002-04,main,pass,True
434b58e3-f948-4cfb-92a5-577b1c4c4af8,e4dd3f7a-4e39-41fa-b7a4-32d0f52a5a15,T-003-01,main,pass,True
434b58e3-f948-4cfb-92a5-577b1c4c4af8,e4dd3f7a-4e39-41fa-b7a4-32d0f52a5a15,T-003-02,main,pass,True
434b58e3-f948-4cfb-92a5-577b1c4c4af8,e4dd3f7a-4e39-41fa-b7a4-32d0f52a5a15,T-004-01,main,pass,True
434b58e3-f948-4cfb-92a5-577b1c4c4af8,e4dd3f7a-4e39-41fa-b7a4-32d0f52a5a15,T-004-02,main,pass,True
434b58e3-f948-4cfb-92a5-577b1c4c4af8,e4dd3f7a-4e39-41fa-b7a4-32d0f52a5a15,T-004-03,main,pass,True
434b58e3-f948-4cfb-92a5-577b1c4c4af8,e4dd3f7a-4e39-41fa-b7a4-32d0f52a5a15,T-005-01,main,pass,True
434b58e3-f948-4cfb-92a5-577b1c4c4af8,e4dd3f7a-4e39-41fa-b7a4-32d0f52a5a15,T-005-02,main,fail,True
434b58e3-f948-4cfb-92a5-577b1c4c4af8,e4dd3f7a-4e39-41fa-b7a4-32d0f52a5a15,T-006-01,main,pass,True
434b58e3-f948-4cfb-92a5-577b1c4c4af8,e4dd3f7a-4e39-41fa-b7a4-32d0f52a5a15,T-006-02,main,pass,True
434b58e3-f948-4cfb-92a5-577b1c4c4af8,e4dd3f7a-4e39-41fa-b7a4-32d0f52a5a15,T-006-03,main,pass,True
434b58e3-f948-4cfb-92a5-577b1c4c4af8,e4dd3f7a-4e39-41fa-b7a4-32d0f52a5a15,T-006-04,main,pass,True
434b58e3-f948-4cfb-92a5-577b1c4c4af8,e4dd3f7a-4e39-41fa-b7a4-32d0f52a5a15,T-006-05,lower,pass,True
434b58e3-f948-4cfb-92a5-577b1c4c4af8,e4dd3f7a-4e39-41fa-b7a4-32d0f52a5a15,T-006-05,upper,pass,True
434b58e3-f948-4cfb-92a5-577b1c4c4af8,e4dd3f7a-4e39-41fa-b7a4-32d0f52a5a15,T-006-06,main,pass,True
434b58e3-f948-4cfb-92a5-577b1c4c4af8,e4dd3f7a-4e39-41fa-b7a4-32d0f52a5a15,T-007-01,main,pass,True
434b58e3-f948-4cfb-92a5-577b1c4c4af8,e4dd3f7a-4e39-41fa-b7a4-32d0f52a5a15,T-007-02,main,pass,True
434b58e3-f948-4cfb-92a5-577b1c4c4af8,e4dd3f7a-4e39-41fa-b7a4-32d0f52a5a15,T-007-03,main,pass,True
434b58e3-f948-4cfb-92a5-577b1c4c4af8,e4dd3f7a-4e39-41fa-b7a4-32d0f52a5a15,T-008-01,main,pass,True
434b58e3-f948-4cfb-92a5-577b1c4c4af8,e4dd3f7a-4e39-41fa-b7a4-32d0f52a5a15,T-008-02,main,pass,True
434b58e3-f948-4cfb-92a5-577b1c4c4af8,e4dd3f7a-4e39-41fa-b7a4-32d0f52a5a15,T-008-03,main,pass,True
434b58e3-f948-4cfb-92a5-577b1c4c4af8,e4dd3f7a-4e39-41fa-b7a4-32d0f52a5a15,T-008-04,main,pass,True
434b58e3-f948-4cfb-92a5-577b1c4c4af8,e4dd3f7a-4e39-41fa-b7a4-32d0f52a5a15,T-009-01,main,fail,True
434b58e3-f948-4cfb-92a5-577b1c4c4af8,e4dd3f7a-4e39-41fa-b7a4-32d0f52a5a15,T-009-02,main,pass,True
434b58e3-f948-4cfb-92a5-577b1c4c4af8,e4dd3f7a-4e39-41fa-b7a4-32d0f52a5a15,T-010-01,main,pass,True
434b58e3-f948-4cfb-92a5-577b1c4c4af8,e4dd3f7a-4e39-41fa-b7a4-32d0f52a5a15,T-010-02,main,pass,True
434b58e3-f948-4cfb-92a5-577b1c4c4af8,e4dd3f7a-4e39-41fa-b7a4-32d0f52a5a15,T-010-03,main,pass,True
434b58e3-f948-4cfb-92a5-577b1c4c4af8,e4dd3f7a-4e39-41fa-b7a4-32d0f52a5a15,T-011-01,main,pass,True
434b58e3-f948-4cfb-92a5-577b1c4c4af8,e4dd3f7a-4e39-41fa-b7a4-32d0f52a5a15,T-011-02,main,pass,True
434b58e3-f948-4cfb-92a5-577b1c4c4af8,e4dd3f7a-4e39-41fa-b7a4-32d0f52a5a15,T-012-01,main,pass,True
434b58e3-f948-4cfb-92a5-577b1c4c4af8,e4dd3f7a-4e39-41fa-b7a4-32d0f52a5a15,T-012-02,main,pass,True
434b58e3-f948-4cfb-92a5-577b1c4c4af8,e4dd3f7a-4e39-41fa-b7a4-32d0f52a5a15,T-013-01,main,fail,True
434b58e3-f948-4cfb-92a5-577b1c4c4af8,e4dd3f7a-4e39-41fa-b7a4-32d0f52a5a15,T-013-02,main,pass,True
434b58e3-f948-4cfb-92a5-577b1c4c4af8,e4dd3f7a-4e39-41fa-b7a4-32d0f52a5a15,T-014-01,main,pass,True
434b58e3-f948-4cfb-92a5-577b1c4c4af8,e4dd3f7a-4e39-41fa-b7a4-32d0f52a5a15,T-014-02,main,pass,True
434b58e3-f948-4cfb-92a5-577b1c4c4af8,e4dd3f7a-4e39-41fa-b7a4-32d0f52a5a15,T-015-01,main,fail,True
434b58e3-f948-4cfb-92a5-577b1c4c4af8,e4dd3f7a-4e39-41fa-b7a4-32d0f52a5a15,T-016-01,main,fail,True
434b58e3-f948-4cfb-92a5-577b1c4c4af8,e4dd3f7a-4e39-41fa-b7a4-32d0f52a5a15,T-016-02,main,pass,True
434b58e3-f948-4cfb-92a5-577b1c4c4af8,e4dd3f7a-4e39-41fa-b7a4-32d0f52a5a15,T-016-03,main,pass,True
434b58e3-f948-4cfb-92a5-577b1c4c4af8,e4dd3f7a-4e39-41fa-b7a4-32d0f52a5a15,T-017-01,main,pass,True
434b58e3-f948-4cfb-92a5-577b1c4c4af8,e4dd3f7a-4e39-41fa-b7a4-32d0f52a5a15,T-017-02,main,pass,True
434b58e3-f948-4cfb-92a5-577b1c4c4af8,e4dd3f7a-4e39-41fa-b7a4-32d0f52a5a15,T-018-01,main,pass,True
434b58e3-f948-4cfb-92a5-577b1c4c4af8,e4dd3f7a-4e39-41fa-b7a4-32d0f52a5a15,T-018-02,main,pass,True
434b58e3-f948-4cfb-92a5-577b1c4c4af8,e4dd3f7a-4e39-41fa-b7a4-32d0f52a5a15,T-018-03,main,pass,True
434b58e3-f948-4cfb-92a5-577b1c4c4af8,e4dd3f7a-4e39-41fa-b7a4-32d0f52a5a15,T-019-01,main,fail,True
434b58e3-f948-4cfb-92a5-577b1c4c4af8,e4dd3f7a-4e39-41fa-b7a4-32d0f52a5a15,T-019-02,main,pass,True
434b58e3-f948-4cfb-92a5-577b1c4c4af8,e4dd3f7a-4e39-41fa-b7a4-32d0f52a5a15,T-019-03,main,pass,True
434b58e3-f948-4cfb-92a5-577b1c4c4af8,e4dd3f7a-4e39-41fa-b7a4-32d0f52a5a15,T-020-01,main,pass,True
434b58e3-f948-4cfb-92a5-577b1c4c4af8,e4dd3f7a-4e39-41fa-b7a4-32d0f52a5a15,T-020-02,main,pass,True
434b58e3-f948-4cfb-92a5-577b1c4c4af8,e4dd3f7a-4e39-41fa-b7a4-32d0f52a5a15,T-020-03,main,pass,True
434b58e3-f948-4cfb-92a5-577b1c4c4af8,e4dd3f7a-4e39-41fa-b7a4-32d0f52a5a15,T-020-04,main,pass,True
451385f8-693c-4881-927a-2fd87ad343e5,b22545a8-8448-40f7-a4f4-9c53fcd1fb58,T-001-01,main,fail,True
451385f8-693c-4881-927a-2fd87ad343e5,b22545a8-8448-40f7-a4f4-9c53fcd1fb58,T-001-02,main,pass,True
451385f8-693c-4881-927a-2fd87ad343e5,b22545a8-8448-40f7-a4f4-9c53fcd1fb58,T-001-03,main,pass,True
451385f8-693c-4881-927a-2fd87ad343e5,b22545a8-8448-40f7-a4f4-9c53fcd1fb58,T-001-04,main,pass,True
451385f8-693c-4881-927a-2fd87ad343e5,b22545a8-8448-40f7-a4f4-9c53fcd1fb58,T-002-01,main,pass,True
451385f8-693c-4881-927a-2fd87ad343e5,b22545a8-8448-40f7-a4f4-9c53fcd1fb58,T-002-02,main,fail,True
451385f8-693c-4881-927a-2fd87ad343e5,b22545a8-8448-40f7-a4f4-9c53fcd1fb58,T-002-03,main,pass,True
451385f8-693c-4881-927a-2fd87ad343e5,b22545a8-8448-40f7-a4f4-9c53fcd1fb58,T-002-04,main,pass,True
451385f8-693c-4881-927a-2fd87ad343e5,b22545a8-8448-40f7-a4f4-9c53fcd1fb58,T-003-01,main,pass,True
451385f8-693c-4881-927a-2fd87ad343e5,b22545a8-8448-40f7-a4f4-9c53fcd1fb58,T-003-02,main,pass,True
451385f8-693c-4881-927a-2fd87ad343e5,b22545a8-8448-40f7-a4f4-9c53fcd1fb58,T-004-01,main,pass,True
451385f8-693c-4881-927a-2fd87ad343e5,b22545a8-8448-40f7-a4f4-9c53fcd1fb58,T-004-02,main,fail,True
451385f8-693c-4881-927a-2fd87ad343e5,b22545a8-8448-40f7-a4f4-9c53fcd1fb58,T-004-03,main,fail,True
451385f8-693c-4881-927a-2fd87ad343e5,b22545a8-8448-40f7-a4f4-9c53fcd1fb58,T-005-01,main,fail,True
451385f8-693c-4881-927a-2fd87ad343e5,b22545a8-8448-40f7-a4f4-9c53fcd1fb58,T-005-02,main,fail,True
451385f8-693c-4881-927a-2fd87ad343e5,b22545a8-8448-40f7-a4f4-9c53fcd1fb58,T-006-01,main,blocked,True
451385f8-693c-4881-927a-2fd87ad343e5,b22545a8-8448-40f7-a4f4-9c53fcd1fb58,T-006-02,main,blocked,True
451385f8-693c-4881-927a-2fd87ad343e5,b22545a8-8448-40f7-a4f4-9c53fcd1fb58,T-006-03,main,blocked,True
451385f8-693c-4881-927a-2fd87ad343e5,b22545a8-8448-40f7-a4f4-9c53fcd1fb58,T-006-04,main,blocked,True
451385f8-693c-4881-927a-2fd87ad343e5,b22545a8-8448-40f7-a4f4-9c53fcd1fb58,T-006-05,lower,blocked,True
451385f8-693c-4881-927a-2fd87ad343e5,b22545a8-8448-40f7-a4f4-9c53fcd1fb58,T-006-05,upper,blocked,True
451385f8-693c-4881-927a-2fd87ad343e5,b22545a8-8448-40f7-a4f4-9c53fcd1fb58,T-006-06,main,pass,True
451385f8-693c-4881-927a-2fd87ad343e5,b22545a8-8448-40f7-a4f4-9c53fcd1fb58,T-007-01,main,blocked,True
451385f8-693c-4881-927a-2fd87ad343e5,b22545a8-8448-40f7-a4f4-9c53fcd1fb58,T-007-02,main,blocked,True
451385f8-693c-4881-927a-2fd87ad343e5,b22545a8-8448-40f7-a4f4-9c53fcd1fb58,T-007-03,main,blocked,True
451385f8-693c-4881-927a-2fd87ad343e5,b22545a8-8448-40f7-a4f4-9c53fcd1fb58,T-008-01,main,blocked,True
451385f8-693c-4881-927a-2fd87ad343e5,b22545a8-8448-40f7-a4f4-9c53fcd1fb58,T-008-02,main,blocked,True
451385f8-693c-4881-927a-2fd87ad343e5,b22545a8-8448-40f7-a4f4-9c53fcd1fb58,T-008-03,main,pass,True
451385f8-693c-4881-927a-2fd87ad343e5,b22545a8-8448-40f7-a4f4-9c53fcd1fb58,T-008-04,main,pass,True
451385f8-693c-4881-927a-2fd87ad343e5,b22545a8-8448-40f7-a4f4-9c53fcd1fb58,T-009-01,main,blocked,True
451385f8-693c-4881-927a-2fd87ad343e5,b22545a8-8448-40f7-a4f4-9c53fcd1fb58,T-009-02,main,blocked,True
451385f8-693c-4881-927a-2fd87ad343e5,b22545a8-8448-40f7-a4f4-9c53fcd1fb58,T-010-01,main,blocked,True
451385f8-693c-4881-927a-2fd87ad343e5,b22545a8-8448-40f7-a4f4-9c53fcd1fb58,T-010-02,main,blocked,True
451385f8-693c-4881-927a-2fd87ad343e5,b22545a8-8448-40f7-a4f4-9c53fcd1fb58,T-010-03,main,blocked,True
451385f8-693c-4881-927a-2fd87ad343e5,b22545a8-8448-40f7-a4f4-9c53fcd1fb58,T-011-01,main,blocked,True
451385f8-693c-4881-927a-2fd87ad343e5,b22545a8-8448-40f7-a4f4-9c53fcd1fb58,T-011-02,main,blocked,True
451385f8-693c-4881-927a-2fd87ad343e5,b22545a8-8448-40f7-a4f4-9c53fcd1fb58,T-012-01,main,blocked,True
451385f8-693c-4881-927a-2fd87ad343e5,b22545a8-8448-40f7-a4f4-9c53fcd1fb58,T-012-02,main,blocked,True
451385f8-693c-4881-927a-2fd87ad343e5,b22545a8-8448-40f7-a4f4-9c53fcd1fb58,T-013-01,main,blocked,True
451385f8-693c-4881-927a-2fd87ad343e5,b22545a8-8448-40f7-a4f4-9c53fcd1fb58,T-013-02,main,blocked,True
451385f8-693c-4881-927a-2fd87ad343e5,b22545a8-8448-40f7-a4f4-9c53fcd1fb58,T-014-01,main,blocked,True
451385f8-693c-4881-927a-2fd87ad343e5,b22545a8-8448-40f7-a4f4-9c53fcd1fb58,T-014-02,main,blocked,True
451385f8-693c-4881-927a-2fd87ad343e5,b22545a8-8448-40f7-a4f4-9c53fcd1fb58,T-015-01,main,blocked,True
451385f8-693c-4881-927a-2fd87ad343e5,b22545a8-8448-40f7-a4f4-9c53fcd1fb58,T-016-01,main,blocked,True
451385f8-693c-4881-927a-2fd87ad343e5,b22545a8-8448-40f7-a4f4-9c53fcd1fb58,T-016-02,main,blocked,True
451385f8-693c-4881-927a-2fd87ad343e5,b22545a8-8448-40f7-a4f4-9c53fcd1fb58,T-016-03,main,pass,True
451385f8-693c-4881-927a-2fd87ad343e5,b22545a8-8448-40f7-a4f4-9c53fcd1fb58,T-017-01,main,blocked,True
451385f8-693c-4881-927a-2fd87ad343e5,b22545a8-8448-40f7-a4f4-9c53fcd1fb58,T-017-02,main,blocked,True
451385f8-693c-4881-927a-2fd87ad343e5,b22545a8-8448-40f7-a4f4-9c53fcd1fb58,T-018-01,main,fail,True
451385f8-693c-4881-927a-2fd87ad343e5,b22545a8-8448-40f7-a4f4-9c53fcd1fb58,T-018-02,main,fail,True
451385f8-693c-4881-927a-2fd87ad343e5,b22545a8-8448-40f7-a4f4-9c53fcd1fb58,T-018-03,main,pass,True
451385f8-693c-4881-927a-2fd87ad343e5,b22545a8-8448-40f7-a4f4-9c53fcd1fb58,T-019-01,main,pass,True
451385f8-693c-4881-927a-2fd87ad343e5,b22545a8-8448-40f7-a4f4-9c53fcd1fb58,T-019-02,main,pass,True
451385f8-693c-4881-927a-2fd87ad343e5,b22545a8-8448-40f7-a4f4-9c53fcd1fb58,T-019-03,main,pass,True
451385f8-693c-4881-927a-2fd87ad343e5,b22545a8-8448-40f7-a4f4-9c53fcd1fb58,T-020-01,main,fail,True
451385f8-693c-4881-927a-2fd87ad343e5,b22545a8-8448-40f7-a4f4-9c53fcd1fb58,T-020-02,main,pass,True
451385f8-693c-4881-927a-2fd87ad343e5,b22545a8-8448-40f7-a4f4-9c53fcd1fb58,T-020-03,main,fail,True
451385f8-693c-4881-927a-2fd87ad343e5,b22545a8-8448-40f7-a4f4-9c53fcd1fb58,T-020-04,main,pass,True
47b5dc69-6cad-48e4-9959-339ef37bccd4,b51d0072-9a86-4e06-95a7-7bc1562d771c,T-001-01,main,blocked,True
47b5dc69-6cad-48e4-9959-339ef37bccd4,b51d0072-9a86-4e06-95a7-7bc1562d771c,T-001-02,main,blocked,True
47b5dc69-6cad-48e4-9959-339ef37bccd4,b51d0072-9a86-4e06-95a7-7bc1562d771c,T-001-03,main,pass,True
47b5dc69-6cad-48e4-9959-339ef37bccd4,b51d0072-9a86-4e06-95a7-7bc1562d771c,T-001-04,main,pass,True
47b5dc69-6cad-48e4-9959-339ef37bccd4,b51d0072-9a86-4e06-95a7-7bc1562d771c,T-002-01,main,fail,True
47b5dc69-6cad-48e4-9959-339ef37bccd4,b51d0072-9a86-4e06-95a7-7bc1562d771c,T-002-02,main,blocked,True
47b5dc69-6cad-48e4-9959-339ef37bccd4,b51d0072-9a86-4e06-95a7-7bc1562d771c,T-002-03,main,blocked,True
47b5dc69-6cad-48e4-9959-339ef37bccd4,b51d0072-9a86-4e06-95a7-7bc1562d771c,T-002-04,main,pass,True
47b5dc69-6cad-48e4-9959-339ef37bccd4,b51d0072-9a86-4e06-95a7-7bc1562d771c,T-003-01,main,blocked,True
47b5dc69-6cad-48e4-9959-339ef37bccd4,b51d0072-9a86-4e06-95a7-7bc1562d771c,T-003-02,main,blocked,True
47b5dc69-6cad-48e4-9959-339ef37bccd4,b51d0072-9a86-4e06-95a7-7bc1562d771c,T-004-01,main,blocked,True
47b5dc69-6cad-48e4-9959-339ef37bccd4,b51d0072-9a86-4e06-95a7-7bc1562d771c,T-004-02,main,blocked,True
47b5dc69-6cad-48e4-9959-339ef37bccd4,b51d0072-9a86-4e06-95a7-7bc1562d771c,T-004-03,main,blocked,True
47b5dc69-6cad-48e4-9959-339ef37bccd4,b51d0072-9a86-4e06-95a7-7bc1562d771c,T-005-01,main,blocked,True
47b5dc69-6cad-48e4-9959-339ef37bccd4,b51d0072-9a86-4e06-95a7-7bc1562d771c,T-005-02,main,blocked,True
47b5dc69-6cad-48e4-9959-339ef37bccd4,b51d0072-9a86-4e06-95a7-7bc1562d771c,T-006-01,main,blocked,True
47b5dc69-6cad-48e4-9959-339ef37bccd4,b51d0072-9a86-4e06-95a7-7bc1562d771c,T-006-02,main,blocked,True
47b5dc69-6cad-48e4-9959-339ef37bccd4,b51d0072-9a86-4e06-95a7-7bc1562d771c,T-006-03,main,blocked,True
47b5dc69-6cad-48e4-9959-339ef37bccd4,b51d0072-9a86-4e06-95a7-7bc1562d771c,T-006-04,main,blocked,True
47b5dc69-6cad-48e4-9959-339ef37bccd4,b51d0072-9a86-4e06-95a7-7bc1562d771c,T-006-05,lower,blocked,True
47b5dc69-6cad-48e4-9959-339ef37bccd4,b51d0072-9a86-4e06-95a7-7bc1562d771c,T-006-05,upper,blocked,True
47b5dc69-6cad-48e4-9959-339ef37bccd4,b51d0072-9a86-4e06-95a7-7bc1562d771c,T-006-06,main,blocked,True
47b5dc69-6cad-48e4-9959-339ef37bccd4,b51d0072-9a86-4e06-95a7-7bc1562d771c,T-007-01,main,blocked,True
47b5dc69-6cad-48e4-9959-339ef37bccd4,b51d0072-9a86-4e06-95a7-7bc1562d771c,T-007-02,main,blocked,True
47b5dc69-6cad-48e4-9959-339ef37bccd4,b51d0072-9a86-4e06-95a7-7bc1562d771c,T-007-03,main,blocked,True
47b5dc69-6cad-48e4-9959-339ef37bccd4,b51d0072-9a86-4e06-95a7-7bc1562d771c,T-008-01,main,blocked,True
47b5dc69-6cad-48e4-9959-339ef37bccd4,b51d0072-9a86-4e06-95a7-7bc1562d771c,T-008-02,main,blocked,True
47b5dc69-6cad-48e4-9959-339ef37bccd4,b51d0072-9a86-4e06-95a7-7bc1562d771c,T-008-03,main,blocked,True
47b5dc69-6cad-48e4-9959-339ef37bccd4,b51d0072-9a86-4e06-95a7-7bc1562d771c,T-008-04,main,blocked,True
47b5dc69-6cad-48e4-9959-339ef37bccd4,b51d0072-9a86-4e06-95a7-7bc1562d771c,T-009-01,main,blocked,True
47b5dc69-6cad-48e4-9959-339ef37bccd4,b51d0072-9a86-4e06-95a7-7bc1562d771c,T-009-02,main,blocked,True
47b5dc69-6cad-48e4-9959-339ef37bccd4,b51d0072-9a86-4e06-95a7-7bc1562d771c,T-010-01,main,blocked,True
47b5dc69-6cad-48e4-9959-339ef37bccd4,b51d0072-9a86-4e06-95a7-7bc1562d771c,T-010-02,main,blocked,True
47b5dc69-6cad-48e4-9959-339ef37bccd4,b51d0072-9a86-4e06-95a7-7bc1562d771c,T-010-03,main,blocked,True
47b5dc69-6cad-48e4-9959-339ef37bccd4,b51d0072-9a86-4e06-95a7-7bc1562d771c,T-011-01,main,blocked,True
47b5dc69-6cad-48e4-9959-339ef37bccd4,b51d0072-9a86-4e06-95a7-7bc1562d771c,T-011-02,main,blocked,True
47b5dc69-6cad-48e4-9959-339ef37bccd4,b51d0072-9a86-4e06-95a7-7bc1562d771c,T-012-01,main,blocked,True
47b5dc69-6cad-48e4-9959-339ef37bccd4,b51d0072-9a86-4e06-95a7-7bc1562d771c,T-012-02,main,blocked,True
47b5dc69-6cad-48e4-9959-339ef37bccd4,b51d0072-9a86-4e06-95a7-7bc1562d771c,T-013-01,main,blocked,True
47b5dc69-6cad-48e4-9959-339ef37bccd4,b51d0072-9a86-4e06-95a7-7bc1562d771c,T-013-02,main,blocked,True
47b5dc69-6cad-48e4-9959-339ef37bccd4,b51d0072-9a86-4e06-95a7-7bc1562d771c,T-014-01,main,blocked,True
47b5dc69-6cad-48e4-9959-339ef37bccd4,b51d0072-9a86-4e06-95a7-7bc1562d771c,T-014-02,main,blocked,True
47b5dc69-6cad-48e4-9959-339ef37bccd4,b51d0072-9a86-4e06-95a7-7bc1562d771c,T-015-01,main,blocked,True
47b5dc69-6cad-48e4-9959-339ef37bccd4,b51d0072-9a86-4e06-95a7-7bc1562d771c,T-016-01,main,blocked,True
47b5dc69-6cad-48e4-9959-339ef37bccd4,b51d0072-9a86-4e06-95a7-7bc1562d771c,T-016-02,main,blocked,True
47b5dc69-6cad-48e4-9959-339ef37bccd4,b51d0072-9a86-4e06-95a7-7bc1562d771c,T-016-03,main,blocked,True
47b5dc69-6cad-48e4-9959-339ef37bccd4,b51d0072-9a86-4e06-95a7-7bc1562d771c,T-017-01,main,blocked,True
47b5dc69-6cad-48e4-9959-339ef37bccd4,b51d0072-9a86-4e06-95a7-7bc1562d771c,T-017-02,main,blocked,True
47b5dc69-6cad-48e4-9959-339ef37bccd4,b51d0072-9a86-4e06-95a7-7bc1562d771c,T-018-01,main,blocked,True
47b5dc69-6cad-48e4-9959-339ef37bccd4,b51d0072-9a86-4e06-95a7-7bc1562d771c,T-018-02,main,blocked,True
47b5dc69-6cad-48e4-9959-339ef37bccd4,b51d0072-9a86-4e06-95a7-7bc1562d771c,T-018-03,main,blocked,True
47b5dc69-6cad-48e4-9959-339ef37bccd4,b51d0072-9a86-4e06-95a7-7bc1562d771c,T-019-01,main,blocked,True
47b5dc69-6cad-48e4-9959-339ef37bccd4,b51d0072-9a86-4e06-95a7-7bc1562d771c,T-019-02,main,blocked,True
47b5dc69-6cad-48e4-9959-339ef37bccd4,b51d0072-9a86-4e06-95a7-7bc1562d771c,T-019-03,main,blocked,True
47b5dc69-6cad-48e4-9959-339ef37bccd4,b51d0072-9a86-4e06-95a7-7bc1562d771c,T-020-01,main,blocked,True
47b5dc69-6cad-48e4-9959-339ef37bccd4,b51d0072-9a86-4e06-95a7-7bc1562d771c,T-020-02,main,blocked,True
47b5dc69-6cad-48e4-9959-339ef37bccd4,b51d0072-9a86-4e06-95a7-7bc1562d771c,T-020-03,main,blocked,True
47b5dc69-6cad-48e4-9959-339ef37bccd4,b51d0072-9a86-4e06-95a7-7bc1562d771c,T-020-04,main,blocked,True
4fec6537-4704-46a5-a732-8ea312b2551c,bed22a25-b5e5-4124-be25-eaf44f2023d0,T-001-01,main,pass,True
4fec6537-4704-46a5-a732-8ea312b2551c,bed22a25-b5e5-4124-be25-eaf44f2023d0,T-001-02,main,pass,True
4fec6537-4704-46a5-a732-8ea312b2551c,bed22a25-b5e5-4124-be25-eaf44f2023d0,T-001-03,main,pass,True
4fec6537-4704-46a5-a732-8ea312b2551c,bed22a25-b5e5-4124-be25-eaf44f2023d0,T-001-04,main,pass,True
4fec6537-4704-46a5-a732-8ea312b2551c,bed22a25-b5e5-4124-be25-eaf44f2023d0,T-002-01,main,fail,True
4fec6537-4704-46a5-a732-8ea312b2551c,bed22a25-b5e5-4124-be25-eaf44f2023d0,T-002-02,main,fail,True
4fec6537-4704-46a5-a732-8ea312b2551c,bed22a25-b5e5-4124-be25-eaf44f2023d0,T-002-03,main,pass,True
4fec6537-4704-46a5-a732-8ea312b2551c,bed22a25-b5e5-4124-be25-eaf44f2023d0,T-002-04,main,pass,True
4fec6537-4704-46a5-a732-8ea312b2551c,bed22a25-b5e5-4124-be25-eaf44f2023d0,T-003-01,main,fail,True
4fec6537-4704-46a5-a732-8ea312b2551c,bed22a25-b5e5-4124-be25-eaf44f2023d0,T-003-02,main,fail,True
4fec6537-4704-46a5-a732-8ea312b2551c,bed22a25-b5e5-4124-be25-eaf44f2023d0,T-004-01,main,pass,True
4fec6537-4704-46a5-a732-8ea312b2551c,bed22a25-b5e5-4124-be25-eaf44f2023d0,T-004-02,main,pass,True
4fec6537-4704-46a5-a732-8ea312b2551c,bed22a25-b5e5-4124-be25-eaf44f2023d0,T-004-03,main,fail,True
4fec6537-4704-46a5-a732-8ea312b2551c,bed22a25-b5e5-4124-be25-eaf44f2023d0,T-005-01,main,pass,True
4fec6537-4704-46a5-a732-8ea312b2551c,bed22a25-b5e5-4124-be25-eaf44f2023d0,T-005-02,main,fail,True
4fec6537-4704-46a5-a732-8ea312b2551c,bed22a25-b5e5-4124-be25-eaf44f2023d0,T-006-01,main,pass,True
4fec6537-4704-46a5-a732-8ea312b2551c,bed22a25-b5e5-4124-be25-eaf44f2023d0,T-006-02,main,pass,True
4fec6537-4704-46a5-a732-8ea312b2551c,bed22a25-b5e5-4124-be25-eaf44f2023d0,T-006-03,main,pass,True
4fec6537-4704-46a5-a732-8ea312b2551c,bed22a25-b5e5-4124-be25-eaf44f2023d0,T-006-04,main,pass,True
4fec6537-4704-46a5-a732-8ea312b2551c,bed22a25-b5e5-4124-be25-eaf44f2023d0,T-006-05,lower,pass,True
4fec6537-4704-46a5-a732-8ea312b2551c,bed22a25-b5e5-4124-be25-eaf44f2023d0,T-006-05,upper,pass,True
4fec6537-4704-46a5-a732-8ea312b2551c,bed22a25-b5e5-4124-be25-eaf44f2023d0,T-006-06,main,pass,True
4fec6537-4704-46a5-a732-8ea312b2551c,bed22a25-b5e5-4124-be25-eaf44f2023d0,T-007-01,main,pass,True
4fec6537-4704-46a5-a732-8ea312b2551c,bed22a25-b5e5-4124-be25-eaf44f2023d0,T-007-02,main,pass,True
4fec6537-4704-46a5-a732-8ea312b2551c,bed22a25-b5e5-4124-be25-eaf44f2023d0,T-007-03,main,fail,True
4fec6537-4704-46a5-a732-8ea312b2551c,bed22a25-b5e5-4124-be25-eaf44f2023d0,T-008-01,main,pass,True
4fec6537-4704-46a5-a732-8ea312b2551c,bed22a25-b5e5-4124-be25-eaf44f2023d0,T-008-02,main,pass,True
4fec6537-4704-46a5-a732-8ea312b2551c,bed22a25-b5e5-4124-be25-eaf44f2023d0,T-008-03,main,pass,True
4fec6537-4704-46a5-a732-8ea312b2551c,bed22a25-b5e5-4124-be25-eaf44f2023d0,T-008-04,main,pass,True
4fec6537-4704-46a5-a732-8ea312b2551c,bed22a25-b5e5-4124-be25-eaf44f2023d0,T-009-01,main,fail,True
4fec6537-4704-46a5-a732-8ea312b2551c,bed22a25-b5e5-4124-be25-eaf44f2023d0,T-009-02,main,pass,True
4fec6537-4704-46a5-a732-8ea312b2551c,bed22a25-b5e5-4124-be25-eaf44f2023d0,T-010-01,main,pass,True
4fec6537-4704-46a5-a732-8ea312b2551c,bed22a25-b5e5-4124-be25-eaf44f2023d0,T-010-02,main,pass,True
4fec6537-4704-46a5-a732-8ea312b2551c,bed22a25-b5e5-4124-be25-eaf44f2023d0,T-010-03,main,pass,True
4fec6537-4704-46a5-a732-8ea312b2551c,bed22a25-b5e5-4124-be25-eaf44f2023d0,T-011-01,main,pass,True
4fec6537-4704-46a5-a732-8ea312b2551c,bed22a25-b5e5-4124-be25-eaf44f2023d0,T-011-02,main,fail,True
4fec6537-4704-46a5-a732-8ea312b2551c,bed22a25-b5e5-4124-be25-eaf44f2023d0,T-012-01,main,fail,True
4fec6537-4704-46a5-a732-8ea312b2551c,bed22a25-b5e5-4124-be25-eaf44f2023d0,T-012-02,main,pass,True
4fec6537-4704-46a5-a732-8ea312b2551c,bed22a25-b5e5-4124-be25-eaf44f2023d0,T-013-01,main,fail,True
4fec6537-4704-46a5-a732-8ea312b2551c,bed22a25-b5e5-4124-be25-eaf44f2023d0,T-013-02,main,pass,True
4fec6537-4704-46a5-a732-8ea312b2551c,bed22a25-b5e5-4124-be25-eaf44f2023d0,T-014-01,main,pass,True
4fec6537-4704-46a5-a732-8ea312b2551c,bed22a25-b5e5-4124-be25-eaf44f2023d0,T-014-02,main,pass,True
4fec6537-4704-46a5-a732-8ea312b2551c,bed22a25-b5e5-4124-be25-eaf44f2023d0,T-015-01,main,fail,True
4fec6537-4704-46a5-a732-8ea312b2551c,bed22a25-b5e5-4124-be25-eaf44f2023d0,T-016-01,main,fail,True
4fec6537-4704-46a5-a732-8ea312b2551c,bed22a25-b5e5-4124-be25-eaf44f2023d0,T-016-02,main,pass,True
4fec6537-4704-46a5-a732-8ea312b2551c,bed22a25-b5e5-4124-be25-eaf44f2023d0,T-016-03,main,pass,True
4fec6537-4704-46a5-a732-8ea312b2551c,bed22a25-b5e5-4124-be25-eaf44f2023d0,T-017-01,main,fail,True
4fec6537-4704-46a5-a732-8ea312b2551c,bed22a25-b5e5-4124-be25-eaf44f2023d0,T-017-02,main,pass,True
4fec6537-4704-46a5-a732-8ea312b2551c,bed22a25-b5e5-4124-be25-eaf44f2023d0,T-018-01,main,pass,True
4fec6537-4704-46a5-a732-8ea312b2551c,bed22a25-b5e5-4124-be25-eaf44f2023d0,T-018-02,main,pass,True
4fec6537-4704-46a5-a732-8ea312b2551c,bed22a25-b5e5-4124-be25-eaf44f2023d0,T-018-03,main,pass,True
4fec6537-4704-46a5-a732-8ea312b2551c,bed22a25-b5e5-4124-be25-eaf44f2023d0,T-019-01,main,pass,True
4fec6537-4704-46a5-a732-8ea312b2551c,bed22a25-b5e5-4124-be25-eaf44f2023d0,T-019-02,main,pass,True
4fec6537-4704-46a5-a732-8ea312b2551c,bed22a25-b5e5-4124-be25-eaf44f2023d0,T-019-03,main,pass,True
4fec6537-4704-46a5-a732-8ea312b2551c,bed22a25-b5e5-4124-be25-eaf44f2023d0,T-020-01,main,pass,True
4fec6537-4704-46a5-a732-8ea312b2551c,bed22a25-b5e5-4124-be25-eaf44f2023d0,T-020-02,main,pass,True
4fec6537-4704-46a5-a732-8ea312b2551c,bed22a25-b5e5-4124-be25-eaf44f2023d0,T-020-03,main,pass,True
4fec6537-4704-46a5-a732-8ea312b2551c,bed22a25-b5e5-4124-be25-eaf44f2023d0,T-020-04,main,fail,True
51463b84-66e0-4a29-9992-b74a598cf1cc,42139772-695b-4dbe-94a7-742314e4f2aa,T-001-01,main,pass,True
51463b84-66e0-4a29-9992-b74a598cf1cc,42139772-695b-4dbe-94a7-742314e4f2aa,T-001-02,main,pass,True
51463b84-66e0-4a29-9992-b74a598cf1cc,42139772-695b-4dbe-94a7-742314e4f2aa,T-001-03,main,pass,True
51463b84-66e0-4a29-9992-b74a598cf1cc,42139772-695b-4dbe-94a7-742314e4f2aa,T-001-04,main,pass,True
51463b84-66e0-4a29-9992-b74a598cf1cc,42139772-695b-4dbe-94a7-742314e4f2aa,T-002-01,main,fail,True
51463b84-66e0-4a29-9992-b74a598cf1cc,42139772-695b-4dbe-94a7-742314e4f2aa,T-002-02,main,fail,True
51463b84-66e0-4a29-9992-b74a598cf1cc,42139772-695b-4dbe-94a7-742314e4f2aa,T-002-03,main,pass,True
51463b84-66e0-4a29-9992-b74a598cf1cc,42139772-695b-4dbe-94a7-742314e4f2aa,T-002-04,main,pass,True
51463b84-66e0-4a29-9992-b74a598cf1cc,42139772-695b-4dbe-94a7-742314e4f2aa,T-003-01,main,pass,True
51463b84-66e0-4a29-9992-b74a598cf1cc,42139772-695b-4dbe-94a7-742314e4f2aa,T-003-02,main,pass,True
51463b84-66e0-4a29-9992-b74a598cf1cc,42139772-695b-4dbe-94a7-742314e4f2aa,T-004-01,main,pass,True
51463b84-66e0-4a29-9992-b74a598cf1cc,42139772-695b-4dbe-94a7-742314e4f2aa,T-004-02,main,pass,True
51463b84-66e0-4a29-9992-b74a598cf1cc,42139772-695b-4dbe-94a7-742314e4f2aa,T-004-03,main,fail,True
51463b84-66e0-4a29-9992-b74a598cf1cc,42139772-695b-4dbe-94a7-742314e4f2aa,T-005-01,main,pass,True
51463b84-66e0-4a29-9992-b74a598cf1cc,42139772-695b-4dbe-94a7-742314e4f2aa,T-005-02,main,pass,True
51463b84-66e0-4a29-9992-b74a598cf1cc,42139772-695b-4dbe-94a7-742314e4f2aa,T-006-01,main,pass,True
51463b84-66e0-4a29-9992-b74a598cf1cc,42139772-695b-4dbe-94a7-742314e4f2aa,T-006-02,main,pass,True
51463b84-66e0-4a29-9992-b74a598cf1cc,42139772-695b-4dbe-94a7-742314e4f2aa,T-006-03,main,pass,True
51463b84-66e0-4a29-9992-b74a598cf1cc,42139772-695b-4dbe-94a7-742314e4f2aa,T-006-04,main,pass,True
51463b84-66e0-4a29-9992-b74a598cf1cc,42139772-695b-4dbe-94a7-742314e4f2aa,T-006-05,lower,pass,True
51463b84-66e0-4a29-9992-b74a598cf1cc,42139772-695b-4dbe-94a7-742314e4f2aa,T-006-05,upper,pass,True
51463b84-66e0-4a29-9992-b74a598cf1cc,42139772-695b-4dbe-94a7-742314e4f2aa,T-006-06,main,pass,True
51463b84-66e0-4a29-9992-b74a598cf1cc,42139772-695b-4dbe-94a7-742314e4f2aa,T-007-01,main,pass,True
51463b84-66e0-4a29-9992-b74a598cf1cc,42139772-695b-4dbe-94a7-742314e4f2aa,T-007-02,main,pass,True
51463b84-66e0-4a29-9992-b74a598cf1cc,42139772-695b-4dbe-94a7-742314e4f2aa,T-007-03,main,pass,True
51463b84-66e0-4a29-9992-b74a598cf1cc,42139772-695b-4dbe-94a7-742314e4f2aa,T-008-01,main,pass,True
51463b84-66e0-4a29-9992-b74a598cf1cc,42139772-695b-4dbe-94a7-742314e4f2aa,T-008-02,main,pass,True
51463b84-66e0-4a29-9992-b74a598cf1cc,42139772-695b-4dbe-94a7-742314e4f2aa,T-008-03,main,pass,True
51463b84-66e0-4a29-9992-b74a598cf1cc,42139772-695b-4dbe-94a7-742314e4f2aa,T-008-04,main,pass,True
51463b84-66e0-4a29-9992-b74a598cf1cc,42139772-695b-4dbe-94a7-742314e4f2aa,T-009-01,main,fail,True
51463b84-66e0-4a29-9992-b74a598cf1cc,42139772-695b-4dbe-94a7-742314e4f2aa,T-009-02,main,pass,True
51463b84-66e0-4a29-9992-b74a598cf1cc,42139772-695b-4dbe-94a7-742314e4f2aa,T-010-01,main,fail,True
51463b84-66e0-4a29-9992-b74a598cf1cc,42139772-695b-4dbe-94a7-742314e4f2aa,T-010-02,main,pass,True
51463b84-66e0-4a29-9992-b74a598cf1cc,42139772-695b-4dbe-94a7-742314e4f2aa,T-010-03,main,pass,True
51463b84-66e0-4a29-9992-b74a598cf1cc,42139772-695b-4dbe-94a7-742314e4f2aa,T-011-01,main,fail,True
51463b84-66e0-4a29-9992-b74a598cf1cc,42139772-695b-4dbe-94a7-742314e4f2aa,T-011-02,main,pass,True
51463b84-66e0-4a29-9992-b74a598cf1cc,42139772-695b-4dbe-94a7-742314e4f2aa,T-012-01,main,pass,True
51463b84-66e0-4a29-9992-b74a598cf1cc,42139772-695b-4dbe-94a7-742314e4f2aa,T-012-02,main,pass,True
51463b84-66e0-4a29-9992-b74a598cf1cc,42139772-695b-4dbe-94a7-742314e4f2aa,T-013-01,main,fail,True
51463b84-66e0-4a29-9992-b74a598cf1cc,42139772-695b-4dbe-94a7-742314e4f2aa,T-013-02,main,pass,True
51463b84-66e0-4a29-9992-b74a598cf1cc,42139772-695b-4dbe-94a7-742314e4f2aa,T-014-01,main,pass,True
51463b84-66e0-4a29-9992-b74a598cf1cc,42139772-695b-4dbe-94a7-742314e4f2aa,T-014-02,main,pass,True
51463b84-66e0-4a29-9992-b74a598cf1cc,42139772-695b-4dbe-94a7-742314e4f2aa,T-015-01,main,fail,True
51463b84-66e0-4a29-9992-b74a598cf1cc,42139772-695b-4dbe-94a7-742314e4f2aa,T-016-01,main,fail,True
51463b84-66e0-4a29-9992-b74a598cf1cc,42139772-695b-4dbe-94a7-742314e4f2aa,T-016-02,main,pass,True
51463b84-66e0-4a29-9992-b74a598cf1cc,42139772-695b-4dbe-94a7-742314e4f2aa,T-016-03,main,pass,True
51463b84-66e0-4a29-9992-b74a598cf1cc,42139772-695b-4dbe-94a7-742314e4f2aa,T-017-01,main,fail,True
51463b84-66e0-4a29-9992-b74a598cf1cc,42139772-695b-4dbe-94a7-742314e4f2aa,T-017-02,main,pass,True
51463b84-66e0-4a29-9992-b74a598cf1cc,42139772-695b-4dbe-94a7-742314e4f2aa,T-018-01,main,pass,True
51463b84-66e0-4a29-9992-b74a598cf1cc,42139772-695b-4dbe-94a7-742314e4f2aa,T-018-02,main,pass,True
51463b84-66e0-4a29-9992-b74a598cf1cc,42139772-695b-4dbe-94a7-742314e4f2aa,T-018-03,main,pass,True
51463b84-66e0-4a29-9992-b74a598cf1cc,42139772-695b-4dbe-94a7-742314e4f2aa,T-019-01,main,fail,True
51463b84-66e0-4a29-9992-b74a598cf1cc,42139772-695b-4dbe-94a7-742314e4f2aa,T-019-02,main,pass,True
51463b84-66e0-4a29-9992-b74a598cf1cc,42139772-695b-4dbe-94a7-742314e4f2aa,T-019-03,main,pass,True
51463b84-66e0-4a29-9992-b74a598cf1cc,42139772-695b-4dbe-94a7-742314e4f2aa,T-020-01,main,pass,True
51463b84-66e0-4a29-9992-b74a598cf1cc,42139772-695b-4dbe-94a7-742314e4f2aa,T-020-02,main,pass,True
51463b84-66e0-4a29-9992-b74a598cf1cc,42139772-695b-4dbe-94a7-742314e4f2aa,T-020-03,main,pass,True
51463b84-66e0-4a29-9992-b74a598cf1cc,42139772-695b-4dbe-94a7-742314e4f2aa,T-020-04,main,pass,True
5864c2dd-59e9-4a85-b07d-28c093aaa16a,cf836794-f141-477b-9bd6-6313c02b0094,T-001-01,main,pass,True
5864c2dd-59e9-4a85-b07d-28c093aaa16a,cf836794-f141-477b-9bd6-6313c02b0094,T-001-02,main,pass,True
5864c2dd-59e9-4a85-b07d-28c093aaa16a,cf836794-f141-477b-9bd6-6313c02b0094,T-001-03,main,pass,True
5864c2dd-59e9-4a85-b07d-28c093aaa16a,cf836794-f141-477b-9bd6-6313c02b0094,T-001-04,main,pass,True
5864c2dd-59e9-4a85-b07d-28c093aaa16a,cf836794-f141-477b-9bd6-6313c02b0094,T-002-01,main,fail,True
5864c2dd-59e9-4a85-b07d-28c093aaa16a,cf836794-f141-477b-9bd6-6313c02b0094,T-002-02,main,fail,True
5864c2dd-59e9-4a85-b07d-28c093aaa16a,cf836794-f141-477b-9bd6-6313c02b0094,T-002-03,main,pass,True
5864c2dd-59e9-4a85-b07d-28c093aaa16a,cf836794-f141-477b-9bd6-6313c02b0094,T-002-04,main,pass,True
5864c2dd-59e9-4a85-b07d-28c093aaa16a,cf836794-f141-477b-9bd6-6313c02b0094,T-003-01,main,pass,True
5864c2dd-59e9-4a85-b07d-28c093aaa16a,cf836794-f141-477b-9bd6-6313c02b0094,T-003-02,main,pass,True
5864c2dd-59e9-4a85-b07d-28c093aaa16a,cf836794-f141-477b-9bd6-6313c02b0094,T-004-01,main,pass,True
5864c2dd-59e9-4a85-b07d-28c093aaa16a,cf836794-f141-477b-9bd6-6313c02b0094,T-004-02,main,pass,True
5864c2dd-59e9-4a85-b07d-28c093aaa16a,cf836794-f141-477b-9bd6-6313c02b0094,T-004-03,main,fail,True
5864c2dd-59e9-4a85-b07d-28c093aaa16a,cf836794-f141-477b-9bd6-6313c02b0094,T-005-01,main,pass,True
5864c2dd-59e9-4a85-b07d-28c093aaa16a,cf836794-f141-477b-9bd6-6313c02b0094,T-005-02,main,fail,True
5864c2dd-59e9-4a85-b07d-28c093aaa16a,cf836794-f141-477b-9bd6-6313c02b0094,T-006-01,main,pass,True
5864c2dd-59e9-4a85-b07d-28c093aaa16a,cf836794-f141-477b-9bd6-6313c02b0094,T-006-02,main,pass,True
5864c2dd-59e9-4a85-b07d-28c093aaa16a,cf836794-f141-477b-9bd6-6313c02b0094,T-006-03,main,pass,True
5864c2dd-59e9-4a85-b07d-28c093aaa16a,cf836794-f141-477b-9bd6-6313c02b0094,T-006-04,main,pass,True
5864c2dd-59e9-4a85-b07d-28c093aaa16a,cf836794-f141-477b-9bd6-6313c02b0094,T-006-05,lower,pass,True
5864c2dd-59e9-4a85-b07d-28c093aaa16a,cf836794-f141-477b-9bd6-6313c02b0094,T-006-05,upper,pass,True
5864c2dd-59e9-4a85-b07d-28c093aaa16a,cf836794-f141-477b-9bd6-6313c02b0094,T-006-06,main,pass,True
5864c2dd-59e9-4a85-b07d-28c093aaa16a,cf836794-f141-477b-9bd6-6313c02b0094,T-007-01,main,blocked,True
5864c2dd-59e9-4a85-b07d-28c093aaa16a,cf836794-f141-477b-9bd6-6313c02b0094,T-007-02,main,blocked,True
5864c2dd-59e9-4a85-b07d-28c093aaa16a,cf836794-f141-477b-9bd6-6313c02b0094,T-007-03,main,blocked,True
5864c2dd-59e9-4a85-b07d-28c093aaa16a,cf836794-f141-477b-9bd6-6313c02b0094,T-008-01,main,blocked,True
5864c2dd-59e9-4a85-b07d-28c093aaa16a,cf836794-f141-477b-9bd6-6313c02b0094,T-008-02,main,blocked,True
5864c2dd-59e9-4a85-b07d-28c093aaa16a,cf836794-f141-477b-9bd6-6313c02b0094,T-008-03,main,pass,True
5864c2dd-59e9-4a85-b07d-28c093aaa16a,cf836794-f141-477b-9bd6-6313c02b0094,T-008-04,main,pass,True
5864c2dd-59e9-4a85-b07d-28c093aaa16a,cf836794-f141-477b-9bd6-6313c02b0094,T-009-01,main,fail,True
5864c2dd-59e9-4a85-b07d-28c093aaa16a,cf836794-f141-477b-9bd6-6313c02b0094,T-009-02,main,pass,True
5864c2dd-59e9-4a85-b07d-28c093aaa16a,cf836794-f141-477b-9bd6-6313c02b0094,T-010-01,main,pass,True
5864c2dd-59e9-4a85-b07d-28c093aaa16a,cf836794-f141-477b-9bd6-6313c02b0094,T-010-02,main,pass,True
5864c2dd-59e9-4a85-b07d-28c093aaa16a,cf836794-f141-477b-9bd6-6313c02b0094,T-010-03,main,pass,True
5864c2dd-59e9-4a85-b07d-28c093aaa16a,cf836794-f141-477b-9bd6-6313c02b0094,T-011-01,main,pass,True
5864c2dd-59e9-4a85-b07d-28c093aaa16a,cf836794-f141-477b-9bd6-6313c02b0094,T-011-02,main,pass,True
5864c2dd-59e9-4a85-b07d-28c093aaa16a,cf836794-f141-477b-9bd6-6313c02b0094,T-012-01,main,pass,True
5864c2dd-59e9-4a85-b07d-28c093aaa16a,cf836794-f141-477b-9bd6-6313c02b0094,T-012-02,main,pass,True
5864c2dd-59e9-4a85-b07d-28c093aaa16a,cf836794-f141-477b-9bd6-6313c02b0094,T-013-01,main,fail,True
5864c2dd-59e9-4a85-b07d-28c093aaa16a,cf836794-f141-477b-9bd6-6313c02b0094,T-013-02,main,pass,True
5864c2dd-59e9-4a85-b07d-28c093aaa16a,cf836794-f141-477b-9bd6-6313c02b0094,T-014-01,main,pass,True
5864c2dd-59e9-4a85-b07d-28c093aaa16a,cf836794-f141-477b-9bd6-6313c02b0094,T-014-02,main,pass,True
5864c2dd-59e9-4a85-b07d-28c093aaa16a,cf836794-f141-477b-9bd6-6313c02b0094,T-015-01,main,fail,True
5864c2dd-59e9-4a85-b07d-28c093aaa16a,cf836794-f141-477b-9bd6-6313c02b0094,T-016-01,main,blocked,True
5864c2dd-59e9-4a85-b07d-28c093aaa16a,cf836794-f141-477b-9bd6-6313c02b0094,T-016-02,main,blocked,True
5864c2dd-59e9-4a85-b07d-28c093aaa16a,cf836794-f141-477b-9bd6-6313c02b0094,T-016-03,main,pass,True
5864c2dd-59e9-4a85-b07d-28c093aaa16a,cf836794-f141-477b-9bd6-6313c02b0094,T-017-01,main,blocked,True
5864c2dd-59e9-4a85-b07d-28c093aaa16a,cf836794-f141-477b-9bd6-6313c02b0094,T-017-02,main,blocked,True
5864c2dd-59e9-4a85-b07d-28c093aaa16a,cf836794-f141-477b-9bd6-6313c02b0094,T-018-01,main,pass,True
5864c2dd-59e9-4a85-b07d-28c093aaa16a,cf836794-f141-477b-9bd6-6313c02b0094,T-018-02,main,pass,True
5864c2dd-59e9-4a85-b07d-28c093aaa16a,cf836794-f141-477b-9bd6-6313c02b0094,T-018-03,main,fail,True
5864c2dd-59e9-4a85-b07d-28c093aaa16a,cf836794-f141-477b-9bd6-6313c02b0094,T-019-01,main,fail,True
5864c2dd-59e9-4a85-b07d-28c093aaa16a,cf836794-f141-477b-9bd6-6313c02b0094,T-019-02,main,pass,True
5864c2dd-59e9-4a85-b07d-28c093aaa16a,cf836794-f141-477b-9bd6-6313c02b0094,T-019-03,main,pass,True
5864c2dd-59e9-4a85-b07d-28c093aaa16a,cf836794-f141-477b-9bd6-6313c02b0094,T-020-01,main,pass,True
5864c2dd-59e9-4a85-b07d-28c093aaa16a,cf836794-f141-477b-9bd6-6313c02b0094,T-020-02,main,pass,True
5864c2dd-59e9-4a85-b07d-28c093aaa16a,cf836794-f141-477b-9bd6-6313c02b0094,T-020-03,main,pass,True
5864c2dd-59e9-4a85-b07d-28c093aaa16a,cf836794-f141-477b-9bd6-6313c02b0094,T-020-04,main,fail,True
5a7c902f-5503-4289-9afc-76609043cc3a,7c3b137f-12b1-49f0-a05c-ff3ad1b0c5c5,T-001-01,main,pass,True
5a7c902f-5503-4289-9afc-76609043cc3a,7c3b137f-12b1-49f0-a05c-ff3ad1b0c5c5,T-001-02,main,pass,True
5a7c902f-5503-4289-9afc-76609043cc3a,7c3b137f-12b1-49f0-a05c-ff3ad1b0c5c5,T-001-03,main,pass,True
5a7c902f-5503-4289-9afc-76609043cc3a,7c3b137f-12b1-49f0-a05c-ff3ad1b0c5c5,T-001-04,main,pass,True
5a7c902f-5503-4289-9afc-76609043cc3a,7c3b137f-12b1-49f0-a05c-ff3ad1b0c5c5,T-002-01,main,pass,True
5a7c902f-5503-4289-9afc-76609043cc3a,7c3b137f-12b1-49f0-a05c-ff3ad1b0c5c5,T-002-02,main,fail,True
5a7c902f-5503-4289-9afc-76609043cc3a,7c3b137f-12b1-49f0-a05c-ff3ad1b0c5c5,T-002-03,main,pass,True
5a7c902f-5503-4289-9afc-76609043cc3a,7c3b137f-12b1-49f0-a05c-ff3ad1b0c5c5,T-002-04,main,pass,True
5a7c902f-5503-4289-9afc-76609043cc3a,7c3b137f-12b1-49f0-a05c-ff3ad1b0c5c5,T-003-01,main,pass,True
5a7c902f-5503-4289-9afc-76609043cc3a,7c3b137f-12b1-49f0-a05c-ff3ad1b0c5c5,T-003-02,main,fail,True
5a7c902f-5503-4289-9afc-76609043cc3a,7c3b137f-12b1-49f0-a05c-ff3ad1b0c5c5,T-004-01,main,pass,True
5a7c902f-5503-4289-9afc-76609043cc3a,7c3b137f-12b1-49f0-a05c-ff3ad1b0c5c5,T-004-02,main,pass,True
5a7c902f-5503-4289-9afc-76609043cc3a,7c3b137f-12b1-49f0-a05c-ff3ad1b0c5c5,T-004-03,main,pass,True
5a7c902f-5503-4289-9afc-76609043cc3a,7c3b137f-12b1-49f0-a05c-ff3ad1b0c5c5,T-005-01,main,pass,True
5a7c902f-5503-4289-9afc-76609043cc3a,7c3b137f-12b1-49f0-a05c-ff3ad1b0c5c5,T-005-02,main,pass,True
5a7c902f-5503-4289-9afc-76609043cc3a,7c3b137f-12b1-49f0-a05c-ff3ad1b0c5c5,T-006-01,main,fail,True
5a7c902f-5503-4289-9afc-76609043cc3a,7c3b137f-12b1-49f0-a05c-ff3ad1b0c5c5,T-006-02,main,pass,True
5a7c902f-5503-4289-9afc-76609043cc3a,7c3b137f-12b1-49f0-a05c-ff3ad1b0c5c5,T-006-03,main,fail,True
5a7c902f-5503-4289-9afc-76609043cc3a,7c3b137f-12b1-49f0-a05c-ff3ad1b0c5c5,T-006-04,main,pass,True
5a7c902f-5503-4289-9afc-76609043cc3a,7c3b137f-12b1-49f0-a05c-ff3ad1b0c5c5,T-006-05,lower,fail,True
5a7c902f-5503-4289-9afc-76609043cc3a,7c3b137f-12b1-49f0-a05c-ff3ad1b0c5c5,T-006-05,upper,pass,True
5a7c902f-5503-4289-9afc-76609043cc3a,7c3b137f-12b1-49f0-a05c-ff3ad1b0c5c5,T-006-06,main,pass,True
5a7c902f-5503-4289-9afc-76609043cc3a,7c3b137f-12b1-49f0-a05c-ff3ad1b0c5c5,T-007-01,main,pass,True
5a7c902f-5503-4289-9afc-76609043cc3a,7c3b137f-12b1-49f0-a05c-ff3ad1b0c5c5,T-007-02,main,pass,True
5a7c902f-5503-4289-9afc-76609043cc3a,7c3b137f-12b1-49f0-a05c-ff3ad1b0c5c5,T-007-03,main,pass,True
5a7c902f-5503-4289-9afc-76609043cc3a,7c3b137f-12b1-49f0-a05c-ff3ad1b0c5c5,T-008-01,main,pass,True
5a7c902f-5503-4289-9afc-76609043cc3a,7c3b137f-12b1-49f0-a05c-ff3ad1b0c5c5,T-008-02,main,pass,True
5a7c902f-5503-4289-9afc-76609043cc3a,7c3b137f-12b1-49f0-a05c-ff3ad1b0c5c5,T-008-03,main,pass,True
5a7c902f-5503-4289-9afc-76609043cc3a,7c3b137f-12b1-49f0-a05c-ff3ad1b0c5c5,T-008-04,main,pass,True
5a7c902f-5503-4289-9afc-76609043cc3a,7c3b137f-12b1-49f0-a05c-ff3ad1b0c5c5,T-009-01,main,fail,True
5a7c902f-5503-4289-9afc-76609043cc3a,7c3b137f-12b1-49f0-a05c-ff3ad1b0c5c5,T-009-02,main,pass,True
5a7c902f-5503-4289-9afc-76609043cc3a,7c3b137f-12b1-49f0-a05c-ff3ad1b0c5c5,T-010-01,main,fail,True
5a7c902f-5503-4289-9afc-76609043cc3a,7c3b137f-12b1-49f0-a05c-ff3ad1b0c5c5,T-010-02,main,pass,True
5a7c902f-5503-4289-9afc-76609043cc3a,7c3b137f-12b1-49f0-a05c-ff3ad1b0c5c5,T-010-03,main,pass,True
5a7c902f-5503-4289-9afc-76609043cc3a,7c3b137f-12b1-49f0-a05c-ff3ad1b0c5c5,T-011-01,main,fail,True
5a7c902f-5503-4289-9afc-76609043cc3a,7c3b137f-12b1-49f0-a05c-ff3ad1b0c5c5,T-011-02,main,fail,True
5a7c902f-5503-4289-9afc-76609043cc3a,7c3b137f-12b1-49f0-a05c-ff3ad1b0c5c5,T-012-01,main,fail,True
5a7c902f-5503-4289-9afc-76609043cc3a,7c3b137f-12b1-49f0-a05c-ff3ad1b0c5c5,T-012-02,main,fail,True
5a7c902f-5503-4289-9afc-76609043cc3a,7c3b137f-12b1-49f0-a05c-ff3ad1b0c5c5,T-013-01,main,fail,True
5a7c902f-5503-4289-9afc-76609043cc3a,7c3b137f-12b1-49f0-a05c-ff3ad1b0c5c5,T-013-02,main,fail,True
5a7c902f-5503-4289-9afc-76609043cc3a,7c3b137f-12b1-49f0-a05c-ff3ad1b0c5c5,T-014-01,main,fail,True
5a7c902f-5503-4289-9afc-76609043cc3a,7c3b137f-12b1-49f0-a05c-ff3ad1b0c5c5,T-014-02,main,fail,True
5a7c902f-5503-4289-9afc-76609043cc3a,7c3b137f-12b1-49f0-a05c-ff3ad1b0c5c5,T-015-01,main,fail,True
5a7c902f-5503-4289-9afc-76609043cc3a,7c3b137f-12b1-49f0-a05c-ff3ad1b0c5c5,T-016-01,main,fail,True
5a7c902f-5503-4289-9afc-76609043cc3a,7c3b137f-12b1-49f0-a05c-ff3ad1b0c5c5,T-016-02,main,pass,True
5a7c902f-5503-4289-9afc-76609043cc3a,7c3b137f-12b1-49f0-a05c-ff3ad1b0c5c5,T-016-03,main,pass,True
5a7c902f-5503-4289-9afc-76609043cc3a,7c3b137f-12b1-49f0-a05c-ff3ad1b0c5c5,T-017-01,main,pass,True
5a7c902f-5503-4289-9afc-76609043cc3a,7c3b137f-12b1-49f0-a05c-ff3ad1b0c5c5,T-017-02,main,pass,True
5a7c902f-5503-4289-9afc-76609043cc3a,7c3b137f-12b1-49f0-a05c-ff3ad1b0c5c5,T-018-01,main,pass,True
5a7c902f-5503-4289-9afc-76609043cc3a,7c3b137f-12b1-49f0-a05c-ff3ad1b0c5c5,T-018-02,main,pass,True
5a7c902f-5503-4289-9afc-76609043cc3a,7c3b137f-12b1-49f0-a05c-ff3ad1b0c5c5,T-018-03,main,pass,True
5a7c902f-5503-4289-9afc-76609043cc3a,7c3b137f-12b1-49f0-a05c-ff3ad1b0c5c5,T-019-01,main,fail,True
5a7c902f-5503-4289-9afc-76609043cc3a,7c3b137f-12b1-49f0-a05c-ff3ad1b0c5c5,T-019-02,main,pass,True
5a7c902f-5503-4289-9afc-76609043cc3a,7c3b137f-12b1-49f0-a05c-ff3ad1b0c5c5,T-019-03,main,pass,True
5a7c902f-5503-4289-9afc-76609043cc3a,7c3b137f-12b1-49f0-a05c-ff3ad1b0c5c5,T-020-01,main,pass,True
5a7c902f-5503-4289-9afc-76609043cc3a,7c3b137f-12b1-49f0-a05c-ff3ad1b0c5c5,T-020-02,main,pass,True
5a7c902f-5503-4289-9afc-76609043cc3a,7c3b137f-12b1-49f0-a05c-ff3ad1b0c5c5,T-020-03,main,pass,True
5a7c902f-5503-4289-9afc-76609043cc3a,7c3b137f-12b1-49f0-a05c-ff3ad1b0c5c5,T-020-04,main,fail,True
600f4ba8-acdf-42ae-99e7-c86b95372d7e,e3e6f2e9-b0b8-4f4b-ac43-376a06f2773c,T-001-01,main,fail,True
600f4ba8-acdf-42ae-99e7-c86b95372d7e,e3e6f2e9-b0b8-4f4b-ac43-376a06f2773c,T-001-02,main,pass,True
600f4ba8-acdf-42ae-99e7-c86b95372d7e,e3e6f2e9-b0b8-4f4b-ac43-376a06f2773c,T-001-03,main,pass,True
600f4ba8-acdf-42ae-99e7-c86b95372d7e,e3e6f2e9-b0b8-4f4b-ac43-376a06f2773c,T-001-04,main,pass,True
600f4ba8-acdf-42ae-99e7-c86b95372d7e,e3e6f2e9-b0b8-4f4b-ac43-376a06f2773c,T-002-01,main,pass,True
600f4ba8-acdf-42ae-99e7-c86b95372d7e,e3e6f2e9-b0b8-4f4b-ac43-376a06f2773c,T-002-02,main,fail,True
600f4ba8-acdf-42ae-99e7-c86b95372d7e,e3e6f2e9-b0b8-4f4b-ac43-376a06f2773c,T-002-03,main,pass,True
600f4ba8-acdf-42ae-99e7-c86b95372d7e,e3e6f2e9-b0b8-4f4b-ac43-376a06f2773c,T-002-04,main,pass,True
600f4ba8-acdf-42ae-99e7-c86b95372d7e,e3e6f2e9-b0b8-4f4b-ac43-376a06f2773c,T-003-01,main,pass,True
600f4ba8-acdf-42ae-99e7-c86b95372d7e,e3e6f2e9-b0b8-4f4b-ac43-376a06f2773c,T-003-02,main,pass,True
600f4ba8-acdf-42ae-99e7-c86b95372d7e,e3e6f2e9-b0b8-4f4b-ac43-376a06f2773c,T-004-01,main,pass,True
600f4ba8-acdf-42ae-99e7-c86b95372d7e,e3e6f2e9-b0b8-4f4b-ac43-376a06f2773c,T-004-02,main,fail,True
600f4ba8-acdf-42ae-99e7-c86b95372d7e,e3e6f2e9-b0b8-4f4b-ac43-376a06f2773c,T-004-03,main,fail,True
600f4ba8-acdf-42ae-99e7-c86b95372d7e,e3e6f2e9-b0b8-4f4b-ac43-376a06f2773c,T-005-01,main,fail,True
600f4ba8-acdf-42ae-99e7-c86b95372d7e,e3e6f2e9-b0b8-4f4b-ac43-376a06f2773c,T-005-02,main,fail,True
600f4ba8-acdf-42ae-99e7-c86b95372d7e,e3e6f2e9-b0b8-4f4b-ac43-376a06f2773c,T-006-01,main,blocked,True
600f4ba8-acdf-42ae-99e7-c86b95372d7e,e3e6f2e9-b0b8-4f4b-ac43-376a06f2773c,T-006-02,main,blocked,True
600f4ba8-acdf-42ae-99e7-c86b95372d7e,e3e6f2e9-b0b8-4f4b-ac43-376a06f2773c,T-006-03,main,blocked,True
600f4ba8-acdf-42ae-99e7-c86b95372d7e,e3e6f2e9-b0b8-4f4b-ac43-376a06f2773c,T-006-04,main,blocked,True
600f4ba8-acdf-42ae-99e7-c86b95372d7e,e3e6f2e9-b0b8-4f4b-ac43-376a06f2773c,T-006-05,lower,blocked,True
600f4ba8-acdf-42ae-99e7-c86b95372d7e,e3e6f2e9-b0b8-4f4b-ac43-376a06f2773c,T-006-05,upper,blocked,True
600f4ba8-acdf-42ae-99e7-c86b95372d7e,e3e6f2e9-b0b8-4f4b-ac43-376a06f2773c,T-006-06,main,pass,True
600f4ba8-acdf-42ae-99e7-c86b95372d7e,e3e6f2e9-b0b8-4f4b-ac43-376a06f2773c,T-007-01,main,blocked,True
600f4ba8-acdf-42ae-99e7-c86b95372d7e,e3e6f2e9-b0b8-4f4b-ac43-376a06f2773c,T-007-02,main,blocked,True
600f4ba8-acdf-42ae-99e7-c86b95372d7e,e3e6f2e9-b0b8-4f4b-ac43-376a06f2773c,T-007-03,main,blocked,True
600f4ba8-acdf-42ae-99e7-c86b95372d7e,e3e6f2e9-b0b8-4f4b-ac43-376a06f2773c,T-008-01,main,blocked,True
600f4ba8-acdf-42ae-99e7-c86b95372d7e,e3e6f2e9-b0b8-4f4b-ac43-376a06f2773c,T-008-02,main,blocked,True
600f4ba8-acdf-42ae-99e7-c86b95372d7e,e3e6f2e9-b0b8-4f4b-ac43-376a06f2773c,T-008-03,main,pass,True
600f4ba8-acdf-42ae-99e7-c86b95372d7e,e3e6f2e9-b0b8-4f4b-ac43-376a06f2773c,T-008-04,main,pass,True
600f4ba8-acdf-42ae-99e7-c86b95372d7e,e3e6f2e9-b0b8-4f4b-ac43-376a06f2773c,T-009-01,main,blocked,True
600f4ba8-acdf-42ae-99e7-c86b95372d7e,e3e6f2e9-b0b8-4f4b-ac43-376a06f2773c,T-009-02,main,blocked,True
600f4ba8-acdf-42ae-99e7-c86b95372d7e,e3e6f2e9-b0b8-4f4b-ac43-376a06f2773c,T-010-01,main,blocked,True
600f4ba8-acdf-42ae-99e7-c86b95372d7e,e3e6f2e9-b0b8-4f4b-ac43-376a06f2773c,T-010-02,main,blocked,True
600f4ba8-acdf-42ae-99e7-c86b95372d7e,e3e6f2e9-b0b8-4f4b-ac43-376a06f2773c,T-010-03,main,blocked,True
600f4ba8-acdf-42ae-99e7-c86b95372d7e,e3e6f2e9-b0b8-4f4b-ac43-376a06f2773c,T-011-01,main,blocked,True
600f4ba8-acdf-42ae-99e7-c86b95372d7e,e3e6f2e9-b0b8-4f4b-ac43-376a06f2773c,T-011-02,main,blocked,True
600f4ba8-acdf-42ae-99e7-c86b95372d7e,e3e6f2e9-b0b8-4f4b-ac43-376a06f2773c,T-012-01,main,blocked,True
600f4ba8-acdf-42ae-99e7-c86b95372d7e,e3e6f2e9-b0b8-4f4b-ac43-376a06f2773c,T-012-02,main,blocked,True
600f4ba8-acdf-42ae-99e7-c86b95372d7e,e3e6f2e9-b0b8-4f4b-ac43-376a06f2773c,T-013-01,main,blocked,True
600f4ba8-acdf-42ae-99e7-c86b95372d7e,e3e6f2e9-b0b8-4f4b-ac43-376a06f2773c,T-013-02,main,blocked,True
600f4ba8-acdf-42ae-99e7-c86b95372d7e,e3e6f2e9-b0b8-4f4b-ac43-376a06f2773c,T-014-01,main,blocked,True
600f4ba8-acdf-42ae-99e7-c86b95372d7e,e3e6f2e9-b0b8-4f4b-ac43-376a06f2773c,T-014-02,main,blocked,True
600f4ba8-acdf-42ae-99e7-c86b95372d7e,e3e6f2e9-b0b8-4f4b-ac43-376a06f2773c,T-015-01,main,blocked,True
600f4ba8-acdf-42ae-99e7-c86b95372d7e,e3e6f2e9-b0b8-4f4b-ac43-376a06f2773c,T-016-01,main,blocked,True
600f4ba8-acdf-42ae-99e7-c86b95372d7e,e3e6f2e9-b0b8-4f4b-ac43-376a06f2773c,T-016-02,main,blocked,True
600f4ba8-acdf-42ae-99e7-c86b95372d7e,e3e6f2e9-b0b8-4f4b-ac43-376a06f2773c,T-016-03,main,pass,True
600f4ba8-acdf-42ae-99e7-c86b95372d7e,e3e6f2e9-b0b8-4f4b-ac43-376a06f2773c,T-017-01,main,blocked,True
600f4ba8-acdf-42ae-99e7-c86b95372d7e,e3e6f2e9-b0b8-4f4b-ac43-376a06f2773c,T-017-02,main,blocked,True
600f4ba8-acdf-42ae-99e7-c86b95372d7e,e3e6f2e9-b0b8-4f4b-ac43-376a06f2773c,T-018-01,main,fail,True
600f4ba8-acdf-42ae-99e7-c86b95372d7e,e3e6f2e9-b0b8-4f4b-ac43-376a06f2773c,T-018-02,main,fail,True
600f4ba8-acdf-42ae-99e7-c86b95372d7e,e3e6f2e9-b0b8-4f4b-ac43-376a06f2773c,T-018-03,main,pass,True
600f4ba8-acdf-42ae-99e7-c86b95372d7e,e3e6f2e9-b0b8-4f4b-ac43-376a06f2773c,T-019-01,main,pass,True
600f4ba8-acdf-42ae-99e7-c86b95372d7e,e3e6f2e9-b0b8-4f4b-ac43-376a06f2773c,T-019-02,main,pass,True
600f4ba8-acdf-42ae-99e7-c86b95372d7e,e3e6f2e9-b0b8-4f4b-ac43-376a06f2773c,T-019-03,main,pass,True
600f4ba8-acdf-42ae-99e7-c86b95372d7e,e3e6f2e9-b0b8-4f4b-ac43-376a06f2773c,T-020-01,main,pass,True
600f4ba8-acdf-42ae-99e7-c86b95372d7e,e3e6f2e9-b0b8-4f4b-ac43-376a06f2773c,T-020-02,main,pass,True
600f4ba8-acdf-42ae-99e7-c86b95372d7e,e3e6f2e9-b0b8-4f4b-ac43-376a06f2773c,T-020-03,main,pass,True
600f4ba8-acdf-42ae-99e7-c86b95372d7e,e3e6f2e9-b0b8-4f4b-ac43-376a06f2773c,T-020-04,main,pass,True
69c2fcf8-cab9-49f0-ae99-d1aef80a64ab,b49f8844-5ba3-4166-a62a-62434e0083f7,T-001-01,main,pass,True
69c2fcf8-cab9-49f0-ae99-d1aef80a64ab,b49f8844-5ba3-4166-a62a-62434e0083f7,T-001-02,main,pass,True
69c2fcf8-cab9-49f0-ae99-d1aef80a64ab,b49f8844-5ba3-4166-a62a-62434e0083f7,T-001-03,main,pass,True
69c2fcf8-cab9-49f0-ae99-d1aef80a64ab,b49f8844-5ba3-4166-a62a-62434e0083f7,T-001-04,main,pass,True
69c2fcf8-cab9-49f0-ae99-d1aef80a64ab,b49f8844-5ba3-4166-a62a-62434e0083f7,T-002-01,main,fail,True
69c2fcf8-cab9-49f0-ae99-d1aef80a64ab,b49f8844-5ba3-4166-a62a-62434e0083f7,T-002-02,main,fail,True
69c2fcf8-cab9-49f0-ae99-d1aef80a64ab,b49f8844-5ba3-4166-a62a-62434e0083f7,T-002-03,main,pass,True
69c2fcf8-cab9-49f0-ae99-d1aef80a64ab,b49f8844-5ba3-4166-a62a-62434e0083f7,T-002-04,main,pass,True
69c2fcf8-cab9-49f0-ae99-d1aef80a64ab,b49f8844-5ba3-4166-a62a-62434e0083f7,T-003-01,main,pass,True
69c2fcf8-cab9-49f0-ae99-d1aef80a64ab,b49f8844-5ba3-4166-a62a-62434e0083f7,T-003-02,main,pass,True
69c2fcf8-cab9-49f0-ae99-d1aef80a64ab,b49f8844-5ba3-4166-a62a-62434e0083f7,T-004-01,main,pass,True
69c2fcf8-cab9-49f0-ae99-d1aef80a64ab,b49f8844-5ba3-4166-a62a-62434e0083f7,T-004-02,main,pass,True
69c2fcf8-cab9-49f0-ae99-d1aef80a64ab,b49f8844-5ba3-4166-a62a-62434e0083f7,T-004-03,main,fail,True
69c2fcf8-cab9-49f0-ae99-d1aef80a64ab,b49f8844-5ba3-4166-a62a-62434e0083f7,T-005-01,main,pass,True
69c2fcf8-cab9-49f0-ae99-d1aef80a64ab,b49f8844-5ba3-4166-a62a-62434e0083f7,T-005-02,main,fail,True
69c2fcf8-cab9-49f0-ae99-d1aef80a64ab,b49f8844-5ba3-4166-a62a-62434e0083f7,T-006-01,main,fail,True
69c2fcf8-cab9-49f0-ae99-d1aef80a64ab,b49f8844-5ba3-4166-a62a-62434e0083f7,T-006-02,main,pass,True
69c2fcf8-cab9-49f0-ae99-d1aef80a64ab,b49f8844-5ba3-4166-a62a-62434e0083f7,T-006-03,main,fail,True
69c2fcf8-cab9-49f0-ae99-d1aef80a64ab,b49f8844-5ba3-4166-a62a-62434e0083f7,T-006-04,main,pass,True
69c2fcf8-cab9-49f0-ae99-d1aef80a64ab,b49f8844-5ba3-4166-a62a-62434e0083f7,T-006-05,lower,fail,True
69c2fcf8-cab9-49f0-ae99-d1aef80a64ab,b49f8844-5ba3-4166-a62a-62434e0083f7,T-006-05,upper,pass,True
69c2fcf8-cab9-49f0-ae99-d1aef80a64ab,b49f8844-5ba3-4166-a62a-62434e0083f7,T-006-06,main,pass,True
69c2fcf8-cab9-49f0-ae99-d1aef80a64ab,b49f8844-5ba3-4166-a62a-62434e0083f7,T-007-01,main,blocked,True
69c2fcf8-cab9-49f0-ae99-d1aef80a64ab,b49f8844-5ba3-4166-a62a-62434e0083f7,T-007-02,main,blocked,True
69c2fcf8-cab9-49f0-ae99-d1aef80a64ab,b49f8844-5ba3-4166-a62a-62434e0083f7,T-007-03,main,blocked,True
69c2fcf8-cab9-49f0-ae99-d1aef80a64ab,b49f8844-5ba3-4166-a62a-62434e0083f7,T-008-01,main,blocked,True
69c2fcf8-cab9-49f0-ae99-d1aef80a64ab,b49f8844-5ba3-4166-a62a-62434e0083f7,T-008-02,main,blocked,True
69c2fcf8-cab9-49f0-ae99-d1aef80a64ab,b49f8844-5ba3-4166-a62a-62434e0083f7,T-008-03,main,pass,True
69c2fcf8-cab9-49f0-ae99-d1aef80a64ab,b49f8844-5ba3-4166-a62a-62434e0083f7,T-008-04,main,pass,True
69c2fcf8-cab9-49f0-ae99-d1aef80a64ab,b49f8844-5ba3-4166-a62a-62434e0083f7,T-009-01,main,pass,True
69c2fcf8-cab9-49f0-ae99-d1aef80a64ab,b49f8844-5ba3-4166-a62a-62434e0083f7,T-009-02,main,pass,True
69c2fcf8-cab9-49f0-ae99-d1aef80a64ab,b49f8844-5ba3-4166-a62a-62434e0083f7,T-010-01,main,fail,True
69c2fcf8-cab9-49f0-ae99-d1aef80a64ab,b49f8844-5ba3-4166-a62a-62434e0083f7,T-010-02,main,pass,True
69c2fcf8-cab9-49f0-ae99-d1aef80a64ab,b49f8844-5ba3-4166-a62a-62434e0083f7,T-010-03,main,pass,True
69c2fcf8-cab9-49f0-ae99-d1aef80a64ab,b49f8844-5ba3-4166-a62a-62434e0083f7,T-011-01,main,fail,True
69c2fcf8-cab9-49f0-ae99-d1aef80a64ab,b49f8844-5ba3-4166-a62a-62434e0083f7,T-011-02,main,fail,True
69c2fcf8-cab9-49f0-ae99-d1aef80a64ab,b49f8844-5ba3-4166-a62a-62434e0083f7,T-012-01,main,fail,True
69c2fcf8-cab9-49f0-ae99-d1aef80a64ab,b49f8844-5ba3-4166-a62a-62434e0083f7,T-012-02,main,fail,True
69c2fcf8-cab9-49f0-ae99-d1aef80a64ab,b49f8844-5ba3-4166-a62a-62434e0083f7,T-013-01,main,fail,True
69c2fcf8-cab9-49f0-ae99-d1aef80a64ab,b49f8844-5ba3-4166-a62a-62434e0083f7,T-013-02,main,fail,True
69c2fcf8-cab9-49f0-ae99-d1aef80a64ab,b49f8844-5ba3-4166-a62a-62434e0083f7,T-014-01,main,fail,True
69c2fcf8-cab9-49f0-ae99-d1aef80a64ab,b49f8844-5ba3-4166-a62a-62434e0083f7,T-014-02,main,fail,True
69c2fcf8-cab9-49f0-ae99-d1aef80a64ab,b49f8844-5ba3-4166-a62a-62434e0083f7,T-015-01,main,fail,True
69c2fcf8-cab9-49f0-ae99-d1aef80a64ab,b49f8844-5ba3-4166-a62a-62434e0083f7,T-016-01,main,blocked,True
69c2fcf8-cab9-49f0-ae99-d1aef80a64ab,b49f8844-5ba3-4166-a62a-62434e0083f7,T-016-02,main,blocked,True
69c2fcf8-cab9-49f0-ae99-d1aef80a64ab,b49f8844-5ba3-4166-a62a-62434e0083f7,T-016-03,main,pass,True
69c2fcf8-cab9-49f0-ae99-d1aef80a64ab,b49f8844-5ba3-4166-a62a-62434e0083f7,T-017-01,main,fail,True
69c2fcf8-cab9-49f0-ae99-d1aef80a64ab,b49f8844-5ba3-4166-a62a-62434e0083f7,T-017-02,main,blocked,True
69c2fcf8-cab9-49f0-ae99-d1aef80a64ab,b49f8844-5ba3-4166-a62a-62434e0083f7,T-018-01,main,pass,True
69c2fcf8-cab9-49f0-ae99-d1aef80a64ab,b49f8844-5ba3-4166-a62a-62434e0083f7,T-018-02,main,pass,True
69c2fcf8-cab9-49f0-ae99-d1aef80a64ab,b49f8844-5ba3-4166-a62a-62434e0083f7,T-018-03,main,pass,True
69c2fcf8-cab9-49f0-ae99-d1aef80a64ab,b49f8844-5ba3-4166-a62a-62434e0083f7,T-019-01,main,pass,True
69c2fcf8-cab9-49f0-ae99-d1aef80a64ab,b49f8844-5ba3-4166-a62a-62434e0083f7,T-019-02,main,pass,True
69c2fcf8-cab9-49f0-ae99-d1aef80a64ab,b49f8844-5ba3-4166-a62a-62434e0083f7,T-019-03,main,pass,True
69c2fcf8-cab9-49f0-ae99-d1aef80a64ab,b49f8844-5ba3-4166-a62a-62434e0083f7,T-020-01,main,pass,True
69c2fcf8-cab9-49f0-ae99-d1aef80a64ab,b49f8844-5ba3-4166-a62a-62434e0083f7,T-020-02,main,pass,True
69c2fcf8-cab9-49f0-ae99-d1aef80a64ab,b49f8844-5ba3-4166-a62a-62434e0083f7,T-020-03,main,pass,True
69c2fcf8-cab9-49f0-ae99-d1aef80a64ab,b49f8844-5ba3-4166-a62a-62434e0083f7,T-020-04,main,pass,True
6a0f735d-c6df-4cd3-bcb6-489807e94b58,11c23cd6-35fd-42df-8884-61694e5b58e5,T-001-01,main,pass,True
6a0f735d-c6df-4cd3-bcb6-489807e94b58,11c23cd6-35fd-42df-8884-61694e5b58e5,T-001-02,main,pass,True
6a0f735d-c6df-4cd3-bcb6-489807e94b58,11c23cd6-35fd-42df-8884-61694e5b58e5,T-001-03,main,pass,True
6a0f735d-c6df-4cd3-bcb6-489807e94b58,11c23cd6-35fd-42df-8884-61694e5b58e5,T-001-04,main,pass,True
6a0f735d-c6df-4cd3-bcb6-489807e94b58,11c23cd6-35fd-42df-8884-61694e5b58e5,T-002-01,main,pass,True
6a0f735d-c6df-4cd3-bcb6-489807e94b58,11c23cd6-35fd-42df-8884-61694e5b58e5,T-002-02,main,fail,True
6a0f735d-c6df-4cd3-bcb6-489807e94b58,11c23cd6-35fd-42df-8884-61694e5b58e5,T-002-03,main,pass,True
6a0f735d-c6df-4cd3-bcb6-489807e94b58,11c23cd6-35fd-42df-8884-61694e5b58e5,T-002-04,main,pass,True
6a0f735d-c6df-4cd3-bcb6-489807e94b58,11c23cd6-35fd-42df-8884-61694e5b58e5,T-003-01,main,pass,True
6a0f735d-c6df-4cd3-bcb6-489807e94b58,11c23cd6-35fd-42df-8884-61694e5b58e5,T-003-02,main,fail,True
6a0f735d-c6df-4cd3-bcb6-489807e94b58,11c23cd6-35fd-42df-8884-61694e5b58e5,T-004-01,main,pass,True
6a0f735d-c6df-4cd3-bcb6-489807e94b58,11c23cd6-35fd-42df-8884-61694e5b58e5,T-004-02,main,pass,True
6a0f735d-c6df-4cd3-bcb6-489807e94b58,11c23cd6-35fd-42df-8884-61694e5b58e5,T-004-03,main,fail,True
6a0f735d-c6df-4cd3-bcb6-489807e94b58,11c23cd6-35fd-42df-8884-61694e5b58e5,T-005-01,main,pass,True
6a0f735d-c6df-4cd3-bcb6-489807e94b58,11c23cd6-35fd-42df-8884-61694e5b58e5,T-005-02,main,fail,True
6a0f735d-c6df-4cd3-bcb6-489807e94b58,11c23cd6-35fd-42df-8884-61694e5b58e5,T-006-01,main,fail,True
6a0f735d-c6df-4cd3-bcb6-489807e94b58,11c23cd6-35fd-42df-8884-61694e5b58e5,T-006-02,main,pass,True
6a0f735d-c6df-4cd3-bcb6-489807e94b58,11c23cd6-35fd-42df-8884-61694e5b58e5,T-006-03,main,fail,True
6a0f735d-c6df-4cd3-bcb6-489807e94b58,11c23cd6-35fd-42df-8884-61694e5b58e5,T-006-04,main,pass,True
6a0f735d-c6df-4cd3-bcb6-489807e94b58,11c23cd6-35fd-42df-8884-61694e5b58e5,T-006-05,lower,fail,True
6a0f735d-c6df-4cd3-bcb6-489807e94b58,11c23cd6-35fd-42df-8884-61694e5b58e5,T-006-05,upper,pass,True
6a0f735d-c6df-4cd3-bcb6-489807e94b58,11c23cd6-35fd-42df-8884-61694e5b58e5,T-006-06,main,pass,True
6a0f735d-c6df-4cd3-bcb6-489807e94b58,11c23cd6-35fd-42df-8884-61694e5b58e5,T-007-01,main,pass,True
6a0f735d-c6df-4cd3-bcb6-489807e94b58,11c23cd6-35fd-42df-8884-61694e5b58e5,T-007-02,main,pass,True
6a0f735d-c6df-4cd3-bcb6-489807e94b58,11c23cd6-35fd-42df-8884-61694e5b58e5,T-007-03,main,blocked,True
6a0f735d-c6df-4cd3-bcb6-489807e94b58,11c23cd6-35fd-42df-8884-61694e5b58e5,T-008-01,main,pass,True
6a0f735d-c6df-4cd3-bcb6-489807e94b58,11c23cd6-35fd-42df-8884-61694e5b58e5,T-008-02,main,pass,True
6a0f735d-c6df-4cd3-bcb6-489807e94b58,11c23cd6-35fd-42df-8884-61694e5b58e5,T-008-03,main,pass,True
6a0f735d-c6df-4cd3-bcb6-489807e94b58,11c23cd6-35fd-42df-8884-61694e5b58e5,T-008-04,main,pass,True
6a0f735d-c6df-4cd3-bcb6-489807e94b58,11c23cd6-35fd-42df-8884-61694e5b58e5,T-009-01,main,pass,True
6a0f735d-c6df-4cd3-bcb6-489807e94b58,11c23cd6-35fd-42df-8884-61694e5b58e5,T-009-02,main,pass,True
6a0f735d-c6df-4cd3-bcb6-489807e94b58,11c23cd6-35fd-42df-8884-61694e5b58e5,T-010-01,main,fail,True
6a0f735d-c6df-4cd3-bcb6-489807e94b58,11c23cd6-35fd-42df-8884-61694e5b58e5,T-010-02,main,pass,True
6a0f735d-c6df-4cd3-bcb6-489807e94b58,11c23cd6-35fd-42df-8884-61694e5b58e5,T-010-03,main,pass,True
6a0f735d-c6df-4cd3-bcb6-489807e94b58,11c23cd6-35fd-42df-8884-61694e5b58e5,T-011-01,main,fail,True
6a0f735d-c6df-4cd3-bcb6-489807e94b58,11c23cd6-35fd-42df-8884-61694e5b58e5,T-011-02,main,fail,True
6a0f735d-c6df-4cd3-bcb6-489807e94b58,11c23cd6-35fd-42df-8884-61694e5b58e5,T-012-01,main,fail,True
6a0f735d-c6df-4cd3-bcb6-489807e94b58,11c23cd6-35fd-42df-8884-61694e5b58e5,T-012-02,main,fail,True
6a0f735d-c6df-4cd3-bcb6-489807e94b58,11c23cd6-35fd-42df-8884-61694e5b58e5,T-013-01,main,fail,True
6a0f735d-c6df-4cd3-bcb6-489807e94b58,11c23cd6-35fd-42df-8884-61694e5b58e5,T-013-02,main,fail,True
6a0f735d-c6df-4cd3-bcb6-489807e94b58,11c23cd6-35fd-42df-8884-61694e5b58e5,T-014-01,main,fail,True
6a0f735d-c6df-4cd3-bcb6-489807e94b58,11c23cd6-35fd-42df-8884-61694e5b58e5,T-014-02,main,fail,True
6a0f735d-c6df-4cd3-bcb6-489807e94b58,11c23cd6-35fd-42df-8884-61694e5b58e5,T-015-01,main,fail,True
6a0f735d-c6df-4cd3-bcb6-489807e94b58,11c23cd6-35fd-42df-8884-61694e5b58e5,T-016-01,main,fail,True
6a0f735d-c6df-4cd3-bcb6-489807e94b58,11c23cd6-35fd-42df-8884-61694e5b58e5,T-016-02,main,pass,True
6a0f735d-c6df-4cd3-bcb6-489807e94b58,11c23cd6-35fd-42df-8884-61694e5b58e5,T-016-03,main,pass,True
6a0f735d-c6df-4cd3-bcb6-489807e94b58,11c23cd6-35fd-42df-8884-61694e5b58e5,T-017-01,main,fail,True
6a0f735d-c6df-4cd3-bcb6-489807e94b58,11c23cd6-35fd-42df-8884-61694e5b58e5,T-017-02,main,pass,True
6a0f735d-c6df-4cd3-bcb6-489807e94b58,11c23cd6-35fd-42df-8884-61694e5b58e5,T-018-01,main,pass,True
6a0f735d-c6df-4cd3-bcb6-489807e94b58,11c23cd6-35fd-42df-8884-61694e5b58e5,T-018-02,main,pass,True
6a0f735d-c6df-4cd3-bcb6-489807e94b58,11c23cd6-35fd-42df-8884-61694e5b58e5,T-018-03,main,pass,True
6a0f735d-c6df-4cd3-bcb6-489807e94b58,11c23cd6-35fd-42df-8884-61694e5b58e5,T-019-01,main,pass,True
6a0f735d-c6df-4cd3-bcb6-489807e94b58,11c23cd6-35fd-42df-8884-61694e5b58e5,T-019-02,main,pass,True
6a0f735d-c6df-4cd3-bcb6-489807e94b58,11c23cd6-35fd-42df-8884-61694e5b58e5,T-019-03,main,pass,True
6a0f735d-c6df-4cd3-bcb6-489807e94b58,11c23cd6-35fd-42df-8884-61694e5b58e5,T-020-01,main,pass,True
6a0f735d-c6df-4cd3-bcb6-489807e94b58,11c23cd6-35fd-42df-8884-61694e5b58e5,T-020-02,main,pass,True
6a0f735d-c6df-4cd3-bcb6-489807e94b58,11c23cd6-35fd-42df-8884-61694e5b58e5,T-020-03,main,pass,True
6a0f735d-c6df-4cd3-bcb6-489807e94b58,11c23cd6-35fd-42df-8884-61694e5b58e5,T-020-04,main,pass,True
6a301665-ffc6-40e3-918a-d7fad37e8d29,34f2bf8a-14bb-4ccf-a834-fd95f57120a6,T-001-01,main,pass,True
6a301665-ffc6-40e3-918a-d7fad37e8d29,34f2bf8a-14bb-4ccf-a834-fd95f57120a6,T-001-02,main,pass,True
6a301665-ffc6-40e3-918a-d7fad37e8d29,34f2bf8a-14bb-4ccf-a834-fd95f57120a6,T-001-03,main,pass,True
6a301665-ffc6-40e3-918a-d7fad37e8d29,34f2bf8a-14bb-4ccf-a834-fd95f57120a6,T-001-04,main,pass,True
6a301665-ffc6-40e3-918a-d7fad37e8d29,34f2bf8a-14bb-4ccf-a834-fd95f57120a6,T-002-01,main,pass,True
6a301665-ffc6-40e3-918a-d7fad37e8d29,34f2bf8a-14bb-4ccf-a834-fd95f57120a6,T-002-02,main,fail,True
6a301665-ffc6-40e3-918a-d7fad37e8d29,34f2bf8a-14bb-4ccf-a834-fd95f57120a6,T-002-03,main,pass,True
6a301665-ffc6-40e3-918a-d7fad37e8d29,34f2bf8a-14bb-4ccf-a834-fd95f57120a6,T-002-04,main,pass,True
6a301665-ffc6-40e3-918a-d7fad37e8d29,34f2bf8a-14bb-4ccf-a834-fd95f57120a6,T-003-01,main,pass,True
6a301665-ffc6-40e3-918a-d7fad37e8d29,34f2bf8a-14bb-4ccf-a834-fd95f57120a6,T-003-02,main,pass,True
6a301665-ffc6-40e3-918a-d7fad37e8d29,34f2bf8a-14bb-4ccf-a834-fd95f57120a6,T-004-01,main,fail,True
6a301665-ffc6-40e3-918a-d7fad37e8d29,34f2bf8a-14bb-4ccf-a834-fd95f57120a6,T-004-02,main,pass,True
6a301665-ffc6-40e3-918a-d7fad37e8d29,34f2bf8a-14bb-4ccf-a834-fd95f57120a6,T-004-03,main,fail,True
6a301665-ffc6-40e3-918a-d7fad37e8d29,34f2bf8a-14bb-4ccf-a834-fd95f57120a6,T-005-01,main,pass,True
6a301665-ffc6-40e3-918a-d7fad37e8d29,34f2bf8a-14bb-4ccf-a834-fd95f57120a6,T-005-02,main,pass,True
6a301665-ffc6-40e3-918a-d7fad37e8d29,34f2bf8a-14bb-4ccf-a834-fd95f57120a6,T-006-01,main,pass,True
6a301665-ffc6-40e3-918a-d7fad37e8d29,34f2bf8a-14bb-4ccf-a834-fd95f57120a6,T-006-02,main,pass,True
6a301665-ffc6-40e3-918a-d7fad37e8d29,34f2bf8a-14bb-4ccf-a834-fd95f57120a6,T-006-03,main,pass,True
6a301665-ffc6-40e3-918a-d7fad37e8d29,34f2bf8a-14bb-4ccf-a834-fd95f57120a6,T-006-04,main,pass,True
6a301665-ffc6-40e3-918a-d7fad37e8d29,34f2bf8a-14bb-4ccf-a834-fd95f57120a6,T-006-05,lower,pass,True
6a301665-ffc6-40e3-918a-d7fad37e8d29,34f2bf8a-14bb-4ccf-a834-fd95f57120a6,T-006-05,upper,pass,True
6a301665-ffc6-40e3-918a-d7fad37e8d29,34f2bf8a-14bb-4ccf-a834-fd95f57120a6,T-006-06,main,pass,True
6a301665-ffc6-40e3-918a-d7fad37e8d29,34f2bf8a-14bb-4ccf-a834-fd95f57120a6,T-007-01,main,pass,True
6a301665-ffc6-40e3-918a-d7fad37e8d29,34f2bf8a-14bb-4ccf-a834-fd95f57120a6,T-007-02,main,pass,True
6a301665-ffc6-40e3-918a-d7fad37e8d29,34f2bf8a-14bb-4ccf-a834-fd95f57120a6,T-007-03,main,pass,True
6a301665-ffc6-40e3-918a-d7fad37e8d29,34f2bf8a-14bb-4ccf-a834-fd95f57120a6,T-008-01,main,pass,True
6a301665-ffc6-40e3-918a-d7fad37e8d29,34f2bf8a-14bb-4ccf-a834-fd95f57120a6,T-008-02,main,pass,True
6a301665-ffc6-40e3-918a-d7fad37e8d29,34f2bf8a-14bb-4ccf-a834-fd95f57120a6,T-008-03,main,pass,True
6a301665-ffc6-40e3-918a-d7fad37e8d29,34f2bf8a-14bb-4ccf-a834-fd95f57120a6,T-008-04,main,pass,True
6a301665-ffc6-40e3-918a-d7fad37e8d29,34f2bf8a-14bb-4ccf-a834-fd95f57120a6,T-009-01,main,pass,True
6a301665-ffc6-40e3-918a-d7fad37e8d29,34f2bf8a-14bb-4ccf-a834-fd95f57120a6,T-009-02,main,pass,True
6a301665-ffc6-40e3-918a-d7fad37e8d29,34f2bf8a-14bb-4ccf-a834-fd95f57120a6,T-010-01,main,pass,True
6a301665-ffc6-40e3-918a-d7fad37e8d29,34f2bf8a-14bb-4ccf-a834-fd95f57120a6,T-010-02,main,pass,True
6a301665-ffc6-40e3-918a-d7fad37e8d29,34f2bf8a-14bb-4ccf-a834-fd95f57120a6,T-010-03,main,pass,True
6a301665-ffc6-40e3-918a-d7fad37e8d29,34f2bf8a-14bb-4ccf-a834-fd95f57120a6,T-011-01,main,pass,True
6a301665-ffc6-40e3-918a-d7fad37e8d29,34f2bf8a-14bb-4ccf-a834-fd95f57120a6,T-011-02,main,pass,True
6a301665-ffc6-40e3-918a-d7fad37e8d29,34f2bf8a-14bb-4ccf-a834-fd95f57120a6,T-012-01,main,pass,True
6a301665-ffc6-40e3-918a-d7fad37e8d29,34f2bf8a-14bb-4ccf-a834-fd95f57120a6,T-012-02,main,pass,True
6a301665-ffc6-40e3-918a-d7fad37e8d29,34f2bf8a-14bb-4ccf-a834-fd95f57120a6,T-013-01,main,fail,True
6a301665-ffc6-40e3-918a-d7fad37e8d29,34f2bf8a-14bb-4ccf-a834-fd95f57120a6,T-013-02,main,pass,True
6a301665-ffc6-40e3-918a-d7fad37e8d29,34f2bf8a-14bb-4ccf-a834-fd95f57120a6,T-014-01,main,pass,True
6a301665-ffc6-40e3-918a-d7fad37e8d29,34f2bf8a-14bb-4ccf-a834-fd95f57120a6,T-014-02,main,pass,True
6a301665-ffc6-40e3-918a-d7fad37e8d29,34f2bf8a-14bb-4ccf-a834-fd95f57120a6,T-015-01,main,fail,True
6a301665-ffc6-40e3-918a-d7fad37e8d29,34f2bf8a-14bb-4ccf-a834-fd95f57120a6,T-016-01,main,fail,True
6a301665-ffc6-40e3-918a-d7fad37e8d29,34f2bf8a-14bb-4ccf-a834-fd95f57120a6,T-016-02,main,pass,True
6a301665-ffc6-40e3-918a-d7fad37e8d29,34f2bf8a-14bb-4ccf-a834-fd95f57120a6,T-016-03,main,pass,True
6a301665-ffc6-40e3-918a-d7fad37e8d29,34f2bf8a-14bb-4ccf-a834-fd95f57120a6,T-017-01,main,fail,True
6a301665-ffc6-40e3-918a-d7fad37e8d29,34f2bf8a-14bb-4ccf-a834-fd95f57120a6,T-017-02,main,pass,True
6a301665-ffc6-40e3-918a-d7fad37e8d29,34f2bf8a-14bb-4ccf-a834-fd95f57120a6,T-018-01,main,pass,True
6a301665-ffc6-40e3-918a-d7fad37e8d29,34f2bf8a-14bb-4ccf-a834-fd95f57120a6,T-018-02,main,pass,True
6a301665-ffc6-40e3-918a-d7fad37e8d29,34f2bf8a-14bb-4ccf-a834-fd95f57120a6,T-018-03,main,pass,True
6a301665-ffc6-40e3-918a-d7fad37e8d29,34f2bf8a-14bb-4ccf-a834-fd95f57120a6,T-019-01,main,pass,True
6a301665-ffc6-40e3-918a-d7fad37e8d29,34f2bf8a-14bb-4ccf-a834-fd95f57120a6,T-019-02,main,pass,True
6a301665-ffc6-40e3-918a-d7fad37e8d29,34f2bf8a-14bb-4ccf-a834-fd95f57120a6,T-019-03,main,pass,True
6a301665-ffc6-40e3-918a-d7fad37e8d29,34f2bf8a-14bb-4ccf-a834-fd95f57120a6,T-020-01,main,pass,True
6a301665-ffc6-40e3-918a-d7fad37e8d29,34f2bf8a-14bb-4ccf-a834-fd95f57120a6,T-020-02,main,pass,True
6a301665-ffc6-40e3-918a-d7fad37e8d29,34f2bf8a-14bb-4ccf-a834-fd95f57120a6,T-020-03,main,pass,True
6a301665-ffc6-40e3-918a-d7fad37e8d29,34f2bf8a-14bb-4ccf-a834-fd95f57120a6,T-020-04,main,pass,True
6af34679-56f4-46d3-96f9-270931c32699,db310dfc-e839-4833-8d46-3fa20f6e1b88,T-001-01,main,pass,True
6af34679-56f4-46d3-96f9-270931c32699,db310dfc-e839-4833-8d46-3fa20f6e1b88,T-001-02,main,pass,True
6af34679-56f4-46d3-96f9-270931c32699,db310dfc-e839-4833-8d46-3fa20f6e1b88,T-001-03,main,pass,True
6af34679-56f4-46d3-96f9-270931c32699,db310dfc-e839-4833-8d46-3fa20f6e1b88,T-001-04,main,pass,True
6af34679-56f4-46d3-96f9-270931c32699,db310dfc-e839-4833-8d46-3fa20f6e1b88,T-002-01,main,pass,True
6af34679-56f4-46d3-96f9-270931c32699,db310dfc-e839-4833-8d46-3fa20f6e1b88,T-002-02,main,fail,True
6af34679-56f4-46d3-96f9-270931c32699,db310dfc-e839-4833-8d46-3fa20f6e1b88,T-002-03,main,pass,True
6af34679-56f4-46d3-96f9-270931c32699,db310dfc-e839-4833-8d46-3fa20f6e1b88,T-002-04,main,pass,True
6af34679-56f4-46d3-96f9-270931c32699,db310dfc-e839-4833-8d46-3fa20f6e1b88,T-003-01,main,pass,True
6af34679-56f4-46d3-96f9-270931c32699,db310dfc-e839-4833-8d46-3fa20f6e1b88,T-003-02,main,fail,True
6af34679-56f4-46d3-96f9-270931c32699,db310dfc-e839-4833-8d46-3fa20f6e1b88,T-004-01,main,fail,True
6af34679-56f4-46d3-96f9-270931c32699,db310dfc-e839-4833-8d46-3fa20f6e1b88,T-004-02,main,fail,True
6af34679-56f4-46d3-96f9-270931c32699,db310dfc-e839-4833-8d46-3fa20f6e1b88,T-004-03,main,fail,True
6af34679-56f4-46d3-96f9-270931c32699,db310dfc-e839-4833-8d46-3fa20f6e1b88,T-005-01,main,pass,True
6af34679-56f4-46d3-96f9-270931c32699,db310dfc-e839-4833-8d46-3fa20f6e1b88,T-005-02,main,fail,True
6af34679-56f4-46d3-96f9-270931c32699,db310dfc-e839-4833-8d46-3fa20f6e1b88,T-006-01,main,fail,True
6af34679-56f4-46d3-96f9-270931c32699,db310dfc-e839-4833-8d46-3fa20f6e1b88,T-006-02,main,pass,True
6af34679-56f4-46d3-96f9-270931c32699,db310dfc-e839-4833-8d46-3fa20f6e1b88,T-006-03,main,fail,True
6af34679-56f4-46d3-96f9-270931c32699,db310dfc-e839-4833-8d46-3fa20f6e1b88,T-006-04,main,pass,True
6af34679-56f4-46d3-96f9-270931c32699,db310dfc-e839-4833-8d46-3fa20f6e1b88,T-006-05,lower,fail,True
6af34679-56f4-46d3-96f9-270931c32699,db310dfc-e839-4833-8d46-3fa20f6e1b88,T-006-05,upper,pass,True
6af34679-56f4-46d3-96f9-270931c32699,db310dfc-e839-4833-8d46-3fa20f6e1b88,T-006-06,main,pass,True
6af34679-56f4-46d3-96f9-270931c32699,db310dfc-e839-4833-8d46-3fa20f6e1b88,T-007-01,main,blocked,True
6af34679-56f4-46d3-96f9-270931c32699,db310dfc-e839-4833-8d46-3fa20f6e1b88,T-007-02,main,blocked,True
6af34679-56f4-46d3-96f9-270931c32699,db310dfc-e839-4833-8d46-3fa20f6e1b88,T-007-03,main,blocked,True
6af34679-56f4-46d3-96f9-270931c32699,db310dfc-e839-4833-8d46-3fa20f6e1b88,T-008-01,main,blocked,True
6af34679-56f4-46d3-96f9-270931c32699,db310dfc-e839-4833-8d46-3fa20f6e1b88,T-008-02,main,blocked,True
6af34679-56f4-46d3-96f9-270931c32699,db310dfc-e839-4833-8d46-3fa20f6e1b88,T-008-03,main,pass,True
6af34679-56f4-46d3-96f9-270931c32699,db310dfc-e839-4833-8d46-3fa20f6e1b88,T-008-04,main,pass,True
6af34679-56f4-46d3-96f9-270931c32699,db310dfc-e839-4833-8d46-3fa20f6e1b88,T-009-01,main,pass,True
6af34679-56f4-46d3-96f9-270931c32699,db310dfc-e839-4833-8d46-3fa20f6e1b88,T-009-02,main,pass,True
6af34679-56f4-46d3-96f9-270931c32699,db310dfc-e839-4833-8d46-3fa20f6e1b88,T-010-01,main,fail,True
6af34679-56f4-46d3-96f9-270931c32699,db310dfc-e839-4833-8d46-3fa20f6e1b88,T-010-02,main,pass,True
6af34679-56f4-46d3-96f9-270931c32699,db310dfc-e839-4833-8d46-3fa20f6e1b88,T-010-03,main,pass,True
6af34679-56f4-46d3-96f9-270931c32699,db310dfc-e839-4833-8d46-3fa20f6e1b88,T-011-01,main,fail,True
6af34679-56f4-46d3-96f9-270931c32699,db310dfc-e839-4833-8d46-3fa20f6e1b88,T-011-02,main,fail,True
6af34679-56f4-46d3-96f9-270931c32699,db310dfc-e839-4833-8d46-3fa20f6e1b88,T-012-01,main,fail,True
6af34679-56f4-46d3-96f9-270931c32699,db310dfc-e839-4833-8d46-3fa20f6e1b88,T-012-02,main,fail,True
6af34679-56f4-46d3-96f9-270931c32699,db310dfc-e839-4833-8d46-3fa20f6e1b88,T-013-01,main,fail,True
6af34679-56f4-46d3-96f9-270931c32699,db310dfc-e839-4833-8d46-3fa20f6e1b88,T-013-02,main,fail,True
6af34679-56f4-46d3-96f9-270931c32699,db310dfc-e839-4833-8d46-3fa20f6e1b88,T-014-01,main,fail,True
6af34679-56f4-46d3-96f9-270931c32699,db310dfc-e839-4833-8d46-3fa20f6e1b88,T-014-02,main,fail,True
6af34679-56f4-46d3-96f9-270931c32699,db310dfc-e839-4833-8d46-3fa20f6e1b88,T-015-01,main,fail,True
6af34679-56f4-46d3-96f9-270931c32699,db310dfc-e839-4833-8d46-3fa20f6e1b88,T-016-01,main,blocked,True
6af34679-56f4-46d3-96f9-270931c32699,db310dfc-e839-4833-8d46-3fa20f6e1b88,T-016-02,main,blocked,True
6af34679-56f4-46d3-96f9-270931c32699,db310dfc-e839-4833-8d46-3fa20f6e1b88,T-016-03,main,pass,True
6af34679-56f4-46d3-96f9-270931c32699,db310dfc-e839-4833-8d46-3fa20f6e1b88,T-017-01,main,fail,True
6af34679-56f4-46d3-96f9-270931c32699,db310dfc-e839-4833-8d46-3fa20f6e1b88,T-017-02,main,blocked,True
6af34679-56f4-46d3-96f9-270931c32699,db310dfc-e839-4833-8d46-3fa20f6e1b88,T-018-01,main,pass,True
6af34679-56f4-46d3-96f9-270931c32699,db310dfc-e839-4833-8d46-3fa20f6e1b88,T-018-02,main,pass,True
6af34679-56f4-46d3-96f9-270931c32699,db310dfc-e839-4833-8d46-3fa20f6e1b88,T-018-03,main,pass,True
6af34679-56f4-46d3-96f9-270931c32699,db310dfc-e839-4833-8d46-3fa20f6e1b88,T-019-01,main,fail,True
6af34679-56f4-46d3-96f9-270931c32699,db310dfc-e839-4833-8d46-3fa20f6e1b88,T-019-02,main,pass,True
6af34679-56f4-46d3-96f9-270931c32699,db310dfc-e839-4833-8d46-3fa20f6e1b88,T-019-03,main,pass,True
6af34679-56f4-46d3-96f9-270931c32699,db310dfc-e839-4833-8d46-3fa20f6e1b88,T-020-01,main,fail,True
6af34679-56f4-46d3-96f9-270931c32699,db310dfc-e839-4833-8d46-3fa20f6e1b88,T-020-02,main,pass,True
6af34679-56f4-46d3-96f9-270931c32699,db310dfc-e839-4833-8d46-3fa20f6e1b88,T-020-03,main,fail,True
6af34679-56f4-46d3-96f9-270931c32699,db310dfc-e839-4833-8d46-3fa20f6e1b88,T-020-04,main,pass,True
71ff896b-3c40-4903-a819-e4d5aa98f11b,fb4f0baf-93d5-4de2-8e4a-39c940f963f7,T-001-01,main,pass,True
71ff896b-3c40-4903-a819-e4d5aa98f11b,fb4f0baf-93d5-4de2-8e4a-39c940f963f7,T-001-02,main,pass,True
71ff896b-3c40-4903-a819-e4d5aa98f11b,fb4f0baf-93d5-4de2-8e4a-39c940f963f7,T-001-03,main,pass,True
71ff896b-3c40-4903-a819-e4d5aa98f11b,fb4f0baf-93d5-4de2-8e4a-39c940f963f7,T-001-04,main,pass,True
71ff896b-3c40-4903-a819-e4d5aa98f11b,fb4f0baf-93d5-4de2-8e4a-39c940f963f7,T-002-01,main,pass,True
71ff896b-3c40-4903-a819-e4d5aa98f11b,fb4f0baf-93d5-4de2-8e4a-39c940f963f7,T-002-02,main,fail,True
71ff896b-3c40-4903-a819-e4d5aa98f11b,fb4f0baf-93d5-4de2-8e4a-39c940f963f7,T-002-03,main,pass,True
71ff896b-3c40-4903-a819-e4d5aa98f11b,fb4f0baf-93d5-4de2-8e4a-39c940f963f7,T-002-04,main,pass,True
71ff896b-3c40-4903-a819-e4d5aa98f11b,fb4f0baf-93d5-4de2-8e4a-39c940f963f7,T-003-01,main,pass,True
71ff896b-3c40-4903-a819-e4d5aa98f11b,fb4f0baf-93d5-4de2-8e4a-39c940f963f7,T-003-02,main,pass,True
71ff896b-3c40-4903-a819-e4d5aa98f11b,fb4f0baf-93d5-4de2-8e4a-39c940f963f7,T-004-01,main,pass,True
71ff896b-3c40-4903-a819-e4d5aa98f11b,fb4f0baf-93d5-4de2-8e4a-39c940f963f7,T-004-02,main,pass,True
71ff896b-3c40-4903-a819-e4d5aa98f11b,fb4f0baf-93d5-4de2-8e4a-39c940f963f7,T-004-03,main,fail,True
71ff896b-3c40-4903-a819-e4d5aa98f11b,fb4f0baf-93d5-4de2-8e4a-39c940f963f7,T-005-01,main,fail,True
71ff896b-3c40-4903-a819-e4d5aa98f11b,fb4f0baf-93d5-4de2-8e4a-39c940f963f7,T-005-02,main,fail,True
71ff896b-3c40-4903-a819-e4d5aa98f11b,fb4f0baf-93d5-4de2-8e4a-39c940f963f7,T-006-01,main,pass,True
71ff896b-3c40-4903-a819-e4d5aa98f11b,fb4f0baf-93d5-4de2-8e4a-39c940f963f7,T-006-02,main,pass,True
71ff896b-3c40-4903-a819-e4d5aa98f11b,fb4f0baf-93d5-4de2-8e4a-39c940f963f7,T-006-03,main,pass,True
71ff896b-3c40-4903-a819-e4d5aa98f11b,fb4f0baf-93d5-4de2-8e4a-39c940f963f7,T-006-04,main,pass,True
71ff896b-3c40-4903-a819-e4d5aa98f11b,fb4f0baf-93d5-4de2-8e4a-39c940f963f7,T-006-05,lower,pass,True
71ff896b-3c40-4903-a819-e4d5aa98f11b,fb4f0baf-93d5-4de2-8e4a-39c940f963f7,T-006-05,upper,pass,True
71ff896b-3c40-4903-a819-e4d5aa98f11b,fb4f0baf-93d5-4de2-8e4a-39c940f963f7,T-006-06,main,pass,True
71ff896b-3c40-4903-a819-e4d5aa98f11b,fb4f0baf-93d5-4de2-8e4a-39c940f963f7,T-007-01,main,pass,True
71ff896b-3c40-4903-a819-e4d5aa98f11b,fb4f0baf-93d5-4de2-8e4a-39c940f963f7,T-007-02,main,pass,True
71ff896b-3c40-4903-a819-e4d5aa98f11b,fb4f0baf-93d5-4de2-8e4a-39c940f963f7,T-007-03,main,pass,True
71ff896b-3c40-4903-a819-e4d5aa98f11b,fb4f0baf-93d5-4de2-8e4a-39c940f963f7,T-008-01,main,pass,True
71ff896b-3c40-4903-a819-e4d5aa98f11b,fb4f0baf-93d5-4de2-8e4a-39c940f963f7,T-008-02,main,pass,True
71ff896b-3c40-4903-a819-e4d5aa98f11b,fb4f0baf-93d5-4de2-8e4a-39c940f963f7,T-008-03,main,pass,True
71ff896b-3c40-4903-a819-e4d5aa98f11b,fb4f0baf-93d5-4de2-8e4a-39c940f963f7,T-008-04,main,pass,True
71ff896b-3c40-4903-a819-e4d5aa98f11b,fb4f0baf-93d5-4de2-8e4a-39c940f963f7,T-009-01,main,fail,True
71ff896b-3c40-4903-a819-e4d5aa98f11b,fb4f0baf-93d5-4de2-8e4a-39c940f963f7,T-009-02,main,pass,True
71ff896b-3c40-4903-a819-e4d5aa98f11b,fb4f0baf-93d5-4de2-8e4a-39c940f963f7,T-010-01,main,pass,True
71ff896b-3c40-4903-a819-e4d5aa98f11b,fb4f0baf-93d5-4de2-8e4a-39c940f963f7,T-010-02,main,pass,True
71ff896b-3c40-4903-a819-e4d5aa98f11b,fb4f0baf-93d5-4de2-8e4a-39c940f963f7,T-010-03,main,pass,True
71ff896b-3c40-4903-a819-e4d5aa98f11b,fb4f0baf-93d5-4de2-8e4a-39c940f963f7,T-011-01,main,pass,True
71ff896b-3c40-4903-a819-e4d5aa98f11b,fb4f0baf-93d5-4de2-8e4a-39c940f963f7,T-011-02,main,pass,True
71ff896b-3c40-4903-a819-e4d5aa98f11b,fb4f0baf-93d5-4de2-8e4a-39c940f963f7,T-012-01,main,fail,True
71ff896b-3c40-4903-a819-e4d5aa98f11b,fb4f0baf-93d5-4de2-8e4a-39c940f963f7,T-012-02,main,pass,True
71ff896b-3c40-4903-a819-e4d5aa98f11b,fb4f0baf-93d5-4de2-8e4a-39c940f963f7,T-013-01,main,fail,True
71ff896b-3c40-4903-a819-e4d5aa98f11b,fb4f0baf-93d5-4de2-8e4a-39c940f963f7,T-013-02,main,pass,True
71ff896b-3c40-4903-a819-e4d5aa98f11b,fb4f0baf-93d5-4de2-8e4a-39c940f963f7,T-014-01,main,fail,True
71ff896b-3c40-4903-a819-e4d5aa98f11b,fb4f0baf-93d5-4de2-8e4a-39c940f963f7,T-014-02,main,pass,True
71ff896b-3c40-4903-a819-e4d5aa98f11b,fb4f0baf-93d5-4de2-8e4a-39c940f963f7,T-015-01,main,fail,True
71ff896b-3c40-4903-a819-e4d5aa98f11b,fb4f0baf-93d5-4de2-8e4a-39c940f963f7,T-016-01,main,fail,True
71ff896b-3c40-4903-a819-e4d5aa98f11b,fb4f0baf-93d5-4de2-8e4a-39c940f963f7,T-016-02,main,pass,True
71ff896b-3c40-4903-a819-e4d5aa98f11b,fb4f0baf-93d5-4de2-8e4a-39c940f963f7,T-016-03,main,pass,True
71ff896b-3c40-4903-a819-e4d5aa98f11b,fb4f0baf-93d5-4de2-8e4a-39c940f963f7,T-017-01,main,pass,True
71ff896b-3c40-4903-a819-e4d5aa98f11b,fb4f0baf-93d5-4de2-8e4a-39c940f963f7,T-017-02,main,pass,True
71ff896b-3c40-4903-a819-e4d5aa98f11b,fb4f0baf-93d5-4de2-8e4a-39c940f963f7,T-018-01,main,pass,True
71ff896b-3c40-4903-a819-e4d5aa98f11b,fb4f0baf-93d5-4de2-8e4a-39c940f963f7,T-018-02,main,pass,True
71ff896b-3c40-4903-a819-e4d5aa98f11b,fb4f0baf-93d5-4de2-8e4a-39c940f963f7,T-018-03,main,pass,True
71ff896b-3c40-4903-a819-e4d5aa98f11b,fb4f0baf-93d5-4de2-8e4a-39c940f963f7,T-019-01,main,pass,True
71ff896b-3c40-4903-a819-e4d5aa98f11b,fb4f0baf-93d5-4de2-8e4a-39c940f963f7,T-019-02,main,pass,True
71ff896b-3c40-4903-a819-e4d5aa98f11b,fb4f0baf-93d5-4de2-8e4a-39c940f963f7,T-019-03,main,pass,True
71ff896b-3c40-4903-a819-e4d5aa98f11b,fb4f0baf-93d5-4de2-8e4a-39c940f963f7,T-020-01,main,pass,True
71ff896b-3c40-4903-a819-e4d5aa98f11b,fb4f0baf-93d5-4de2-8e4a-39c940f963f7,T-020-02,main,pass,True
71ff896b-3c40-4903-a819-e4d5aa98f11b,fb4f0baf-93d5-4de2-8e4a-39c940f963f7,T-020-03,main,pass,True
71ff896b-3c40-4903-a819-e4d5aa98f11b,fb4f0baf-93d5-4de2-8e4a-39c940f963f7,T-020-04,main,pass,True
724b281a-c3d0-43a8-85df-6e8df56845e7,cc5921d1-a29b-4d50-80c3-7e4856f46ac0,T-001-01,main,fail,True
724b281a-c3d0-43a8-85df-6e8df56845e7,cc5921d1-a29b-4d50-80c3-7e4856f46ac0,T-001-02,main,fail,True
724b281a-c3d0-43a8-85df-6e8df56845e7,cc5921d1-a29b-4d50-80c3-7e4856f46ac0,T-001-03,main,fail,True
724b281a-c3d0-43a8-85df-6e8df56845e7,cc5921d1-a29b-4d50-80c3-7e4856f46ac0,T-001-04,main,fail,True
724b281a-c3d0-43a8-85df-6e8df56845e7,cc5921d1-a29b-4d50-80c3-7e4856f46ac0,T-002-01,main,blocked,True
724b281a-c3d0-43a8-85df-6e8df56845e7,cc5921d1-a29b-4d50-80c3-7e4856f46ac0,T-002-02,main,blocked,True
724b281a-c3d0-43a8-85df-6e8df56845e7,cc5921d1-a29b-4d50-80c3-7e4856f46ac0,T-002-03,main,blocked,True
724b281a-c3d0-43a8-85df-6e8df56845e7,cc5921d1-a29b-4d50-80c3-7e4856f46ac0,T-002-04,main,fail,True
724b281a-c3d0-43a8-85df-6e8df56845e7,cc5921d1-a29b-4d50-80c3-7e4856f46ac0,T-003-01,main,blocked,True
724b281a-c3d0-43a8-85df-6e8df56845e7,cc5921d1-a29b-4d50-80c3-7e4856f46ac0,T-003-02,main,blocked,True
724b281a-c3d0-43a8-85df-6e8df56845e7,cc5921d1-a29b-4d50-80c3-7e4856f46ac0,T-004-01,main,blocked,True
724b281a-c3d0-43a8-85df-6e8df56845e7,cc5921d1-a29b-4d50-80c3-7e4856f46ac0,T-004-02,main,blocked,True
724b281a-c3d0-43a8-85df-6e8df56845e7,cc5921d1-a29b-4d50-80c3-7e4856f46ac0,T-004-03,main,blocked,True
724b281a-c3d0-43a8-85df-6e8df56845e7,cc5921d1-a29b-4d50-80c3-7e4856f46ac0,T-005-01,main,blocked,True
724b281a-c3d0-43a8-85df-6e8df56845e7,cc5921d1-a29b-4d50-80c3-7e4856f46ac0,T-005-02,main,blocked,True
724b281a-c3d0-43a8-85df-6e8df56845e7,cc5921d1-a29b-4d50-80c3-7e4856f46ac0,T-006-01,main,blocked,True
724b281a-c3d0-43a8-85df-6e8df56845e7,cc5921d1-a29b-4d50-80c3-7e4856f46ac0,T-006-02,main,blocked,True
724b281a-c3d0-43a8-85df-6e8df56845e7,cc5921d1-a29b-4d50-80c3-7e4856f46ac0,T-006-03,main,blocked,True
724b281a-c3d0-43a8-85df-6e8df56845e7,cc5921d1-a29b-4d50-80c3-7e4856f46ac0,T-006-04,main,blocked,True
724b281a-c3d0-43a8-85df-6e8df56845e7,cc5921d1-a29b-4d50-80c3-7e4856f46ac0,T-006-05,lower,blocked,True
724b281a-c3d0-43a8-85df-6e8df56845e7,cc5921d1-a29b-4d50-80c3-7e4856f46ac0,T-006-05,upper,blocked,True
724b281a-c3d0-43a8-85df-6e8df56845e7,cc5921d1-a29b-4d50-80c3-7e4856f46ac0,T-006-06,main,blocked,True
724b281a-c3d0-43a8-85df-6e8df56845e7,cc5921d1-a29b-4d50-80c3-7e4856f46ac0,T-007-01,main,blocked,True
724b281a-c3d0-43a8-85df-6e8df56845e7,cc5921d1-a29b-4d50-80c3-7e4856f46ac0,T-007-02,main,blocked,True
724b281a-c3d0-43a8-85df-6e8df56845e7,cc5921d1-a29b-4d50-80c3-7e4856f46ac0,T-007-03,main,blocked,True
724b281a-c3d0-43a8-85df-6e8df56845e7,cc5921d1-a29b-4d50-80c3-7e4856f46ac0,T-008-01,main,blocked,True
724b281a-c3d0-43a8-85df-6e8df56845e7,cc5921d1-a29b-4d50-80c3-7e4856f46ac0,T-008-02,main,blocked,True
724b281a-c3d0-43a8-85df-6e8df56845e7,cc5921d1-a29b-4d50-80c3-7e4856f46ac0,T-008-03,main,blocked,True
724b281a-c3d0-43a8-85df-6e8df56845e7,cc5921d1-a29b-4d50-80c3-7e4856f46ac0,T-008-04,main,blocked,True
724b281a-c3d0-43a8-85df-6e8df56845e7,cc5921d1-a29b-4d50-80c3-7e4856f46ac0,T-009-01,main,blocked,True
724b281a-c3d0-43a8-85df-6e8df56845e7,cc5921d1-a29b-4d50-80c3-7e4856f46ac0,T-009-02,main,blocked,True
724b281a-c3d0-43a8-85df-6e8df56845e7,cc5921d1-a29b-4d50-80c3-7e4856f46ac0,T-010-01,main,blocked,True
724b281a-c3d0-43a8-85df-6e8df56845e7,cc5921d1-a29b-4d50-80c3-7e4856f46ac0,T-010-02,main,blocked,True
724b281a-c3d0-43a8-85df-6e8df56845e7,cc5921d1-a29b-4d50-80c3-7e4856f46ac0,T-010-03,main,blocked,True
724b281a-c3d0-43a8-85df-6e8df56845e7,cc5921d1-a29b-4d50-80c3-7e4856f46ac0,T-011-01,main,blocked,True
724b281a-c3d0-43a8-85df-6e8df56845e7,cc5921d1-a29b-4d50-80c3-7e4856f46ac0,T-011-02,main,blocked,True
724b281a-c3d0-43a8-85df-6e8df56845e7,cc5921d1-a29b-4d50-80c3-7e4856f46ac0,T-012-01,main,blocked,True
724b281a-c3d0-43a8-85df-6e8df56845e7,cc5921d1-a29b-4d50-80c3-7e4856f46ac0,T-012-02,main,blocked,True
724b281a-c3d0-43a8-85df-6e8df56845e7,cc5921d1-a29b-4d50-80c3-7e4856f46ac0,T-013-01,main,blocked,True
724b281a-c3d0-43a8-85df-6e8df56845e7,cc5921d1-a29b-4d50-80c3-7e4856f46ac0,T-013-02,main,blocked,True
724b281a-c3d0-43a8-85df-6e8df56845e7,cc5921d1-a29b-4d50-80c3-7e4856f46ac0,T-014-01,main,blocked,True
724b281a-c3d0-43a8-85df-6e8df56845e7,cc5921d1-a29b-4d50-80c3-7e4856f46ac0,T-014-02,main,blocked,True
724b281a-c3d0-43a8-85df-6e8df56845e7,cc5921d1-a29b-4d50-80c3-7e4856f46ac0,T-015-01,main,blocked,True
724b281a-c3d0-43a8-85df-6e8df56845e7,cc5921d1-a29b-4d50-80c3-7e4856f46ac0,T-016-01,main,blocked,True
724b281a-c3d0-43a8-85df-6e8df56845e7,cc5921d1-a29b-4d50-80c3-7e4856f46ac0,T-016-02,main,blocked,True
724b281a-c3d0-43a8-85df-6e8df56845e7,cc5921d1-a29b-4d50-80c3-7e4856f46ac0,T-016-03,main,blocked,True
724b281a-c3d0-43a8-85df-6e8df56845e7,cc5921d1-a29b-4d50-80c3-7e4856f46ac0,T-017-01,main,blocked,True
724b281a-c3d0-43a8-85df-6e8df56845e7,cc5921d1-a29b-4d50-80c3-7e4856f46ac0,T-017-02,main,blocked,True
724b281a-c3d0-43a8-85df-6e8df56845e7,cc5921d1-a29b-4d50-80c3-7e4856f46ac0,T-018-01,main,blocked,True
724b281a-c3d0-43a8-85df-6e8df56845e7,cc5921d1-a29b-4d50-80c3-7e4856f46ac0,T-018-02,main,blocked,True
724b281a-c3d0-43a8-85df-6e8df56845e7,cc5921d1-a29b-4d50-80c3-7e4856f46ac0,T-018-03,main,blocked,True
724b281a-c3d0-43a8-85df-6e8df56845e7,cc5921d1-a29b-4d50-80c3-7e4856f46ac0,T-019-01,main,blocked,True
724b281a-c3d0-43a8-85df-6e8df56845e7,cc5921d1-a29b-4d50-80c3-7e4856f46ac0,T-019-02,main,blocked,True
724b281a-c3d0-43a8-85df-6e8df56845e7,cc5921d1-a29b-4d50-80c3-7e4856f46ac0,T-019-03,main,blocked,True
724b281a-c3d0-43a8-85df-6e8df56845e7,cc5921d1-a29b-4d50-80c3-7e4856f46ac0,T-020-01,main,blocked,True
724b281a-c3d0-43a8-85df-6e8df56845e7,cc5921d1-a29b-4d50-80c3-7e4856f46ac0,T-020-02,main,blocked,True
724b281a-c3d0-43a8-85df-6e8df56845e7,cc5921d1-a29b-4d50-80c3-7e4856f46ac0,T-020-03,main,blocked,True
724b281a-c3d0-43a8-85df-6e8df56845e7,cc5921d1-a29b-4d50-80c3-7e4856f46ac0,T-020-04,main,blocked,True
740a2f8e-7509-4915-880d-a21086bffe9a,a9c087e4-565a-4e61-8352-a86fb3594ed0,T-001-01,main,fail,True
740a2f8e-7509-4915-880d-a21086bffe9a,a9c087e4-565a-4e61-8352-a86fb3594ed0,T-001-02,main,pass,True
740a2f8e-7509-4915-880d-a21086bffe9a,a9c087e4-565a-4e61-8352-a86fb3594ed0,T-001-03,main,pass,True
740a2f8e-7509-4915-880d-a21086bffe9a,a9c087e4-565a-4e61-8352-a86fb3594ed0,T-001-04,main,pass,True
740a2f8e-7509-4915-880d-a21086bffe9a,a9c087e4-565a-4e61-8352-a86fb3594ed0,T-002-01,main,blocked,True
740a2f8e-7509-4915-880d-a21086bffe9a,a9c087e4-565a-4e61-8352-a86fb3594ed0,T-002-02,main,fail,True
740a2f8e-7509-4915-880d-a21086bffe9a,a9c087e4-565a-4e61-8352-a86fb3594ed0,T-002-03,main,pass,True
740a2f8e-7509-4915-880d-a21086bffe9a,a9c087e4-565a-4e61-8352-a86fb3594ed0,T-002-04,main,pass,True
740a2f8e-7509-4915-880d-a21086bffe9a,a9c087e4-565a-4e61-8352-a86fb3594ed0,T-003-01,main,pass,True
740a2f8e-7509-4915-880d-a21086bffe9a,a9c087e4-565a-4e61-8352-a86fb3594ed0,T-003-02,main,fail,True
740a2f8e-7509-4915-880d-a21086bffe9a,a9c087e4-565a-4e61-8352-a86fb3594ed0,T-004-01,main,fail,True
740a2f8e-7509-4915-880d-a21086bffe9a,a9c087e4-565a-4e61-8352-a86fb3594ed0,T-004-02,main,fail,True
740a2f8e-7509-4915-880d-a21086bffe9a,a9c087e4-565a-4e61-8352-a86fb3594ed0,T-004-03,main,fail,True
740a2f8e-7509-4915-880d-a21086bffe9a,a9c087e4-565a-4e61-8352-a86fb3594ed0,T-005-01,main,fail,True
740a2f8e-7509-4915-880d-a21086bffe9a,a9c087e4-565a-4e61-8352-a86fb3594ed0,T-005-02,main,fail,True
740a2f8e-7509-4915-880d-a21086bffe9a,a9c087e4-565a-4e61-8352-a86fb3594ed0,T-006-01,main,fail,True
740a2f8e-7509-4915-880d-a21086bffe9a,a9c087e4-565a-4e61-8352-a86fb3594ed0,T-006-02,main,pass,True
740a2f8e-7509-4915-880d-a21086bffe9a,a9c087e4-565a-4e61-8352-a86fb3594ed0,T-006-03,main,fail,True
740a2f8e-7509-4915-880d-a21086bffe9a,a9c087e4-565a-4e61-8352-a86fb3594ed0,T-006-04,main,pass,True
740a2f8e-7509-4915-880d-a21086bffe9a,a9c087e4-565a-4e61-8352-a86fb3594ed0,T-006-05,lower,fail,True
740a2f8e-7509-4915-880d-a21086bffe9a,a9c087e4-565a-4e61-8352-a86fb3594ed0,T-006-05,upper,pass,True
740a2f8e-7509-4915-880d-a21086bffe9a,a9c087e4-565a-4e61-8352-a86fb3594ed0,T-006-06,main,pass,True
740a2f8e-7509-4915-880d-a21086bffe9a,a9c087e4-565a-4e61-8352-a86fb3594ed0,T-007-01,main,pass,True
740a2f8e-7509-4915-880d-a21086bffe9a,a9c087e4-565a-4e61-8352-a86fb3594ed0,T-007-02,main,pass,True
740a2f8e-7509-4915-880d-a21086bffe9a,a9c087e4-565a-4e61-8352-a86fb3594ed0,T-007-03,main,pass,True
740a2f8e-7509-4915-880d-a21086bffe9a,a9c087e4-565a-4e61-8352-a86fb3594ed0,T-008-01,main,pass,True
740a2f8e-7509-4915-880d-a21086bffe9a,a9c087e4-565a-4e61-8352-a86fb3594ed0,T-008-02,main,fail,True
740a2f8e-7509-4915-880d-a21086bffe9a,a9c087e4-565a-4e61-8352-a86fb3594ed0,T-008-03,main,fail,True
740a2f8e-7509-4915-880d-a21086bffe9a,a9c087e4-565a-4e61-8352-a86fb3594ed0,T-008-04,main,pass,True
740a2f8e-7509-4915-880d-a21086bffe9a,a9c087e4-565a-4e61-8352-a86fb3594ed0,T-009-01,main,fail,True
740a2f8e-7509-4915-880d-a21086bffe9a,a9c087e4-565a-4e61-8352-a86fb3594ed0,T-009-02,main,blocked,True
740a2f8e-7509-4915-880d-a21086bffe9a,a9c087e4-565a-4e61-8352-a86fb3594ed0,T-010-01,main,fail,True
740a2f8e-7509-4915-880d-a21086bffe9a,a9c087e4-565a-4e61-8352-a86fb3594ed0,T-010-02,main,pass,True
740a2f8e-7509-4915-880d-a21086bffe9a,a9c087e4-565a-4e61-8352-a86fb3594ed0,T-010-03,main,pass,True
740a2f8e-7509-4915-880d-a21086bffe9a,a9c087e4-565a-4e61-8352-a86fb3594ed0,T-011-01,main,fail,True
740a2f8e-7509-4915-880d-a21086bffe9a,a9c087e4-565a-4e61-8352-a86fb3594ed0,T-011-02,main,fail,True
740a2f8e-7509-4915-880d-a21086bffe9a,a9c087e4-565a-4e61-8352-a86fb3594ed0,T-012-01,main,fail,True
740a2f8e-7509-4915-880d-a21086bffe9a,a9c087e4-565a-4e61-8352-a86fb3594ed0,T-012-02,main,fail,True
740a2f8e-7509-4915-880d-a21086bffe9a,a9c087e4-565a-4e61-8352-a86fb3594ed0,T-013-01,main,fail,True
740a2f8e-7509-4915-880d-a21086bffe9a,a9c087e4-565a-4e61-8352-a86fb3594ed0,T-013-02,main,fail,True
740a2f8e-7509-4915-880d-a21086bffe9a,a9c087e4-565a-4e61-8352-a86fb3594ed0,T-014-01,main,fail,True
740a2f8e-7509-4915-880d-a21086bffe9a,a9c087e4-565a-4e61-8352-a86fb3594ed0,T-014-02,main,fail,True
740a2f8e-7509-4915-880d-a21086bffe9a,a9c087e4-565a-4e61-8352-a86fb3594ed0,T-015-01,main,fail,True
740a2f8e-7509-4915-880d-a21086bffe9a,a9c087e4-565a-4e61-8352-a86fb3594ed0,T-016-01,main,fail,True
740a2f8e-7509-4915-880d-a21086bffe9a,a9c087e4-565a-4e61-8352-a86fb3594ed0,T-016-02,main,fail,True
740a2f8e-7509-4915-880d-a21086bffe9a,a9c087e4-565a-4e61-8352-a86fb3594ed0,T-016-03,main,pass,True
740a2f8e-7509-4915-880d-a21086bffe9a,a9c087e4-565a-4e61-8352-a86fb3594ed0,T-017-01,main,fail,True
740a2f8e-7509-4915-880d-a21086bffe9a,a9c087e4-565a-4e61-8352-a86fb3594ed0,T-017-02,main,fail,True
740a2f8e-7509-4915-880d-a21086bffe9a,a9c087e4-565a-4e61-8352-a86fb3594ed0,T-018-01,main,blocked,True
740a2f8e-7509-4915-880d-a21086bffe9a,a9c087e4-565a-4e61-8352-a86fb3594ed0,T-018-02,main,pass,True
740a2f8e-7509-4915-880d-a21086bffe9a,a9c087e4-565a-4e61-8352-a86fb3594ed0,T-018-03,main,pass,True
740a2f8e-7509-4915-880d-a21086bffe9a,a9c087e4-565a-4e61-8352-a86fb3594ed0,T-019-01,main,fail,True
740a2f8e-7509-4915-880d-a21086bffe9a,a9c087e4-565a-4e61-8352-a86fb3594ed0,T-019-02,main,pass,True
740a2f8e-7509-4915-880d-a21086bffe9a,a9c087e4-565a-4e61-8352-a86fb3594ed0,T-019-03,main,pass,True
740a2f8e-7509-4915-880d-a21086bffe9a,a9c087e4-565a-4e61-8352-a86fb3594ed0,T-020-01,main,pass,True
740a2f8e-7509-4915-880d-a21086bffe9a,a9c087e4-565a-4e61-8352-a86fb3594ed0,T-020-02,main,pass,True
740a2f8e-7509-4915-880d-a21086bffe9a,a9c087e4-565a-4e61-8352-a86fb3594ed0,T-020-03,main,pass,True
740a2f8e-7509-4915-880d-a21086bffe9a,a9c087e4-565a-4e61-8352-a86fb3594ed0,T-020-04,main,fail,True
76cac053-f623-45d1-96ff-c77edf4a0bee,ca426959-1d8c-43b3-b9c8-c083495f7393,T-001-01,main,pass,True
76cac053-f623-45d1-96ff-c77edf4a0bee,ca426959-1d8c-43b3-b9c8-c083495f7393,T-001-02,main,pass,True
76cac053-f623-45d1-96ff-c77edf4a0bee,ca426959-1d8c-43b3-b9c8-c083495f7393,T-001-03,main,pass,True
76cac053-f623-45d1-96ff-c77edf4a0bee,ca426959-1d8c-43b3-b9c8-c083495f7393,T-001-04,main,pass,True
76cac053-f623-45d1-96ff-c77edf4a0bee,ca426959-1d8c-43b3-b9c8-c083495f7393,T-002-01,main,pass,True
76cac053-f623-45d1-96ff-c77edf4a0bee,ca426959-1d8c-43b3-b9c8-c083495f7393,T-002-02,main,fail,True
76cac053-f623-45d1-96ff-c77edf4a0bee,ca426959-1d8c-43b3-b9c8-c083495f7393,T-002-03,main,pass,True
76cac053-f623-45d1-96ff-c77edf4a0bee,ca426959-1d8c-43b3-b9c8-c083495f7393,T-002-04,main,pass,True
76cac053-f623-45d1-96ff-c77edf4a0bee,ca426959-1d8c-43b3-b9c8-c083495f7393,T-003-01,main,fail,True
76cac053-f623-45d1-96ff-c77edf4a0bee,ca426959-1d8c-43b3-b9c8-c083495f7393,T-003-02,main,fail,True
76cac053-f623-45d1-96ff-c77edf4a0bee,ca426959-1d8c-43b3-b9c8-c083495f7393,T-004-01,main,fail,True
76cac053-f623-45d1-96ff-c77edf4a0bee,ca426959-1d8c-43b3-b9c8-c083495f7393,T-004-02,main,fail,True
76cac053-f623-45d1-96ff-c77edf4a0bee,ca426959-1d8c-43b3-b9c8-c083495f7393,T-004-03,main,fail,True
76cac053-f623-45d1-96ff-c77edf4a0bee,ca426959-1d8c-43b3-b9c8-c083495f7393,T-005-01,main,pass,True
76cac053-f623-45d1-96ff-c77edf4a0bee,ca426959-1d8c-43b3-b9c8-c083495f7393,T-005-02,main,pass,True
76cac053-f623-45d1-96ff-c77edf4a0bee,ca426959-1d8c-43b3-b9c8-c083495f7393,T-006-01,main,fail,True
76cac053-f623-45d1-96ff-c77edf4a0bee,ca426959-1d8c-43b3-b9c8-c083495f7393,T-006-02,main,pass,True
76cac053-f623-45d1-96ff-c77edf4a0bee,ca426959-1d8c-43b3-b9c8-c083495f7393,T-006-03,main,fail,True
76cac053-f623-45d1-96ff-c77edf4a0bee,ca426959-1d8c-43b3-b9c8-c083495f7393,T-006-04,main,pass,True
76cac053-f623-45d1-96ff-c77edf4a0bee,ca426959-1d8c-43b3-b9c8-c083495f7393,T-006-05,lower,fail,True
76cac053-f623-45d1-96ff-c77edf4a0bee,ca426959-1d8c-43b3-b9c8-c083495f7393,T-006-05,upper,pass,True
76cac053-f623-45d1-96ff-c77edf4a0bee,ca426959-1d8c-43b3-b9c8-c083495f7393,T-006-06,main,pass,True
76cac053-f623-45d1-96ff-c77edf4a0bee,ca426959-1d8c-43b3-b9c8-c083495f7393,T-007-01,main,pass,True
76cac053-f623-45d1-96ff-c77edf4a0bee,ca426959-1d8c-43b3-b9c8-c083495f7393,T-007-02,main,pass,True
76cac053-f623-45d1-96ff-c77edf4a0bee,ca426959-1d8c-43b3-b9c8-c083495f7393,T-007-03,main,pass,True
76cac053-f623-45d1-96ff-c77edf4a0bee,ca426959-1d8c-43b3-b9c8-c083495f7393,T-008-01,main,fail,True
76cac053-f623-45d1-96ff-c77edf4a0bee,ca426959-1d8c-43b3-b9c8-c083495f7393,T-008-02,main,pass,True
76cac053-f623-45d1-96ff-c77edf4a0bee,ca426959-1d8c-43b3-b9c8-c083495f7393,T-008-03,main,pass,True
76cac053-f623-45d1-96ff-c77edf4a0bee,ca426959-1d8c-43b3-b9c8-c083495f7393,T-008-04,main,fail,True
76cac053-f623-45d1-96ff-c77edf4a0bee,ca426959-1d8c-43b3-b9c8-c083495f7393,T-009-01,main,fail,True
76cac053-f623-45d1-96ff-c77edf4a0bee,ca426959-1d8c-43b3-b9c8-c083495f7393,T-009-02,main,pass,True
76cac053-f623-45d1-96ff-c77edf4a0bee,ca426959-1d8c-43b3-b9c8-c083495f7393,T-010-01,main,fail,True
76cac053-f623-45d1-96ff-c77edf4a0bee,ca426959-1d8c-43b3-b9c8-c083495f7393,T-010-02,main,pass,True
76cac053-f623-45d1-96ff-c77edf4a0bee,ca426959-1d8c-43b3-b9c8-c083495f7393,T-010-03,main,pass,True
76cac053-f623-45d1-96ff-c77edf4a0bee,ca426959-1d8c-43b3-b9c8-c083495f7393,T-011-01,main,fail,True
76cac053-f623-45d1-96ff-c77edf4a0bee,ca426959-1d8c-43b3-b9c8-c083495f7393,T-011-02,main,fail,True
76cac053-f623-45d1-96ff-c77edf4a0bee,ca426959-1d8c-43b3-b9c8-c083495f7393,T-012-01,main,fail,True
76cac053-f623-45d1-96ff-c77edf4a0bee,ca426959-1d8c-43b3-b9c8-c083495f7393,T-012-02,main,fail,True
76cac053-f623-45d1-96ff-c77edf4a0bee,ca426959-1d8c-43b3-b9c8-c083495f7393,T-013-01,main,fail,True
76cac053-f623-45d1-96ff-c77edf4a0bee,ca426959-1d8c-43b3-b9c8-c083495f7393,T-013-02,main,fail,True
76cac053-f623-45d1-96ff-c77edf4a0bee,ca426959-1d8c-43b3-b9c8-c083495f7393,T-014-01,main,fail,True
76cac053-f623-45d1-96ff-c77edf4a0bee,ca426959-1d8c-43b3-b9c8-c083495f7393,T-014-02,main,fail,True
76cac053-f623-45d1-96ff-c77edf4a0bee,ca426959-1d8c-43b3-b9c8-c083495f7393,T-015-01,main,fail,True
76cac053-f623-45d1-96ff-c77edf4a0bee,ca426959-1d8c-43b3-b9c8-c083495f7393,T-016-01,main,fail,True
76cac053-f623-45d1-96ff-c77edf4a0bee,ca426959-1d8c-43b3-b9c8-c083495f7393,T-016-02,main,pass,True
76cac053-f623-45d1-96ff-c77edf4a0bee,ca426959-1d8c-43b3-b9c8-c083495f7393,T-016-03,main,pass,True
76cac053-f623-45d1-96ff-c77edf4a0bee,ca426959-1d8c-43b3-b9c8-c083495f7393,T-017-01,main,pass,True
76cac053-f623-45d1-96ff-c77edf4a0bee,ca426959-1d8c-43b3-b9c8-c083495f7393,T-017-02,main,pass,True
76cac053-f623-45d1-96ff-c77edf4a0bee,ca426959-1d8c-43b3-b9c8-c083495f7393,T-018-01,main,pass,True
76cac053-f623-45d1-96ff-c77edf4a0bee,ca426959-1d8c-43b3-b9c8-c083495f7393,T-018-02,main,pass,True
76cac053-f623-45d1-96ff-c77edf4a0bee,ca426959-1d8c-43b3-b9c8-c083495f7393,T-018-03,main,pass,True
76cac053-f623-45d1-96ff-c77edf4a0bee,ca426959-1d8c-43b3-b9c8-c083495f7393,T-019-01,main,fail,True
76cac053-f623-45d1-96ff-c77edf4a0bee,ca426959-1d8c-43b3-b9c8-c083495f7393,T-019-02,main,pass,True
76cac053-f623-45d1-96ff-c77edf4a0bee,ca426959-1d8c-43b3-b9c8-c083495f7393,T-019-03,main,pass,True
76cac053-f623-45d1-96ff-c77edf4a0bee,ca426959-1d8c-43b3-b9c8-c083495f7393,T-020-01,main,fail,True
76cac053-f623-45d1-96ff-c77edf4a0bee,ca426959-1d8c-43b3-b9c8-c083495f7393,T-020-02,main,pass,True
76cac053-f623-45d1-96ff-c77edf4a0bee,ca426959-1d8c-43b3-b9c8-c083495f7393,T-020-03,main,fail,True
76cac053-f623-45d1-96ff-c77edf4a0bee,ca426959-1d8c-43b3-b9c8-c083495f7393,T-020-04,main,pass,True
7cce7b2d-1ee9-410e-a216-da48d74b3f23,00228dd0-e23b-41fa-9916-b99f1355b824,T-001-01,main,pass,True
7cce7b2d-1ee9-410e-a216-da48d74b3f23,00228dd0-e23b-41fa-9916-b99f1355b824,T-001-02,main,pass,True
7cce7b2d-1ee9-410e-a216-da48d74b3f23,00228dd0-e23b-41fa-9916-b99f1355b824,T-001-03,main,pass,True
7cce7b2d-1ee9-410e-a216-da48d74b3f23,00228dd0-e23b-41fa-9916-b99f1355b824,T-001-04,main,pass,True
7cce7b2d-1ee9-410e-a216-da48d74b3f23,00228dd0-e23b-41fa-9916-b99f1355b824,T-002-01,main,pass,True
7cce7b2d-1ee9-410e-a216-da48d74b3f23,00228dd0-e23b-41fa-9916-b99f1355b824,T-002-02,main,fail,True
7cce7b2d-1ee9-410e-a216-da48d74b3f23,00228dd0-e23b-41fa-9916-b99f1355b824,T-002-03,main,pass,True
7cce7b2d-1ee9-410e-a216-da48d74b3f23,00228dd0-e23b-41fa-9916-b99f1355b824,T-002-04,main,pass,True
7cce7b2d-1ee9-410e-a216-da48d74b3f23,00228dd0-e23b-41fa-9916-b99f1355b824,T-003-01,main,fail,True
7cce7b2d-1ee9-410e-a216-da48d74b3f23,00228dd0-e23b-41fa-9916-b99f1355b824,T-003-02,main,fail,True
7cce7b2d-1ee9-410e-a216-da48d74b3f23,00228dd0-e23b-41fa-9916-b99f1355b824,T-004-01,main,pass,True
7cce7b2d-1ee9-410e-a216-da48d74b3f23,00228dd0-e23b-41fa-9916-b99f1355b824,T-004-02,main,pass,True
7cce7b2d-1ee9-410e-a216-da48d74b3f23,00228dd0-e23b-41fa-9916-b99f1355b824,T-004-03,main,fail,True
7cce7b2d-1ee9-410e-a216-da48d74b3f23,00228dd0-e23b-41fa-9916-b99f1355b824,T-005-01,main,pass,True
7cce7b2d-1ee9-410e-a216-da48d74b3f23,00228dd0-e23b-41fa-9916-b99f1355b824,T-005-02,main,fail,True
7cce7b2d-1ee9-410e-a216-da48d74b3f23,00228dd0-e23b-41fa-9916-b99f1355b824,T-006-01,main,pass,True
7cce7b2d-1ee9-410e-a216-da48d74b3f23,00228dd0-e23b-41fa-9916-b99f1355b824,T-006-02,main,pass,True
7cce7b2d-1ee9-410e-a216-da48d74b3f23,00228dd0-e23b-41fa-9916-b99f1355b824,T-006-03,main,pass,True
7cce7b2d-1ee9-410e-a216-da48d74b3f23,00228dd0-e23b-41fa-9916-b99f1355b824,T-006-04,main,pass,True
7cce7b2d-1ee9-410e-a216-da48d74b3f23,00228dd0-e23b-41fa-9916-b99f1355b824,T-006-05,lower,pass,True
7cce7b2d-1ee9-410e-a216-da48d74b3f23,00228dd0-e23b-41fa-9916-b99f1355b824,T-006-05,upper,pass,True
7cce7b2d-1ee9-410e-a216-da48d74b3f23,00228dd0-e23b-41fa-9916-b99f1355b824,T-006-06,main,pass,True
7cce7b2d-1ee9-410e-a216-da48d74b3f23,00228dd0-e23b-41fa-9916-b99f1355b824,T-007-01,main,pass,True
7cce7b2d-1ee9-410e-a216-da48d74b3f23,00228dd0-e23b-41fa-9916-b99f1355b824,T-007-02,main,pass,True
7cce7b2d-1ee9-410e-a216-da48d74b3f23,00228dd0-e23b-41fa-9916-b99f1355b824,T-007-03,main,pass,True
7cce7b2d-1ee9-410e-a216-da48d74b3f23,00228dd0-e23b-41fa-9916-b99f1355b824,T-008-01,main,pass,True
7cce7b2d-1ee9-410e-a216-da48d74b3f23,00228dd0-e23b-41fa-9916-b99f1355b824,T-008-02,main,fail,True
7cce7b2d-1ee9-410e-a216-da48d74b3f23,00228dd0-e23b-41fa-9916-b99f1355b824,T-008-03,main,pass,True
7cce7b2d-1ee9-410e-a216-da48d74b3f23,00228dd0-e23b-41fa-9916-b99f1355b824,T-008-04,main,pass,True
7cce7b2d-1ee9-410e-a216-da48d74b3f23,00228dd0-e23b-41fa-9916-b99f1355b824,T-009-01,main,pass,True
7cce7b2d-1ee9-410e-a216-da48d74b3f23,00228dd0-e23b-41fa-9916-b99f1355b824,T-009-02,main,pass,True
7cce7b2d-1ee9-410e-a216-da48d74b3f23,00228dd0-e23b-41fa-9916-b99f1355b824,T-010-01,main,pass,True
7cce7b2d-1ee9-410e-a216-da48d74b3f23,00228dd0-e23b-41fa-9916-b99f1355b824,T-010-02,main,pass,True
7cce7b2d-1ee9-410e-a216-da48d74b3f23,00228dd0-e23b-41fa-9916-b99f1355b824,T-010-03,main,pass,True
7cce7b2d-1ee9-410e-a216-da48d74b3f23,00228dd0-e23b-41fa-9916-b99f1355b824,T-011-01,main,pass,True
7cce7b2d-1ee9-410e-a216-da48d74b3f23,00228dd0-e23b-41fa-9916-b99f1355b824,T-011-02,main,pass,True
7cce7b2d-1ee9-410e-a216-da48d74b3f23,00228dd0-e23b-41fa-9916-b99f1355b824,T-012-01,main,pass,True
7cce7b2d-1ee9-410e-a216-da48d74b3f23,00228dd0-e23b-41fa-9916-b99f1355b824,T-012-02,main,pass,True
7cce7b2d-1ee9-410e-a216-da48d74b3f23,00228dd0-e23b-41fa-9916-b99f1355b824,T-013-01,main,fail,True
7cce7b2d-1ee9-410e-a216-da48d74b3f23,00228dd0-e23b-41fa-9916-b99f1355b824,T-013-02,main,pass,True
7cce7b2d-1ee9-410e-a216-da48d74b3f23,00228dd0-e23b-41fa-9916-b99f1355b824,T-014-01,main,pass,True
7cce7b2d-1ee9-410e-a216-da48d74b3f23,00228dd0-e23b-41fa-9916-b99f1355b824,T-014-02,main,pass,True
7cce7b2d-1ee9-410e-a216-da48d74b3f23,00228dd0-e23b-41fa-9916-b99f1355b824,T-015-01,main,fail,True
7cce7b2d-1ee9-410e-a216-da48d74b3f23,00228dd0-e23b-41fa-9916-b99f1355b824,T-016-01,main,fail,True
7cce7b2d-1ee9-410e-a216-da48d74b3f23,00228dd0-e23b-41fa-9916-b99f1355b824,T-016-02,main,fail,True
7cce7b2d-1ee9-410e-a216-da48d74b3f23,00228dd0-e23b-41fa-9916-b99f1355b824,T-016-03,main,pass,True
7cce7b2d-1ee9-410e-a216-da48d74b3f23,00228dd0-e23b-41fa-9916-b99f1355b824,T-017-01,main,pass,True
7cce7b2d-1ee9-410e-a216-da48d74b3f23,00228dd0-e23b-41fa-9916-b99f1355b824,T-017-02,main,pass,True
7cce7b2d-1ee9-410e-a216-da48d74b3f23,00228dd0-e23b-41fa-9916-b99f1355b824,T-018-01,main,pass,True
7cce7b2d-1ee9-410e-a216-da48d74b3f23,00228dd0-e23b-41fa-9916-b99f1355b824,T-018-02,main,pass,True
7cce7b2d-1ee9-410e-a216-da48d74b3f23,00228dd0-e23b-41fa-9916-b99f1355b824,T-018-03,main,pass,True
7cce7b2d-1ee9-410e-a216-da48d74b3f23,00228dd0-e23b-41fa-9916-b99f1355b824,T-019-01,main,fail,True
7cce7b2d-1ee9-410e-a216-da48d74b3f23,00228dd0-e23b-41fa-9916-b99f1355b824,T-019-02,main,pass,True
7cce7b2d-1ee9-410e-a216-da48d74b3f23,00228dd0-e23b-41fa-9916-b99f1355b824,T-019-03,main,pass,True
7cce7b2d-1ee9-410e-a216-da48d74b3f23,00228dd0-e23b-41fa-9916-b99f1355b824,T-020-01,main,pass,True
7cce7b2d-1ee9-410e-a216-da48d74b3f23,00228dd0-e23b-41fa-9916-b99f1355b824,T-020-02,main,pass,True
7cce7b2d-1ee9-410e-a216-da48d74b3f23,00228dd0-e23b-41fa-9916-b99f1355b824,T-020-03,main,pass,True
7cce7b2d-1ee9-410e-a216-da48d74b3f23,00228dd0-e23b-41fa-9916-b99f1355b824,T-020-04,main,pass,True
7e5974e1-e419-4e9d-96f3-332c91617c78,60ea41fe-16e4-4586-a4ec-76f8279947e8,T-001-01,main,pass,True
7e5974e1-e419-4e9d-96f3-332c91617c78,60ea41fe-16e4-4586-a4ec-76f8279947e8,T-001-02,main,pass,True
7e5974e1-e419-4e9d-96f3-332c91617c78,60ea41fe-16e4-4586-a4ec-76f8279947e8,T-001-03,main,fail,True
7e5974e1-e419-4e9d-96f3-332c91617c78,60ea41fe-16e4-4586-a4ec-76f8279947e8,T-001-04,main,fail,True
7e5974e1-e419-4e9d-96f3-332c91617c78,60ea41fe-16e4-4586-a4ec-76f8279947e8,T-002-01,main,fail,True
7e5974e1-e419-4e9d-96f3-332c91617c78,60ea41fe-16e4-4586-a4ec-76f8279947e8,T-002-02,main,pass,True
7e5974e1-e419-4e9d-96f3-332c91617c78,60ea41fe-16e4-4586-a4ec-76f8279947e8,T-002-03,main,pass,True
7e5974e1-e419-4e9d-96f3-332c91617c78,60ea41fe-16e4-4586-a4ec-76f8279947e8,T-002-04,main,pass,True
7e5974e1-e419-4e9d-96f3-332c91617c78,60ea41fe-16e4-4586-a4ec-76f8279947e8,T-003-01,main,fail,True
7e5974e1-e419-4e9d-96f3-332c91617c78,60ea41fe-16e4-4586-a4ec-76f8279947e8,T-003-02,main,fail,True
7e5974e1-e419-4e9d-96f3-332c91617c78,60ea41fe-16e4-4586-a4ec-76f8279947e8,T-004-01,main,fail,True
7e5974e1-e419-4e9d-96f3-332c91617c78,60ea41fe-16e4-4586-a4ec-76f8279947e8,T-004-02,main,fail,True
7e5974e1-e419-4e9d-96f3-332c91617c78,60ea41fe-16e4-4586-a4ec-76f8279947e8,T-004-03,main,fail,True
7e5974e1-e419-4e9d-96f3-332c91617c78,60ea41fe-16e4-4586-a4ec-76f8279947e8,T-005-01,main,fail,True
7e5974e1-e419-4e9d-96f3-332c91617c78,60ea41fe-16e4-4586-a4ec-76f8279947e8,T-005-02,main,fail,True
7e5974e1-e419-4e9d-96f3-332c91617c78,60ea41fe-16e4-4586-a4ec-76f8279947e8,T-006-01,main,fail,True
7e5974e1-e419-4e9d-96f3-332c91617c78,60ea41fe-16e4-4586-a4ec-76f8279947e8,T-006-02,main,fail,True
7e5974e1-e419-4e9d-96f3-332c91617c78,60ea41fe-16e4-4586-a4ec-76f8279947e8,T-006-03,main,fail,True
7e5974e1-e419-4e9d-96f3-332c91617c78,60ea41fe-16e4-4586-a4ec-76f8279947e8,T-006-04,main,fail,True
7e5974e1-e419-4e9d-96f3-332c91617c78,60ea41fe-16e4-4586-a4ec-76f8279947e8,T-006-05,lower,fail,True
7e5974e1-e419-4e9d-96f3-332c91617c78,60ea41fe-16e4-4586-a4ec-76f8279947e8,T-006-05,upper,fail,True
7e5974e1-e419-4e9d-96f3-332c91617c78,60ea41fe-16e4-4586-a4ec-76f8279947e8,T-006-06,main,fail,True
7e5974e1-e419-4e9d-96f3-332c91617c78,60ea41fe-16e4-4586-a4ec-76f8279947e8,T-007-01,main,blocked,True
7e5974e1-e419-4e9d-96f3-332c91617c78,60ea41fe-16e4-4586-a4ec-76f8279947e8,T-007-02,main,blocked,True
7e5974e1-e419-4e9d-96f3-332c91617c78,60ea41fe-16e4-4586-a4ec-76f8279947e8,T-007-03,main,blocked,True
7e5974e1-e419-4e9d-96f3-332c91617c78,60ea41fe-16e4-4586-a4ec-76f8279947e8,T-008-01,main,blocked,True
7e5974e1-e419-4e9d-96f3-332c91617c78,60ea41fe-16e4-4586-a4ec-76f8279947e8,T-008-02,main,blocked,True
7e5974e1-e419-4e9d-96f3-332c91617c78,60ea41fe-16e4-4586-a4ec-76f8279947e8,T-008-03,main,fail,True
7e5974e1-e419-4e9d-96f3-332c91617c78,60ea41fe-16e4-4586-a4ec-76f8279947e8,T-008-04,main,fail,True
7e5974e1-e419-4e9d-96f3-332c91617c78,60ea41fe-16e4-4586-a4ec-76f8279947e8,T-009-01,main,fail,True
7e5974e1-e419-4e9d-96f3-332c91617c78,60ea41fe-16e4-4586-a4ec-76f8279947e8,T-009-02,main,fail,True
7e5974e1-e419-4e9d-96f3-332c91617c78,60ea41fe-16e4-4586-a4ec-76f8279947e8,T-010-01,main,fail,True
7e5974e1-e419-4e9d-96f3-332c91617c78,60ea41fe-16e4-4586-a4ec-76f8279947e8,T-010-02,main,fail,True
7e5974e1-e419-4e9d-96f3-332c91617c78,60ea41fe-16e4-4586-a4ec-76f8279947e8,T-010-03,main,fail,True
7e5974e1-e419-4e9d-96f3-332c91617c78,60ea41fe-16e4-4586-a4ec-76f8279947e8,T-011-01,main,fail,True
7e5974e1-e419-4e9d-96f3-332c91617c78,60ea41fe-16e4-4586-a4ec-76f8279947e8,T-011-02,main,fail,True
7e5974e1-e419-4e9d-96f3-332c91617c78,60ea41fe-16e4-4586-a4ec-76f8279947e8,T-012-01,main,fail,True
7e5974e1-e419-4e9d-96f3-332c91617c78,60ea41fe-16e4-4586-a4ec-76f8279947e8,T-012-02,main,fail,True
7e5974e1-e419-4e9d-96f3-332c91617c78,60ea41fe-16e4-4586-a4ec-76f8279947e8,T-013-01,main,fail,True
7e5974e1-e419-4e9d-96f3-332c91617c78,60ea41fe-16e4-4586-a4ec-76f8279947e8,T-013-02,main,fail,True
7e5974e1-e419-4e9d-96f3-332c91617c78,60ea41fe-16e4-4586-a4ec-76f8279947e8,T-014-01,main,fail,True
7e5974e1-e419-4e9d-96f3-332c91617c78,60ea41fe-16e4-4586-a4ec-76f8279947e8,T-014-02,main,fail,True
7e5974e1-e419-4e9d-96f3-332c91617c78,60ea41fe-16e4-4586-a4ec-76f8279947e8,T-015-01,main,fail,True
7e5974e1-e419-4e9d-96f3-332c91617c78,60ea41fe-16e4-4586-a4ec-76f8279947e8,T-016-01,main,blocked,True
7e5974e1-e419-4e9d-96f3-332c91617c78,60ea41fe-16e4-4586-a4ec-76f8279947e8,T-016-02,main,blocked,True
7e5974e1-e419-4e9d-96f3-332c91617c78,60ea41fe-16e4-4586-a4ec-76f8279947e8,T-016-03,main,blocked,True
7e5974e1-e419-4e9d-96f3-332c91617c78,60ea41fe-16e4-4586-a4ec-76f8279947e8,T-017-01,main,fail,True
7e5974e1-e419-4e9d-96f3-332c91617c78,60ea41fe-16e4-4586-a4ec-76f8279947e8,T-017-02,main,blocked,True
7e5974e1-e419-4e9d-96f3-332c91617c78,60ea41fe-16e4-4586-a4ec-76f8279947e8,T-018-01,main,pass,True
7e5974e1-e419-4e9d-96f3-332c91617c78,60ea41fe-16e4-4586-a4ec-76f8279947e8,T-018-02,main,pass,True
7e5974e1-e419-4e9d-96f3-332c91617c78,60ea41fe-16e4-4586-a4ec-76f8279947e8,T-018-03,main,pass,True
7e5974e1-e419-4e9d-96f3-332c91617c78,60ea41fe-16e4-4586-a4ec-76f8279947e8,T-019-01,main,fail,True
7e5974e1-e419-4e9d-96f3-332c91617c78,60ea41fe-16e4-4586-a4ec-76f8279947e8,T-019-02,main,pass,True
7e5974e1-e419-4e9d-96f3-332c91617c78,60ea41fe-16e4-4586-a4ec-76f8279947e8,T-019-03,main,pass,True
7e5974e1-e419-4e9d-96f3-332c91617c78,60ea41fe-16e4-4586-a4ec-76f8279947e8,T-020-01,main,pass,True
7e5974e1-e419-4e9d-96f3-332c91617c78,60ea41fe-16e4-4586-a4ec-76f8279947e8,T-020-02,main,pass,True
7e5974e1-e419-4e9d-96f3-332c91617c78,60ea41fe-16e4-4586-a4ec-76f8279947e8,T-020-03,main,pass,True
7e5974e1-e419-4e9d-96f3-332c91617c78,60ea41fe-16e4-4586-a4ec-76f8279947e8,T-020-04,main,fail,True
833a4f06-b9c0-4a95-a03e-65dea5922e72,7d42fdd0-7a68-4b11-bfe3-a1f1a5fb3b46,T-001-01,main,pass,True
833a4f06-b9c0-4a95-a03e-65dea5922e72,7d42fdd0-7a68-4b11-bfe3-a1f1a5fb3b46,T-001-02,main,pass,True
833a4f06-b9c0-4a95-a03e-65dea5922e72,7d42fdd0-7a68-4b11-bfe3-a1f1a5fb3b46,T-001-03,main,pass,True
833a4f06-b9c0-4a95-a03e-65dea5922e72,7d42fdd0-7a68-4b11-bfe3-a1f1a5fb3b46,T-001-04,main,pass,True
833a4f06-b9c0-4a95-a03e-65dea5922e72,7d42fdd0-7a68-4b11-bfe3-a1f1a5fb3b46,T-002-01,main,pass,True
833a4f06-b9c0-4a95-a03e-65dea5922e72,7d42fdd0-7a68-4b11-bfe3-a1f1a5fb3b46,T-002-02,main,fail,True
833a4f06-b9c0-4a95-a03e-65dea5922e72,7d42fdd0-7a68-4b11-bfe3-a1f1a5fb3b46,T-002-03,main,pass,True
833a4f06-b9c0-4a95-a03e-65dea5922e72,7d42fdd0-7a68-4b11-bfe3-a1f1a5fb3b46,T-002-04,main,pass,True
833a4f06-b9c0-4a95-a03e-65dea5922e72,7d42fdd0-7a68-4b11-bfe3-a1f1a5fb3b46,T-003-01,main,pass,True
833a4f06-b9c0-4a95-a03e-65dea5922e72,7d42fdd0-7a68-4b11-bfe3-a1f1a5fb3b46,T-003-02,main,fail,True
833a4f06-b9c0-4a95-a03e-65dea5922e72,7d42fdd0-7a68-4b11-bfe3-a1f1a5fb3b46,T-004-01,main,fail,True
833a4f06-b9c0-4a95-a03e-65dea5922e72,7d42fdd0-7a68-4b11-bfe3-a1f1a5fb3b46,T-004-02,main,pass,True
833a4f06-b9c0-4a95-a03e-65dea5922e72,7d42fdd0-7a68-4b11-bfe3-a1f1a5fb3b46,T-004-03,main,fail,True
833a4f06-b9c0-4a95-a03e-65dea5922e72,7d42fdd0-7a68-4b11-bfe3-a1f1a5fb3b46,T-005-01,main,pass,True
833a4f06-b9c0-4a95-a03e-65dea5922e72,7d42fdd0-7a68-4b11-bfe3-a1f1a5fb3b46,T-005-02,main,pass,True
833a4f06-b9c0-4a95-a03e-65dea5922e72,7d42fdd0-7a68-4b11-bfe3-a1f1a5fb3b46,T-006-01,main,pass,True
833a4f06-b9c0-4a95-a03e-65dea5922e72,7d42fdd0-7a68-4b11-bfe3-a1f1a5fb3b46,T-006-02,main,pass,True
833a4f06-b9c0-4a95-a03e-65dea5922e72,7d42fdd0-7a68-4b11-bfe3-a1f1a5fb3b46,T-006-03,main,pass,True
833a4f06-b9c0-4a95-a03e-65dea5922e72,7d42fdd0-7a68-4b11-bfe3-a1f1a5fb3b46,T-006-04,main,pass,True
833a4f06-b9c0-4a95-a03e-65dea5922e72,7d42fdd0-7a68-4b11-bfe3-a1f1a5fb3b46,T-006-05,lower,pass,True
833a4f06-b9c0-4a95-a03e-65dea5922e72,7d42fdd0-7a68-4b11-bfe3-a1f1a5fb3b46,T-006-05,upper,pass,True
833a4f06-b9c0-4a95-a03e-65dea5922e72,7d42fdd0-7a68-4b11-bfe3-a1f1a5fb3b46,T-006-06,main,pass,True
833a4f06-b9c0-4a95-a03e-65dea5922e72,7d42fdd0-7a68-4b11-bfe3-a1f1a5fb3b46,T-007-01,main,pass,True
833a4f06-b9c0-4a95-a03e-65dea5922e72,7d42fdd0-7a68-4b11-bfe3-a1f1a5fb3b46,T-007-02,main,pass,True
833a4f06-b9c0-4a95-a03e-65dea5922e72,7d42fdd0-7a68-4b11-bfe3-a1f1a5fb3b46,T-007-03,main,pass,True
833a4f06-b9c0-4a95-a03e-65dea5922e72,7d42fdd0-7a68-4b11-bfe3-a1f1a5fb3b46,T-008-01,main,pass,True
833a4f06-b9c0-4a95-a03e-65dea5922e72,7d42fdd0-7a68-4b11-bfe3-a1f1a5fb3b46,T-008-02,main,pass,True
833a4f06-b9c0-4a95-a03e-65dea5922e72,7d42fdd0-7a68-4b11-bfe3-a1f1a5fb3b46,T-008-03,main,fail,True
833a4f06-b9c0-4a95-a03e-65dea5922e72,7d42fdd0-7a68-4b11-bfe3-a1f1a5fb3b46,T-008-04,main,pass,True
833a4f06-b9c0-4a95-a03e-65dea5922e72,7d42fdd0-7a68-4b11-bfe3-a1f1a5fb3b46,T-009-01,main,pass,True
833a4f06-b9c0-4a95-a03e-65dea5922e72,7d42fdd0-7a68-4b11-bfe3-a1f1a5fb3b46,T-009-02,main,pass,True
833a4f06-b9c0-4a95-a03e-65dea5922e72,7d42fdd0-7a68-4b11-bfe3-a1f1a5fb3b46,T-010-01,main,fail,True
833a4f06-b9c0-4a95-a03e-65dea5922e72,7d42fdd0-7a68-4b11-bfe3-a1f1a5fb3b46,T-010-02,main,pass,True
833a4f06-b9c0-4a95-a03e-65dea5922e72,7d42fdd0-7a68-4b11-bfe3-a1f1a5fb3b46,T-010-03,main,pass,True
833a4f06-b9c0-4a95-a03e-65dea5922e72,7d42fdd0-7a68-4b11-bfe3-a1f1a5fb3b46,T-011-01,main,fail,True
833a4f06-b9c0-4a95-a03e-65dea5922e72,7d42fdd0-7a68-4b11-bfe3-a1f1a5fb3b46,T-011-02,main,pass,True
833a4f06-b9c0-4a95-a03e-65dea5922e72,7d42fdd0-7a68-4b11-bfe3-a1f1a5fb3b46,T-012-01,main,pass,True
833a4f06-b9c0-4a95-a03e-65dea5922e72,7d42fdd0-7a68-4b11-bfe3-a1f1a5fb3b46,T-012-02,main,pass,True
833a4f06-b9c0-4a95-a03e-65dea5922e72,7d42fdd0-7a68-4b11-bfe3-a1f1a5fb3b46,T-013-01,main,fail,True
833a4f06-b9c0-4a95-a03e-65dea5922e72,7d42fdd0-7a68-4b11-bfe3-a1f1a5fb3b46,T-013-02,main,pass,True
833a4f06-b9c0-4a95-a03e-65dea5922e72,7d42fdd0-7a68-4b11-bfe3-a1f1a5fb3b46,T-014-01,main,pass,True
833a4f06-b9c0-4a95-a03e-65dea5922e72,7d42fdd0-7a68-4b11-bfe3-a1f1a5fb3b46,T-014-02,main,pass,True
833a4f06-b9c0-4a95-a03e-65dea5922e72,7d42fdd0-7a68-4b11-bfe3-a1f1a5fb3b46,T-015-01,main,fail,True
833a4f06-b9c0-4a95-a03e-65dea5922e72,7d42fdd0-7a68-4b11-bfe3-a1f1a5fb3b46,T-016-01,main,fail,True
833a4f06-b9c0-4a95-a03e-65dea5922e72,7d42fdd0-7a68-4b11-bfe3-a1f1a5fb3b46,T-016-02,main,pass,True
833a4f06-b9c0-4a95-a03e-65dea5922e72,7d42fdd0-7a68-4b11-bfe3-a1f1a5fb3b46,T-016-03,main,pass,True
833a4f06-b9c0-4a95-a03e-65dea5922e72,7d42fdd0-7a68-4b11-bfe3-a1f1a5fb3b46,T-017-01,main,fail,True
833a4f06-b9c0-4a95-a03e-65dea5922e72,7d42fdd0-7a68-4b11-bfe3-a1f1a5fb3b46,T-017-02,main,fail,True
833a4f06-b9c0-4a95-a03e-65dea5922e72,7d42fdd0-7a68-4b11-bfe3-a1f1a5fb3b46,T-018-01,main,pass,True
833a4f06-b9c0-4a95-a03e-65dea5922e72,7d42fdd0-7a68-4b11-bfe3-a1f1a5fb3b46,T-018-02,main,pass,True
833a4f06-b9c0-4a95-a03e-65dea5922e72,7d42fdd0-7a68-4b11-bfe3-a1f1a5fb3b46,T-018-03,main,pass,True
833a4f06-b9c0-4a95-a03e-65dea5922e72,7d42fdd0-7a68-4b11-bfe3-a1f1a5fb3b46,T-019-01,main,pass,True
833a4f06-b9c0-4a95-a03e-65dea5922e72,7d42fdd0-7a68-4b11-bfe3-a1f1a5fb3b46,T-019-02,main,pass,True
833a4f06-b9c0-4a95-a03e-65dea5922e72,7d42fdd0-7a68-4b11-bfe3-a1f1a5fb3b46,T-019-03,main,pass,True
833a4f06-b9c0-4a95-a03e-65dea5922e72,7d42fdd0-7a68-4b11-bfe3-a1f1a5fb3b46,T-020-01,main,fail,True
833a4f06-b9c0-4a95-a03e-65dea5922e72,7d42fdd0-7a68-4b11-bfe3-a1f1a5fb3b46,T-020-02,main,pass,True
833a4f06-b9c0-4a95-a03e-65dea5922e72,7d42fdd0-7a68-4b11-bfe3-a1f1a5fb3b46,T-020-03,main,fail,True
833a4f06-b9c0-4a95-a03e-65dea5922e72,7d42fdd0-7a68-4b11-bfe3-a1f1a5fb3b46,T-020-04,main,fail,True
8521b60c-d58e-4f17-8cd0-75cf45d82d8b,07419fd9-a581-4df9-b7a4-005c1e8fe645,T-001-01,main,blocked,True
8521b60c-d58e-4f17-8cd0-75cf45d82d8b,07419fd9-a581-4df9-b7a4-005c1e8fe645,T-001-02,main,blocked,True
8521b60c-d58e-4f17-8cd0-75cf45d82d8b,07419fd9-a581-4df9-b7a4-005c1e8fe645,T-001-03,main,pass,True
8521b60c-d58e-4f17-8cd0-75cf45d82d8b,07419fd9-a581-4df9-b7a4-005c1e8fe645,T-001-04,main,pass,True
8521b60c-d58e-4f17-8cd0-75cf45d82d8b,07419fd9-a581-4df9-b7a4-005c1e8fe645,T-002-01,main,fail,True
8521b60c-d58e-4f17-8cd0-75cf45d82d8b,07419fd9-a581-4df9-b7a4-005c1e8fe645,T-002-02,main,blocked,True
8521b60c-d58e-4f17-8cd0-75cf45d82d8b,07419fd9-a581-4df9-b7a4-005c1e8fe645,T-002-03,main,blocked,True
8521b60c-d58e-4f17-8cd0-75cf45d82d8b,07419fd9-a581-4df9-b7a4-005c1e8fe645,T-002-04,main,pass,True
8521b60c-d58e-4f17-8cd0-75cf45d82d8b,07419fd9-a581-4df9-b7a4-005c1e8fe645,T-003-01,main,blocked,True
8521b60c-d58e-4f17-8cd0-75cf45d82d8b,07419fd9-a581-4df9-b7a4-005c1e8fe645,T-003-02,main,blocked,True
8521b60c-d58e-4f17-8cd0-75cf45d82d8b,07419fd9-a581-4df9-b7a4-005c1e8fe645,T-004-01,main,blocked,True
8521b60c-d58e-4f17-8cd0-75cf45d82d8b,07419fd9-a581-4df9-b7a4-005c1e8fe645,T-004-02,main,blocked,True
8521b60c-d58e-4f17-8cd0-75cf45d82d8b,07419fd9-a581-4df9-b7a4-005c1e8fe645,T-004-03,main,blocked,True
8521b60c-d58e-4f17-8cd0-75cf45d82d8b,07419fd9-a581-4df9-b7a4-005c1e8fe645,T-005-01,main,blocked,True
8521b60c-d58e-4f17-8cd0-75cf45d82d8b,07419fd9-a581-4df9-b7a4-005c1e8fe645,T-005-02,main,blocked,True
8521b60c-d58e-4f17-8cd0-75cf45d82d8b,07419fd9-a581-4df9-b7a4-005c1e8fe645,T-006-01,main,blocked,True
8521b60c-d58e-4f17-8cd0-75cf45d82d8b,07419fd9-a581-4df9-b7a4-005c1e8fe645,T-006-02,main,blocked,True
8521b60c-d58e-4f17-8cd0-75cf45d82d8b,07419fd9-a581-4df9-b7a4-005c1e8fe645,T-006-03,main,blocked,True
8521b60c-d58e-4f17-8cd0-75cf45d82d8b,07419fd9-a581-4df9-b7a4-005c1e8fe645,T-006-04,main,blocked,True
8521b60c-d58e-4f17-8cd0-75cf45d82d8b,07419fd9-a581-4df9-b7a4-005c1e8fe645,T-006-05,lower,blocked,True
8521b60c-d58e-4f17-8cd0-75cf45d82d8b,07419fd9-a581-4df9-b7a4-005c1e8fe645,T-006-05,upper,blocked,True
8521b60c-d58e-4f17-8cd0-75cf45d82d8b,07419fd9-a581-4df9-b7a4-005c1e8fe645,T-006-06,main,blocked,True
8521b60c-d58e-4f17-8cd0-75cf45d82d8b,07419fd9-a581-4df9-b7a4-005c1e8fe645,T-007-01,main,blocked,True
8521b60c-d58e-4f17-8cd0-75cf45d82d8b,07419fd9-a581-4df9-b7a4-005c1e8fe645,T-007-02,main,blocked,True
8521b60c-d58e-4f17-8cd0-75cf45d82d8b,07419fd9-a581-4df9-b7a4-005c1e8fe645,T-007-03,main,blocked,True
8521b60c-d58e-4f17-8cd0-75cf45d82d8b,07419fd9-a581-4df9-b7a4-005c1e8fe645,T-008-01,main,blocked,True
8521b60c-d58e-4f17-8cd0-75cf45d82d8b,07419fd9-a581-4df9-b7a4-005c1e8fe645,T-008-02,main,blocked,True
8521b60c-d58e-4f17-8cd0-75cf45d82d8b,07419fd9-a581-4df9-b7a4-005c1e8fe645,T-008-03,main,blocked,True
8521b60c-d58e-4f17-8cd0-75cf45d82d8b,07419fd9-a581-4df9-b7a4-005c1e8fe645,T-008-04,main,blocked,True
8521b60c-d58e-4f17-8cd0-75cf45d82d8b,07419fd9-a581-4df9-b7a4-005c1e8fe645,T-009-01,main,blocked,True
8521b60c-d58e-4f17-8cd0-75cf45d82d8b,07419fd9-a581-4df9-b7a4-005c1e8fe645,T-009-02,main,blocked,True
8521b60c-d58e-4f17-8cd0-75cf45d82d8b,07419fd9-a581-4df9-b7a4-005c1e8fe645,T-010-01,main,blocked,True
8521b60c-d58e-4f17-8cd0-75cf45d82d8b,07419fd9-a581-4df9-b7a4-005c1e8fe645,T-010-02,main,blocked,True
8521b60c-d58e-4f17-8cd0-75cf45d82d8b,07419fd9-a581-4df9-b7a4-005c1e8fe645,T-010-03,main,blocked,True
8521b60c-d58e-4f17-8cd0-75cf45d82d8b,07419fd9-a581-4df9-b7a4-005c1e8fe645,T-011-01,main,blocked,True
8521b60c-d58e-4f17-8cd0-75cf45d82d8b,07419fd9-a581-4df9-b7a4-005c1e8fe645,T-011-02,main,blocked,True
8521b60c-d58e-4f17-8cd0-75cf45d82d8b,07419fd9-a581-4df9-b7a4-005c1e8fe645,T-012-01,main,blocked,True
8521b60c-d58e-4f17-8cd0-75cf45d82d8b,07419fd9-a581-4df9-b7a4-005c1e8fe645,T-012-02,main,blocked,True
8521b60c-d58e-4f17-8cd0-75cf45d82d8b,07419fd9-a581-4df9-b7a4-005c1e8fe645,T-013-01,main,blocked,True
8521b60c-d58e-4f17-8cd0-75cf45d82d8b,07419fd9-a581-4df9-b7a4-005c1e8fe645,T-013-02,main,blocked,True
8521b60c-d58e-4f17-8cd0-75cf45d82d8b,07419fd9-a581-4df9-b7a4-005c1e8fe645,T-014-01,main,blocked,True
8521b60c-d58e-4f17-8cd0-75cf45d82d8b,07419fd9-a581-4df9-b7a4-005c1e8fe645,T-014-02,main,blocked,True
8521b60c-d58e-4f17-8cd0-75cf45d82d8b,07419fd9-a581-4df9-b7a4-005c1e8fe645,T-015-01,main,blocked,True
8521b60c-d58e-4f17-8cd0-75cf45d82d8b,07419fd9-a581-4df9-b7a4-005c1e8fe645,T-016-01,main,blocked,True
8521b60c-d58e-4f17-8cd0-75cf45d82d8b,07419fd9-a581-4df9-b7a4-005c1e8fe645,T-016-02,main,blocked,True
8521b60c-d58e-4f17-8cd0-75cf45d82d8b,07419fd9-a581-4df9-b7a4-005c1e8fe645,T-016-03,main,blocked,True
8521b60c-d58e-4f17-8cd0-75cf45d82d8b,07419fd9-a581-4df9-b7a4-005c1e8fe645,T-017-01,main,blocked,True
8521b60c-d58e-4f17-8cd0-75cf45d82d8b,07419fd9-a581-4df9-b7a4-005c1e8fe645,T-017-02,main,blocked,True
8521b60c-d58e-4f17-8cd0-75cf45d82d8b,07419fd9-a581-4df9-b7a4-005c1e8fe645,T-018-01,main,blocked,True
8521b60c-d58e-4f17-8cd0-75cf45d82d8b,07419fd9-a581-4df9-b7a4-005c1e8fe645,T-018-02,main,blocked,True
8521b60c-d58e-4f17-8cd0-75cf45d82d8b,07419fd9-a581-4df9-b7a4-005c1e8fe645,T-018-03,main,blocked,True
8521b60c-d58e-4f17-8cd0-75cf45d82d8b,07419fd9-a581-4df9-b7a4-005c1e8fe645,T-019-01,main,blocked,True
8521b60c-d58e-4f17-8cd0-75cf45d82d8b,07419fd9-a581-4df9-b7a4-005c1e8fe645,T-019-02,main,blocked,True
8521b60c-d58e-4f17-8cd0-75cf45d82d8b,07419fd9-a581-4df9-b7a4-005c1e8fe645,T-019-03,main,blocked,True
8521b60c-d58e-4f17-8cd0-75cf45d82d8b,07419fd9-a581-4df9-b7a4-005c1e8fe645,T-020-01,main,blocked,True
8521b60c-d58e-4f17-8cd0-75cf45d82d8b,07419fd9-a581-4df9-b7a4-005c1e8fe645,T-020-02,main,blocked,True
8521b60c-d58e-4f17-8cd0-75cf45d82d8b,07419fd9-a581-4df9-b7a4-005c1e8fe645,T-020-03,main,blocked,True
8521b60c-d58e-4f17-8cd0-75cf45d82d8b,07419fd9-a581-4df9-b7a4-005c1e8fe645,T-020-04,main,blocked,True
8562d613-be4e-4350-9e8d-8ac02a644845,829cf941-f2d4-4cab-9845-afc996955c21,T-001-01,main,pass,True
8562d613-be4e-4350-9e8d-8ac02a644845,829cf941-f2d4-4cab-9845-afc996955c21,T-001-02,main,pass,True
8562d613-be4e-4350-9e8d-8ac02a644845,829cf941-f2d4-4cab-9845-afc996955c21,T-001-03,main,pass,True
8562d613-be4e-4350-9e8d-8ac02a644845,829cf941-f2d4-4cab-9845-afc996955c21,T-001-04,main,pass,True
8562d613-be4e-4350-9e8d-8ac02a644845,829cf941-f2d4-4cab-9845-afc996955c21,T-002-01,main,pass,True
8562d613-be4e-4350-9e8d-8ac02a644845,829cf941-f2d4-4cab-9845-afc996955c21,T-002-02,main,fail,True
8562d613-be4e-4350-9e8d-8ac02a644845,829cf941-f2d4-4cab-9845-afc996955c21,T-002-03,main,pass,True
8562d613-be4e-4350-9e8d-8ac02a644845,829cf941-f2d4-4cab-9845-afc996955c21,T-002-04,main,pass,True
8562d613-be4e-4350-9e8d-8ac02a644845,829cf941-f2d4-4cab-9845-afc996955c21,T-003-01,main,pass,True
8562d613-be4e-4350-9e8d-8ac02a644845,829cf941-f2d4-4cab-9845-afc996955c21,T-003-02,main,fail,True
8562d613-be4e-4350-9e8d-8ac02a644845,829cf941-f2d4-4cab-9845-afc996955c21,T-004-01,main,pass,True
8562d613-be4e-4350-9e8d-8ac02a644845,829cf941-f2d4-4cab-9845-afc996955c21,T-004-02,main,pass,True
8562d613-be4e-4350-9e8d-8ac02a644845,829cf941-f2d4-4cab-9845-afc996955c21,T-004-03,main,fail,True
8562d613-be4e-4350-9e8d-8ac02a644845,829cf941-f2d4-4cab-9845-afc996955c21,T-005-01,main,fail,True
8562d613-be4e-4350-9e8d-8ac02a644845,829cf941-f2d4-4cab-9845-afc996955c21,T-005-02,main,fail,True
8562d613-be4e-4350-9e8d-8ac02a644845,829cf941-f2d4-4cab-9845-afc996955c21,T-006-01,main,pass,True
8562d613-be4e-4350-9e8d-8ac02a644845,829cf941-f2d4-4cab-9845-afc996955c21,T-006-02,main,pass,True
8562d613-be4e-4350-9e8d-8ac02a644845,829cf941-f2d4-4cab-9845-afc996955c21,T-006-03,main,pass,True
8562d613-be4e-4350-9e8d-8ac02a644845,829cf941-f2d4-4cab-9845-afc996955c21,T-006-04,main,pass,True
8562d613-be4e-4350-9e8d-8ac02a644845,829cf941-f2d4-4cab-9845-afc996955c21,T-006-05,lower,pass,True
8562d613-be4e-4350-9e8d-8ac02a644845,829cf941-f2d4-4cab-9845-afc996955c21,T-006-05,upper,pass,True
8562d613-be4e-4350-9e8d-8ac02a644845,829cf941-f2d4-4cab-9845-afc996955c21,T-006-06,main,pass,True
8562d613-be4e-4350-9e8d-8ac02a644845,829cf941-f2d4-4cab-9845-afc996955c21,T-007-01,main,pass,True
8562d613-be4e-4350-9e8d-8ac02a644845,829cf941-f2d4-4cab-9845-afc996955c21,T-007-02,main,pass,True
8562d613-be4e-4350-9e8d-8ac02a644845,829cf941-f2d4-4cab-9845-afc996955c21,T-007-03,main,fail,True
8562d613-be4e-4350-9e8d-8ac02a644845,829cf941-f2d4-4cab-9845-afc996955c21,T-008-01,main,pass,True
8562d613-be4e-4350-9e8d-8ac02a644845,829cf941-f2d4-4cab-9845-afc996955c21,T-008-02,main,pass,True
8562d613-be4e-4350-9e8d-8ac02a644845,829cf941-f2d4-4cab-9845-afc996955c21,T-008-03,main,pass,True
8562d613-be4e-4350-9e8d-8ac02a644845,829cf941-f2d4-4cab-9845-afc996955c21,T-008-04,main,pass,True
8562d613-be4e-4350-9e8d-8ac02a644845,829cf941-f2d4-4cab-9845-afc996955c21,T-009-01,main,fail,True
8562d613-be4e-4350-9e8d-8ac02a644845,829cf941-f2d4-4cab-9845-afc996955c21,T-009-02,main,pass,True
8562d613-be4e-4350-9e8d-8ac02a644845,829cf941-f2d4-4cab-9845-afc996955c21,T-010-01,main,fail,True
8562d613-be4e-4350-9e8d-8ac02a644845,829cf941-f2d4-4cab-9845-afc996955c21,T-010-02,main,pass,True
8562d613-be4e-4350-9e8d-8ac02a644845,829cf941-f2d4-4cab-9845-afc996955c21,T-010-03,main,pass,True
8562d613-be4e-4350-9e8d-8ac02a644845,829cf941-f2d4-4cab-9845-afc996955c21,T-011-01,main,fail,True
8562d613-be4e-4350-9e8d-8ac02a644845,829cf941-f2d4-4cab-9845-afc996955c21,T-011-02,main,fail,True
8562d613-be4e-4350-9e8d-8ac02a644845,829cf941-f2d4-4cab-9845-afc996955c21,T-012-01,main,fail,True
8562d613-be4e-4350-9e8d-8ac02a644845,829cf941-f2d4-4cab-9845-afc996955c21,T-012-02,main,pass,True
8562d613-be4e-4350-9e8d-8ac02a644845,829cf941-f2d4-4cab-9845-afc996955c21,T-013-01,main,fail,True
8562d613-be4e-4350-9e8d-8ac02a644845,829cf941-f2d4-4cab-9845-afc996955c21,T-013-02,main,pass,True
8562d613-be4e-4350-9e8d-8ac02a644845,829cf941-f2d4-4cab-9845-afc996955c21,T-014-01,main,pass,True
8562d613-be4e-4350-9e8d-8ac02a644845,829cf941-f2d4-4cab-9845-afc996955c21,T-014-02,main,pass,True
8562d613-be4e-4350-9e8d-8ac02a644845,829cf941-f2d4-4cab-9845-afc996955c21,T-015-01,main,fail,True
8562d613-be4e-4350-9e8d-8ac02a644845,829cf941-f2d4-4cab-9845-afc996955c21,T-016-01,main,fail,True
8562d613-be4e-4350-9e8d-8ac02a644845,829cf941-f2d4-4cab-9845-afc996955c21,T-016-02,main,pass,True
8562d613-be4e-4350-9e8d-8ac02a644845,829cf941-f2d4-4cab-9845-afc996955c21,T-016-03,main,pass,True
8562d613-be4e-4350-9e8d-8ac02a644845,829cf941-f2d4-4cab-9845-afc996955c21,T-017-01,main,fail,True
8562d613-be4e-4350-9e8d-8ac02a644845,829cf941-f2d4-4cab-9845-afc996955c21,T-017-02,main,pass,True
8562d613-be4e-4350-9e8d-8ac02a644845,829cf941-f2d4-4cab-9845-afc996955c21,T-018-01,main,pass,True
8562d613-be4e-4350-9e8d-8ac02a644845,829cf941-f2d4-4cab-9845-afc996955c21,T-018-02,main,pass,True
8562d613-be4e-4350-9e8d-8ac02a644845,829cf941-f2d4-4cab-9845-afc996955c21,T-018-03,main,pass,True
8562d613-be4e-4350-9e8d-8ac02a644845,829cf941-f2d4-4cab-9845-afc996955c21,T-019-01,main,fail,True
8562d613-be4e-4350-9e8d-8ac02a644845,829cf941-f2d4-4cab-9845-afc996955c21,T-019-02,main,pass,True
8562d613-be4e-4350-9e8d-8ac02a644845,829cf941-f2d4-4cab-9845-afc996955c21,T-019-03,main,pass,True
8562d613-be4e-4350-9e8d-8ac02a644845,829cf941-f2d4-4cab-9845-afc996955c21,T-020-01,main,pass,True
8562d613-be4e-4350-9e8d-8ac02a644845,829cf941-f2d4-4cab-9845-afc996955c21,T-020-02,main,pass,True
8562d613-be4e-4350-9e8d-8ac02a644845,829cf941-f2d4-4cab-9845-afc996955c21,T-020-03,main,pass,True
8562d613-be4e-4350-9e8d-8ac02a644845,829cf941-f2d4-4cab-9845-afc996955c21,T-020-04,main,fail,True
8685c69d-7825-4148-9052-9543c7ede4fc,7872a0f5-9ab2-4e4e-8f2d-8d5b6be0b51b,T-001-01,main,blocked,False
8685c69d-7825-4148-9052-9543c7ede4fc,7872a0f5-9ab2-4e4e-8f2d-8d5b6be0b51b,T-001-02,main,blocked,False
8685c69d-7825-4148-9052-9543c7ede4fc,7872a0f5-9ab2-4e4e-8f2d-8d5b6be0b51b,T-001-03,main,blocked,False
8685c69d-7825-4148-9052-9543c7ede4fc,7872a0f5-9ab2-4e4e-8f2d-8d5b6be0b51b,T-001-04,main,blocked,False
8685c69d-7825-4148-9052-9543c7ede4fc,7872a0f5-9ab2-4e4e-8f2d-8d5b6be0b51b,T-002-01,main,blocked,False
8685c69d-7825-4148-9052-9543c7ede4fc,7872a0f5-9ab2-4e4e-8f2d-8d5b6be0b51b,T-002-02,main,blocked,False
8685c69d-7825-4148-9052-9543c7ede4fc,7872a0f5-9ab2-4e4e-8f2d-8d5b6be0b51b,T-002-03,main,blocked,False
8685c69d-7825-4148-9052-9543c7ede4fc,7872a0f5-9ab2-4e4e-8f2d-8d5b6be0b51b,T-002-04,main,blocked,False
8685c69d-7825-4148-9052-9543c7ede4fc,7872a0f5-9ab2-4e4e-8f2d-8d5b6be0b51b,T-003-01,main,blocked,False
8685c69d-7825-4148-9052-9543c7ede4fc,7872a0f5-9ab2-4e4e-8f2d-8d5b6be0b51b,T-003-02,main,blocked,False
8685c69d-7825-4148-9052-9543c7ede4fc,7872a0f5-9ab2-4e4e-8f2d-8d5b6be0b51b,T-004-01,main,blocked,False
8685c69d-7825-4148-9052-9543c7ede4fc,7872a0f5-9ab2-4e4e-8f2d-8d5b6be0b51b,T-004-02,main,blocked,False
8685c69d-7825-4148-9052-9543c7ede4fc,7872a0f5-9ab2-4e4e-8f2d-8d5b6be0b51b,T-004-03,main,blocked,False
8685c69d-7825-4148-9052-9543c7ede4fc,7872a0f5-9ab2-4e4e-8f2d-8d5b6be0b51b,T-005-01,main,blocked,False
8685c69d-7825-4148-9052-9543c7ede4fc,7872a0f5-9ab2-4e4e-8f2d-8d5b6be0b51b,T-005-02,main,blocked,False
8685c69d-7825-4148-9052-9543c7ede4fc,7872a0f5-9ab2-4e4e-8f2d-8d5b6be0b51b,T-006-01,main,blocked,False
8685c69d-7825-4148-9052-9543c7ede4fc,7872a0f5-9ab2-4e4e-8f2d-8d5b6be0b51b,T-006-02,main,blocked,False
8685c69d-7825-4148-9052-9543c7ede4fc,7872a0f5-9ab2-4e4e-8f2d-8d5b6be0b51b,T-006-03,main,blocked,False
8685c69d-7825-4148-9052-9543c7ede4fc,7872a0f5-9ab2-4e4e-8f2d-8d5b6be0b51b,T-006-04,main,blocked,False
8685c69d-7825-4148-9052-9543c7ede4fc,7872a0f5-9ab2-4e4e-8f2d-8d5b6be0b51b,T-006-05,lower,blocked,False
8685c69d-7825-4148-9052-9543c7ede4fc,7872a0f5-9ab2-4e4e-8f2d-8d5b6be0b51b,T-006-05,upper,blocked,False
8685c69d-7825-4148-9052-9543c7ede4fc,7872a0f5-9ab2-4e4e-8f2d-8d5b6be0b51b,T-006-06,main,blocked,False
8685c69d-7825-4148-9052-9543c7ede4fc,7872a0f5-9ab2-4e4e-8f2d-8d5b6be0b51b,T-007-01,main,blocked,False
8685c69d-7825-4148-9052-9543c7ede4fc,7872a0f5-9ab2-4e4e-8f2d-8d5b6be0b51b,T-007-02,main,blocked,False
8685c69d-7825-4148-9052-9543c7ede4fc,7872a0f5-9ab2-4e4e-8f2d-8d5b6be0b51b,T-007-03,main,blocked,False
8685c69d-7825-4148-9052-9543c7ede4fc,7872a0f5-9ab2-4e4e-8f2d-8d5b6be0b51b,T-008-01,main,blocked,False
8685c69d-7825-4148-9052-9543c7ede4fc,7872a0f5-9ab2-4e4e-8f2d-8d5b6be0b51b,T-008-02,main,blocked,False
8685c69d-7825-4148-9052-9543c7ede4fc,7872a0f5-9ab2-4e4e-8f2d-8d5b6be0b51b,T-008-03,main,blocked,False
8685c69d-7825-4148-9052-9543c7ede4fc,7872a0f5-9ab2-4e4e-8f2d-8d5b6be0b51b,T-008-04,main,blocked,False
8685c69d-7825-4148-9052-9543c7ede4fc,7872a0f5-9ab2-4e4e-8f2d-8d5b6be0b51b,T-009-01,main,blocked,False
8685c69d-7825-4148-9052-9543c7ede4fc,7872a0f5-9ab2-4e4e-8f2d-8d5b6be0b51b,T-009-02,main,blocked,False
8685c69d-7825-4148-9052-9543c7ede4fc,7872a0f5-9ab2-4e4e-8f2d-8d5b6be0b51b,T-010-01,main,blocked,False
8685c69d-7825-4148-9052-9543c7ede4fc,7872a0f5-9ab2-4e4e-8f2d-8d5b6be0b51b,T-010-02,main,blocked,False
8685c69d-7825-4148-9052-9543c7ede4fc,7872a0f5-9ab2-4e4e-8f2d-8d5b6be0b51b,T-010-03,main,blocked,False
8685c69d-7825-4148-9052-9543c7ede4fc,7872a0f5-9ab2-4e4e-8f2d-8d5b6be0b51b,T-011-01,main,blocked,False
8685c69d-7825-4148-9052-9543c7ede4fc,7872a0f5-9ab2-4e4e-8f2d-8d5b6be0b51b,T-011-02,main,blocked,False
8685c69d-7825-4148-9052-9543c7ede4fc,7872a0f5-9ab2-4e4e-8f2d-8d5b6be0b51b,T-012-01,main,blocked,False
8685c69d-7825-4148-9052-9543c7ede4fc,7872a0f5-9ab2-4e4e-8f2d-8d5b6be0b51b,T-012-02,main,blocked,False
8685c69d-7825-4148-9052-9543c7ede4fc,7872a0f5-9ab2-4e4e-8f2d-8d5b6be0b51b,T-013-01,main,blocked,False
8685c69d-7825-4148-9052-9543c7ede4fc,7872a0f5-9ab2-4e4e-8f2d-8d5b6be0b51b,T-013-02,main,blocked,False
8685c69d-7825-4148-9052-9543c7ede4fc,7872a0f5-9ab2-4e4e-8f2d-8d5b6be0b51b,T-014-01,main,blocked,False
8685c69d-7825-4148-9052-9543c7ede4fc,7872a0f5-9ab2-4e4e-8f2d-8d5b6be0b51b,T-014-02,main,blocked,False
8685c69d-7825-4148-9052-9543c7ede4fc,7872a0f5-9ab2-4e4e-8f2d-8d5b6be0b51b,T-015-01,main,blocked,False
8685c69d-7825-4148-9052-9543c7ede4fc,7872a0f5-9ab2-4e4e-8f2d-8d5b6be0b51b,T-016-01,main,blocked,False
8685c69d-7825-4148-9052-9543c7ede4fc,7872a0f5-9ab2-4e4e-8f2d-8d5b6be0b51b,T-016-02,main,blocked,False
8685c69d-7825-4148-9052-9543c7ede4fc,7872a0f5-9ab2-4e4e-8f2d-8d5b6be0b51b,T-016-03,main,blocked,False
8685c69d-7825-4148-9052-9543c7ede4fc,7872a0f5-9ab2-4e4e-8f2d-8d5b6be0b51b,T-017-01,main,blocked,False
8685c69d-7825-4148-9052-9543c7ede4fc,7872a0f5-9ab2-4e4e-8f2d-8d5b6be0b51b,T-017-02,main,blocked,False
8685c69d-7825-4148-9052-9543c7ede4fc,7872a0f5-9ab2-4e4e-8f2d-8d5b6be0b51b,T-018-01,main,blocked,False
8685c69d-7825-4148-9052-9543c7ede4fc,7872a0f5-9ab2-4e4e-8f2d-8d5b6be0b51b,T-018-02,main,blocked,False
8685c69d-7825-4148-9052-9543c7ede4fc,7872a0f5-9ab2-4e4e-8f2d-8d5b6be0b51b,T-018-03,main,blocked,False
8685c69d-7825-4148-9052-9543c7ede4fc,7872a0f5-9ab2-4e4e-8f2d-8d5b6be0b51b,T-019-01,main,blocked,False
8685c69d-7825-4148-9052-9543c7ede4fc,7872a0f5-9ab2-4e4e-8f2d-8d5b6be0b51b,T-019-02,main,blocked,False
8685c69d-7825-4148-9052-9543c7ede4fc,7872a0f5-9ab2-4e4e-8f2d-8d5b6be0b51b,T-019-03,main,blocked,False
8685c69d-7825-4148-9052-9543c7ede4fc,7872a0f5-9ab2-4e4e-8f2d-8d5b6be0b51b,T-020-01,main,blocked,False
8685c69d-7825-4148-9052-9543c7ede4fc,7872a0f5-9ab2-4e4e-8f2d-8d5b6be0b51b,T-020-02,main,blocked,False
8685c69d-7825-4148-9052-9543c7ede4fc,7872a0f5-9ab2-4e4e-8f2d-8d5b6be0b51b,T-020-03,main,blocked,False
8685c69d-7825-4148-9052-9543c7ede4fc,7872a0f5-9ab2-4e4e-8f2d-8d5b6be0b51b,T-020-04,main,blocked,False
87a2727c-dec6-49d9-a03b-cd33351c7f48,07ab9268-3217-4612-b237-0cb306a1093b,T-001-01,main,pass,True
87a2727c-dec6-49d9-a03b-cd33351c7f48,07ab9268-3217-4612-b237-0cb306a1093b,T-001-02,main,pass,True
87a2727c-dec6-49d9-a03b-cd33351c7f48,07ab9268-3217-4612-b237-0cb306a1093b,T-001-03,main,pass,True
87a2727c-dec6-49d9-a03b-cd33351c7f48,07ab9268-3217-4612-b237-0cb306a1093b,T-001-04,main,pass,True
87a2727c-dec6-49d9-a03b-cd33351c7f48,07ab9268-3217-4612-b237-0cb306a1093b,T-002-01,main,pass,True
87a2727c-dec6-49d9-a03b-cd33351c7f48,07ab9268-3217-4612-b237-0cb306a1093b,T-002-02,main,fail,True
87a2727c-dec6-49d9-a03b-cd33351c7f48,07ab9268-3217-4612-b237-0cb306a1093b,T-002-03,main,pass,True
87a2727c-dec6-49d9-a03b-cd33351c7f48,07ab9268-3217-4612-b237-0cb306a1093b,T-002-04,main,pass,True
87a2727c-dec6-49d9-a03b-cd33351c7f48,07ab9268-3217-4612-b237-0cb306a1093b,T-003-01,main,pass,True
87a2727c-dec6-49d9-a03b-cd33351c7f48,07ab9268-3217-4612-b237-0cb306a1093b,T-003-02,main,pass,True
87a2727c-dec6-49d9-a03b-cd33351c7f48,07ab9268-3217-4612-b237-0cb306a1093b,T-004-01,main,pass,True
87a2727c-dec6-49d9-a03b-cd33351c7f48,07ab9268-3217-4612-b237-0cb306a1093b,T-004-02,main,fail,True
87a2727c-dec6-49d9-a03b-cd33351c7f48,07ab9268-3217-4612-b237-0cb306a1093b,T-004-03,main,fail,True
87a2727c-dec6-49d9-a03b-cd33351c7f48,07ab9268-3217-4612-b237-0cb306a1093b,T-005-01,main,pass,True
87a2727c-dec6-49d9-a03b-cd33351c7f48,07ab9268-3217-4612-b237-0cb306a1093b,T-005-02,main,pass,True
87a2727c-dec6-49d9-a03b-cd33351c7f48,07ab9268-3217-4612-b237-0cb306a1093b,T-006-01,main,fail,True
87a2727c-dec6-49d9-a03b-cd33351c7f48,07ab9268-3217-4612-b237-0cb306a1093b,T-006-02,main,pass,True
87a2727c-dec6-49d9-a03b-cd33351c7f48,07ab9268-3217-4612-b237-0cb306a1093b,T-006-03,main,fail,True
87a2727c-dec6-49d9-a03b-cd33351c7f48,07ab9268-3217-4612-b237-0cb306a1093b,T-006-04,main,pass,True
87a2727c-dec6-49d9-a03b-cd33351c7f48,07ab9268-3217-4612-b237-0cb306a1093b,T-006-05,lower,fail,True
87a2727c-dec6-49d9-a03b-cd33351c7f48,07ab9268-3217-4612-b237-0cb306a1093b,T-006-05,upper,pass,True
87a2727c-dec6-49d9-a03b-cd33351c7f48,07ab9268-3217-4612-b237-0cb306a1093b,T-006-06,main,pass,True
87a2727c-dec6-49d9-a03b-cd33351c7f48,07ab9268-3217-4612-b237-0cb306a1093b,T-007-01,main,pass,True
87a2727c-dec6-49d9-a03b-cd33351c7f48,07ab9268-3217-4612-b237-0cb306a1093b,T-007-02,main,pass,True
87a2727c-dec6-49d9-a03b-cd33351c7f48,07ab9268-3217-4612-b237-0cb306a1093b,T-007-03,main,blocked,True
87a2727c-dec6-49d9-a03b-cd33351c7f48,07ab9268-3217-4612-b237-0cb306a1093b,T-008-01,main,blocked,True
87a2727c-dec6-49d9-a03b-cd33351c7f48,07ab9268-3217-4612-b237-0cb306a1093b,T-008-02,main,blocked,True
87a2727c-dec6-49d9-a03b-cd33351c7f48,07ab9268-3217-4612-b237-0cb306a1093b,T-008-03,main,pass,True
87a2727c-dec6-49d9-a03b-cd33351c7f48,07ab9268-3217-4612-b237-0cb306a1093b,T-008-04,main,pass,True
87a2727c-dec6-49d9-a03b-cd33351c7f48,07ab9268-3217-4612-b237-0cb306a1093b,T-009-01,main,pass,True
87a2727c-dec6-49d9-a03b-cd33351c7f48,07ab9268-3217-4612-b237-0cb306a1093b,T-009-02,main,pass,True
87a2727c-dec6-49d9-a03b-cd33351c7f48,07ab9268-3217-4612-b237-0cb306a1093b,T-010-01,main,fail,True
87a2727c-dec6-49d9-a03b-cd33351c7f48,07ab9268-3217-4612-b237-0cb306a1093b,T-010-02,main,pass,True
87a2727c-dec6-49d9-a03b-cd33351c7f48,07ab9268-3217-4612-b237-0cb306a1093b,T-010-03,main,pass,True
87a2727c-dec6-49d9-a03b-cd33351c7f48,07ab9268-3217-4612-b237-0cb306a1093b,T-011-01,main,fail,True
87a2727c-dec6-49d9-a03b-cd33351c7f48,07ab9268-3217-4612-b237-0cb306a1093b,T-011-02,main,fail,True
87a2727c-dec6-49d9-a03b-cd33351c7f48,07ab9268-3217-4612-b237-0cb306a1093b,T-012-01,main,fail,True
87a2727c-dec6-49d9-a03b-cd33351c7f48,07ab9268-3217-4612-b237-0cb306a1093b,T-012-02,main,fail,True
87a2727c-dec6-49d9-a03b-cd33351c7f48,07ab9268-3217-4612-b237-0cb306a1093b,T-013-01,main,fail,True
87a2727c-dec6-49d9-a03b-cd33351c7f48,07ab9268-3217-4612-b237-0cb306a1093b,T-013-02,main,fail,True
87a2727c-dec6-49d9-a03b-cd33351c7f48,07ab9268-3217-4612-b237-0cb306a1093b,T-014-01,main,fail,True
87a2727c-dec6-49d9-a03b-cd33351c7f48,07ab9268-3217-4612-b237-0cb306a1093b,T-014-02,main,fail,True
87a2727c-dec6-49d9-a03b-cd33351c7f48,07ab9268-3217-4612-b237-0cb306a1093b,T-015-01,main,fail,True
87a2727c-dec6-49d9-a03b-cd33351c7f48,07ab9268-3217-4612-b237-0cb306a1093b,T-016-01,main,blocked,True
87a2727c-dec6-49d9-a03b-cd33351c7f48,07ab9268-3217-4612-b237-0cb306a1093b,T-016-02,main,blocked,True
87a2727c-dec6-49d9-a03b-cd33351c7f48,07ab9268-3217-4612-b237-0cb306a1093b,T-016-03,main,pass,True
87a2727c-dec6-49d9-a03b-cd33351c7f48,07ab9268-3217-4612-b237-0cb306a1093b,T-017-01,main,blocked,True
87a2727c-dec6-49d9-a03b-cd33351c7f48,07ab9268-3217-4612-b237-0cb306a1093b,T-017-02,main,pass,True
87a2727c-dec6-49d9-a03b-cd33351c7f48,07ab9268-3217-4612-b237-0cb306a1093b,T-018-01,main,pass,True
87a2727c-dec6-49d9-a03b-cd33351c7f48,07ab9268-3217-4612-b237-0cb306a1093b,T-018-02,main,pass,True
87a2727c-dec6-49d9-a03b-cd33351c7f48,07ab9268-3217-4612-b237-0cb306a1093b,T-018-03,main,pass,True
87a2727c-dec6-49d9-a03b-cd33351c7f48,07ab9268-3217-4612-b237-0cb306a1093b,T-019-01,main,fail,True
87a2727c-dec6-49d9-a03b-cd33351c7f48,07ab9268-3217-4612-b237-0cb306a1093b,T-019-02,main,pass,True
87a2727c-dec6-49d9-a03b-cd33351c7f48,07ab9268-3217-4612-b237-0cb306a1093b,T-019-03,main,pass,True
87a2727c-dec6-49d9-a03b-cd33351c7f48,07ab9268-3217-4612-b237-0cb306a1093b,T-020-01,main,pass,True
87a2727c-dec6-49d9-a03b-cd33351c7f48,07ab9268-3217-4612-b237-0cb306a1093b,T-020-02,main,pass,True
87a2727c-dec6-49d9-a03b-cd33351c7f48,07ab9268-3217-4612-b237-0cb306a1093b,T-020-03,main,pass,True
87a2727c-dec6-49d9-a03b-cd33351c7f48,07ab9268-3217-4612-b237-0cb306a1093b,T-020-04,main,pass,True
9305af1b-22f7-490c-9f39-d6e7f82619fb,9da2677b-4e85-4e2e-be99-ad9349b09736,T-001-01,main,fail,True
9305af1b-22f7-490c-9f39-d6e7f82619fb,9da2677b-4e85-4e2e-be99-ad9349b09736,T-001-02,main,fail,True
9305af1b-22f7-490c-9f39-d6e7f82619fb,9da2677b-4e85-4e2e-be99-ad9349b09736,T-001-03,main,pass,True
9305af1b-22f7-490c-9f39-d6e7f82619fb,9da2677b-4e85-4e2e-be99-ad9349b09736,T-001-04,main,pass,True
9305af1b-22f7-490c-9f39-d6e7f82619fb,9da2677b-4e85-4e2e-be99-ad9349b09736,T-002-01,main,pass,True
9305af1b-22f7-490c-9f39-d6e7f82619fb,9da2677b-4e85-4e2e-be99-ad9349b09736,T-002-02,main,fail,True
9305af1b-22f7-490c-9f39-d6e7f82619fb,9da2677b-4e85-4e2e-be99-ad9349b09736,T-002-03,main,pass,True
9305af1b-22f7-490c-9f39-d6e7f82619fb,9da2677b-4e85-4e2e-be99-ad9349b09736,T-002-04,main,pass,True
9305af1b-22f7-490c-9f39-d6e7f82619fb,9da2677b-4e85-4e2e-be99-ad9349b09736,T-003-01,main,pass,True
9305af1b-22f7-490c-9f39-d6e7f82619fb,9da2677b-4e85-4e2e-be99-ad9349b09736,T-003-02,main,pass,True
9305af1b-22f7-490c-9f39-d6e7f82619fb,9da2677b-4e85-4e2e-be99-ad9349b09736,T-004-01,main,fail,True
9305af1b-22f7-490c-9f39-d6e7f82619fb,9da2677b-4e85-4e2e-be99-ad9349b09736,T-004-02,main,pass,True
9305af1b-22f7-490c-9f39-d6e7f82619fb,9da2677b-4e85-4e2e-be99-ad9349b09736,T-004-03,main,fail,True
9305af1b-22f7-490c-9f39-d6e7f82619fb,9da2677b-4e85-4e2e-be99-ad9349b09736,T-005-01,main,pass,True
9305af1b-22f7-490c-9f39-d6e7f82619fb,9da2677b-4e85-4e2e-be99-ad9349b09736,T-005-02,main,pass,True
9305af1b-22f7-490c-9f39-d6e7f82619fb,9da2677b-4e85-4e2e-be99-ad9349b09736,T-006-01,main,fail,True
9305af1b-22f7-490c-9f39-d6e7f82619fb,9da2677b-4e85-4e2e-be99-ad9349b09736,T-006-02,main,pass,True
9305af1b-22f7-490c-9f39-d6e7f82619fb,9da2677b-4e85-4e2e-be99-ad9349b09736,T-006-03,main,fail,True
9305af1b-22f7-490c-9f39-d6e7f82619fb,9da2677b-4e85-4e2e-be99-ad9349b09736,T-006-04,main,pass,True
9305af1b-22f7-490c-9f39-d6e7f82619fb,9da2677b-4e85-4e2e-be99-ad9349b09736,T-006-05,lower,fail,True
9305af1b-22f7-490c-9f39-d6e7f82619fb,9da2677b-4e85-4e2e-be99-ad9349b09736,T-006-05,upper,pass,True
9305af1b-22f7-490c-9f39-d6e7f82619fb,9da2677b-4e85-4e2e-be99-ad9349b09736,T-006-06,main,pass,True
9305af1b-22f7-490c-9f39-d6e7f82619fb,9da2677b-4e85-4e2e-be99-ad9349b09736,T-007-01,main,pass,True
9305af1b-22f7-490c-9f39-d6e7f82619fb,9da2677b-4e85-4e2e-be99-ad9349b09736,T-007-02,main,pass,True
9305af1b-22f7-490c-9f39-d6e7f82619fb,9da2677b-4e85-4e2e-be99-ad9349b09736,T-007-03,main,pass,True
9305af1b-22f7-490c-9f39-d6e7f82619fb,9da2677b-4e85-4e2e-be99-ad9349b09736,T-008-01,main,pass,True
9305af1b-22f7-490c-9f39-d6e7f82619fb,9da2677b-4e85-4e2e-be99-ad9349b09736,T-008-02,main,pass,True
9305af1b-22f7-490c-9f39-d6e7f82619fb,9da2677b-4e85-4e2e-be99-ad9349b09736,T-008-03,main,pass,True
9305af1b-22f7-490c-9f39-d6e7f82619fb,9da2677b-4e85-4e2e-be99-ad9349b09736,T-008-04,main,pass,True
9305af1b-22f7-490c-9f39-d6e7f82619fb,9da2677b-4e85-4e2e-be99-ad9349b09736,T-009-01,main,pass,True
9305af1b-22f7-490c-9f39-d6e7f82619fb,9da2677b-4e85-4e2e-be99-ad9349b09736,T-009-02,main,pass,True
9305af1b-22f7-490c-9f39-d6e7f82619fb,9da2677b-4e85-4e2e-be99-ad9349b09736,T-010-01,main,fail,True
9305af1b-22f7-490c-9f39-d6e7f82619fb,9da2677b-4e85-4e2e-be99-ad9349b09736,T-010-02,main,pass,True
9305af1b-22f7-490c-9f39-d6e7f82619fb,9da2677b-4e85-4e2e-be99-ad9349b09736,T-010-03,main,pass,True
9305af1b-22f7-490c-9f39-d6e7f82619fb,9da2677b-4e85-4e2e-be99-ad9349b09736,T-011-01,main,fail,True
9305af1b-22f7-490c-9f39-d6e7f82619fb,9da2677b-4e85-4e2e-be99-ad9349b09736,T-011-02,main,fail,True
9305af1b-22f7-490c-9f39-d6e7f82619fb,9da2677b-4e85-4e2e-be99-ad9349b09736,T-012-01,main,fail,True
9305af1b-22f7-490c-9f39-d6e7f82619fb,9da2677b-4e85-4e2e-be99-ad9349b09736,T-012-02,main,fail,True
9305af1b-22f7-490c-9f39-d6e7f82619fb,9da2677b-4e85-4e2e-be99-ad9349b09736,T-013-01,main,fail,True
9305af1b-22f7-490c-9f39-d6e7f82619fb,9da2677b-4e85-4e2e-be99-ad9349b09736,T-013-02,main,fail,True
9305af1b-22f7-490c-9f39-d6e7f82619fb,9da2677b-4e85-4e2e-be99-ad9349b09736,T-014-01,main,fail,True
9305af1b-22f7-490c-9f39-d6e7f82619fb,9da2677b-4e85-4e2e-be99-ad9349b09736,T-014-02,main,fail,True
9305af1b-22f7-490c-9f39-d6e7f82619fb,9da2677b-4e85-4e2e-be99-ad9349b09736,T-015-01,main,fail,True
9305af1b-22f7-490c-9f39-d6e7f82619fb,9da2677b-4e85-4e2e-be99-ad9349b09736,T-016-01,main,fail,True
9305af1b-22f7-490c-9f39-d6e7f82619fb,9da2677b-4e85-4e2e-be99-ad9349b09736,T-016-02,main,fail,True
9305af1b-22f7-490c-9f39-d6e7f82619fb,9da2677b-4e85-4e2e-be99-ad9349b09736,T-016-03,main,blocked,True
9305af1b-22f7-490c-9f39-d6e7f82619fb,9da2677b-4e85-4e2e-be99-ad9349b09736,T-017-01,main,pass,True
9305af1b-22f7-490c-9f39-d6e7f82619fb,9da2677b-4e85-4e2e-be99-ad9349b09736,T-017-02,main,fail,True
9305af1b-22f7-490c-9f39-d6e7f82619fb,9da2677b-4e85-4e2e-be99-ad9349b09736,T-018-01,main,fail,True
9305af1b-22f7-490c-9f39-d6e7f82619fb,9da2677b-4e85-4e2e-be99-ad9349b09736,T-018-02,main,fail,True
9305af1b-22f7-490c-9f39-d6e7f82619fb,9da2677b-4e85-4e2e-be99-ad9349b09736,T-018-03,main,fail,True
9305af1b-22f7-490c-9f39-d6e7f82619fb,9da2677b-4e85-4e2e-be99-ad9349b09736,T-019-01,main,pass,True
9305af1b-22f7-490c-9f39-d6e7f82619fb,9da2677b-4e85-4e2e-be99-ad9349b09736,T-019-02,main,pass,True
9305af1b-22f7-490c-9f39-d6e7f82619fb,9da2677b-4e85-4e2e-be99-ad9349b09736,T-019-03,main,pass,True
9305af1b-22f7-490c-9f39-d6e7f82619fb,9da2677b-4e85-4e2e-be99-ad9349b09736,T-020-01,main,fail,True
9305af1b-22f7-490c-9f39-d6e7f82619fb,9da2677b-4e85-4e2e-be99-ad9349b09736,T-020-02,main,fail,True
9305af1b-22f7-490c-9f39-d6e7f82619fb,9da2677b-4e85-4e2e-be99-ad9349b09736,T-020-03,main,fail,True
9305af1b-22f7-490c-9f39-d6e7f82619fb,9da2677b-4e85-4e2e-be99-ad9349b09736,T-020-04,main,fail,True
959de722-b6ae-433c-80fe-fc5062db90e7,addb5e13-e1ef-481e-a61b-e73854391386,T-001-01,main,pass,True
959de722-b6ae-433c-80fe-fc5062db90e7,addb5e13-e1ef-481e-a61b-e73854391386,T-001-02,main,pass,True
959de722-b6ae-433c-80fe-fc5062db90e7,addb5e13-e1ef-481e-a61b-e73854391386,T-001-03,main,pass,True
959de722-b6ae-433c-80fe-fc5062db90e7,addb5e13-e1ef-481e-a61b-e73854391386,T-001-04,main,pass,True
959de722-b6ae-433c-80fe-fc5062db90e7,addb5e13-e1ef-481e-a61b-e73854391386,T-002-01,main,fail,True
959de722-b6ae-433c-80fe-fc5062db90e7,addb5e13-e1ef-481e-a61b-e73854391386,T-002-02,main,pass,True
959de722-b6ae-433c-80fe-fc5062db90e7,addb5e13-e1ef-481e-a61b-e73854391386,T-002-03,main,pass,True
959de722-b6ae-433c-80fe-fc5062db90e7,addb5e13-e1ef-481e-a61b-e73854391386,T-002-04,main,pass,True
959de722-b6ae-433c-80fe-fc5062db90e7,addb5e13-e1ef-481e-a61b-e73854391386,T-003-01,main,pass,True
959de722-b6ae-433c-80fe-fc5062db90e7,addb5e13-e1ef-481e-a61b-e73854391386,T-003-02,main,fail,True
959de722-b6ae-433c-80fe-fc5062db90e7,addb5e13-e1ef-481e-a61b-e73854391386,T-004-01,main,pass,True
959de722-b6ae-433c-80fe-fc5062db90e7,addb5e13-e1ef-481e-a61b-e73854391386,T-004-02,main,fail,True
959de722-b6ae-433c-80fe-fc5062db90e7,addb5e13-e1ef-481e-a61b-e73854391386,T-004-03,main,fail,True
959de722-b6ae-433c-80fe-fc5062db90e7,addb5e13-e1ef-481e-a61b-e73854391386,T-005-01,main,fail,True
959de722-b6ae-433c-80fe-fc5062db90e7,addb5e13-e1ef-481e-a61b-e73854391386,T-005-02,main,pass,True
959de722-b6ae-433c-80fe-fc5062db90e7,addb5e13-e1ef-481e-a61b-e73854391386,T-006-01,main,pass,True
959de722-b6ae-433c-80fe-fc5062db90e7,addb5e13-e1ef-481e-a61b-e73854391386,T-006-02,main,pass,True
959de722-b6ae-433c-80fe-fc5062db90e7,addb5e13-e1ef-481e-a61b-e73854391386,T-006-03,main,pass,True
959de722-b6ae-433c-80fe-fc5062db90e7,addb5e13-e1ef-481e-a61b-e73854391386,T-006-04,main,pass,True
959de722-b6ae-433c-80fe-fc5062db90e7,addb5e13-e1ef-481e-a61b-e73854391386,T-006-05,lower,pass,True
959de722-b6ae-433c-80fe-fc5062db90e7,addb5e13-e1ef-481e-a61b-e73854391386,T-006-05,upper,pass,True
959de722-b6ae-433c-80fe-fc5062db90e7,addb5e13-e1ef-481e-a61b-e73854391386,T-006-06,main,pass,True
959de722-b6ae-433c-80fe-fc5062db90e7,addb5e13-e1ef-481e-a61b-e73854391386,T-007-01,main,pass,True
959de722-b6ae-433c-80fe-fc5062db90e7,addb5e13-e1ef-481e-a61b-e73854391386,T-007-02,main,pass,True
959de722-b6ae-433c-80fe-fc5062db90e7,addb5e13-e1ef-481e-a61b-e73854391386,T-007-03,main,blocked,True
959de722-b6ae-433c-80fe-fc5062db90e7,addb5e13-e1ef-481e-a61b-e73854391386,T-008-01,main,blocked,True
959de722-b6ae-433c-80fe-fc5062db90e7,addb5e13-e1ef-481e-a61b-e73854391386,T-008-02,main,blocked,True
959de722-b6ae-433c-80fe-fc5062db90e7,addb5e13-e1ef-481e-a61b-e73854391386,T-008-03,main,pass,True
959de722-b6ae-433c-80fe-fc5062db90e7,addb5e13-e1ef-481e-a61b-e73854391386,T-008-04,main,pass,True
959de722-b6ae-433c-80fe-fc5062db90e7,addb5e13-e1ef-481e-a61b-e73854391386,T-009-01,main,fail,True
959de722-b6ae-433c-80fe-fc5062db90e7,addb5e13-e1ef-481e-a61b-e73854391386,T-009-02,main,pass,True
959de722-b6ae-433c-80fe-fc5062db90e7,addb5e13-e1ef-481e-a61b-e73854391386,T-010-01,main,fail,True
959de722-b6ae-433c-80fe-fc5062db90e7,addb5e13-e1ef-481e-a61b-e73854391386,T-010-02,main,pass,True
959de722-b6ae-433c-80fe-fc5062db90e7,addb5e13-e1ef-481e-a61b-e73854391386,T-010-03,main,pass,True
959de722-b6ae-433c-80fe-fc5062db90e7,addb5e13-e1ef-481e-a61b-e73854391386,T-011-01,main,fail,True
959de722-b6ae-433c-80fe-fc5062db90e7,addb5e13-e1ef-481e-a61b-e73854391386,T-011-02,main,fail,True
959de722-b6ae-433c-80fe-fc5062db90e7,addb5e13-e1ef-481e-a61b-e73854391386,T-012-01,main,pass,True
959de722-b6ae-433c-80fe-fc5062db90e7,addb5e13-e1ef-481e-a61b-e73854391386,T-012-02,main,pass,True
959de722-b6ae-433c-80fe-fc5062db90e7,addb5e13-e1ef-481e-a61b-e73854391386,T-013-01,main,fail,True
959de722-b6ae-433c-80fe-fc5062db90e7,addb5e13-e1ef-481e-a61b-e73854391386,T-013-02,main,pass,True
959de722-b6ae-433c-80fe-fc5062db90e7,addb5e13-e1ef-481e-a61b-e73854391386,T-014-01,main,pass,True
959de722-b6ae-433c-80fe-fc5062db90e7,addb5e13-e1ef-481e-a61b-e73854391386,T-014-02,main,pass,True
959de722-b6ae-433c-80fe-fc5062db90e7,addb5e13-e1ef-481e-a61b-e73854391386,T-015-01,main,fail,True
959de722-b6ae-433c-80fe-fc5062db90e7,addb5e13-e1ef-481e-a61b-e73854391386,T-016-01,main,fail,True
959de722-b6ae-433c-80fe-fc5062db90e7,addb5e13-e1ef-481e-a61b-e73854391386,T-016-02,main,blocked,True
959de722-b6ae-433c-80fe-fc5062db90e7,addb5e13-e1ef-481e-a61b-e73854391386,T-016-03,main,pass,True
959de722-b6ae-433c-80fe-fc5062db90e7,addb5e13-e1ef-481e-a61b-e73854391386,T-017-01,main,blocked,True
959de722-b6ae-433c-80fe-fc5062db90e7,addb5e13-e1ef-481e-a61b-e73854391386,T-017-02,main,pass,True
959de722-b6ae-433c-80fe-fc5062db90e7,addb5e13-e1ef-481e-a61b-e73854391386,T-018-01,main,fail,True
959de722-b6ae-433c-80fe-fc5062db90e7,addb5e13-e1ef-481e-a61b-e73854391386,T-018-02,main,fail,True
959de722-b6ae-433c-80fe-fc5062db90e7,addb5e13-e1ef-481e-a61b-e73854391386,T-018-03,main,pass,True
959de722-b6ae-433c-80fe-fc5062db90e7,addb5e13-e1ef-481e-a61b-e73854391386,T-019-01,main,pass,True
959de722-b6ae-433c-80fe-fc5062db90e7,addb5e13-e1ef-481e-a61b-e73854391386,T-019-02,main,pass,True
959de722-b6ae-433c-80fe-fc5062db90e7,addb5e13-e1ef-481e-a61b-e73854391386,T-019-03,main,pass,True
959de722-b6ae-433c-80fe-fc5062db90e7,addb5e13-e1ef-481e-a61b-e73854391386,T-020-01,main,pass,True
959de722-b6ae-433c-80fe-fc5062db90e7,addb5e13-e1ef-481e-a61b-e73854391386,T-020-02,main,pass,True
959de722-b6ae-433c-80fe-fc5062db90e7,addb5e13-e1ef-481e-a61b-e73854391386,T-020-03,main,pass,True
959de722-b6ae-433c-80fe-fc5062db90e7,addb5e13-e1ef-481e-a61b-e73854391386,T-020-04,main,pass,True
9a8c5ff6-e5df-4b20-8646-cf11e16ed257,7e20cd9d-2f88-415a-934f-14ecf781a9d1,T-001-01,main,pass,True
9a8c5ff6-e5df-4b20-8646-cf11e16ed257,7e20cd9d-2f88-415a-934f-14ecf781a9d1,T-001-02,main,pass,True
9a8c5ff6-e5df-4b20-8646-cf11e16ed257,7e20cd9d-2f88-415a-934f-14ecf781a9d1,T-001-03,main,pass,True
9a8c5ff6-e5df-4b20-8646-cf11e16ed257,7e20cd9d-2f88-415a-934f-14ecf781a9d1,T-001-04,main,pass,True
9a8c5ff6-e5df-4b20-8646-cf11e16ed257,7e20cd9d-2f88-415a-934f-14ecf781a9d1,T-002-01,main,pass,True
9a8c5ff6-e5df-4b20-8646-cf11e16ed257,7e20cd9d-2f88-415a-934f-14ecf781a9d1,T-002-02,main,fail,True
9a8c5ff6-e5df-4b20-8646-cf11e16ed257,7e20cd9d-2f88-415a-934f-14ecf781a9d1,T-002-03,main,pass,True
9a8c5ff6-e5df-4b20-8646-cf11e16ed257,7e20cd9d-2f88-415a-934f-14ecf781a9d1,T-002-04,main,pass,True
9a8c5ff6-e5df-4b20-8646-cf11e16ed257,7e20cd9d-2f88-415a-934f-14ecf781a9d1,T-003-01,main,pass,True
9a8c5ff6-e5df-4b20-8646-cf11e16ed257,7e20cd9d-2f88-415a-934f-14ecf781a9d1,T-003-02,main,fail,True
9a8c5ff6-e5df-4b20-8646-cf11e16ed257,7e20cd9d-2f88-415a-934f-14ecf781a9d1,T-004-01,main,pass,True
9a8c5ff6-e5df-4b20-8646-cf11e16ed257,7e20cd9d-2f88-415a-934f-14ecf781a9d1,T-004-02,main,pass,True
9a8c5ff6-e5df-4b20-8646-cf11e16ed257,7e20cd9d-2f88-415a-934f-14ecf781a9d1,T-004-03,main,fail,True
9a8c5ff6-e5df-4b20-8646-cf11e16ed257,7e20cd9d-2f88-415a-934f-14ecf781a9d1,T-005-01,main,pass,True
9a8c5ff6-e5df-4b20-8646-cf11e16ed257,7e20cd9d-2f88-415a-934f-14ecf781a9d1,T-005-02,main,pass,True
9a8c5ff6-e5df-4b20-8646-cf11e16ed257,7e20cd9d-2f88-415a-934f-14ecf781a9d1,T-006-01,main,fail,True
9a8c5ff6-e5df-4b20-8646-cf11e16ed257,7e20cd9d-2f88-415a-934f-14ecf781a9d1,T-006-02,main,pass,True
9a8c5ff6-e5df-4b20-8646-cf11e16ed257,7e20cd9d-2f88-415a-934f-14ecf781a9d1,T-006-03,main,fail,True
9a8c5ff6-e5df-4b20-8646-cf11e16ed257,7e20cd9d-2f88-415a-934f-14ecf781a9d1,T-006-04,main,pass,True
9a8c5ff6-e5df-4b20-8646-cf11e16ed257,7e20cd9d-2f88-415a-934f-14ecf781a9d1,T-006-05,lower,fail,True
9a8c5ff6-e5df-4b20-8646-cf11e16ed257,7e20cd9d-2f88-415a-934f-14ecf781a9d1,T-006-05,upper,pass,True
9a8c5ff6-e5df-4b20-8646-cf11e16ed257,7e20cd9d-2f88-415a-934f-14ecf781a9d1,T-006-06,main,pass,True
9a8c5ff6-e5df-4b20-8646-cf11e16ed257,7e20cd9d-2f88-415a-934f-14ecf781a9d1,T-007-01,main,blocked,True
9a8c5ff6-e5df-4b20-8646-cf11e16ed257,7e20cd9d-2f88-415a-934f-14ecf781a9d1,T-007-02,main,blocked,True
9a8c5ff6-e5df-4b20-8646-cf11e16ed257,7e20cd9d-2f88-415a-934f-14ecf781a9d1,T-007-03,main,blocked,True
9a8c5ff6-e5df-4b20-8646-cf11e16ed257,7e20cd9d-2f88-415a-934f-14ecf781a9d1,T-008-01,main,blocked,True
9a8c5ff6-e5df-4b20-8646-cf11e16ed257,7e20cd9d-2f88-415a-934f-14ecf781a9d1,T-008-02,main,blocked,True
9a8c5ff6-e5df-4b20-8646-cf11e16ed257,7e20cd9d-2f88-415a-934f-14ecf781a9d1,T-008-03,main,pass,True
9a8c5ff6-e5df-4b20-8646-cf11e16ed257,7e20cd9d-2f88-415a-934f-14ecf781a9d1,T-008-04,main,pass,True
9a8c5ff6-e5df-4b20-8646-cf11e16ed257,7e20cd9d-2f88-415a-934f-14ecf781a9d1,T-009-01,main,fail,True
9a8c5ff6-e5df-4b20-8646-cf11e16ed257,7e20cd9d-2f88-415a-934f-14ecf781a9d1,T-009-02,main,pass,True
9a8c5ff6-e5df-4b20-8646-cf11e16ed257,7e20cd9d-2f88-415a-934f-14ecf781a9d1,T-010-01,main,fail,True
9a8c5ff6-e5df-4b20-8646-cf11e16ed257,7e20cd9d-2f88-415a-934f-14ecf781a9d1,T-010-02,main,fail,True
9a8c5ff6-e5df-4b20-8646-cf11e16ed257,7e20cd9d-2f88-415a-934f-14ecf781a9d1,T-010-03,main,pass,True
9a8c5ff6-e5df-4b20-8646-cf11e16ed257,7e20cd9d-2f88-415a-934f-14ecf781a9d1,T-011-01,main,fail,True
9a8c5ff6-e5df-4b20-8646-cf11e16ed257,7e20cd9d-2f88-415a-934f-14ecf781a9d1,T-011-02,main,fail,True
9a8c5ff6-e5df-4b20-8646-cf11e16ed257,7e20cd9d-2f88-415a-934f-14ecf781a9d1,T-012-01,main,fail,True
9a8c5ff6-e5df-4b20-8646-cf11e16ed257,7e20cd9d-2f88-415a-934f-14ecf781a9d1,T-012-02,main,fail,True
9a8c5ff6-e5df-4b20-8646-cf11e16ed257,7e20cd9d-2f88-415a-934f-14ecf781a9d1,T-013-01,main,fail,True
9a8c5ff6-e5df-4b20-8646-cf11e16ed257,7e20cd9d-2f88-415a-934f-14ecf781a9d1,T-013-02,main,fail,True
9a8c5ff6-e5df-4b20-8646-cf11e16ed257,7e20cd9d-2f88-415a-934f-14ecf781a9d1,T-014-01,main,fail,True
9a8c5ff6-e5df-4b20-8646-cf11e16ed257,7e20cd9d-2f88-415a-934f-14ecf781a9d1,T-014-02,main,fail,True
9a8c5ff6-e5df-4b20-8646-cf11e16ed257,7e20cd9d-2f88-415a-934f-14ecf781a9d1,T-015-01,main,fail,True
9a8c5ff6-e5df-4b20-8646-cf11e16ed257,7e20cd9d-2f88-415a-934f-14ecf781a9d1,T-016-01,main,blocked,True
9a8c5ff6-e5df-4b20-8646-cf11e16ed257,7e20cd9d-2f88-415a-934f-14ecf781a9d1,T-016-02,main,blocked,True
9a8c5ff6-e5df-4b20-8646-cf11e16ed257,7e20cd9d-2f88-415a-934f-14ecf781a9d1,T-016-03,main,pass,True
9a8c5ff6-e5df-4b20-8646-cf11e16ed257,7e20cd9d-2f88-415a-934f-14ecf781a9d1,T-017-01,main,fail,True
9a8c5ff6-e5df-4b20-8646-cf11e16ed257,7e20cd9d-2f88-415a-934f-14ecf781a9d1,T-017-02,main,blocked,True
9a8c5ff6-e5df-4b20-8646-cf11e16ed257,7e20cd9d-2f88-415a-934f-14ecf781a9d1,T-018-01,main,pass,True
9a8c5ff6-e5df-4b20-8646-cf11e16ed257,7e20cd9d-2f88-415a-934f-14ecf781a9d1,T-018-02,main,pass,True
9a8c5ff6-e5df-4b20-8646-cf11e16ed257,7e20cd9d-2f88-415a-934f-14ecf781a9d1,T-018-03,main,pass,True
9a8c5ff6-e5df-4b20-8646-cf11e16ed257,7e20cd9d-2f88-415a-934f-14ecf781a9d1,T-019-01,main,fail,True
9a8c5ff6-e5df-4b20-8646-cf11e16ed257,7e20cd9d-2f88-415a-934f-14ecf781a9d1,T-019-02,main,pass,True
9a8c5ff6-e5df-4b20-8646-cf11e16ed257,7e20cd9d-2f88-415a-934f-14ecf781a9d1,T-019-03,main,pass,True
9a8c5ff6-e5df-4b20-8646-cf11e16ed257,7e20cd9d-2f88-415a-934f-14ecf781a9d1,T-020-01,main,pass,True
9a8c5ff6-e5df-4b20-8646-cf11e16ed257,7e20cd9d-2f88-415a-934f-14ecf781a9d1,T-020-02,main,pass,True
9a8c5ff6-e5df-4b20-8646-cf11e16ed257,7e20cd9d-2f88-415a-934f-14ecf781a9d1,T-020-03,main,pass,True
9a8c5ff6-e5df-4b20-8646-cf11e16ed257,7e20cd9d-2f88-415a-934f-14ecf781a9d1,T-020-04,main,pass,True
9b477a67-1f93-4d09-b58a-d7969894d590,9338a04d-2ba2-4ef8-a08d-556bb79d7ca0,T-001-01,main,pass,True
9b477a67-1f93-4d09-b58a-d7969894d590,9338a04d-2ba2-4ef8-a08d-556bb79d7ca0,T-001-02,main,pass,True
9b477a67-1f93-4d09-b58a-d7969894d590,9338a04d-2ba2-4ef8-a08d-556bb79d7ca0,T-001-03,main,pass,True
9b477a67-1f93-4d09-b58a-d7969894d590,9338a04d-2ba2-4ef8-a08d-556bb79d7ca0,T-001-04,main,pass,True
9b477a67-1f93-4d09-b58a-d7969894d590,9338a04d-2ba2-4ef8-a08d-556bb79d7ca0,T-002-01,main,pass,True
9b477a67-1f93-4d09-b58a-d7969894d590,9338a04d-2ba2-4ef8-a08d-556bb79d7ca0,T-002-02,main,fail,True
9b477a67-1f93-4d09-b58a-d7969894d590,9338a04d-2ba2-4ef8-a08d-556bb79d7ca0,T-002-03,main,pass,True
9b477a67-1f93-4d09-b58a-d7969894d590,9338a04d-2ba2-4ef8-a08d-556bb79d7ca0,T-002-04,main,pass,True
9b477a67-1f93-4d09-b58a-d7969894d590,9338a04d-2ba2-4ef8-a08d-556bb79d7ca0,T-003-01,main,pass,True
9b477a67-1f93-4d09-b58a-d7969894d590,9338a04d-2ba2-4ef8-a08d-556bb79d7ca0,T-003-02,main,pass,True
9b477a67-1f93-4d09-b58a-d7969894d590,9338a04d-2ba2-4ef8-a08d-556bb79d7ca0,T-004-01,main,pass,True
9b477a67-1f93-4d09-b58a-d7969894d590,9338a04d-2ba2-4ef8-a08d-556bb79d7ca0,T-004-02,main,fail,True
9b477a67-1f93-4d09-b58a-d7969894d590,9338a04d-2ba2-4ef8-a08d-556bb79d7ca0,T-004-03,main,fail,True
9b477a67-1f93-4d09-b58a-d7969894d590,9338a04d-2ba2-4ef8-a08d-556bb79d7ca0,T-005-01,main,pass,True
9b477a67-1f93-4d09-b58a-d7969894d590,9338a04d-2ba2-4ef8-a08d-556bb79d7ca0,T-005-02,main,fail,True
9b477a67-1f93-4d09-b58a-d7969894d590,9338a04d-2ba2-4ef8-a08d-556bb79d7ca0,T-006-01,main,pass,True
9b477a67-1f93-4d09-b58a-d7969894d590,9338a04d-2ba2-4ef8-a08d-556bb79d7ca0,T-006-02,main,pass,True
9b477a67-1f93-4d09-b58a-d7969894d590,9338a04d-2ba2-4ef8-a08d-556bb79d7ca0,T-006-03,main,pass,True
9b477a67-1f93-4d09-b58a-d7969894d590,9338a04d-2ba2-4ef8-a08d-556bb79d7ca0,T-006-04,main,pass,True
9b477a67-1f93-4d09-b58a-d7969894d590,9338a04d-2ba2-4ef8-a08d-556bb79d7ca0,T-006-05,lower,pass,True
9b477a67-1f93-4d09-b58a-d7969894d590,9338a04d-2ba2-4ef8-a08d-556bb79d7ca0,T-006-05,upper,pass,True
9b477a67-1f93-4d09-b58a-d7969894d590,9338a04d-2ba2-4ef8-a08d-556bb79d7ca0,T-006-06,main,pass,True
9b477a67-1f93-4d09-b58a-d7969894d590,9338a04d-2ba2-4ef8-a08d-556bb79d7ca0,T-007-01,main,pass,True
9b477a67-1f93-4d09-b58a-d7969894d590,9338a04d-2ba2-4ef8-a08d-556bb79d7ca0,T-007-02,main,pass,True
9b477a67-1f93-4d09-b58a-d7969894d590,9338a04d-2ba2-4ef8-a08d-556bb79d7ca0,T-007-03,main,pass,True
9b477a67-1f93-4d09-b58a-d7969894d590,9338a04d-2ba2-4ef8-a08d-556bb79d7ca0,T-008-01,main,pass,True
9b477a67-1f93-4d09-b58a-d7969894d590,9338a04d-2ba2-4ef8-a08d-556bb79d7ca0,T-008-02,main,pass,True
9b477a67-1f93-4d09-b58a-d7969894d590,9338a04d-2ba2-4ef8-a08d-556bb79d7ca0,T-008-03,main,fail,True
9b477a67-1f93-4d09-b58a-d7969894d590,9338a04d-2ba2-4ef8-a08d-556bb79d7ca0,T-008-04,main,pass,True
9b477a67-1f93-4d09-b58a-d7969894d590,9338a04d-2ba2-4ef8-a08d-556bb79d7ca0,T-009-01,main,pass,True
9b477a67-1f93-4d09-b58a-d7969894d590,9338a04d-2ba2-4ef8-a08d-556bb79d7ca0,T-009-02,main,pass,True
9b477a67-1f93-4d09-b58a-d7969894d590,9338a04d-2ba2-4ef8-a08d-556bb79d7ca0,T-010-01,main,pass,True
9b477a67-1f93-4d09-b58a-d7969894d590,9338a04d-2ba2-4ef8-a08d-556bb79d7ca0,T-010-02,main,pass,True
9b477a67-1f93-4d09-b58a-d7969894d590,9338a04d-2ba2-4ef8-a08d-556bb79d7ca0,T-010-03,main,pass,True
9b477a67-1f93-4d09-b58a-d7969894d590,9338a04d-2ba2-4ef8-a08d-556bb79d7ca0,T-011-01,main,pass,True
9b477a67-1f93-4d09-b58a-d7969894d590,9338a04d-2ba2-4ef8-a08d-556bb79d7ca0,T-011-02,main,pass,True
9b477a67-1f93-4d09-b58a-d7969894d590,9338a04d-2ba2-4ef8-a08d-556bb79d7ca0,T-012-01,main,pass,True
9b477a67-1f93-4d09-b58a-d7969894d590,9338a04d-2ba2-4ef8-a08d-556bb79d7ca0,T-012-02,main,pass,True
9b477a67-1f93-4d09-b58a-d7969894d590,9338a04d-2ba2-4ef8-a08d-556bb79d7ca0,T-013-01,main,fail,True
9b477a67-1f93-4d09-b58a-d7969894d590,9338a04d-2ba2-4ef8-a08d-556bb79d7ca0,T-013-02,main,pass,True
9b477a67-1f93-4d09-b58a-d7969894d590,9338a04d-2ba2-4ef8-a08d-556bb79d7ca0,T-014-01,main,pass,True
9b477a67-1f93-4d09-b58a-d7969894d590,9338a04d-2ba2-4ef8-a08d-556bb79d7ca0,T-014-02,main,pass,True
9b477a67-1f93-4d09-b58a-d7969894d590,9338a04d-2ba2-4ef8-a08d-556bb79d7ca0,T-015-01,main,fail,True
9b477a67-1f93-4d09-b58a-d7969894d590,9338a04d-2ba2-4ef8-a08d-556bb79d7ca0,T-016-01,main,fail,True
9b477a67-1f93-4d09-b58a-d7969894d590,9338a04d-2ba2-4ef8-a08d-556bb79d7ca0,T-016-02,main,blocked,True
9b477a67-1f93-4d09-b58a-d7969894d590,9338a04d-2ba2-4ef8-a08d-556bb79d7ca0,T-016-03,main,pass,True
9b477a67-1f93-4d09-b58a-d7969894d590,9338a04d-2ba2-4ef8-a08d-556bb79d7ca0,T-017-01,main,blocked,True
9b477a67-1f93-4d09-b58a-d7969894d590,9338a04d-2ba2-4ef8-a08d-556bb79d7ca0,T-017-02,main,blocked,True
9b477a67-1f93-4d09-b58a-d7969894d590,9338a04d-2ba2-4ef8-a08d-556bb79d7ca0,T-018-01,main,pass,True
9b477a67-1f93-4d09-b58a-d7969894d590,9338a04d-2ba2-4ef8-a08d-556bb79d7ca0,T-018-02,main,pass,True
9b477a67-1f93-4d09-b58a-d7969894d590,9338a04d-2ba2-4ef8-a08d-556bb79d7ca0,T-018-03,main,pass,True
9b477a67-1f93-4d09-b58a-d7969894d590,9338a04d-2ba2-4ef8-a08d-556bb79d7ca0,T-019-01,main,pass,True
9b477a67-1f93-4d09-b58a-d7969894d590,9338a04d-2ba2-4ef8-a08d-556bb79d7ca0,T-019-02,main,pass,True
9b477a67-1f93-4d09-b58a-d7969894d590,9338a04d-2ba2-4ef8-a08d-556bb79d7ca0,T-019-03,main,pass,True
9b477a67-1f93-4d09-b58a-d7969894d590,9338a04d-2ba2-4ef8-a08d-556bb79d7ca0,T-020-01,main,pass,True
9b477a67-1f93-4d09-b58a-d7969894d590,9338a04d-2ba2-4ef8-a08d-556bb79d7ca0,T-020-02,main,pass,True
9b477a67-1f93-4d09-b58a-d7969894d590,9338a04d-2ba2-4ef8-a08d-556bb79d7ca0,T-020-03,main,pass,True
9b477a67-1f93-4d09-b58a-d7969894d590,9338a04d-2ba2-4ef8-a08d-556bb79d7ca0,T-020-04,main,pass,True
a95e1037-7728-4d70-836a-f0f8b9604e94,15bdf62d-683f-435d-af40-c014bfa47bdd,T-001-01,main,pass,True
a95e1037-7728-4d70-836a-f0f8b9604e94,15bdf62d-683f-435d-af40-c014bfa47bdd,T-001-02,main,pass,True
a95e1037-7728-4d70-836a-f0f8b9604e94,15bdf62d-683f-435d-af40-c014bfa47bdd,T-001-03,main,pass,True
a95e1037-7728-4d70-836a-f0f8b9604e94,15bdf62d-683f-435d-af40-c014bfa47bdd,T-001-04,main,pass,True
a95e1037-7728-4d70-836a-f0f8b9604e94,15bdf62d-683f-435d-af40-c014bfa47bdd,T-002-01,main,pass,True
a95e1037-7728-4d70-836a-f0f8b9604e94,15bdf62d-683f-435d-af40-c014bfa47bdd,T-002-02,main,fail,True
a95e1037-7728-4d70-836a-f0f8b9604e94,15bdf62d-683f-435d-af40-c014bfa47bdd,T-002-03,main,pass,True
a95e1037-7728-4d70-836a-f0f8b9604e94,15bdf62d-683f-435d-af40-c014bfa47bdd,T-002-04,main,pass,True
a95e1037-7728-4d70-836a-f0f8b9604e94,15bdf62d-683f-435d-af40-c014bfa47bdd,T-003-01,main,pass,True
a95e1037-7728-4d70-836a-f0f8b9604e94,15bdf62d-683f-435d-af40-c014bfa47bdd,T-003-02,main,pass,True
a95e1037-7728-4d70-836a-f0f8b9604e94,15bdf62d-683f-435d-af40-c014bfa47bdd,T-004-01,main,pass,True
a95e1037-7728-4d70-836a-f0f8b9604e94,15bdf62d-683f-435d-af40-c014bfa47bdd,T-004-02,main,pass,True
a95e1037-7728-4d70-836a-f0f8b9604e94,15bdf62d-683f-435d-af40-c014bfa47bdd,T-004-03,main,fail,True
a95e1037-7728-4d70-836a-f0f8b9604e94,15bdf62d-683f-435d-af40-c014bfa47bdd,T-005-01,main,pass,True
a95e1037-7728-4d70-836a-f0f8b9604e94,15bdf62d-683f-435d-af40-c014bfa47bdd,T-005-02,main,fail,True
a95e1037-7728-4d70-836a-f0f8b9604e94,15bdf62d-683f-435d-af40-c014bfa47bdd,T-006-01,main,pass,True
a95e1037-7728-4d70-836a-f0f8b9604e94,15bdf62d-683f-435d-af40-c014bfa47bdd,T-006-02,main,pass,True
a95e1037-7728-4d70-836a-f0f8b9604e94,15bdf62d-683f-435d-af40-c014bfa47bdd,T-006-03,main,pass,True
a95e1037-7728-4d70-836a-f0f8b9604e94,15bdf62d-683f-435d-af40-c014bfa47bdd,T-006-04,main,pass,True
a95e1037-7728-4d70-836a-f0f8b9604e94,15bdf62d-683f-435d-af40-c014bfa47bdd,T-006-05,lower,pass,True
a95e1037-7728-4d70-836a-f0f8b9604e94,15bdf62d-683f-435d-af40-c014bfa47bdd,T-006-05,upper,pass,True
a95e1037-7728-4d70-836a-f0f8b9604e94,15bdf62d-683f-435d-af40-c014bfa47bdd,T-006-06,main,pass,True
a95e1037-7728-4d70-836a-f0f8b9604e94,15bdf62d-683f-435d-af40-c014bfa47bdd,T-007-01,main,pass,True
a95e1037-7728-4d70-836a-f0f8b9604e94,15bdf62d-683f-435d-af40-c014bfa47bdd,T-007-02,main,pass,True
a95e1037-7728-4d70-836a-f0f8b9604e94,15bdf62d-683f-435d-af40-c014bfa47bdd,T-007-03,main,pass,True
a95e1037-7728-4d70-836a-f0f8b9604e94,15bdf62d-683f-435d-af40-c014bfa47bdd,T-008-01,main,pass,True
a95e1037-7728-4d70-836a-f0f8b9604e94,15bdf62d-683f-435d-af40-c014bfa47bdd,T-008-02,main,pass,True
a95e1037-7728-4d70-836a-f0f8b9604e94,15bdf62d-683f-435d-af40-c014bfa47bdd,T-008-03,main,pass,True
a95e1037-7728-4d70-836a-f0f8b9604e94,15bdf62d-683f-435d-af40-c014bfa47bdd,T-008-04,main,pass,True
a95e1037-7728-4d70-836a-f0f8b9604e94,15bdf62d-683f-435d-af40-c014bfa47bdd,T-009-01,main,pass,True
a95e1037-7728-4d70-836a-f0f8b9604e94,15bdf62d-683f-435d-af40-c014bfa47bdd,T-009-02,main,pass,True
a95e1037-7728-4d70-836a-f0f8b9604e94,15bdf62d-683f-435d-af40-c014bfa47bdd,T-010-01,main,pass,True
a95e1037-7728-4d70-836a-f0f8b9604e94,15bdf62d-683f-435d-af40-c014bfa47bdd,T-010-02,main,pass,True
a95e1037-7728-4d70-836a-f0f8b9604e94,15bdf62d-683f-435d-af40-c014bfa47bdd,T-010-03,main,pass,True
a95e1037-7728-4d70-836a-f0f8b9604e94,15bdf62d-683f-435d-af40-c014bfa47bdd,T-011-01,main,pass,True
a95e1037-7728-4d70-836a-f0f8b9604e94,15bdf62d-683f-435d-af40-c014bfa47bdd,T-011-02,main,pass,True
a95e1037-7728-4d70-836a-f0f8b9604e94,15bdf62d-683f-435d-af40-c014bfa47bdd,T-012-01,main,fail,True
a95e1037-7728-4d70-836a-f0f8b9604e94,15bdf62d-683f-435d-af40-c014bfa47bdd,T-012-02,main,pass,True
a95e1037-7728-4d70-836a-f0f8b9604e94,15bdf62d-683f-435d-af40-c014bfa47bdd,T-013-01,main,fail,True
a95e1037-7728-4d70-836a-f0f8b9604e94,15bdf62d-683f-435d-af40-c014bfa47bdd,T-013-02,main,pass,True
a95e1037-7728-4d70-836a-f0f8b9604e94,15bdf62d-683f-435d-af40-c014bfa47bdd,T-014-01,main,pass,True
a95e1037-7728-4d70-836a-f0f8b9604e94,15bdf62d-683f-435d-af40-c014bfa47bdd,T-014-02,main,pass,True
a95e1037-7728-4d70-836a-f0f8b9604e94,15bdf62d-683f-435d-af40-c014bfa47bdd,T-015-01,main,fail,True
a95e1037-7728-4d70-836a-f0f8b9604e94,15bdf62d-683f-435d-af40-c014bfa47bdd,T-016-01,main,fail,True
a95e1037-7728-4d70-836a-f0f8b9604e94,15bdf62d-683f-435d-af40-c014bfa47bdd,T-016-02,main,pass,True
a95e1037-7728-4d70-836a-f0f8b9604e94,15bdf62d-683f-435d-af40-c014bfa47bdd,T-016-03,main,pass,True
a95e1037-7728-4d70-836a-f0f8b9604e94,15bdf62d-683f-435d-af40-c014bfa47bdd,T-017-01,main,pass,True
a95e1037-7728-4d70-836a-f0f8b9604e94,15bdf62d-683f-435d-af40-c014bfa47bdd,T-017-02,main,pass,True
a95e1037-7728-4d70-836a-f0f8b9604e94,15bdf62d-683f-435d-af40-c014bfa47bdd,T-018-01,main,pass,True
a95e1037-7728-4d70-836a-f0f8b9604e94,15bdf62d-683f-435d-af40-c014bfa47bdd,T-018-02,main,pass,True
a95e1037-7728-4d70-836a-f0f8b9604e94,15bdf62d-683f-435d-af40-c014bfa47bdd,T-018-03,main,pass,True
a95e1037-7728-4d70-836a-f0f8b9604e94,15bdf62d-683f-435d-af40-c014bfa47bdd,T-019-01,main,pass,True
a95e1037-7728-4d70-836a-f0f8b9604e94,15bdf62d-683f-435d-af40-c014bfa47bdd,T-019-02,main,pass,True
a95e1037-7728-4d70-836a-f0f8b9604e94,15bdf62d-683f-435d-af40-c014bfa47bdd,T-019-03,main,pass,True
a95e1037-7728-4d70-836a-f0f8b9604e94,15bdf62d-683f-435d-af40-c014bfa47bdd,T-020-01,main,pass,True
a95e1037-7728-4d70-836a-f0f8b9604e94,15bdf62d-683f-435d-af40-c014bfa47bdd,T-020-02,main,pass,True
a95e1037-7728-4d70-836a-f0f8b9604e94,15bdf62d-683f-435d-af40-c014bfa47bdd,T-020-03,main,pass,True
a95e1037-7728-4d70-836a-f0f8b9604e94,15bdf62d-683f-435d-af40-c014bfa47bdd,T-020-04,main,pass,True
aa86b7d9-3527-4481-926b-d65012b6fd06,c8fc6626-425f-4eb2-a5db-b4255385888c,T-001-01,main,pass,True
aa86b7d9-3527-4481-926b-d65012b6fd06,c8fc6626-425f-4eb2-a5db-b4255385888c,T-001-02,main,pass,True
aa86b7d9-3527-4481-926b-d65012b6fd06,c8fc6626-425f-4eb2-a5db-b4255385888c,T-001-03,main,pass,True
aa86b7d9-3527-4481-926b-d65012b6fd06,c8fc6626-425f-4eb2-a5db-b4255385888c,T-001-04,main,pass,True
aa86b7d9-3527-4481-926b-d65012b6fd06,c8fc6626-425f-4eb2-a5db-b4255385888c,T-002-01,main,fail,True
aa86b7d9-3527-4481-926b-d65012b6fd06,c8fc6626-425f-4eb2-a5db-b4255385888c,T-002-02,main,fail,True
aa86b7d9-3527-4481-926b-d65012b6fd06,c8fc6626-425f-4eb2-a5db-b4255385888c,T-002-03,main,pass,True
aa86b7d9-3527-4481-926b-d65012b6fd06,c8fc6626-425f-4eb2-a5db-b4255385888c,T-002-04,main,pass,True
aa86b7d9-3527-4481-926b-d65012b6fd06,c8fc6626-425f-4eb2-a5db-b4255385888c,T-003-01,main,pass,True
aa86b7d9-3527-4481-926b-d65012b6fd06,c8fc6626-425f-4eb2-a5db-b4255385888c,T-003-02,main,pass,True
aa86b7d9-3527-4481-926b-d65012b6fd06,c8fc6626-425f-4eb2-a5db-b4255385888c,T-004-01,main,pass,True
aa86b7d9-3527-4481-926b-d65012b6fd06,c8fc6626-425f-4eb2-a5db-b4255385888c,T-004-02,main,fail,True
aa86b7d9-3527-4481-926b-d65012b6fd06,c8fc6626-425f-4eb2-a5db-b4255385888c,T-004-03,main,fail,True
aa86b7d9-3527-4481-926b-d65012b6fd06,c8fc6626-425f-4eb2-a5db-b4255385888c,T-005-01,main,pass,True
aa86b7d9-3527-4481-926b-d65012b6fd06,c8fc6626-425f-4eb2-a5db-b4255385888c,T-005-02,main,pass,True
aa86b7d9-3527-4481-926b-d65012b6fd06,c8fc6626-425f-4eb2-a5db-b4255385888c,T-006-01,main,fail,True
aa86b7d9-3527-4481-926b-d65012b6fd06,c8fc6626-425f-4eb2-a5db-b4255385888c,T-006-02,main,pass,True
aa86b7d9-3527-4481-926b-d65012b6fd06,c8fc6626-425f-4eb2-a5db-b4255385888c,T-006-03,main,fail,True
aa86b7d9-3527-4481-926b-d65012b6fd06,c8fc6626-425f-4eb2-a5db-b4255385888c,T-006-04,main,pass,True
aa86b7d9-3527-4481-926b-d65012b6fd06,c8fc6626-425f-4eb2-a5db-b4255385888c,T-006-05,lower,fail,True
aa86b7d9-3527-4481-926b-d65012b6fd06,c8fc6626-425f-4eb2-a5db-b4255385888c,T-006-05,upper,pass,True
aa86b7d9-3527-4481-926b-d65012b6fd06,c8fc6626-425f-4eb2-a5db-b4255385888c,T-006-06,main,pass,True
aa86b7d9-3527-4481-926b-d65012b6fd06,c8fc6626-425f-4eb2-a5db-b4255385888c,T-007-01,main,pass,True
aa86b7d9-3527-4481-926b-d65012b6fd06,c8fc6626-425f-4eb2-a5db-b4255385888c,T-007-02,main,pass,True
aa86b7d9-3527-4481-926b-d65012b6fd06,c8fc6626-425f-4eb2-a5db-b4255385888c,T-007-03,main,pass,True
aa86b7d9-3527-4481-926b-d65012b6fd06,c8fc6626-425f-4eb2-a5db-b4255385888c,T-008-01,main,pass,True
aa86b7d9-3527-4481-926b-d65012b6fd06,c8fc6626-425f-4eb2-a5db-b4255385888c,T-008-02,main,pass,True
aa86b7d9-3527-4481-926b-d65012b6fd06,c8fc6626-425f-4eb2-a5db-b4255385888c,T-008-03,main,pass,True
aa86b7d9-3527-4481-926b-d65012b6fd06,c8fc6626-425f-4eb2-a5db-b4255385888c,T-008-04,main,pass,True
aa86b7d9-3527-4481-926b-d65012b6fd06,c8fc6626-425f-4eb2-a5db-b4255385888c,T-009-01,main,pass,True
aa86b7d9-3527-4481-926b-d65012b6fd06,c8fc6626-425f-4eb2-a5db-b4255385888c,T-009-02,main,pass,True
aa86b7d9-3527-4481-926b-d65012b6fd06,c8fc6626-425f-4eb2-a5db-b4255385888c,T-010-01,main,fail,True
aa86b7d9-3527-4481-926b-d65012b6fd06,c8fc6626-425f-4eb2-a5db-b4255385888c,T-010-02,main,pass,True
aa86b7d9-3527-4481-926b-d65012b6fd06,c8fc6626-425f-4eb2-a5db-b4255385888c,T-010-03,main,pass,True
aa86b7d9-3527-4481-926b-d65012b6fd06,c8fc6626-425f-4eb2-a5db-b4255385888c,T-011-01,main,fail,True
aa86b7d9-3527-4481-926b-d65012b6fd06,c8fc6626-425f-4eb2-a5db-b4255385888c,T-011-02,main,fail,True
aa86b7d9-3527-4481-926b-d65012b6fd06,c8fc6626-425f-4eb2-a5db-b4255385888c,T-012-01,main,fail,True
aa86b7d9-3527-4481-926b-d65012b6fd06,c8fc6626-425f-4eb2-a5db-b4255385888c,T-012-02,main,fail,True
aa86b7d9-3527-4481-926b-d65012b6fd06,c8fc6626-425f-4eb2-a5db-b4255385888c,T-013-01,main,fail,True
aa86b7d9-3527-4481-926b-d65012b6fd06,c8fc6626-425f-4eb2-a5db-b4255385888c,T-013-02,main,fail,True
aa86b7d9-3527-4481-926b-d65012b6fd06,c8fc6626-425f-4eb2-a5db-b4255385888c,T-014-01,main,fail,True
aa86b7d9-3527-4481-926b-d65012b6fd06,c8fc6626-425f-4eb2-a5db-b4255385888c,T-014-02,main,fail,True
aa86b7d9-3527-4481-926b-d65012b6fd06,c8fc6626-425f-4eb2-a5db-b4255385888c,T-015-01,main,fail,True
aa86b7d9-3527-4481-926b-d65012b6fd06,c8fc6626-425f-4eb2-a5db-b4255385888c,T-016-01,main,fail,True
aa86b7d9-3527-4481-926b-d65012b6fd06,c8fc6626-425f-4eb2-a5db-b4255385888c,T-016-02,main,pass,True
aa86b7d9-3527-4481-926b-d65012b6fd06,c8fc6626-425f-4eb2-a5db-b4255385888c,T-016-03,main,pass,True
aa86b7d9-3527-4481-926b-d65012b6fd06,c8fc6626-425f-4eb2-a5db-b4255385888c,T-017-01,main,fail,True
aa86b7d9-3527-4481-926b-d65012b6fd06,c8fc6626-425f-4eb2-a5db-b4255385888c,T-017-02,main,pass,True
aa86b7d9-3527-4481-926b-d65012b6fd06,c8fc6626-425f-4eb2-a5db-b4255385888c,T-018-01,main,pass,True
aa86b7d9-3527-4481-926b-d65012b6fd06,c8fc6626-425f-4eb2-a5db-b4255385888c,T-018-02,main,pass,True
aa86b7d9-3527-4481-926b-d65012b6fd06,c8fc6626-425f-4eb2-a5db-b4255385888c,T-018-03,main,pass,True
aa86b7d9-3527-4481-926b-d65012b6fd06,c8fc6626-425f-4eb2-a5db-b4255385888c,T-019-01,main,pass,True
aa86b7d9-3527-4481-926b-d65012b6fd06,c8fc6626-425f-4eb2-a5db-b4255385888c,T-019-02,main,pass,True
aa86b7d9-3527-4481-926b-d65012b6fd06,c8fc6626-425f-4eb2-a5db-b4255385888c,T-019-03,main,pass,True
aa86b7d9-3527-4481-926b-d65012b6fd06,c8fc6626-425f-4eb2-a5db-b4255385888c,T-020-01,main,pass,True
aa86b7d9-3527-4481-926b-d65012b6fd06,c8fc6626-425f-4eb2-a5db-b4255385888c,T-020-02,main,pass,True
aa86b7d9-3527-4481-926b-d65012b6fd06,c8fc6626-425f-4eb2-a5db-b4255385888c,T-020-03,main,pass,True
aa86b7d9-3527-4481-926b-d65012b6fd06,c8fc6626-425f-4eb2-a5db-b4255385888c,T-020-04,main,pass,True
b8182790-1837-4290-b467-47ac1231783b,75e54e2b-93b7-460a-a77c-d9066791dbac,T-001-01,main,pass,True
b8182790-1837-4290-b467-47ac1231783b,75e54e2b-93b7-460a-a77c-d9066791dbac,T-001-02,main,pass,True
b8182790-1837-4290-b467-47ac1231783b,75e54e2b-93b7-460a-a77c-d9066791dbac,T-001-03,main,pass,True
b8182790-1837-4290-b467-47ac1231783b,75e54e2b-93b7-460a-a77c-d9066791dbac,T-001-04,main,pass,True
b8182790-1837-4290-b467-47ac1231783b,75e54e2b-93b7-460a-a77c-d9066791dbac,T-002-01,main,pass,True
b8182790-1837-4290-b467-47ac1231783b,75e54e2b-93b7-460a-a77c-d9066791dbac,T-002-02,main,pass,True
b8182790-1837-4290-b467-47ac1231783b,75e54e2b-93b7-460a-a77c-d9066791dbac,T-002-03,main,pass,True
b8182790-1837-4290-b467-47ac1231783b,75e54e2b-93b7-460a-a77c-d9066791dbac,T-002-04,main,pass,True
b8182790-1837-4290-b467-47ac1231783b,75e54e2b-93b7-460a-a77c-d9066791dbac,T-003-01,main,pass,True
b8182790-1837-4290-b467-47ac1231783b,75e54e2b-93b7-460a-a77c-d9066791dbac,T-003-02,main,pass,True
b8182790-1837-4290-b467-47ac1231783b,75e54e2b-93b7-460a-a77c-d9066791dbac,T-004-01,main,pass,True
b8182790-1837-4290-b467-47ac1231783b,75e54e2b-93b7-460a-a77c-d9066791dbac,T-004-02,main,fail,True
b8182790-1837-4290-b467-47ac1231783b,75e54e2b-93b7-460a-a77c-d9066791dbac,T-004-03,main,pass,True
b8182790-1837-4290-b467-47ac1231783b,75e54e2b-93b7-460a-a77c-d9066791dbac,T-005-01,main,pass,True
b8182790-1837-4290-b467-47ac1231783b,75e54e2b-93b7-460a-a77c-d9066791dbac,T-005-02,main,fail,True
b8182790-1837-4290-b467-47ac1231783b,75e54e2b-93b7-460a-a77c-d9066791dbac,T-006-01,main,pass,True
b8182790-1837-4290-b467-47ac1231783b,75e54e2b-93b7-460a-a77c-d9066791dbac,T-006-02,main,pass,True
b8182790-1837-4290-b467-47ac1231783b,75e54e2b-93b7-460a-a77c-d9066791dbac,T-006-03,main,pass,True
b8182790-1837-4290-b467-47ac1231783b,75e54e2b-93b7-460a-a77c-d9066791dbac,T-006-04,main,pass,True
b8182790-1837-4290-b467-47ac1231783b,75e54e2b-93b7-460a-a77c-d9066791dbac,T-006-05,lower,pass,True
b8182790-1837-4290-b467-47ac1231783b,75e54e2b-93b7-460a-a77c-d9066791dbac,T-006-05,upper,pass,True
b8182790-1837-4290-b467-47ac1231783b,75e54e2b-93b7-460a-a77c-d9066791dbac,T-006-06,main,pass,True
b8182790-1837-4290-b467-47ac1231783b,75e54e2b-93b7-460a-a77c-d9066791dbac,T-007-01,main,pass,True
b8182790-1837-4290-b467-47ac1231783b,75e54e2b-93b7-460a-a77c-d9066791dbac,T-007-02,main,pass,True
b8182790-1837-4290-b467-47ac1231783b,75e54e2b-93b7-460a-a77c-d9066791dbac,T-007-03,main,pass,True
b8182790-1837-4290-b467-47ac1231783b,75e54e2b-93b7-460a-a77c-d9066791dbac,T-008-01,main,pass,True
b8182790-1837-4290-b467-47ac1231783b,75e54e2b-93b7-460a-a77c-d9066791dbac,T-008-02,main,pass,True
b8182790-1837-4290-b467-47ac1231783b,75e54e2b-93b7-460a-a77c-d9066791dbac,T-008-03,main,pass,True
b8182790-1837-4290-b467-47ac1231783b,75e54e2b-93b7-460a-a77c-d9066791dbac,T-008-04,main,pass,True
b8182790-1837-4290-b467-47ac1231783b,75e54e2b-93b7-460a-a77c-d9066791dbac,T-009-01,main,fail,True
b8182790-1837-4290-b467-47ac1231783b,75e54e2b-93b7-460a-a77c-d9066791dbac,T-009-02,main,pass,True
b8182790-1837-4290-b467-47ac1231783b,75e54e2b-93b7-460a-a77c-d9066791dbac,T-010-01,main,pass,True
b8182790-1837-4290-b467-47ac1231783b,75e54e2b-93b7-460a-a77c-d9066791dbac,T-010-02,main,pass,True
b8182790-1837-4290-b467-47ac1231783b,75e54e2b-93b7-460a-a77c-d9066791dbac,T-010-03,main,pass,True
b8182790-1837-4290-b467-47ac1231783b,75e54e2b-93b7-460a-a77c-d9066791dbac,T-011-01,main,pass,True
b8182790-1837-4290-b467-47ac1231783b,75e54e2b-93b7-460a-a77c-d9066791dbac,T-011-02,main,pass,True
b8182790-1837-4290-b467-47ac1231783b,75e54e2b-93b7-460a-a77c-d9066791dbac,T-012-01,main,pass,True
b8182790-1837-4290-b467-47ac1231783b,75e54e2b-93b7-460a-a77c-d9066791dbac,T-012-02,main,pass,True
b8182790-1837-4290-b467-47ac1231783b,75e54e2b-93b7-460a-a77c-d9066791dbac,T-013-01,main,fail,True
b8182790-1837-4290-b467-47ac1231783b,75e54e2b-93b7-460a-a77c-d9066791dbac,T-013-02,main,pass,True
b8182790-1837-4290-b467-47ac1231783b,75e54e2b-93b7-460a-a77c-d9066791dbac,T-014-01,main,pass,True
b8182790-1837-4290-b467-47ac1231783b,75e54e2b-93b7-460a-a77c-d9066791dbac,T-014-02,main,pass,True
b8182790-1837-4290-b467-47ac1231783b,75e54e2b-93b7-460a-a77c-d9066791dbac,T-015-01,main,fail,True
b8182790-1837-4290-b467-47ac1231783b,75e54e2b-93b7-460a-a77c-d9066791dbac,T-016-01,main,fail,True
b8182790-1837-4290-b467-47ac1231783b,75e54e2b-93b7-460a-a77c-d9066791dbac,T-016-02,main,pass,True
b8182790-1837-4290-b467-47ac1231783b,75e54e2b-93b7-460a-a77c-d9066791dbac,T-016-03,main,pass,True
b8182790-1837-4290-b467-47ac1231783b,75e54e2b-93b7-460a-a77c-d9066791dbac,T-017-01,main,pass,True
b8182790-1837-4290-b467-47ac1231783b,75e54e2b-93b7-460a-a77c-d9066791dbac,T-017-02,main,pass,True
b8182790-1837-4290-b467-47ac1231783b,75e54e2b-93b7-460a-a77c-d9066791dbac,T-018-01,main,pass,True
b8182790-1837-4290-b467-47ac1231783b,75e54e2b-93b7-460a-a77c-d9066791dbac,T-018-02,main,pass,True
b8182790-1837-4290-b467-47ac1231783b,75e54e2b-93b7-460a-a77c-d9066791dbac,T-018-03,main,pass,True
b8182790-1837-4290-b467-47ac1231783b,75e54e2b-93b7-460a-a77c-d9066791dbac,T-019-01,main,pass,True
b8182790-1837-4290-b467-47ac1231783b,75e54e2b-93b7-460a-a77c-d9066791dbac,T-019-02,main,pass,True
b8182790-1837-4290-b467-47ac1231783b,75e54e2b-93b7-460a-a77c-d9066791dbac,T-019-03,main,pass,True
b8182790-1837-4290-b467-47ac1231783b,75e54e2b-93b7-460a-a77c-d9066791dbac,T-020-01,main,pass,True
b8182790-1837-4290-b467-47ac1231783b,75e54e2b-93b7-460a-a77c-d9066791dbac,T-020-02,main,pass,True
b8182790-1837-4290-b467-47ac1231783b,75e54e2b-93b7-460a-a77c-d9066791dbac,T-020-03,main,pass,True
b8182790-1837-4290-b467-47ac1231783b,75e54e2b-93b7-460a-a77c-d9066791dbac,T-020-04,main,pass,True
b8bb85c7-e468-42ff-ad70-e10746737b87,068beb0a-7e3b-48f5-b1f8-9473dfc5e2d2,T-001-01,main,pass,True
b8bb85c7-e468-42ff-ad70-e10746737b87,068beb0a-7e3b-48f5-b1f8-9473dfc5e2d2,T-001-02,main,pass,True
b8bb85c7-e468-42ff-ad70-e10746737b87,068beb0a-7e3b-48f5-b1f8-9473dfc5e2d2,T-001-03,main,pass,True
b8bb85c7-e468-42ff-ad70-e10746737b87,068beb0a-7e3b-48f5-b1f8-9473dfc5e2d2,T-001-04,main,pass,True
b8bb85c7-e468-42ff-ad70-e10746737b87,068beb0a-7e3b-48f5-b1f8-9473dfc5e2d2,T-002-01,main,pass,True
b8bb85c7-e468-42ff-ad70-e10746737b87,068beb0a-7e3b-48f5-b1f8-9473dfc5e2d2,T-002-02,main,fail,True
b8bb85c7-e468-42ff-ad70-e10746737b87,068beb0a-7e3b-48f5-b1f8-9473dfc5e2d2,T-002-03,main,pass,True
b8bb85c7-e468-42ff-ad70-e10746737b87,068beb0a-7e3b-48f5-b1f8-9473dfc5e2d2,T-002-04,main,pass,True
b8bb85c7-e468-42ff-ad70-e10746737b87,068beb0a-7e3b-48f5-b1f8-9473dfc5e2d2,T-003-01,main,pass,True
b8bb85c7-e468-42ff-ad70-e10746737b87,068beb0a-7e3b-48f5-b1f8-9473dfc5e2d2,T-003-02,main,pass,True
b8bb85c7-e468-42ff-ad70-e10746737b87,068beb0a-7e3b-48f5-b1f8-9473dfc5e2d2,T-004-01,main,pass,True
b8bb85c7-e468-42ff-ad70-e10746737b87,068beb0a-7e3b-48f5-b1f8-9473dfc5e2d2,T-004-02,main,pass,True
b8bb85c7-e468-42ff-ad70-e10746737b87,068beb0a-7e3b-48f5-b1f8-9473dfc5e2d2,T-004-03,main,fail,True
b8bb85c7-e468-42ff-ad70-e10746737b87,068beb0a-7e3b-48f5-b1f8-9473dfc5e2d2,T-005-01,main,pass,True
b8bb85c7-e468-42ff-ad70-e10746737b87,068beb0a-7e3b-48f5-b1f8-9473dfc5e2d2,T-005-02,main,fail,True
b8bb85c7-e468-42ff-ad70-e10746737b87,068beb0a-7e3b-48f5-b1f8-9473dfc5e2d2,T-006-01,main,pass,True
b8bb85c7-e468-42ff-ad70-e10746737b87,068beb0a-7e3b-48f5-b1f8-9473dfc5e2d2,T-006-02,main,pass,True
b8bb85c7-e468-42ff-ad70-e10746737b87,068beb0a-7e3b-48f5-b1f8-9473dfc5e2d2,T-006-03,main,pass,True
b8bb85c7-e468-42ff-ad70-e10746737b87,068beb0a-7e3b-48f5-b1f8-9473dfc5e2d2,T-006-04,main,pass,True
b8bb85c7-e468-42ff-ad70-e10746737b87,068beb0a-7e3b-48f5-b1f8-9473dfc5e2d2,T-006-05,lower,pass,True
b8bb85c7-e468-42ff-ad70-e10746737b87,068beb0a-7e3b-48f5-b1f8-9473dfc5e2d2,T-006-05,upper,pass,True
b8bb85c7-e468-42ff-ad70-e10746737b87,068beb0a-7e3b-48f5-b1f8-9473dfc5e2d2,T-006-06,main,pass,True
b8bb85c7-e468-42ff-ad70-e10746737b87,068beb0a-7e3b-48f5-b1f8-9473dfc5e2d2,T-007-01,main,blocked,True
b8bb85c7-e468-42ff-ad70-e10746737b87,068beb0a-7e3b-48f5-b1f8-9473dfc5e2d2,T-007-02,main,blocked,True
b8bb85c7-e468-42ff-ad70-e10746737b87,068beb0a-7e3b-48f5-b1f8-9473dfc5e2d2,T-007-03,main,blocked,True
b8bb85c7-e468-42ff-ad70-e10746737b87,068beb0a-7e3b-48f5-b1f8-9473dfc5e2d2,T-008-01,main,blocked,True
b8bb85c7-e468-42ff-ad70-e10746737b87,068beb0a-7e3b-48f5-b1f8-9473dfc5e2d2,T-008-02,main,blocked,True
b8bb85c7-e468-42ff-ad70-e10746737b87,068beb0a-7e3b-48f5-b1f8-9473dfc5e2d2,T-008-03,main,pass,True
b8bb85c7-e468-42ff-ad70-e10746737b87,068beb0a-7e3b-48f5-b1f8-9473dfc5e2d2,T-008-04,main,pass,True
b8bb85c7-e468-42ff-ad70-e10746737b87,068beb0a-7e3b-48f5-b1f8-9473dfc5e2d2,T-009-01,main,fail,True
b8bb85c7-e468-42ff-ad70-e10746737b87,068beb0a-7e3b-48f5-b1f8-9473dfc5e2d2,T-009-02,main,pass,True
b8bb85c7-e468-42ff-ad70-e10746737b87,068beb0a-7e3b-48f5-b1f8-9473dfc5e2d2,T-010-01,main,pass,True
b8bb85c7-e468-42ff-ad70-e10746737b87,068beb0a-7e3b-48f5-b1f8-9473dfc5e2d2,T-010-02,main,pass,True
b8bb85c7-e468-42ff-ad70-e10746737b87,068beb0a-7e3b-48f5-b1f8-9473dfc5e2d2,T-010-03,main,pass,True
b8bb85c7-e468-42ff-ad70-e10746737b87,068beb0a-7e3b-48f5-b1f8-9473dfc5e2d2,T-011-01,main,pass,True
b8bb85c7-e468-42ff-ad70-e10746737b87,068beb0a-7e3b-48f5-b1f8-9473dfc5e2d2,T-011-02,main,pass,True
b8bb85c7-e468-42ff-ad70-e10746737b87,068beb0a-7e3b-48f5-b1f8-9473dfc5e2d2,T-012-01,main,fail,True
b8bb85c7-e468-42ff-ad70-e10746737b87,068beb0a-7e3b-48f5-b1f8-9473dfc5e2d2,T-012-02,main,pass,True
b8bb85c7-e468-42ff-ad70-e10746737b87,068beb0a-7e3b-48f5-b1f8-9473dfc5e2d2,T-013-01,main,fail,True
b8bb85c7-e468-42ff-ad70-e10746737b87,068beb0a-7e3b-48f5-b1f8-9473dfc5e2d2,T-013-02,main,pass,True
b8bb85c7-e468-42ff-ad70-e10746737b87,068beb0a-7e3b-48f5-b1f8-9473dfc5e2d2,T-014-01,main,pass,True
b8bb85c7-e468-42ff-ad70-e10746737b87,068beb0a-7e3b-48f5-b1f8-9473dfc5e2d2,T-014-02,main,pass,True
b8bb85c7-e468-42ff-ad70-e10746737b87,068beb0a-7e3b-48f5-b1f8-9473dfc5e2d2,T-015-01,main,blocked,True
b8bb85c7-e468-42ff-ad70-e10746737b87,068beb0a-7e3b-48f5-b1f8-9473dfc5e2d2,T-016-01,main,blocked,True
b8bb85c7-e468-42ff-ad70-e10746737b87,068beb0a-7e3b-48f5-b1f8-9473dfc5e2d2,T-016-02,main,blocked,True
b8bb85c7-e468-42ff-ad70-e10746737b87,068beb0a-7e3b-48f5-b1f8-9473dfc5e2d2,T-016-03,main,pass,True
b8bb85c7-e468-42ff-ad70-e10746737b87,068beb0a-7e3b-48f5-b1f8-9473dfc5e2d2,T-017-01,main,fail,True
b8bb85c7-e468-42ff-ad70-e10746737b87,068beb0a-7e3b-48f5-b1f8-9473dfc5e2d2,T-017-02,main,blocked,True
b8bb85c7-e468-42ff-ad70-e10746737b87,068beb0a-7e3b-48f5-b1f8-9473dfc5e2d2,T-018-01,main,pass,True
b8bb85c7-e468-42ff-ad70-e10746737b87,068beb0a-7e3b-48f5-b1f8-9473dfc5e2d2,T-018-02,main,pass,True
b8bb85c7-e468-42ff-ad70-e10746737b87,068beb0a-7e3b-48f5-b1f8-9473dfc5e2d2,T-018-03,main,pass,True
b8bb85c7-e468-42ff-ad70-e10746737b87,068beb0a-7e3b-48f5-b1f8-9473dfc5e2d2,T-019-01,main,fail,True
b8bb85c7-e468-42ff-ad70-e10746737b87,068beb0a-7e3b-48f5-b1f8-9473dfc5e2d2,T-019-02,main,pass,True
b8bb85c7-e468-42ff-ad70-e10746737b87,068beb0a-7e3b-48f5-b1f8-9473dfc5e2d2,T-019-03,main,pass,True
b8bb85c7-e468-42ff-ad70-e10746737b87,068beb0a-7e3b-48f5-b1f8-9473dfc5e2d2,T-020-01,main,pass,True
b8bb85c7-e468-42ff-ad70-e10746737b87,068beb0a-7e3b-48f5-b1f8-9473dfc5e2d2,T-020-02,main,pass,True
b8bb85c7-e468-42ff-ad70-e10746737b87,068beb0a-7e3b-48f5-b1f8-9473dfc5e2d2,T-020-03,main,pass,True
b8bb85c7-e468-42ff-ad70-e10746737b87,068beb0a-7e3b-48f5-b1f8-9473dfc5e2d2,T-020-04,main,fail,True
ba9b31f3-7a29-4fad-ac2d-bba3bac61a0f,91823a4d-a62e-4ada-a118-ff735a53ecdd,T-001-01,main,pass,True
ba9b31f3-7a29-4fad-ac2d-bba3bac61a0f,91823a4d-a62e-4ada-a118-ff735a53ecdd,T-001-02,main,pass,True
ba9b31f3-7a29-4fad-ac2d-bba3bac61a0f,91823a4d-a62e-4ada-a118-ff735a53ecdd,T-001-03,main,pass,True
ba9b31f3-7a29-4fad-ac2d-bba3bac61a0f,91823a4d-a62e-4ada-a118-ff735a53ecdd,T-001-04,main,pass,True
ba9b31f3-7a29-4fad-ac2d-bba3bac61a0f,91823a4d-a62e-4ada-a118-ff735a53ecdd,T-002-01,main,pass,True
ba9b31f3-7a29-4fad-ac2d-bba3bac61a0f,91823a4d-a62e-4ada-a118-ff735a53ecdd,T-002-02,main,pass,True
ba9b31f3-7a29-4fad-ac2d-bba3bac61a0f,91823a4d-a62e-4ada-a118-ff735a53ecdd,T-002-03,main,pass,True
ba9b31f3-7a29-4fad-ac2d-bba3bac61a0f,91823a4d-a62e-4ada-a118-ff735a53ecdd,T-002-04,main,pass,True
ba9b31f3-7a29-4fad-ac2d-bba3bac61a0f,91823a4d-a62e-4ada-a118-ff735a53ecdd,T-003-01,main,pass,True
ba9b31f3-7a29-4fad-ac2d-bba3bac61a0f,91823a4d-a62e-4ada-a118-ff735a53ecdd,T-003-02,main,fail,True
ba9b31f3-7a29-4fad-ac2d-bba3bac61a0f,91823a4d-a62e-4ada-a118-ff735a53ecdd,T-004-01,main,fail,True
ba9b31f3-7a29-4fad-ac2d-bba3bac61a0f,91823a4d-a62e-4ada-a118-ff735a53ecdd,T-004-02,main,pass,True
ba9b31f3-7a29-4fad-ac2d-bba3bac61a0f,91823a4d-a62e-4ada-a118-ff735a53ecdd,T-004-03,main,fail,True
ba9b31f3-7a29-4fad-ac2d-bba3bac61a0f,91823a4d-a62e-4ada-a118-ff735a53ecdd,T-005-01,main,pass,True
ba9b31f3-7a29-4fad-ac2d-bba3bac61a0f,91823a4d-a62e-4ada-a118-ff735a53ecdd,T-005-02,main,pass,True
ba9b31f3-7a29-4fad-ac2d-bba3bac61a0f,91823a4d-a62e-4ada-a118-ff735a53ecdd,T-006-01,main,pass,True
ba9b31f3-7a29-4fad-ac2d-bba3bac61a0f,91823a4d-a62e-4ada-a118-ff735a53ecdd,T-006-02,main,fail,True
ba9b31f3-7a29-4fad-ac2d-bba3bac61a0f,91823a4d-a62e-4ada-a118-ff735a53ecdd,T-006-03,main,pass,True
ba9b31f3-7a29-4fad-ac2d-bba3bac61a0f,91823a4d-a62e-4ada-a118-ff735a53ecdd,T-006-04,main,pass,True
ba9b31f3-7a29-4fad-ac2d-bba3bac61a0f,91823a4d-a62e-4ada-a118-ff735a53ecdd,T-006-05,lower,pass,True
ba9b31f3-7a29-4fad-ac2d-bba3bac61a0f,91823a4d-a62e-4ada-a118-ff735a53ecdd,T-006-05,upper,pass,True
ba9b31f3-7a29-4fad-ac2d-bba3bac61a0f,91823a4d-a62e-4ada-a118-ff735a53ecdd,T-006-06,main,pass,True
ba9b31f3-7a29-4fad-ac2d-bba3bac61a0f,91823a4d-a62e-4ada-a118-ff735a53ecdd,T-007-01,main,blocked,True
ba9b31f3-7a29-4fad-ac2d-bba3bac61a0f,91823a4d-a62e-4ada-a118-ff735a53ecdd,T-007-02,main,blocked,True
ba9b31f3-7a29-4fad-ac2d-bba3bac61a0f,91823a4d-a62e-4ada-a118-ff735a53ecdd,T-007-03,main,blocked,True
ba9b31f3-7a29-4fad-ac2d-bba3bac61a0f,91823a4d-a62e-4ada-a118-ff735a53ecdd,T-008-01,main,blocked,True
ba9b31f3-7a29-4fad-ac2d-bba3bac61a0f,91823a4d-a62e-4ada-a118-ff735a53ecdd,T-008-02,main,blocked,True
ba9b31f3-7a29-4fad-ac2d-bba3bac61a0f,91823a4d-a62e-4ada-a118-ff735a53ecdd,T-008-03,main,pass,True
ba9b31f3-7a29-4fad-ac2d-bba3bac61a0f,91823a4d-a62e-4ada-a118-ff735a53ecdd,T-008-04,main,pass,True
ba9b31f3-7a29-4fad-ac2d-bba3bac61a0f,91823a4d-a62e-4ada-a118-ff735a53ecdd,T-009-01,main,pass,True
ba9b31f3-7a29-4fad-ac2d-bba3bac61a0f,91823a4d-a62e-4ada-a118-ff735a53ecdd,T-009-02,main,pass,True
ba9b31f3-7a29-4fad-ac2d-bba3bac61a0f,91823a4d-a62e-4ada-a118-ff735a53ecdd,T-010-01,main,pass,True
ba9b31f3-7a29-4fad-ac2d-bba3bac61a0f,91823a4d-a62e-4ada-a118-ff735a53ecdd,T-010-02,main,pass,True
ba9b31f3-7a29-4fad-ac2d-bba3bac61a0f,91823a4d-a62e-4ada-a118-ff735a53ecdd,T-010-03,main,pass,True
ba9b31f3-7a29-4fad-ac2d-bba3bac61a0f,91823a4d-a62e-4ada-a118-ff735a53ecdd,T-011-01,main,pass,True
ba9b31f3-7a29-4fad-ac2d-bba3bac61a0f,91823a4d-a62e-4ada-a118-ff735a53ecdd,T-011-02,main,pass,True
ba9b31f3-7a29-4fad-ac2d-bba3bac61a0f,91823a4d-a62e-4ada-a118-ff735a53ecdd,T-012-01,main,fail,True
ba9b31f3-7a29-4fad-ac2d-bba3bac61a0f,91823a4d-a62e-4ada-a118-ff735a53ecdd,T-012-02,main,pass,True
ba9b31f3-7a29-4fad-ac2d-bba3bac61a0f,91823a4d-a62e-4ada-a118-ff735a53ecdd,T-013-01,main,fail,True
ba9b31f3-7a29-4fad-ac2d-bba3bac61a0f,91823a4d-a62e-4ada-a118-ff735a53ecdd,T-013-02,main,pass,True
ba9b31f3-7a29-4fad-ac2d-bba3bac61a0f,91823a4d-a62e-4ada-a118-ff735a53ecdd,T-014-01,main,fail,True
ba9b31f3-7a29-4fad-ac2d-bba3bac61a0f,91823a4d-a62e-4ada-a118-ff735a53ecdd,T-014-02,main,pass,True
ba9b31f3-7a29-4fad-ac2d-bba3bac61a0f,91823a4d-a62e-4ada-a118-ff735a53ecdd,T-015-01,main,fail,True
ba9b31f3-7a29-4fad-ac2d-bba3bac61a0f,91823a4d-a62e-4ada-a118-ff735a53ecdd,T-016-01,main,blocked,True
ba9b31f3-7a29-4fad-ac2d-bba3bac61a0f,91823a4d-a62e-4ada-a118-ff735a53ecdd,T-016-02,main,blocked,True
ba9b31f3-7a29-4fad-ac2d-bba3bac61a0f,91823a4d-a62e-4ada-a118-ff735a53ecdd,T-016-03,main,pass,True
ba9b31f3-7a29-4fad-ac2d-bba3bac61a0f,91823a4d-a62e-4ada-a118-ff735a53ecdd,T-017-01,main,blocked,True
ba9b31f3-7a29-4fad-ac2d-bba3bac61a0f,91823a4d-a62e-4ada-a118-ff735a53ecdd,T-017-02,main,blocked,True
ba9b31f3-7a29-4fad-ac2d-bba3bac61a0f,91823a4d-a62e-4ada-a118-ff735a53ecdd,T-018-01,main,pass,True
ba9b31f3-7a29-4fad-ac2d-bba3bac61a0f,91823a4d-a62e-4ada-a118-ff735a53ecdd,T-018-02,main,pass,True
ba9b31f3-7a29-4fad-ac2d-bba3bac61a0f,91823a4d-a62e-4ada-a118-ff735a53ecdd,T-018-03,main,pass,True
ba9b31f3-7a29-4fad-ac2d-bba3bac61a0f,91823a4d-a62e-4ada-a118-ff735a53ecdd,T-019-01,main,fail,True
ba9b31f3-7a29-4fad-ac2d-bba3bac61a0f,91823a4d-a62e-4ada-a118-ff735a53ecdd,T-019-02,main,pass,True
ba9b31f3-7a29-4fad-ac2d-bba3bac61a0f,91823a4d-a62e-4ada-a118-ff735a53ecdd,T-019-03,main,pass,True
ba9b31f3-7a29-4fad-ac2d-bba3bac61a0f,91823a4d-a62e-4ada-a118-ff735a53ecdd,T-020-01,main,pass,True
ba9b31f3-7a29-4fad-ac2d-bba3bac61a0f,91823a4d-a62e-4ada-a118-ff735a53ecdd,T-020-02,main,pass,True
ba9b31f3-7a29-4fad-ac2d-bba3bac61a0f,91823a4d-a62e-4ada-a118-ff735a53ecdd,T-020-03,main,pass,True
ba9b31f3-7a29-4fad-ac2d-bba3bac61a0f,91823a4d-a62e-4ada-a118-ff735a53ecdd,T-020-04,main,pass,True
bf51ba90-dc2c-4f70-85da-a9de5642d0a4,41898b27-30df-4236-9760-baec6f699927,T-001-01,main,pass,True
bf51ba90-dc2c-4f70-85da-a9de5642d0a4,41898b27-30df-4236-9760-baec6f699927,T-001-02,main,pass,True
bf51ba90-dc2c-4f70-85da-a9de5642d0a4,41898b27-30df-4236-9760-baec6f699927,T-001-03,main,pass,True
bf51ba90-dc2c-4f70-85da-a9de5642d0a4,41898b27-30df-4236-9760-baec6f699927,T-001-04,main,pass,True
bf51ba90-dc2c-4f70-85da-a9de5642d0a4,41898b27-30df-4236-9760-baec6f699927,T-002-01,main,fail,True
bf51ba90-dc2c-4f70-85da-a9de5642d0a4,41898b27-30df-4236-9760-baec6f699927,T-002-02,main,fail,True
bf51ba90-dc2c-4f70-85da-a9de5642d0a4,41898b27-30df-4236-9760-baec6f699927,T-002-03,main,pass,True
bf51ba90-dc2c-4f70-85da-a9de5642d0a4,41898b27-30df-4236-9760-baec6f699927,T-002-04,main,pass,True
bf51ba90-dc2c-4f70-85da-a9de5642d0a4,41898b27-30df-4236-9760-baec6f699927,T-003-01,main,fail,True
bf51ba90-dc2c-4f70-85da-a9de5642d0a4,41898b27-30df-4236-9760-baec6f699927,T-003-02,main,fail,True
bf51ba90-dc2c-4f70-85da-a9de5642d0a4,41898b27-30df-4236-9760-baec6f699927,T-004-01,main,pass,True
bf51ba90-dc2c-4f70-85da-a9de5642d0a4,41898b27-30df-4236-9760-baec6f699927,T-004-02,main,pass,True
bf51ba90-dc2c-4f70-85da-a9de5642d0a4,41898b27-30df-4236-9760-baec6f699927,T-004-03,main,fail,True
bf51ba90-dc2c-4f70-85da-a9de5642d0a4,41898b27-30df-4236-9760-baec6f699927,T-005-01,main,pass,True
bf51ba90-dc2c-4f70-85da-a9de5642d0a4,41898b27-30df-4236-9760-baec6f699927,T-005-02,main,fail,True
bf51ba90-dc2c-4f70-85da-a9de5642d0a4,41898b27-30df-4236-9760-baec6f699927,T-006-01,main,pass,True
bf51ba90-dc2c-4f70-85da-a9de5642d0a4,41898b27-30df-4236-9760-baec6f699927,T-006-02,main,pass,True
bf51ba90-dc2c-4f70-85da-a9de5642d0a4,41898b27-30df-4236-9760-baec6f699927,T-006-03,main,pass,True
bf51ba90-dc2c-4f70-85da-a9de5642d0a4,41898b27-30df-4236-9760-baec6f699927,T-006-04,main,pass,True
bf51ba90-dc2c-4f70-85da-a9de5642d0a4,41898b27-30df-4236-9760-baec6f699927,T-006-05,lower,pass,True
bf51ba90-dc2c-4f70-85da-a9de5642d0a4,41898b27-30df-4236-9760-baec6f699927,T-006-05,upper,pass,True
bf51ba90-dc2c-4f70-85da-a9de5642d0a4,41898b27-30df-4236-9760-baec6f699927,T-006-06,main,pass,True
bf51ba90-dc2c-4f70-85da-a9de5642d0a4,41898b27-30df-4236-9760-baec6f699927,T-007-01,main,blocked,True
bf51ba90-dc2c-4f70-85da-a9de5642d0a4,41898b27-30df-4236-9760-baec6f699927,T-007-02,main,pass,True
bf51ba90-dc2c-4f70-85da-a9de5642d0a4,41898b27-30df-4236-9760-baec6f699927,T-007-03,main,blocked,True
bf51ba90-dc2c-4f70-85da-a9de5642d0a4,41898b27-30df-4236-9760-baec6f699927,T-008-01,main,blocked,True
bf51ba90-dc2c-4f70-85da-a9de5642d0a4,41898b27-30df-4236-9760-baec6f699927,T-008-02,main,blocked,True
bf51ba90-dc2c-4f70-85da-a9de5642d0a4,41898b27-30df-4236-9760-baec6f699927,T-008-03,main,pass,True
bf51ba90-dc2c-4f70-85da-a9de5642d0a4,41898b27-30df-4236-9760-baec6f699927,T-008-04,main,pass,True
bf51ba90-dc2c-4f70-85da-a9de5642d0a4,41898b27-30df-4236-9760-baec6f699927,T-009-01,main,fail,True
bf51ba90-dc2c-4f70-85da-a9de5642d0a4,41898b27-30df-4236-9760-baec6f699927,T-009-02,main,pass,True
bf51ba90-dc2c-4f70-85da-a9de5642d0a4,41898b27-30df-4236-9760-baec6f699927,T-010-01,main,fail,True
bf51ba90-dc2c-4f70-85da-a9de5642d0a4,41898b27-30df-4236-9760-baec6f699927,T-010-02,main,pass,True
bf51ba90-dc2c-4f70-85da-a9de5642d0a4,41898b27-30df-4236-9760-baec6f699927,T-010-03,main,pass,True
bf51ba90-dc2c-4f70-85da-a9de5642d0a4,41898b27-30df-4236-9760-baec6f699927,T-011-01,main,pass,True
bf51ba90-dc2c-4f70-85da-a9de5642d0a4,41898b27-30df-4236-9760-baec6f699927,T-011-02,main,pass,True
bf51ba90-dc2c-4f70-85da-a9de5642d0a4,41898b27-30df-4236-9760-baec6f699927,T-012-01,main,fail,True
bf51ba90-dc2c-4f70-85da-a9de5642d0a4,41898b27-30df-4236-9760-baec6f699927,T-012-02,main,pass,True
bf51ba90-dc2c-4f70-85da-a9de5642d0a4,41898b27-30df-4236-9760-baec6f699927,T-013-01,main,fail,True
bf51ba90-dc2c-4f70-85da-a9de5642d0a4,41898b27-30df-4236-9760-baec6f699927,T-013-02,main,pass,True
bf51ba90-dc2c-4f70-85da-a9de5642d0a4,41898b27-30df-4236-9760-baec6f699927,T-014-01,main,fail,True
bf51ba90-dc2c-4f70-85da-a9de5642d0a4,41898b27-30df-4236-9760-baec6f699927,T-014-02,main,pass,True
bf51ba90-dc2c-4f70-85da-a9de5642d0a4,41898b27-30df-4236-9760-baec6f699927,T-015-01,main,fail,True
bf51ba90-dc2c-4f70-85da-a9de5642d0a4,41898b27-30df-4236-9760-baec6f699927,T-016-01,main,blocked,True
bf51ba90-dc2c-4f70-85da-a9de5642d0a4,41898b27-30df-4236-9760-baec6f699927,T-016-02,main,blocked,True
bf51ba90-dc2c-4f70-85da-a9de5642d0a4,41898b27-30df-4236-9760-baec6f699927,T-016-03,main,pass,True
bf51ba90-dc2c-4f70-85da-a9de5642d0a4,41898b27-30df-4236-9760-baec6f699927,T-017-01,main,fail,True
bf51ba90-dc2c-4f70-85da-a9de5642d0a4,41898b27-30df-4236-9760-baec6f699927,T-017-02,main,blocked,True
bf51ba90-dc2c-4f70-85da-a9de5642d0a4,41898b27-30df-4236-9760-baec6f699927,T-018-01,main,pass,True
bf51ba90-dc2c-4f70-85da-a9de5642d0a4,41898b27-30df-4236-9760-baec6f699927,T-018-02,main,pass,True
bf51ba90-dc2c-4f70-85da-a9de5642d0a4,41898b27-30df-4236-9760-baec6f699927,T-018-03,main,pass,True
bf51ba90-dc2c-4f70-85da-a9de5642d0a4,41898b27-30df-4236-9760-baec6f699927,T-019-01,main,pass,True
bf51ba90-dc2c-4f70-85da-a9de5642d0a4,41898b27-30df-4236-9760-baec6f699927,T-019-02,main,pass,True
bf51ba90-dc2c-4f70-85da-a9de5642d0a4,41898b27-30df-4236-9760-baec6f699927,T-019-03,main,pass,True
bf51ba90-dc2c-4f70-85da-a9de5642d0a4,41898b27-30df-4236-9760-baec6f699927,T-020-01,main,pass,True
bf51ba90-dc2c-4f70-85da-a9de5642d0a4,41898b27-30df-4236-9760-baec6f699927,T-020-02,main,pass,True
bf51ba90-dc2c-4f70-85da-a9de5642d0a4,41898b27-30df-4236-9760-baec6f699927,T-020-03,main,pass,True
bf51ba90-dc2c-4f70-85da-a9de5642d0a4,41898b27-30df-4236-9760-baec6f699927,T-020-04,main,pass,True
c276743a-2030-42c6-a0b7-e8c787f6f37b,fc01be25-cb2b-41a1-be35-df8fb6e80021,T-001-01,main,pass,True
c276743a-2030-42c6-a0b7-e8c787f6f37b,fc01be25-cb2b-41a1-be35-df8fb6e80021,T-001-02,main,pass,True
c276743a-2030-42c6-a0b7-e8c787f6f37b,fc01be25-cb2b-41a1-be35-df8fb6e80021,T-001-03,main,pass,True
c276743a-2030-42c6-a0b7-e8c787f6f37b,fc01be25-cb2b-41a1-be35-df8fb6e80021,T-001-04,main,pass,True
c276743a-2030-42c6-a0b7-e8c787f6f37b,fc01be25-cb2b-41a1-be35-df8fb6e80021,T-002-01,main,pass,True
c276743a-2030-42c6-a0b7-e8c787f6f37b,fc01be25-cb2b-41a1-be35-df8fb6e80021,T-002-02,main,fail,True
c276743a-2030-42c6-a0b7-e8c787f6f37b,fc01be25-cb2b-41a1-be35-df8fb6e80021,T-002-03,main,pass,True
c276743a-2030-42c6-a0b7-e8c787f6f37b,fc01be25-cb2b-41a1-be35-df8fb6e80021,T-002-04,main,pass,True
c276743a-2030-42c6-a0b7-e8c787f6f37b,fc01be25-cb2b-41a1-be35-df8fb6e80021,T-003-01,main,fail,True
c276743a-2030-42c6-a0b7-e8c787f6f37b,fc01be25-cb2b-41a1-be35-df8fb6e80021,T-003-02,main,fail,True
c276743a-2030-42c6-a0b7-e8c787f6f37b,fc01be25-cb2b-41a1-be35-df8fb6e80021,T-004-01,main,fail,True
c276743a-2030-42c6-a0b7-e8c787f6f37b,fc01be25-cb2b-41a1-be35-df8fb6e80021,T-004-02,main,fail,True
c276743a-2030-42c6-a0b7-e8c787f6f37b,fc01be25-cb2b-41a1-be35-df8fb6e80021,T-004-03,main,fail,True
c276743a-2030-42c6-a0b7-e8c787f6f37b,fc01be25-cb2b-41a1-be35-df8fb6e80021,T-005-01,main,fail,True
c276743a-2030-42c6-a0b7-e8c787f6f37b,fc01be25-cb2b-41a1-be35-df8fb6e80021,T-005-02,main,fail,True
c276743a-2030-42c6-a0b7-e8c787f6f37b,fc01be25-cb2b-41a1-be35-df8fb6e80021,T-006-01,main,fail,True
c276743a-2030-42c6-a0b7-e8c787f6f37b,fc01be25-cb2b-41a1-be35-df8fb6e80021,T-006-02,main,fail,True
c276743a-2030-42c6-a0b7-e8c787f6f37b,fc01be25-cb2b-41a1-be35-df8fb6e80021,T-006-03,main,fail,True
c276743a-2030-42c6-a0b7-e8c787f6f37b,fc01be25-cb2b-41a1-be35-df8fb6e80021,T-006-04,main,fail,True
c276743a-2030-42c6-a0b7-e8c787f6f37b,fc01be25-cb2b-41a1-be35-df8fb6e80021,T-006-05,lower,fail,True
c276743a-2030-42c6-a0b7-e8c787f6f37b,fc01be25-cb2b-41a1-be35-df8fb6e80021,T-006-05,upper,fail,True
c276743a-2030-42c6-a0b7-e8c787f6f37b,fc01be25-cb2b-41a1-be35-df8fb6e80021,T-006-06,main,fail,True
c276743a-2030-42c6-a0b7-e8c787f6f37b,fc01be25-cb2b-41a1-be35-df8fb6e80021,T-007-01,main,blocked,True
c276743a-2030-42c6-a0b7-e8c787f6f37b,fc01be25-cb2b-41a1-be35-df8fb6e80021,T-007-02,main,blocked,True
c276743a-2030-42c6-a0b7-e8c787f6f37b,fc01be25-cb2b-41a1-be35-df8fb6e80021,T-007-03,main,blocked,True
c276743a-2030-42c6-a0b7-e8c787f6f37b,fc01be25-cb2b-41a1-be35-df8fb6e80021,T-008-01,main,blocked,True
c276743a-2030-42c6-a0b7-e8c787f6f37b,fc01be25-cb2b-41a1-be35-df8fb6e80021,T-008-02,main,blocked,True
c276743a-2030-42c6-a0b7-e8c787f6f37b,fc01be25-cb2b-41a1-be35-df8fb6e80021,T-008-03,main,fail,True
c276743a-2030-42c6-a0b7-e8c787f6f37b,fc01be25-cb2b-41a1-be35-df8fb6e80021,T-008-04,main,fail,True
c276743a-2030-42c6-a0b7-e8c787f6f37b,fc01be25-cb2b-41a1-be35-df8fb6e80021,T-009-01,main,fail,True
c276743a-2030-42c6-a0b7-e8c787f6f37b,fc01be25-cb2b-41a1-be35-df8fb6e80021,T-009-02,main,fail,True
c276743a-2030-42c6-a0b7-e8c787f6f37b,fc01be25-cb2b-41a1-be35-df8fb6e80021,T-010-01,main,fail,True
c276743a-2030-42c6-a0b7-e8c787f6f37b,fc01be25-cb2b-41a1-be35-df8fb6e80021,T-010-02,main,fail,True
c276743a-2030-42c6-a0b7-e8c787f6f37b,fc01be25-cb2b-41a1-be35-df8fb6e80021,T-010-03,main,fail,True
c276743a-2030-42c6-a0b7-e8c787f6f37b,fc01be25-cb2b-41a1-be35-df8fb6e80021,T-011-01,main,fail,True
c276743a-2030-42c6-a0b7-e8c787f6f37b,fc01be25-cb2b-41a1-be35-df8fb6e80021,T-011-02,main,fail,True
c276743a-2030-42c6-a0b7-e8c787f6f37b,fc01be25-cb2b-41a1-be35-df8fb6e80021,T-012-01,main,fail,True
c276743a-2030-42c6-a0b7-e8c787f6f37b,fc01be25-cb2b-41a1-be35-df8fb6e80021,T-012-02,main,fail,True
c276743a-2030-42c6-a0b7-e8c787f6f37b,fc01be25-cb2b-41a1-be35-df8fb6e80021,T-013-01,main,fail,True
c276743a-2030-42c6-a0b7-e8c787f6f37b,fc01be25-cb2b-41a1-be35-df8fb6e80021,T-013-02,main,fail,True
c276743a-2030-42c6-a0b7-e8c787f6f37b,fc01be25-cb2b-41a1-be35-df8fb6e80021,T-014-01,main,fail,True
c276743a-2030-42c6-a0b7-e8c787f6f37b,fc01be25-cb2b-41a1-be35-df8fb6e80021,T-014-02,main,fail,True
c276743a-2030-42c6-a0b7-e8c787f6f37b,fc01be25-cb2b-41a1-be35-df8fb6e80021,T-015-01,main,fail,True
c276743a-2030-42c6-a0b7-e8c787f6f37b,fc01be25-cb2b-41a1-be35-df8fb6e80021,T-016-01,main,blocked,True
c276743a-2030-42c6-a0b7-e8c787f6f37b,fc01be25-cb2b-41a1-be35-df8fb6e80021,T-016-02,main,blocked,True
c276743a-2030-42c6-a0b7-e8c787f6f37b,fc01be25-cb2b-41a1-be35-df8fb6e80021,T-016-03,main,blocked,True
c276743a-2030-42c6-a0b7-e8c787f6f37b,fc01be25-cb2b-41a1-be35-df8fb6e80021,T-017-01,main,fail,True
c276743a-2030-42c6-a0b7-e8c787f6f37b,fc01be25-cb2b-41a1-be35-df8fb6e80021,T-017-02,main,blocked,True
c276743a-2030-42c6-a0b7-e8c787f6f37b,fc01be25-cb2b-41a1-be35-df8fb6e80021,T-018-01,main,pass,True
c276743a-2030-42c6-a0b7-e8c787f6f37b,fc01be25-cb2b-41a1-be35-df8fb6e80021,T-018-02,main,pass,True
c276743a-2030-42c6-a0b7-e8c787f6f37b,fc01be25-cb2b-41a1-be35-df8fb6e80021,T-018-03,main,pass,True
c276743a-2030-42c6-a0b7-e8c787f6f37b,fc01be25-cb2b-41a1-be35-df8fb6e80021,T-019-01,main,pass,True
c276743a-2030-42c6-a0b7-e8c787f6f37b,fc01be25-cb2b-41a1-be35-df8fb6e80021,T-019-02,main,pass,True
c276743a-2030-42c6-a0b7-e8c787f6f37b,fc01be25-cb2b-41a1-be35-df8fb6e80021,T-019-03,main,pass,True
c276743a-2030-42c6-a0b7-e8c787f6f37b,fc01be25-cb2b-41a1-be35-df8fb6e80021,T-020-01,main,fail,True
c276743a-2030-42c6-a0b7-e8c787f6f37b,fc01be25-cb2b-41a1-be35-df8fb6e80021,T-020-02,main,pass,True
c276743a-2030-42c6-a0b7-e8c787f6f37b,fc01be25-cb2b-41a1-be35-df8fb6e80021,T-020-03,main,fail,True
c276743a-2030-42c6-a0b7-e8c787f6f37b,fc01be25-cb2b-41a1-be35-df8fb6e80021,T-020-04,main,fail,True
ca85fc9b-7678-41f4-88bb-257f702ea65b,4e5e0eb8-b678-4bc8-83dc-4319454b682f,T-001-01,main,pass,True
ca85fc9b-7678-41f4-88bb-257f702ea65b,4e5e0eb8-b678-4bc8-83dc-4319454b682f,T-001-02,main,pass,True
ca85fc9b-7678-41f4-88bb-257f702ea65b,4e5e0eb8-b678-4bc8-83dc-4319454b682f,T-001-03,main,pass,True
ca85fc9b-7678-41f4-88bb-257f702ea65b,4e5e0eb8-b678-4bc8-83dc-4319454b682f,T-001-04,main,pass,True
ca85fc9b-7678-41f4-88bb-257f702ea65b,4e5e0eb8-b678-4bc8-83dc-4319454b682f,T-002-01,main,pass,True
ca85fc9b-7678-41f4-88bb-257f702ea65b,4e5e0eb8-b678-4bc8-83dc-4319454b682f,T-002-02,main,fail,True
ca85fc9b-7678-41f4-88bb-257f702ea65b,4e5e0eb8-b678-4bc8-83dc-4319454b682f,T-002-03,main,pass,True
ca85fc9b-7678-41f4-88bb-257f702ea65b,4e5e0eb8-b678-4bc8-83dc-4319454b682f,T-002-04,main,pass,True
ca85fc9b-7678-41f4-88bb-257f702ea65b,4e5e0eb8-b678-4bc8-83dc-4319454b682f,T-003-01,main,pass,True
ca85fc9b-7678-41f4-88bb-257f702ea65b,4e5e0eb8-b678-4bc8-83dc-4319454b682f,T-003-02,main,fail,True
ca85fc9b-7678-41f4-88bb-257f702ea65b,4e5e0eb8-b678-4bc8-83dc-4319454b682f,T-004-01,main,pass,True
ca85fc9b-7678-41f4-88bb-257f702ea65b,4e5e0eb8-b678-4bc8-83dc-4319454b682f,T-004-02,main,pass,True
ca85fc9b-7678-41f4-88bb-257f702ea65b,4e5e0eb8-b678-4bc8-83dc-4319454b682f,T-004-03,main,fail,True
ca85fc9b-7678-41f4-88bb-257f702ea65b,4e5e0eb8-b678-4bc8-83dc-4319454b682f,T-005-01,main,pass,True
ca85fc9b-7678-41f4-88bb-257f702ea65b,4e5e0eb8-b678-4bc8-83dc-4319454b682f,T-005-02,main,pass,True
ca85fc9b-7678-41f4-88bb-257f702ea65b,4e5e0eb8-b678-4bc8-83dc-4319454b682f,T-006-01,main,fail,True
ca85fc9b-7678-41f4-88bb-257f702ea65b,4e5e0eb8-b678-4bc8-83dc-4319454b682f,T-006-02,main,pass,True
ca85fc9b-7678-41f4-88bb-257f702ea65b,4e5e0eb8-b678-4bc8-83dc-4319454b682f,T-006-03,main,fail,True
ca85fc9b-7678-41f4-88bb-257f702ea65b,4e5e0eb8-b678-4bc8-83dc-4319454b682f,T-006-04,main,pass,True
ca85fc9b-7678-41f4-88bb-257f702ea65b,4e5e0eb8-b678-4bc8-83dc-4319454b682f,T-006-05,lower,fail,True
ca85fc9b-7678-41f4-88bb-257f702ea65b,4e5e0eb8-b678-4bc8-83dc-4319454b682f,T-006-05,upper,pass,True
ca85fc9b-7678-41f4-88bb-257f702ea65b,4e5e0eb8-b678-4bc8-83dc-4319454b682f,T-006-06,main,pass,True
ca85fc9b-7678-41f4-88bb-257f702ea65b,4e5e0eb8-b678-4bc8-83dc-4319454b682f,T-007-01,main,blocked,True
ca85fc9b-7678-41f4-88bb-257f702ea65b,4e5e0eb8-b678-4bc8-83dc-4319454b682f,T-007-02,main,pass,True
ca85fc9b-7678-41f4-88bb-257f702ea65b,4e5e0eb8-b678-4bc8-83dc-4319454b682f,T-007-03,main,blocked,True
ca85fc9b-7678-41f4-88bb-257f702ea65b,4e5e0eb8-b678-4bc8-83dc-4319454b682f,T-008-01,main,blocked,True
ca85fc9b-7678-41f4-88bb-257f702ea65b,4e5e0eb8-b678-4bc8-83dc-4319454b682f,T-008-02,main,pass,True
ca85fc9b-7678-41f4-88bb-257f702ea65b,4e5e0eb8-b678-4bc8-83dc-4319454b682f,T-008-03,main,pass,True
ca85fc9b-7678-41f4-88bb-257f702ea65b,4e5e0eb8-b678-4bc8-83dc-4319454b682f,T-008-04,main,pass,True
ca85fc9b-7678-41f4-88bb-257f702ea65b,4e5e0eb8-b678-4bc8-83dc-4319454b682f,T-009-01,main,pass,True
ca85fc9b-7678-41f4-88bb-257f702ea65b,4e5e0eb8-b678-4bc8-83dc-4319454b682f,T-009-02,main,pass,True
ca85fc9b-7678-41f4-88bb-257f702ea65b,4e5e0eb8-b678-4bc8-83dc-4319454b682f,T-010-01,main,fail,True
ca85fc9b-7678-41f4-88bb-257f702ea65b,4e5e0eb8-b678-4bc8-83dc-4319454b682f,T-010-02,main,pass,True
ca85fc9b-7678-41f4-88bb-257f702ea65b,4e5e0eb8-b678-4bc8-83dc-4319454b682f,T-010-03,main,pass,True
ca85fc9b-7678-41f4-88bb-257f702ea65b,4e5e0eb8-b678-4bc8-83dc-4319454b682f,T-011-01,main,fail,True
ca85fc9b-7678-41f4-88bb-257f702ea65b,4e5e0eb8-b678-4bc8-83dc-4319454b682f,T-011-02,main,fail,True
ca85fc9b-7678-41f4-88bb-257f702ea65b,4e5e0eb8-b678-4bc8-83dc-4319454b682f,T-012-01,main,fail,True
ca85fc9b-7678-41f4-88bb-257f702ea65b,4e5e0eb8-b678-4bc8-83dc-4319454b682f,T-012-02,main,fail,True
ca85fc9b-7678-41f4-88bb-257f702ea65b,4e5e0eb8-b678-4bc8-83dc-4319454b682f,T-013-01,main,fail,True
ca85fc9b-7678-41f4-88bb-257f702ea65b,4e5e0eb8-b678-4bc8-83dc-4319454b682f,T-013-02,main,fail,True
ca85fc9b-7678-41f4-88bb-257f702ea65b,4e5e0eb8-b678-4bc8-83dc-4319454b682f,T-014-01,main,fail,True
ca85fc9b-7678-41f4-88bb-257f702ea65b,4e5e0eb8-b678-4bc8-83dc-4319454b682f,T-014-02,main,fail,True
ca85fc9b-7678-41f4-88bb-257f702ea65b,4e5e0eb8-b678-4bc8-83dc-4319454b682f,T-015-01,main,fail,True
ca85fc9b-7678-41f4-88bb-257f702ea65b,4e5e0eb8-b678-4bc8-83dc-4319454b682f,T-016-01,main,fail,True
ca85fc9b-7678-41f4-88bb-257f702ea65b,4e5e0eb8-b678-4bc8-83dc-4319454b682f,T-016-02,main,pass,True
ca85fc9b-7678-41f4-88bb-257f702ea65b,4e5e0eb8-b678-4bc8-83dc-4319454b682f,T-016-03,main,pass,True
ca85fc9b-7678-41f4-88bb-257f702ea65b,4e5e0eb8-b678-4bc8-83dc-4319454b682f,T-017-01,main,pass,True
ca85fc9b-7678-41f4-88bb-257f702ea65b,4e5e0eb8-b678-4bc8-83dc-4319454b682f,T-017-02,main,blocked,True
ca85fc9b-7678-41f4-88bb-257f702ea65b,4e5e0eb8-b678-4bc8-83dc-4319454b682f,T-018-01,main,pass,True
ca85fc9b-7678-41f4-88bb-257f702ea65b,4e5e0eb8-b678-4bc8-83dc-4319454b682f,T-018-02,main,pass,True
ca85fc9b-7678-41f4-88bb-257f702ea65b,4e5e0eb8-b678-4bc8-83dc-4319454b682f,T-018-03,main,fail,True
ca85fc9b-7678-41f4-88bb-257f702ea65b,4e5e0eb8-b678-4bc8-83dc-4319454b682f,T-019-01,main,fail,True
ca85fc9b-7678-41f4-88bb-257f702ea65b,4e5e0eb8-b678-4bc8-83dc-4319454b682f,T-019-02,main,pass,True
ca85fc9b-7678-41f4-88bb-257f702ea65b,4e5e0eb8-b678-4bc8-83dc-4319454b682f,T-019-03,main,pass,True
ca85fc9b-7678-41f4-88bb-257f702ea65b,4e5e0eb8-b678-4bc8-83dc-4319454b682f,T-020-01,main,pass,True
ca85fc9b-7678-41f4-88bb-257f702ea65b,4e5e0eb8-b678-4bc8-83dc-4319454b682f,T-020-02,main,pass,True
ca85fc9b-7678-41f4-88bb-257f702ea65b,4e5e0eb8-b678-4bc8-83dc-4319454b682f,T-020-03,main,pass,True
ca85fc9b-7678-41f4-88bb-257f702ea65b,4e5e0eb8-b678-4bc8-83dc-4319454b682f,T-020-04,main,fail,True
cb52fec6-4294-41ad-8a10-e507d4995f0d,aadb2544-5ffc-478a-96e7-ebbd4d5b82f9,T-001-01,main,pass,True
cb52fec6-4294-41ad-8a10-e507d4995f0d,aadb2544-5ffc-478a-96e7-ebbd4d5b82f9,T-001-02,main,pass,True
cb52fec6-4294-41ad-8a10-e507d4995f0d,aadb2544-5ffc-478a-96e7-ebbd4d5b82f9,T-001-03,main,pass,True
cb52fec6-4294-41ad-8a10-e507d4995f0d,aadb2544-5ffc-478a-96e7-ebbd4d5b82f9,T-001-04,main,pass,True
cb52fec6-4294-41ad-8a10-e507d4995f0d,aadb2544-5ffc-478a-96e7-ebbd4d5b82f9,T-002-01,main,pass,True
cb52fec6-4294-41ad-8a10-e507d4995f0d,aadb2544-5ffc-478a-96e7-ebbd4d5b82f9,T-002-02,main,fail,True
cb52fec6-4294-41ad-8a10-e507d4995f0d,aadb2544-5ffc-478a-96e7-ebbd4d5b82f9,T-002-03,main,pass,True
cb52fec6-4294-41ad-8a10-e507d4995f0d,aadb2544-5ffc-478a-96e7-ebbd4d5b82f9,T-002-04,main,pass,True
cb52fec6-4294-41ad-8a10-e507d4995f0d,aadb2544-5ffc-478a-96e7-ebbd4d5b82f9,T-003-01,main,pass,True
cb52fec6-4294-41ad-8a10-e507d4995f0d,aadb2544-5ffc-478a-96e7-ebbd4d5b82f9,T-003-02,main,fail,True
cb52fec6-4294-41ad-8a10-e507d4995f0d,aadb2544-5ffc-478a-96e7-ebbd4d5b82f9,T-004-01,main,pass,True
cb52fec6-4294-41ad-8a10-e507d4995f0d,aadb2544-5ffc-478a-96e7-ebbd4d5b82f9,T-004-02,main,fail,True
cb52fec6-4294-41ad-8a10-e507d4995f0d,aadb2544-5ffc-478a-96e7-ebbd4d5b82f9,T-004-03,main,fail,True
cb52fec6-4294-41ad-8a10-e507d4995f0d,aadb2544-5ffc-478a-96e7-ebbd4d5b82f9,T-005-01,main,pass,True
cb52fec6-4294-41ad-8a10-e507d4995f0d,aadb2544-5ffc-478a-96e7-ebbd4d5b82f9,T-005-02,main,pass,True
cb52fec6-4294-41ad-8a10-e507d4995f0d,aadb2544-5ffc-478a-96e7-ebbd4d5b82f9,T-006-01,main,blocked,True
cb52fec6-4294-41ad-8a10-e507d4995f0d,aadb2544-5ffc-478a-96e7-ebbd4d5b82f9,T-006-02,main,blocked,True
cb52fec6-4294-41ad-8a10-e507d4995f0d,aadb2544-5ffc-478a-96e7-ebbd4d5b82f9,T-006-03,main,blocked,True
cb52fec6-4294-41ad-8a10-e507d4995f0d,aadb2544-5ffc-478a-96e7-ebbd4d5b82f9,T-006-04,main,blocked,True
cb52fec6-4294-41ad-8a10-e507d4995f0d,aadb2544-5ffc-478a-96e7-ebbd4d5b82f9,T-006-05,lower,blocked,True
cb52fec6-4294-41ad-8a10-e507d4995f0d,aadb2544-5ffc-478a-96e7-ebbd4d5b82f9,T-006-05,upper,blocked,True
cb52fec6-4294-41ad-8a10-e507d4995f0d,aadb2544-5ffc-478a-96e7-ebbd4d5b82f9,T-006-06,main,pass,True
cb52fec6-4294-41ad-8a10-e507d4995f0d,aadb2544-5ffc-478a-96e7-ebbd4d5b82f9,T-007-01,main,blocked,True
cb52fec6-4294-41ad-8a10-e507d4995f0d,aadb2544-5ffc-478a-96e7-ebbd4d5b82f9,T-007-02,main,blocked,True
cb52fec6-4294-41ad-8a10-e507d4995f0d,aadb2544-5ffc-478a-96e7-ebbd4d5b82f9,T-007-03,main,blocked,True
cb52fec6-4294-41ad-8a10-e507d4995f0d,aadb2544-5ffc-478a-96e7-ebbd4d5b82f9,T-008-01,main,blocked,True
cb52fec6-4294-41ad-8a10-e507d4995f0d,aadb2544-5ffc-478a-96e7-ebbd4d5b82f9,T-008-02,main,blocked,True
cb52fec6-4294-41ad-8a10-e507d4995f0d,aadb2544-5ffc-478a-96e7-ebbd4d5b82f9,T-008-03,main,pass,True
cb52fec6-4294-41ad-8a10-e507d4995f0d,aadb2544-5ffc-478a-96e7-ebbd4d5b82f9,T-008-04,main,pass,True
cb52fec6-4294-41ad-8a10-e507d4995f0d,aadb2544-5ffc-478a-96e7-ebbd4d5b82f9,T-009-01,main,blocked,True
cb52fec6-4294-41ad-8a10-e507d4995f0d,aadb2544-5ffc-478a-96e7-ebbd4d5b82f9,T-009-02,main,blocked,True
cb52fec6-4294-41ad-8a10-e507d4995f0d,aadb2544-5ffc-478a-96e7-ebbd4d5b82f9,T-010-01,main,blocked,True
cb52fec6-4294-41ad-8a10-e507d4995f0d,aadb2544-5ffc-478a-96e7-ebbd4d5b82f9,T-010-02,main,blocked,True
cb52fec6-4294-41ad-8a10-e507d4995f0d,aadb2544-5ffc-478a-96e7-ebbd4d5b82f9,T-010-03,main,blocked,True
cb52fec6-4294-41ad-8a10-e507d4995f0d,aadb2544-5ffc-478a-96e7-ebbd4d5b82f9,T-011-01,main,blocked,True
cb52fec6-4294-41ad-8a10-e507d4995f0d,aadb2544-5ffc-478a-96e7-ebbd4d5b82f9,T-011-02,main,blocked,True
cb52fec6-4294-41ad-8a10-e507d4995f0d,aadb2544-5ffc-478a-96e7-ebbd4d5b82f9,T-012-01,main,blocked,True
cb52fec6-4294-41ad-8a10-e507d4995f0d,aadb2544-5ffc-478a-96e7-ebbd4d5b82f9,T-012-02,main,blocked,True
cb52fec6-4294-41ad-8a10-e507d4995f0d,aadb2544-5ffc-478a-96e7-ebbd4d5b82f9,T-013-01,main,blocked,True
cb52fec6-4294-41ad-8a10-e507d4995f0d,aadb2544-5ffc-478a-96e7-ebbd4d5b82f9,T-013-02,main,blocked,True
cb52fec6-4294-41ad-8a10-e507d4995f0d,aadb2544-5ffc-478a-96e7-ebbd4d5b82f9,T-014-01,main,blocked,True
cb52fec6-4294-41ad-8a10-e507d4995f0d,aadb2544-5ffc-478a-96e7-ebbd4d5b82f9,T-014-02,main,blocked,True
cb52fec6-4294-41ad-8a10-e507d4995f0d,aadb2544-5ffc-478a-96e7-ebbd4d5b82f9,T-015-01,main,blocked,True
cb52fec6-4294-41ad-8a10-e507d4995f0d,aadb2544-5ffc-478a-96e7-ebbd4d5b82f9,T-016-01,main,blocked,True
cb52fec6-4294-41ad-8a10-e507d4995f0d,aadb2544-5ffc-478a-96e7-ebbd4d5b82f9,T-016-02,main,blocked,True
cb52fec6-4294-41ad-8a10-e507d4995f0d,aadb2544-5ffc-478a-96e7-ebbd4d5b82f9,T-016-03,main,pass,True
cb52fec6-4294-41ad-8a10-e507d4995f0d,aadb2544-5ffc-478a-96e7-ebbd4d5b82f9,T-017-01,main,blocked,True
cb52fec6-4294-41ad-8a10-e507d4995f0d,aadb2544-5ffc-478a-96e7-ebbd4d5b82f9,T-017-02,main,blocked,True
cb52fec6-4294-41ad-8a10-e507d4995f0d,aadb2544-5ffc-478a-96e7-ebbd4d5b82f9,T-018-01,main,pass,True
cb52fec6-4294-41ad-8a10-e507d4995f0d,aadb2544-5ffc-478a-96e7-ebbd4d5b82f9,T-018-02,main,pass,True
cb52fec6-4294-41ad-8a10-e507d4995f0d,aadb2544-5ffc-478a-96e7-ebbd4d5b82f9,T-018-03,main,pass,True
cb52fec6-4294-41ad-8a10-e507d4995f0d,aadb2544-5ffc-478a-96e7-ebbd4d5b82f9,T-019-01,main,pass,True
cb52fec6-4294-41ad-8a10-e507d4995f0d,aadb2544-5ffc-478a-96e7-ebbd4d5b82f9,T-019-02,main,pass,True
cb52fec6-4294-41ad-8a10-e507d4995f0d,aadb2544-5ffc-478a-96e7-ebbd4d5b82f9,T-019-03,main,pass,True
cb52fec6-4294-41ad-8a10-e507d4995f0d,aadb2544-5ffc-478a-96e7-ebbd4d5b82f9,T-020-01,main,pass,True
cb52fec6-4294-41ad-8a10-e507d4995f0d,aadb2544-5ffc-478a-96e7-ebbd4d5b82f9,T-020-02,main,pass,True
cb52fec6-4294-41ad-8a10-e507d4995f0d,aadb2544-5ffc-478a-96e7-ebbd4d5b82f9,T-020-03,main,pass,True
cb52fec6-4294-41ad-8a10-e507d4995f0d,aadb2544-5ffc-478a-96e7-ebbd4d5b82f9,T-020-04,main,pass,True
cbbb10c7-8f02-4692-8214-a371b9bcc307,8d7d2d3c-68eb-4552-8cc3-dbd3c8d777f5,T-001-01,main,pass,True
cbbb10c7-8f02-4692-8214-a371b9bcc307,8d7d2d3c-68eb-4552-8cc3-dbd3c8d777f5,T-001-02,main,pass,True
cbbb10c7-8f02-4692-8214-a371b9bcc307,8d7d2d3c-68eb-4552-8cc3-dbd3c8d777f5,T-001-03,main,pass,True
cbbb10c7-8f02-4692-8214-a371b9bcc307,8d7d2d3c-68eb-4552-8cc3-dbd3c8d777f5,T-001-04,main,pass,True
cbbb10c7-8f02-4692-8214-a371b9bcc307,8d7d2d3c-68eb-4552-8cc3-dbd3c8d777f5,T-002-01,main,pass,True
cbbb10c7-8f02-4692-8214-a371b9bcc307,8d7d2d3c-68eb-4552-8cc3-dbd3c8d777f5,T-002-02,main,fail,True
cbbb10c7-8f02-4692-8214-a371b9bcc307,8d7d2d3c-68eb-4552-8cc3-dbd3c8d777f5,T-002-03,main,pass,True
cbbb10c7-8f02-4692-8214-a371b9bcc307,8d7d2d3c-68eb-4552-8cc3-dbd3c8d777f5,T-002-04,main,pass,True
cbbb10c7-8f02-4692-8214-a371b9bcc307,8d7d2d3c-68eb-4552-8cc3-dbd3c8d777f5,T-003-01,main,fail,True
cbbb10c7-8f02-4692-8214-a371b9bcc307,8d7d2d3c-68eb-4552-8cc3-dbd3c8d777f5,T-003-02,main,fail,True
cbbb10c7-8f02-4692-8214-a371b9bcc307,8d7d2d3c-68eb-4552-8cc3-dbd3c8d777f5,T-004-01,main,fail,True
cbbb10c7-8f02-4692-8214-a371b9bcc307,8d7d2d3c-68eb-4552-8cc3-dbd3c8d777f5,T-004-02,main,fail,True
cbbb10c7-8f02-4692-8214-a371b9bcc307,8d7d2d3c-68eb-4552-8cc3-dbd3c8d777f5,T-004-03,main,fail,True
cbbb10c7-8f02-4692-8214-a371b9bcc307,8d7d2d3c-68eb-4552-8cc3-dbd3c8d777f5,T-005-01,main,fail,True
cbbb10c7-8f02-4692-8214-a371b9bcc307,8d7d2d3c-68eb-4552-8cc3-dbd3c8d777f5,T-005-02,main,fail,True
cbbb10c7-8f02-4692-8214-a371b9bcc307,8d7d2d3c-68eb-4552-8cc3-dbd3c8d777f5,T-006-01,main,fail,True
cbbb10c7-8f02-4692-8214-a371b9bcc307,8d7d2d3c-68eb-4552-8cc3-dbd3c8d777f5,T-006-02,main,fail,True
cbbb10c7-8f02-4692-8214-a371b9bcc307,8d7d2d3c-68eb-4552-8cc3-dbd3c8d777f5,T-006-03,main,fail,True
cbbb10c7-8f02-4692-8214-a371b9bcc307,8d7d2d3c-68eb-4552-8cc3-dbd3c8d777f5,T-006-04,main,fail,True
cbbb10c7-8f02-4692-8214-a371b9bcc307,8d7d2d3c-68eb-4552-8cc3-dbd3c8d777f5,T-006-05,lower,fail,True
cbbb10c7-8f02-4692-8214-a371b9bcc307,8d7d2d3c-68eb-4552-8cc3-dbd3c8d777f5,T-006-05,upper,fail,True
cbbb10c7-8f02-4692-8214-a371b9bcc307,8d7d2d3c-68eb-4552-8cc3-dbd3c8d777f5,T-006-06,main,fail,True
cbbb10c7-8f02-4692-8214-a371b9bcc307,8d7d2d3c-68eb-4552-8cc3-dbd3c8d777f5,T-007-01,main,blocked,True
cbbb10c7-8f02-4692-8214-a371b9bcc307,8d7d2d3c-68eb-4552-8cc3-dbd3c8d777f5,T-007-02,main,blocked,True
cbbb10c7-8f02-4692-8214-a371b9bcc307,8d7d2d3c-68eb-4552-8cc3-dbd3c8d777f5,T-007-03,main,blocked,True
cbbb10c7-8f02-4692-8214-a371b9bcc307,8d7d2d3c-68eb-4552-8cc3-dbd3c8d777f5,T-008-01,main,blocked,True
cbbb10c7-8f02-4692-8214-a371b9bcc307,8d7d2d3c-68eb-4552-8cc3-dbd3c8d777f5,T-008-02,main,blocked,True
cbbb10c7-8f02-4692-8214-a371b9bcc307,8d7d2d3c-68eb-4552-8cc3-dbd3c8d777f5,T-008-03,main,pass,True
cbbb10c7-8f02-4692-8214-a371b9bcc307,8d7d2d3c-68eb-4552-8cc3-dbd3c8d777f5,T-008-04,main,pass,True
cbbb10c7-8f02-4692-8214-a371b9bcc307,8d7d2d3c-68eb-4552-8cc3-dbd3c8d777f5,T-009-01,main,fail,True
cbbb10c7-8f02-4692-8214-a371b9bcc307,8d7d2d3c-68eb-4552-8cc3-dbd3c8d777f5,T-009-02,main,fail,True
cbbb10c7-8f02-4692-8214-a371b9bcc307,8d7d2d3c-68eb-4552-8cc3-dbd3c8d777f5,T-010-01,main,fail,True
cbbb10c7-8f02-4692-8214-a371b9bcc307,8d7d2d3c-68eb-4552-8cc3-dbd3c8d777f5,T-010-02,main,fail,True
cbbb10c7-8f02-4692-8214-a371b9bcc307,8d7d2d3c-68eb-4552-8cc3-dbd3c8d777f5,T-010-03,main,fail,True
cbbb10c7-8f02-4692-8214-a371b9bcc307,8d7d2d3c-68eb-4552-8cc3-dbd3c8d777f5,T-011-01,main,fail,True
cbbb10c7-8f02-4692-8214-a371b9bcc307,8d7d2d3c-68eb-4552-8cc3-dbd3c8d777f5,T-011-02,main,fail,True
cbbb10c7-8f02-4692-8214-a371b9bcc307,8d7d2d3c-68eb-4552-8cc3-dbd3c8d777f5,T-012-01,main,fail,True
cbbb10c7-8f02-4692-8214-a371b9bcc307,8d7d2d3c-68eb-4552-8cc3-dbd3c8d777f5,T-012-02,main,fail,True
cbbb10c7-8f02-4692-8214-a371b9bcc307,8d7d2d3c-68eb-4552-8cc3-dbd3c8d777f5,T-013-01,main,fail,True
cbbb10c7-8f02-4692-8214-a371b9bcc307,8d7d2d3c-68eb-4552-8cc3-dbd3c8d777f5,T-013-02,main,fail,True
cbbb10c7-8f02-4692-8214-a371b9bcc307,8d7d2d3c-68eb-4552-8cc3-dbd3c8d777f5,T-014-01,main,fail,True
cbbb10c7-8f02-4692-8214-a371b9bcc307,8d7d2d3c-68eb-4552-8cc3-dbd3c8d777f5,T-014-02,main,fail,True
cbbb10c7-8f02-4692-8214-a371b9bcc307,8d7d2d3c-68eb-4552-8cc3-dbd3c8d777f5,T-015-01,main,fail,True
cbbb10c7-8f02-4692-8214-a371b9bcc307,8d7d2d3c-68eb-4552-8cc3-dbd3c8d777f5,T-016-01,main,blocked,True
cbbb10c7-8f02-4692-8214-a371b9bcc307,8d7d2d3c-68eb-4552-8cc3-dbd3c8d777f5,T-016-02,main,blocked,True
cbbb10c7-8f02-4692-8214-a371b9bcc307,8d7d2d3c-68eb-4552-8cc3-dbd3c8d777f5,T-016-03,main,pass,True
cbbb10c7-8f02-4692-8214-a371b9bcc307,8d7d2d3c-68eb-4552-8cc3-dbd3c8d777f5,T-017-01,main,fail,True
cbbb10c7-8f02-4692-8214-a371b9bcc307,8d7d2d3c-68eb-4552-8cc3-dbd3c8d777f5,T-017-02,main,blocked,True
cbbb10c7-8f02-4692-8214-a371b9bcc307,8d7d2d3c-68eb-4552-8cc3-dbd3c8d777f5,T-018-01,main,pass,True
cbbb10c7-8f02-4692-8214-a371b9bcc307,8d7d2d3c-68eb-4552-8cc3-dbd3c8d777f5,T-018-02,main,pass,True
cbbb10c7-8f02-4692-8214-a371b9bcc307,8d7d2d3c-68eb-4552-8cc3-dbd3c8d777f5,T-018-03,main,pass,True
cbbb10c7-8f02-4692-8214-a371b9bcc307,8d7d2d3c-68eb-4552-8cc3-dbd3c8d777f5,T-019-01,main,pass,True
cbbb10c7-8f02-4692-8214-a371b9bcc307,8d7d2d3c-68eb-4552-8cc3-dbd3c8d777f5,T-019-02,main,pass,True
cbbb10c7-8f02-4692-8214-a371b9bcc307,8d7d2d3c-68eb-4552-8cc3-dbd3c8d777f5,T-019-03,main,pass,True
cbbb10c7-8f02-4692-8214-a371b9bcc307,8d7d2d3c-68eb-4552-8cc3-dbd3c8d777f5,T-020-01,main,fail,True
cbbb10c7-8f02-4692-8214-a371b9bcc307,8d7d2d3c-68eb-4552-8cc3-dbd3c8d777f5,T-020-02,main,pass,True
cbbb10c7-8f02-4692-8214-a371b9bcc307,8d7d2d3c-68eb-4552-8cc3-dbd3c8d777f5,T-020-03,main,fail,True
cbbb10c7-8f02-4692-8214-a371b9bcc307,8d7d2d3c-68eb-4552-8cc3-dbd3c8d777f5,T-020-04,main,fail,True
cc1ad56e-0db0-4187-8d1d-9e89552abe92,3e8a42fa-6424-4ab4-89e1-582efd444fb2,T-001-01,main,pass,True
cc1ad56e-0db0-4187-8d1d-9e89552abe92,3e8a42fa-6424-4ab4-89e1-582efd444fb2,T-001-02,main,pass,True
cc1ad56e-0db0-4187-8d1d-9e89552abe92,3e8a42fa-6424-4ab4-89e1-582efd444fb2,T-001-03,main,pass,True
cc1ad56e-0db0-4187-8d1d-9e89552abe92,3e8a42fa-6424-4ab4-89e1-582efd444fb2,T-001-04,main,pass,True
cc1ad56e-0db0-4187-8d1d-9e89552abe92,3e8a42fa-6424-4ab4-89e1-582efd444fb2,T-002-01,main,pass,True
cc1ad56e-0db0-4187-8d1d-9e89552abe92,3e8a42fa-6424-4ab4-89e1-582efd444fb2,T-002-02,main,fail,True
cc1ad56e-0db0-4187-8d1d-9e89552abe92,3e8a42fa-6424-4ab4-89e1-582efd444fb2,T-002-03,main,pass,True
cc1ad56e-0db0-4187-8d1d-9e89552abe92,3e8a42fa-6424-4ab4-89e1-582efd444fb2,T-002-04,main,pass,True
cc1ad56e-0db0-4187-8d1d-9e89552abe92,3e8a42fa-6424-4ab4-89e1-582efd444fb2,T-003-01,main,pass,True
cc1ad56e-0db0-4187-8d1d-9e89552abe92,3e8a42fa-6424-4ab4-89e1-582efd444fb2,T-003-02,main,pass,True
cc1ad56e-0db0-4187-8d1d-9e89552abe92,3e8a42fa-6424-4ab4-89e1-582efd444fb2,T-004-01,main,pass,True
cc1ad56e-0db0-4187-8d1d-9e89552abe92,3e8a42fa-6424-4ab4-89e1-582efd444fb2,T-004-02,main,pass,True
cc1ad56e-0db0-4187-8d1d-9e89552abe92,3e8a42fa-6424-4ab4-89e1-582efd444fb2,T-004-03,main,fail,True
cc1ad56e-0db0-4187-8d1d-9e89552abe92,3e8a42fa-6424-4ab4-89e1-582efd444fb2,T-005-01,main,pass,True
cc1ad56e-0db0-4187-8d1d-9e89552abe92,3e8a42fa-6424-4ab4-89e1-582efd444fb2,T-005-02,main,fail,True
cc1ad56e-0db0-4187-8d1d-9e89552abe92,3e8a42fa-6424-4ab4-89e1-582efd444fb2,T-006-01,main,pass,True
cc1ad56e-0db0-4187-8d1d-9e89552abe92,3e8a42fa-6424-4ab4-89e1-582efd444fb2,T-006-02,main,pass,True
cc1ad56e-0db0-4187-8d1d-9e89552abe92,3e8a42fa-6424-4ab4-89e1-582efd444fb2,T-006-03,main,pass,True
cc1ad56e-0db0-4187-8d1d-9e89552abe92,3e8a42fa-6424-4ab4-89e1-582efd444fb2,T-006-04,main,pass,True
cc1ad56e-0db0-4187-8d1d-9e89552abe92,3e8a42fa-6424-4ab4-89e1-582efd444fb2,T-006-05,lower,pass,True
cc1ad56e-0db0-4187-8d1d-9e89552abe92,3e8a42fa-6424-4ab4-89e1-582efd444fb2,T-006-05,upper,pass,True
cc1ad56e-0db0-4187-8d1d-9e89552abe92,3e8a42fa-6424-4ab4-89e1-582efd444fb2,T-006-06,main,pass,True
cc1ad56e-0db0-4187-8d1d-9e89552abe92,3e8a42fa-6424-4ab4-89e1-582efd444fb2,T-007-01,main,blocked,True
cc1ad56e-0db0-4187-8d1d-9e89552abe92,3e8a42fa-6424-4ab4-89e1-582efd444fb2,T-007-02,main,pass,True
cc1ad56e-0db0-4187-8d1d-9e89552abe92,3e8a42fa-6424-4ab4-89e1-582efd444fb2,T-007-03,main,blocked,True
cc1ad56e-0db0-4187-8d1d-9e89552abe92,3e8a42fa-6424-4ab4-89e1-582efd444fb2,T-008-01,main,blocked,True
cc1ad56e-0db0-4187-8d1d-9e89552abe92,3e8a42fa-6424-4ab4-89e1-582efd444fb2,T-008-02,main,blocked,True
cc1ad56e-0db0-4187-8d1d-9e89552abe92,3e8a42fa-6424-4ab4-89e1-582efd444fb2,T-008-03,main,pass,True
cc1ad56e-0db0-4187-8d1d-9e89552abe92,3e8a42fa-6424-4ab4-89e1-582efd444fb2,T-008-04,main,pass,True
cc1ad56e-0db0-4187-8d1d-9e89552abe92,3e8a42fa-6424-4ab4-89e1-582efd444fb2,T-009-01,main,pass,True
cc1ad56e-0db0-4187-8d1d-9e89552abe92,3e8a42fa-6424-4ab4-89e1-582efd444fb2,T-009-02,main,pass,True
cc1ad56e-0db0-4187-8d1d-9e89552abe92,3e8a42fa-6424-4ab4-89e1-582efd444fb2,T-010-01,main,fail,True
cc1ad56e-0db0-4187-8d1d-9e89552abe92,3e8a42fa-6424-4ab4-89e1-582efd444fb2,T-010-02,main,pass,True
cc1ad56e-0db0-4187-8d1d-9e89552abe92,3e8a42fa-6424-4ab4-89e1-582efd444fb2,T-010-03,main,pass,True
cc1ad56e-0db0-4187-8d1d-9e89552abe92,3e8a42fa-6424-4ab4-89e1-582efd444fb2,T-011-01,main,fail,True
cc1ad56e-0db0-4187-8d1d-9e89552abe92,3e8a42fa-6424-4ab4-89e1-582efd444fb2,T-011-02,main,pass,True
cc1ad56e-0db0-4187-8d1d-9e89552abe92,3e8a42fa-6424-4ab4-89e1-582efd444fb2,T-012-01,main,pass,True
cc1ad56e-0db0-4187-8d1d-9e89552abe92,3e8a42fa-6424-4ab4-89e1-582efd444fb2,T-012-02,main,pass,True
cc1ad56e-0db0-4187-8d1d-9e89552abe92,3e8a42fa-6424-4ab4-89e1-582efd444fb2,T-013-01,main,fail,True
cc1ad56e-0db0-4187-8d1d-9e89552abe92,3e8a42fa-6424-4ab4-89e1-582efd444fb2,T-013-02,main,pass,True
cc1ad56e-0db0-4187-8d1d-9e89552abe92,3e8a42fa-6424-4ab4-89e1-582efd444fb2,T-014-01,main,pass,True
cc1ad56e-0db0-4187-8d1d-9e89552abe92,3e8a42fa-6424-4ab4-89e1-582efd444fb2,T-014-02,main,pass,True
cc1ad56e-0db0-4187-8d1d-9e89552abe92,3e8a42fa-6424-4ab4-89e1-582efd444fb2,T-015-01,main,fail,True
cc1ad56e-0db0-4187-8d1d-9e89552abe92,3e8a42fa-6424-4ab4-89e1-582efd444fb2,T-016-01,main,blocked,True
cc1ad56e-0db0-4187-8d1d-9e89552abe92,3e8a42fa-6424-4ab4-89e1-582efd444fb2,T-016-02,main,blocked,True
cc1ad56e-0db0-4187-8d1d-9e89552abe92,3e8a42fa-6424-4ab4-89e1-582efd444fb2,T-016-03,main,pass,True
cc1ad56e-0db0-4187-8d1d-9e89552abe92,3e8a42fa-6424-4ab4-89e1-582efd444fb2,T-017-01,main,blocked,True
cc1ad56e-0db0-4187-8d1d-9e89552abe92,3e8a42fa-6424-4ab4-89e1-582efd444fb2,T-017-02,main,blocked,True
cc1ad56e-0db0-4187-8d1d-9e89552abe92,3e8a42fa-6424-4ab4-89e1-582efd444fb2,T-018-01,main,pass,True
cc1ad56e-0db0-4187-8d1d-9e89552abe92,3e8a42fa-6424-4ab4-89e1-582efd444fb2,T-018-02,main,pass,True
cc1ad56e-0db0-4187-8d1d-9e89552abe92,3e8a42fa-6424-4ab4-89e1-582efd444fb2,T-018-03,main,pass,True
cc1ad56e-0db0-4187-8d1d-9e89552abe92,3e8a42fa-6424-4ab4-89e1-582efd444fb2,T-019-01,main,fail,True
cc1ad56e-0db0-4187-8d1d-9e89552abe92,3e8a42fa-6424-4ab4-89e1-582efd444fb2,T-019-02,main,pass,True
cc1ad56e-0db0-4187-8d1d-9e89552abe92,3e8a42fa-6424-4ab4-89e1-582efd444fb2,T-019-03,main,pass,True
cc1ad56e-0db0-4187-8d1d-9e89552abe92,3e8a42fa-6424-4ab4-89e1-582efd444fb2,T-020-01,main,pass,True
cc1ad56e-0db0-4187-8d1d-9e89552abe92,3e8a42fa-6424-4ab4-89e1-582efd444fb2,T-020-02,main,pass,True
cc1ad56e-0db0-4187-8d1d-9e89552abe92,3e8a42fa-6424-4ab4-89e1-582efd444fb2,T-020-03,main,pass,True
cc1ad56e-0db0-4187-8d1d-9e89552abe92,3e8a42fa-6424-4ab4-89e1-582efd444fb2,T-020-04,main,fail,True
ccac6a7d-177d-46df-b4d1-a3a441da6f3a,10d79c25-2978-435f-bd7c-fb3e793c02e0,T-001-01,main,pass,True
ccac6a7d-177d-46df-b4d1-a3a441da6f3a,10d79c25-2978-435f-bd7c-fb3e793c02e0,T-001-02,main,pass,True
ccac6a7d-177d-46df-b4d1-a3a441da6f3a,10d79c25-2978-435f-bd7c-fb3e793c02e0,T-001-03,main,pass,True
ccac6a7d-177d-46df-b4d1-a3a441da6f3a,10d79c25-2978-435f-bd7c-fb3e793c02e0,T-001-04,main,pass,True
ccac6a7d-177d-46df-b4d1-a3a441da6f3a,10d79c25-2978-435f-bd7c-fb3e793c02e0,T-002-01,main,pass,True
ccac6a7d-177d-46df-b4d1-a3a441da6f3a,10d79c25-2978-435f-bd7c-fb3e793c02e0,T-002-02,main,fail,True
ccac6a7d-177d-46df-b4d1-a3a441da6f3a,10d79c25-2978-435f-bd7c-fb3e793c02e0,T-002-03,main,pass,True
ccac6a7d-177d-46df-b4d1-a3a441da6f3a,10d79c25-2978-435f-bd7c-fb3e793c02e0,T-002-04,main,pass,True
ccac6a7d-177d-46df-b4d1-a3a441da6f3a,10d79c25-2978-435f-bd7c-fb3e793c02e0,T-003-01,main,pass,True
ccac6a7d-177d-46df-b4d1-a3a441da6f3a,10d79c25-2978-435f-bd7c-fb3e793c02e0,T-003-02,main,pass,True
ccac6a7d-177d-46df-b4d1-a3a441da6f3a,10d79c25-2978-435f-bd7c-fb3e793c02e0,T-004-01,main,pass,True
ccac6a7d-177d-46df-b4d1-a3a441da6f3a,10d79c25-2978-435f-bd7c-fb3e793c02e0,T-004-02,main,pass,True
ccac6a7d-177d-46df-b4d1-a3a441da6f3a,10d79c25-2978-435f-bd7c-fb3e793c02e0,T-004-03,main,fail,True
ccac6a7d-177d-46df-b4d1-a3a441da6f3a,10d79c25-2978-435f-bd7c-fb3e793c02e0,T-005-01,main,pass,True
ccac6a7d-177d-46df-b4d1-a3a441da6f3a,10d79c25-2978-435f-bd7c-fb3e793c02e0,T-005-02,main,fail,True
ccac6a7d-177d-46df-b4d1-a3a441da6f3a,10d79c25-2978-435f-bd7c-fb3e793c02e0,T-006-01,main,fail,True
ccac6a7d-177d-46df-b4d1-a3a441da6f3a,10d79c25-2978-435f-bd7c-fb3e793c02e0,T-006-02,main,pass,True
ccac6a7d-177d-46df-b4d1-a3a441da6f3a,10d79c25-2978-435f-bd7c-fb3e793c02e0,T-006-03,main,fail,True
ccac6a7d-177d-46df-b4d1-a3a441da6f3a,10d79c25-2978-435f-bd7c-fb3e793c02e0,T-006-04,main,pass,True
ccac6a7d-177d-46df-b4d1-a3a441da6f3a,10d79c25-2978-435f-bd7c-fb3e793c02e0,T-006-05,lower,fail,True
ccac6a7d-177d-46df-b4d1-a3a441da6f3a,10d79c25-2978-435f-bd7c-fb3e793c02e0,T-006-05,upper,pass,True
ccac6a7d-177d-46df-b4d1-a3a441da6f3a,10d79c25-2978-435f-bd7c-fb3e793c02e0,T-006-06,main,pass,True
ccac6a7d-177d-46df-b4d1-a3a441da6f3a,10d79c25-2978-435f-bd7c-fb3e793c02e0,T-007-01,main,blocked,True
ccac6a7d-177d-46df-b4d1-a3a441da6f3a,10d79c25-2978-435f-bd7c-fb3e793c02e0,T-007-02,main,blocked,True
ccac6a7d-177d-46df-b4d1-a3a441da6f3a,10d79c25-2978-435f-bd7c-fb3e793c02e0,T-007-03,main,blocked,True
ccac6a7d-177d-46df-b4d1-a3a441da6f3a,10d79c25-2978-435f-bd7c-fb3e793c02e0,T-008-01,main,blocked,True
ccac6a7d-177d-46df-b4d1-a3a441da6f3a,10d79c25-2978-435f-bd7c-fb3e793c02e0,T-008-02,main,blocked,True
ccac6a7d-177d-46df-b4d1-a3a441da6f3a,10d79c25-2978-435f-bd7c-fb3e793c02e0,T-008-03,main,pass,True
ccac6a7d-177d-46df-b4d1-a3a441da6f3a,10d79c25-2978-435f-bd7c-fb3e793c02e0,T-008-04,main,pass,True
ccac6a7d-177d-46df-b4d1-a3a441da6f3a,10d79c25-2978-435f-bd7c-fb3e793c02e0,T-009-01,main,pass,True
ccac6a7d-177d-46df-b4d1-a3a441da6f3a,10d79c25-2978-435f-bd7c-fb3e793c02e0,T-009-02,main,pass,True
ccac6a7d-177d-46df-b4d1-a3a441da6f3a,10d79c25-2978-435f-bd7c-fb3e793c02e0,T-010-01,main,fail,True
ccac6a7d-177d-46df-b4d1-a3a441da6f3a,10d79c25-2978-435f-bd7c-fb3e793c02e0,T-010-02,main,pass,True
ccac6a7d-177d-46df-b4d1-a3a441da6f3a,10d79c25-2978-435f-bd7c-fb3e793c02e0,T-010-03,main,pass,True
ccac6a7d-177d-46df-b4d1-a3a441da6f3a,10d79c25-2978-435f-bd7c-fb3e793c02e0,T-011-01,main,fail,True
ccac6a7d-177d-46df-b4d1-a3a441da6f3a,10d79c25-2978-435f-bd7c-fb3e793c02e0,T-011-02,main,fail,True
ccac6a7d-177d-46df-b4d1-a3a441da6f3a,10d79c25-2978-435f-bd7c-fb3e793c02e0,T-012-01,main,fail,True
ccac6a7d-177d-46df-b4d1-a3a441da6f3a,10d79c25-2978-435f-bd7c-fb3e793c02e0,T-012-02,main,fail,True
ccac6a7d-177d-46df-b4d1-a3a441da6f3a,10d79c25-2978-435f-bd7c-fb3e793c02e0,T-013-01,main,fail,True
ccac6a7d-177d-46df-b4d1-a3a441da6f3a,10d79c25-2978-435f-bd7c-fb3e793c02e0,T-013-02,main,fail,True
ccac6a7d-177d-46df-b4d1-a3a441da6f3a,10d79c25-2978-435f-bd7c-fb3e793c02e0,T-014-01,main,fail,True
ccac6a7d-177d-46df-b4d1-a3a441da6f3a,10d79c25-2978-435f-bd7c-fb3e793c02e0,T-014-02,main,fail,True
ccac6a7d-177d-46df-b4d1-a3a441da6f3a,10d79c25-2978-435f-bd7c-fb3e793c02e0,T-015-01,main,fail,True
ccac6a7d-177d-46df-b4d1-a3a441da6f3a,10d79c25-2978-435f-bd7c-fb3e793c02e0,T-016-01,main,blocked,True
ccac6a7d-177d-46df-b4d1-a3a441da6f3a,10d79c25-2978-435f-bd7c-fb3e793c02e0,T-016-02,main,blocked,True
ccac6a7d-177d-46df-b4d1-a3a441da6f3a,10d79c25-2978-435f-bd7c-fb3e793c02e0,T-016-03,main,pass,True
ccac6a7d-177d-46df-b4d1-a3a441da6f3a,10d79c25-2978-435f-bd7c-fb3e793c02e0,T-017-01,main,fail,True
ccac6a7d-177d-46df-b4d1-a3a441da6f3a,10d79c25-2978-435f-bd7c-fb3e793c02e0,T-017-02,main,blocked,True
ccac6a7d-177d-46df-b4d1-a3a441da6f3a,10d79c25-2978-435f-bd7c-fb3e793c02e0,T-018-01,main,pass,True
ccac6a7d-177d-46df-b4d1-a3a441da6f3a,10d79c25-2978-435f-bd7c-fb3e793c02e0,T-018-02,main,pass,True
ccac6a7d-177d-46df-b4d1-a3a441da6f3a,10d79c25-2978-435f-bd7c-fb3e793c02e0,T-018-03,main,pass,True
ccac6a7d-177d-46df-b4d1-a3a441da6f3a,10d79c25-2978-435f-bd7c-fb3e793c02e0,T-019-01,main,pass,True
ccac6a7d-177d-46df-b4d1-a3a441da6f3a,10d79c25-2978-435f-bd7c-fb3e793c02e0,T-019-02,main,pass,True
ccac6a7d-177d-46df-b4d1-a3a441da6f3a,10d79c25-2978-435f-bd7c-fb3e793c02e0,T-019-03,main,pass,True
ccac6a7d-177d-46df-b4d1-a3a441da6f3a,10d79c25-2978-435f-bd7c-fb3e793c02e0,T-020-01,main,fail,True
ccac6a7d-177d-46df-b4d1-a3a441da6f3a,10d79c25-2978-435f-bd7c-fb3e793c02e0,T-020-02,main,pass,True
ccac6a7d-177d-46df-b4d1-a3a441da6f3a,10d79c25-2978-435f-bd7c-fb3e793c02e0,T-020-03,main,fail,True
ccac6a7d-177d-46df-b4d1-a3a441da6f3a,10d79c25-2978-435f-bd7c-fb3e793c02e0,T-020-04,main,pass,True
cd059f6d-258d-45e1-a395-eecbda0ac97a,cdf66cb7-0870-4384-89a0-74c4d8e896b8,T-001-01,main,fail,True
cd059f6d-258d-45e1-a395-eecbda0ac97a,cdf66cb7-0870-4384-89a0-74c4d8e896b8,T-001-02,main,fail,True
cd059f6d-258d-45e1-a395-eecbda0ac97a,cdf66cb7-0870-4384-89a0-74c4d8e896b8,T-001-03,main,pass,True
cd059f6d-258d-45e1-a395-eecbda0ac97a,cdf66cb7-0870-4384-89a0-74c4d8e896b8,T-001-04,main,pass,True
cd059f6d-258d-45e1-a395-eecbda0ac97a,cdf66cb7-0870-4384-89a0-74c4d8e896b8,T-002-01,main,blocked,True
cd059f6d-258d-45e1-a395-eecbda0ac97a,cdf66cb7-0870-4384-89a0-74c4d8e896b8,T-002-02,main,fail,True
cd059f6d-258d-45e1-a395-eecbda0ac97a,cdf66cb7-0870-4384-89a0-74c4d8e896b8,T-002-03,main,pass,True
cd059f6d-258d-45e1-a395-eecbda0ac97a,cdf66cb7-0870-4384-89a0-74c4d8e896b8,T-002-04,main,pass,True
cd059f6d-258d-45e1-a395-eecbda0ac97a,cdf66cb7-0870-4384-89a0-74c4d8e896b8,T-003-01,main,pass,True
cd059f6d-258d-45e1-a395-eecbda0ac97a,cdf66cb7-0870-4384-89a0-74c4d8e896b8,T-003-02,main,pass,True
cd059f6d-258d-45e1-a395-eecbda0ac97a,cdf66cb7-0870-4384-89a0-74c4d8e896b8,T-004-01,main,pass,True
cd059f6d-258d-45e1-a395-eecbda0ac97a,cdf66cb7-0870-4384-89a0-74c4d8e896b8,T-004-02,main,pass,True
cd059f6d-258d-45e1-a395-eecbda0ac97a,cdf66cb7-0870-4384-89a0-74c4d8e896b8,T-004-03,main,fail,True
cd059f6d-258d-45e1-a395-eecbda0ac97a,cdf66cb7-0870-4384-89a0-74c4d8e896b8,T-005-01,main,fail,True
cd059f6d-258d-45e1-a395-eecbda0ac97a,cdf66cb7-0870-4384-89a0-74c4d8e896b8,T-005-02,main,fail,True
cd059f6d-258d-45e1-a395-eecbda0ac97a,cdf66cb7-0870-4384-89a0-74c4d8e896b8,T-006-01,main,blocked,True
cd059f6d-258d-45e1-a395-eecbda0ac97a,cdf66cb7-0870-4384-89a0-74c4d8e896b8,T-006-02,main,blocked,True
cd059f6d-258d-45e1-a395-eecbda0ac97a,cdf66cb7-0870-4384-89a0-74c4d8e896b8,T-006-03,main,blocked,True
cd059f6d-258d-45e1-a395-eecbda0ac97a,cdf66cb7-0870-4384-89a0-74c4d8e896b8,T-006-04,main,blocked,True
cd059f6d-258d-45e1-a395-eecbda0ac97a,cdf66cb7-0870-4384-89a0-74c4d8e896b8,T-006-05,lower,blocked,True
cd059f6d-258d-45e1-a395-eecbda0ac97a,cdf66cb7-0870-4384-89a0-74c4d8e896b8,T-006-05,upper,blocked,True
cd059f6d-258d-45e1-a395-eecbda0ac97a,cdf66cb7-0870-4384-89a0-74c4d8e896b8,T-006-06,main,pass,True
cd059f6d-258d-45e1-a395-eecbda0ac97a,cdf66cb7-0870-4384-89a0-74c4d8e896b8,T-007-01,main,blocked,True
cd059f6d-258d-45e1-a395-eecbda0ac97a,cdf66cb7-0870-4384-89a0-74c4d8e896b8,T-007-02,main,blocked,True
cd059f6d-258d-45e1-a395-eecbda0ac97a,cdf66cb7-0870-4384-89a0-74c4d8e896b8,T-007-03,main,blocked,True
cd059f6d-258d-45e1-a395-eecbda0ac97a,cdf66cb7-0870-4384-89a0-74c4d8e896b8,T-008-01,main,blocked,True
cd059f6d-258d-45e1-a395-eecbda0ac97a,cdf66cb7-0870-4384-89a0-74c4d8e896b8,T-008-02,main,blocked,True
cd059f6d-258d-45e1-a395-eecbda0ac97a,cdf66cb7-0870-4384-89a0-74c4d8e896b8,T-008-03,main,pass,True
cd059f6d-258d-45e1-a395-eecbda0ac97a,cdf66cb7-0870-4384-89a0-74c4d8e896b8,T-008-04,main,pass,True
cd059f6d-258d-45e1-a395-eecbda0ac97a,cdf66cb7-0870-4384-89a0-74c4d8e896b8,T-009-01,main,fail,True
cd059f6d-258d-45e1-a395-eecbda0ac97a,cdf66cb7-0870-4384-89a0-74c4d8e896b8,T-009-02,main,blocked,True
cd059f6d-258d-45e1-a395-eecbda0ac97a,cdf66cb7-0870-4384-89a0-74c4d8e896b8,T-010-01,main,blocked,True
cd059f6d-258d-45e1-a395-eecbda0ac97a,cdf66cb7-0870-4384-89a0-74c4d8e896b8,T-010-02,main,blocked,True
cd059f6d-258d-45e1-a395-eecbda0ac97a,cdf66cb7-0870-4384-89a0-74c4d8e896b8,T-010-03,main,blocked,True
cd059f6d-258d-45e1-a395-eecbda0ac97a,cdf66cb7-0870-4384-89a0-74c4d8e896b8,T-011-01,main,blocked,True
cd059f6d-258d-45e1-a395-eecbda0ac97a,cdf66cb7-0870-4384-89a0-74c4d8e896b8,T-011-02,main,blocked,True
cd059f6d-258d-45e1-a395-eecbda0ac97a,cdf66cb7-0870-4384-89a0-74c4d8e896b8,T-012-01,main,blocked,True
cd059f6d-258d-45e1-a395-eecbda0ac97a,cdf66cb7-0870-4384-89a0-74c4d8e896b8,T-012-02,main,blocked,True
cd059f6d-258d-45e1-a395-eecbda0ac97a,cdf66cb7-0870-4384-89a0-74c4d8e896b8,T-013-01,main,blocked,True
cd059f6d-258d-45e1-a395-eecbda0ac97a,cdf66cb7-0870-4384-89a0-74c4d8e896b8,T-013-02,main,blocked,True
cd059f6d-258d-45e1-a395-eecbda0ac97a,cdf66cb7-0870-4384-89a0-74c4d8e896b8,T-014-01,main,blocked,True
cd059f6d-258d-45e1-a395-eecbda0ac97a,cdf66cb7-0870-4384-89a0-74c4d8e896b8,T-014-02,main,blocked,True
cd059f6d-258d-45e1-a395-eecbda0ac97a,cdf66cb7-0870-4384-89a0-74c4d8e896b8,T-015-01,main,blocked,True
cd059f6d-258d-45e1-a395-eecbda0ac97a,cdf66cb7-0870-4384-89a0-74c4d8e896b8,T-016-01,main,blocked,True
cd059f6d-258d-45e1-a395-eecbda0ac97a,cdf66cb7-0870-4384-89a0-74c4d8e896b8,T-016-02,main,blocked,True
cd059f6d-258d-45e1-a395-eecbda0ac97a,cdf66cb7-0870-4384-89a0-74c4d8e896b8,T-016-03,main,blocked,True
cd059f6d-258d-45e1-a395-eecbda0ac97a,cdf66cb7-0870-4384-89a0-74c4d8e896b8,T-017-01,main,blocked,True
cd059f6d-258d-45e1-a395-eecbda0ac97a,cdf66cb7-0870-4384-89a0-74c4d8e896b8,T-017-02,main,blocked,True
cd059f6d-258d-45e1-a395-eecbda0ac97a,cdf66cb7-0870-4384-89a0-74c4d8e896b8,T-018-01,main,blocked,True
cd059f6d-258d-45e1-a395-eecbda0ac97a,cdf66cb7-0870-4384-89a0-74c4d8e896b8,T-018-02,main,fail,True
cd059f6d-258d-45e1-a395-eecbda0ac97a,cdf66cb7-0870-4384-89a0-74c4d8e896b8,T-018-03,main,fail,True
cd059f6d-258d-45e1-a395-eecbda0ac97a,cdf66cb7-0870-4384-89a0-74c4d8e896b8,T-019-01,main,pass,True
cd059f6d-258d-45e1-a395-eecbda0ac97a,cdf66cb7-0870-4384-89a0-74c4d8e896b8,T-019-02,main,pass,True
cd059f6d-258d-45e1-a395-eecbda0ac97a,cdf66cb7-0870-4384-89a0-74c4d8e896b8,T-019-03,main,pass,True
cd059f6d-258d-45e1-a395-eecbda0ac97a,cdf66cb7-0870-4384-89a0-74c4d8e896b8,T-020-01,main,fail,True
cd059f6d-258d-45e1-a395-eecbda0ac97a,cdf66cb7-0870-4384-89a0-74c4d8e896b8,T-020-02,main,fail,True
cd059f6d-258d-45e1-a395-eecbda0ac97a,cdf66cb7-0870-4384-89a0-74c4d8e896b8,T-020-03,main,fail,True
cd059f6d-258d-45e1-a395-eecbda0ac97a,cdf66cb7-0870-4384-89a0-74c4d8e896b8,T-020-04,main,fail,True
cdcf39ea-b857-4b0f-a3e7-75ad0395fd40,7ce03e77-4971-43c2-acf6-7e05ff651087,T-001-01,main,pass,True
cdcf39ea-b857-4b0f-a3e7-75ad0395fd40,7ce03e77-4971-43c2-acf6-7e05ff651087,T-001-02,main,pass,True
cdcf39ea-b857-4b0f-a3e7-75ad0395fd40,7ce03e77-4971-43c2-acf6-7e05ff651087,T-001-03,main,pass,True
cdcf39ea-b857-4b0f-a3e7-75ad0395fd40,7ce03e77-4971-43c2-acf6-7e05ff651087,T-001-04,main,pass,True
cdcf39ea-b857-4b0f-a3e7-75ad0395fd40,7ce03e77-4971-43c2-acf6-7e05ff651087,T-002-01,main,fail,True
cdcf39ea-b857-4b0f-a3e7-75ad0395fd40,7ce03e77-4971-43c2-acf6-7e05ff651087,T-002-02,main,fail,True
cdcf39ea-b857-4b0f-a3e7-75ad0395fd40,7ce03e77-4971-43c2-acf6-7e05ff651087,T-002-03,main,pass,True
cdcf39ea-b857-4b0f-a3e7-75ad0395fd40,7ce03e77-4971-43c2-acf6-7e05ff651087,T-002-04,main,pass,True
cdcf39ea-b857-4b0f-a3e7-75ad0395fd40,7ce03e77-4971-43c2-acf6-7e05ff651087,T-003-01,main,fail,True
cdcf39ea-b857-4b0f-a3e7-75ad0395fd40,7ce03e77-4971-43c2-acf6-7e05ff651087,T-003-02,main,fail,True
cdcf39ea-b857-4b0f-a3e7-75ad0395fd40,7ce03e77-4971-43c2-acf6-7e05ff651087,T-004-01,main,pass,True
cdcf39ea-b857-4b0f-a3e7-75ad0395fd40,7ce03e77-4971-43c2-acf6-7e05ff651087,T-004-02,main,pass,True
cdcf39ea-b857-4b0f-a3e7-75ad0395fd40,7ce03e77-4971-43c2-acf6-7e05ff651087,T-004-03,main,fail,True
cdcf39ea-b857-4b0f-a3e7-75ad0395fd40,7ce03e77-4971-43c2-acf6-7e05ff651087,T-005-01,main,pass,True
cdcf39ea-b857-4b0f-a3e7-75ad0395fd40,7ce03e77-4971-43c2-acf6-7e05ff651087,T-005-02,main,pass,True
cdcf39ea-b857-4b0f-a3e7-75ad0395fd40,7ce03e77-4971-43c2-acf6-7e05ff651087,T-006-01,main,fail,True
cdcf39ea-b857-4b0f-a3e7-75ad0395fd40,7ce03e77-4971-43c2-acf6-7e05ff651087,T-006-02,main,pass,True
cdcf39ea-b857-4b0f-a3e7-75ad0395fd40,7ce03e77-4971-43c2-acf6-7e05ff651087,T-006-03,main,fail,True
cdcf39ea-b857-4b0f-a3e7-75ad0395fd40,7ce03e77-4971-43c2-acf6-7e05ff651087,T-006-04,main,pass,True
cdcf39ea-b857-4b0f-a3e7-75ad0395fd40,7ce03e77-4971-43c2-acf6-7e05ff651087,T-006-05,lower,fail,True
cdcf39ea-b857-4b0f-a3e7-75ad0395fd40,7ce03e77-4971-43c2-acf6-7e05ff651087,T-006-05,upper,pass,True
cdcf39ea-b857-4b0f-a3e7-75ad0395fd40,7ce03e77-4971-43c2-acf6-7e05ff651087,T-006-06,main,pass,True
cdcf39ea-b857-4b0f-a3e7-75ad0395fd40,7ce03e77-4971-43c2-acf6-7e05ff651087,T-007-01,main,pass,True
cdcf39ea-b857-4b0f-a3e7-75ad0395fd40,7ce03e77-4971-43c2-acf6-7e05ff651087,T-007-02,main,pass,True
cdcf39ea-b857-4b0f-a3e7-75ad0395fd40,7ce03e77-4971-43c2-acf6-7e05ff651087,T-007-03,main,pass,True
cdcf39ea-b857-4b0f-a3e7-75ad0395fd40,7ce03e77-4971-43c2-acf6-7e05ff651087,T-008-01,main,pass,True
cdcf39ea-b857-4b0f-a3e7-75ad0395fd40,7ce03e77-4971-43c2-acf6-7e05ff651087,T-008-02,main,pass,True
cdcf39ea-b857-4b0f-a3e7-75ad0395fd40,7ce03e77-4971-43c2-acf6-7e05ff651087,T-008-03,main,pass,True
cdcf39ea-b857-4b0f-a3e7-75ad0395fd40,7ce03e77-4971-43c2-acf6-7e05ff651087,T-008-04,main,pass,True
cdcf39ea-b857-4b0f-a3e7-75ad0395fd40,7ce03e77-4971-43c2-acf6-7e05ff651087,T-009-01,main,pass,True
cdcf39ea-b857-4b0f-a3e7-75ad0395fd40,7ce03e77-4971-43c2-acf6-7e05ff651087,T-009-02,main,pass,True
cdcf39ea-b857-4b0f-a3e7-75ad0395fd40,7ce03e77-4971-43c2-acf6-7e05ff651087,T-010-01,main,fail,True
cdcf39ea-b857-4b0f-a3e7-75ad0395fd40,7ce03e77-4971-43c2-acf6-7e05ff651087,T-010-02,main,pass,True
cdcf39ea-b857-4b0f-a3e7-75ad0395fd40,7ce03e77-4971-43c2-acf6-7e05ff651087,T-010-03,main,pass,True
cdcf39ea-b857-4b0f-a3e7-75ad0395fd40,7ce03e77-4971-43c2-acf6-7e05ff651087,T-011-01,main,fail,True
cdcf39ea-b857-4b0f-a3e7-75ad0395fd40,7ce03e77-4971-43c2-acf6-7e05ff651087,T-011-02,main,fail,True
cdcf39ea-b857-4b0f-a3e7-75ad0395fd40,7ce03e77-4971-43c2-acf6-7e05ff651087,T-012-01,main,fail,True
cdcf39ea-b857-4b0f-a3e7-75ad0395fd40,7ce03e77-4971-43c2-acf6-7e05ff651087,T-012-02,main,fail,True
cdcf39ea-b857-4b0f-a3e7-75ad0395fd40,7ce03e77-4971-43c2-acf6-7e05ff651087,T-013-01,main,fail,True
cdcf39ea-b857-4b0f-a3e7-75ad0395fd40,7ce03e77-4971-43c2-acf6-7e05ff651087,T-013-02,main,fail,True
cdcf39ea-b857-4b0f-a3e7-75ad0395fd40,7ce03e77-4971-43c2-acf6-7e05ff651087,T-014-01,main,fail,True
cdcf39ea-b857-4b0f-a3e7-75ad0395fd40,7ce03e77-4971-43c2-acf6-7e05ff651087,T-014-02,main,fail,True
cdcf39ea-b857-4b0f-a3e7-75ad0395fd40,7ce03e77-4971-43c2-acf6-7e05ff651087,T-015-01,main,fail,True
cdcf39ea-b857-4b0f-a3e7-75ad0395fd40,7ce03e77-4971-43c2-acf6-7e05ff651087,T-016-01,main,fail,True
cdcf39ea-b857-4b0f-a3e7-75ad0395fd40,7ce03e77-4971-43c2-acf6-7e05ff651087,T-016-02,main,pass,True
cdcf39ea-b857-4b0f-a3e7-75ad0395fd40,7ce03e77-4971-43c2-acf6-7e05ff651087,T-016-03,main,pass,True
cdcf39ea-b857-4b0f-a3e7-75ad0395fd40,7ce03e77-4971-43c2-acf6-7e05ff651087,T-017-01,main,fail,True
cdcf39ea-b857-4b0f-a3e7-75ad0395fd40,7ce03e77-4971-43c2-acf6-7e05ff651087,T-017-02,main,pass,True
cdcf39ea-b857-4b0f-a3e7-75ad0395fd40,7ce03e77-4971-43c2-acf6-7e05ff651087,T-018-01,main,pass,True
cdcf39ea-b857-4b0f-a3e7-75ad0395fd40,7ce03e77-4971-43c2-acf6-7e05ff651087,T-018-02,main,pass,True
cdcf39ea-b857-4b0f-a3e7-75ad0395fd40,7ce03e77-4971-43c2-acf6-7e05ff651087,T-018-03,main,pass,True
cdcf39ea-b857-4b0f-a3e7-75ad0395fd40,7ce03e77-4971-43c2-acf6-7e05ff651087,T-019-01,main,pass,True
cdcf39ea-b857-4b0f-a3e7-75ad0395fd40,7ce03e77-4971-43c2-acf6-7e05ff651087,T-019-02,main,pass,True
cdcf39ea-b857-4b0f-a3e7-75ad0395fd40,7ce03e77-4971-43c2-acf6-7e05ff651087,T-019-03,main,pass,True
cdcf39ea-b857-4b0f-a3e7-75ad0395fd40,7ce03e77-4971-43c2-acf6-7e05ff651087,T-020-01,main,pass,True
cdcf39ea-b857-4b0f-a3e7-75ad0395fd40,7ce03e77-4971-43c2-acf6-7e05ff651087,T-020-02,main,pass,True
cdcf39ea-b857-4b0f-a3e7-75ad0395fd40,7ce03e77-4971-43c2-acf6-7e05ff651087,T-020-03,main,pass,True
cdcf39ea-b857-4b0f-a3e7-75ad0395fd40,7ce03e77-4971-43c2-acf6-7e05ff651087,T-020-04,main,fail,True
cf27fbcf-5851-4bb9-8d56-b0fb385878e7,79c28b3a-4baa-4a81-a83c-a8f42da4b717,T-001-01,main,pass,True
cf27fbcf-5851-4bb9-8d56-b0fb385878e7,79c28b3a-4baa-4a81-a83c-a8f42da4b717,T-001-02,main,pass,True
cf27fbcf-5851-4bb9-8d56-b0fb385878e7,79c28b3a-4baa-4a81-a83c-a8f42da4b717,T-001-03,main,pass,True
cf27fbcf-5851-4bb9-8d56-b0fb385878e7,79c28b3a-4baa-4a81-a83c-a8f42da4b717,T-001-04,main,pass,True
cf27fbcf-5851-4bb9-8d56-b0fb385878e7,79c28b3a-4baa-4a81-a83c-a8f42da4b717,T-002-01,main,fail,True
cf27fbcf-5851-4bb9-8d56-b0fb385878e7,79c28b3a-4baa-4a81-a83c-a8f42da4b717,T-002-02,main,pass,True
cf27fbcf-5851-4bb9-8d56-b0fb385878e7,79c28b3a-4baa-4a81-a83c-a8f42da4b717,T-002-03,main,pass,True
cf27fbcf-5851-4bb9-8d56-b0fb385878e7,79c28b3a-4baa-4a81-a83c-a8f42da4b717,T-002-04,main,pass,True
cf27fbcf-5851-4bb9-8d56-b0fb385878e7,79c28b3a-4baa-4a81-a83c-a8f42da4b717,T-003-01,main,fail,True
cf27fbcf-5851-4bb9-8d56-b0fb385878e7,79c28b3a-4baa-4a81-a83c-a8f42da4b717,T-003-02,main,fail,True
cf27fbcf-5851-4bb9-8d56-b0fb385878e7,79c28b3a-4baa-4a81-a83c-a8f42da4b717,T-004-01,main,fail,True
cf27fbcf-5851-4bb9-8d56-b0fb385878e7,79c28b3a-4baa-4a81-a83c-a8f42da4b717,T-004-02,main,fail,True
cf27fbcf-5851-4bb9-8d56-b0fb385878e7,79c28b3a-4baa-4a81-a83c-a8f42da4b717,T-004-03,main,fail,True
cf27fbcf-5851-4bb9-8d56-b0fb385878e7,79c28b3a-4baa-4a81-a83c-a8f42da4b717,T-005-01,main,pass,True
cf27fbcf-5851-4bb9-8d56-b0fb385878e7,79c28b3a-4baa-4a81-a83c-a8f42da4b717,T-005-02,main,pass,True
cf27fbcf-5851-4bb9-8d56-b0fb385878e7,79c28b3a-4baa-4a81-a83c-a8f42da4b717,T-006-01,main,pass,True
cf27fbcf-5851-4bb9-8d56-b0fb385878e7,79c28b3a-4baa-4a81-a83c-a8f42da4b717,T-006-02,main,pass,True
cf27fbcf-5851-4bb9-8d56-b0fb385878e7,79c28b3a-4baa-4a81-a83c-a8f42da4b717,T-006-03,main,pass,True
cf27fbcf-5851-4bb9-8d56-b0fb385878e7,79c28b3a-4baa-4a81-a83c-a8f42da4b717,T-006-04,main,pass,True
cf27fbcf-5851-4bb9-8d56-b0fb385878e7,79c28b3a-4baa-4a81-a83c-a8f42da4b717,T-006-05,lower,pass,True
cf27fbcf-5851-4bb9-8d56-b0fb385878e7,79c28b3a-4baa-4a81-a83c-a8f42da4b717,T-006-05,upper,pass,True
cf27fbcf-5851-4bb9-8d56-b0fb385878e7,79c28b3a-4baa-4a81-a83c-a8f42da4b717,T-006-06,main,pass,True
cf27fbcf-5851-4bb9-8d56-b0fb385878e7,79c28b3a-4baa-4a81-a83c-a8f42da4b717,T-007-01,main,pass,True
cf27fbcf-5851-4bb9-8d56-b0fb385878e7,79c28b3a-4baa-4a81-a83c-a8f42da4b717,T-007-02,main,pass,True
cf27fbcf-5851-4bb9-8d56-b0fb385878e7,79c28b3a-4baa-4a81-a83c-a8f42da4b717,T-007-03,main,pass,True
cf27fbcf-5851-4bb9-8d56-b0fb385878e7,79c28b3a-4baa-4a81-a83c-a8f42da4b717,T-008-01,main,pass,True
cf27fbcf-5851-4bb9-8d56-b0fb385878e7,79c28b3a-4baa-4a81-a83c-a8f42da4b717,T-008-02,main,pass,True
cf27fbcf-5851-4bb9-8d56-b0fb385878e7,79c28b3a-4baa-4a81-a83c-a8f42da4b717,T-008-03,main,pass,True
cf27fbcf-5851-4bb9-8d56-b0fb385878e7,79c28b3a-4baa-4a81-a83c-a8f42da4b717,T-008-04,main,pass,True
cf27fbcf-5851-4bb9-8d56-b0fb385878e7,79c28b3a-4baa-4a81-a83c-a8f42da4b717,T-009-01,main,fail,True
cf27fbcf-5851-4bb9-8d56-b0fb385878e7,79c28b3a-4baa-4a81-a83c-a8f42da4b717,T-009-02,main,pass,True
cf27fbcf-5851-4bb9-8d56-b0fb385878e7,79c28b3a-4baa-4a81-a83c-a8f42da4b717,T-010-01,main,fail,True
cf27fbcf-5851-4bb9-8d56-b0fb385878e7,79c28b3a-4baa-4a81-a83c-a8f42da4b717,T-010-02,main,pass,True
cf27fbcf-5851-4bb9-8d56-b0fb385878e7,79c28b3a-4baa-4a81-a83c-a8f42da4b717,T-010-03,main,pass,True
cf27fbcf-5851-4bb9-8d56-b0fb385878e7,79c28b3a-4baa-4a81-a83c-a8f42da4b717,T-011-01,main,fail,True
cf27fbcf-5851-4bb9-8d56-b0fb385878e7,79c28b3a-4baa-4a81-a83c-a8f42da4b717,T-011-02,main,pass,True
cf27fbcf-5851-4bb9-8d56-b0fb385878e7,79c28b3a-4baa-4a81-a83c-a8f42da4b717,T-012-01,main,pass,True
cf27fbcf-5851-4bb9-8d56-b0fb385878e7,79c28b3a-4baa-4a81-a83c-a8f42da4b717,T-012-02,main,pass,True
cf27fbcf-5851-4bb9-8d56-b0fb385878e7,79c28b3a-4baa-4a81-a83c-a8f42da4b717,T-013-01,main,fail,True
cf27fbcf-5851-4bb9-8d56-b0fb385878e7,79c28b3a-4baa-4a81-a83c-a8f42da4b717,T-013-02,main,pass,True
cf27fbcf-5851-4bb9-8d56-b0fb385878e7,79c28b3a-4baa-4a81-a83c-a8f42da4b717,T-014-01,main,pass,True
cf27fbcf-5851-4bb9-8d56-b0fb385878e7,79c28b3a-4baa-4a81-a83c-a8f42da4b717,T-014-02,main,pass,True
cf27fbcf-5851-4bb9-8d56-b0fb385878e7,79c28b3a-4baa-4a81-a83c-a8f42da4b717,T-015-01,main,fail,True
cf27fbcf-5851-4bb9-8d56-b0fb385878e7,79c28b3a-4baa-4a81-a83c-a8f42da4b717,T-016-01,main,fail,True
cf27fbcf-5851-4bb9-8d56-b0fb385878e7,79c28b3a-4baa-4a81-a83c-a8f42da4b717,T-016-02,main,pass,True
cf27fbcf-5851-4bb9-8d56-b0fb385878e7,79c28b3a-4baa-4a81-a83c-a8f42da4b717,T-016-03,main,pass,True
cf27fbcf-5851-4bb9-8d56-b0fb385878e7,79c28b3a-4baa-4a81-a83c-a8f42da4b717,T-017-01,main,fail,True
cf27fbcf-5851-4bb9-8d56-b0fb385878e7,79c28b3a-4baa-4a81-a83c-a8f42da4b717,T-017-02,main,pass,True
cf27fbcf-5851-4bb9-8d56-b0fb385878e7,79c28b3a-4baa-4a81-a83c-a8f42da4b717,T-018-01,main,pass,True
cf27fbcf-5851-4bb9-8d56-b0fb385878e7,79c28b3a-4baa-4a81-a83c-a8f42da4b717,T-018-02,main,pass,True
cf27fbcf-5851-4bb9-8d56-b0fb385878e7,79c28b3a-4baa-4a81-a83c-a8f42da4b717,T-018-03,main,pass,True
cf27fbcf-5851-4bb9-8d56-b0fb385878e7,79c28b3a-4baa-4a81-a83c-a8f42da4b717,T-019-01,main,pass,True
cf27fbcf-5851-4bb9-8d56-b0fb385878e7,79c28b3a-4baa-4a81-a83c-a8f42da4b717,T-019-02,main,pass,True
cf27fbcf-5851-4bb9-8d56-b0fb385878e7,79c28b3a-4baa-4a81-a83c-a8f42da4b717,T-019-03,main,pass,True
cf27fbcf-5851-4bb9-8d56-b0fb385878e7,79c28b3a-4baa-4a81-a83c-a8f42da4b717,T-020-01,main,fail,True
cf27fbcf-5851-4bb9-8d56-b0fb385878e7,79c28b3a-4baa-4a81-a83c-a8f42da4b717,T-020-02,main,pass,True
cf27fbcf-5851-4bb9-8d56-b0fb385878e7,79c28b3a-4baa-4a81-a83c-a8f42da4b717,T-020-03,main,fail,True
cf27fbcf-5851-4bb9-8d56-b0fb385878e7,79c28b3a-4baa-4a81-a83c-a8f42da4b717,T-020-04,main,pass,True
cf61291c-7b69-4c30-880e-0d7c8a036a2f,1041753a-9a1b-466f-941b-836393c8d49c,T-001-01,main,blocked,False
cf61291c-7b69-4c30-880e-0d7c8a036a2f,1041753a-9a1b-466f-941b-836393c8d49c,T-001-02,main,blocked,False
cf61291c-7b69-4c30-880e-0d7c8a036a2f,1041753a-9a1b-466f-941b-836393c8d49c,T-001-03,main,blocked,False
cf61291c-7b69-4c30-880e-0d7c8a036a2f,1041753a-9a1b-466f-941b-836393c8d49c,T-001-04,main,blocked,False
cf61291c-7b69-4c30-880e-0d7c8a036a2f,1041753a-9a1b-466f-941b-836393c8d49c,T-002-01,main,blocked,False
cf61291c-7b69-4c30-880e-0d7c8a036a2f,1041753a-9a1b-466f-941b-836393c8d49c,T-002-02,main,blocked,False
cf61291c-7b69-4c30-880e-0d7c8a036a2f,1041753a-9a1b-466f-941b-836393c8d49c,T-002-03,main,blocked,False
cf61291c-7b69-4c30-880e-0d7c8a036a2f,1041753a-9a1b-466f-941b-836393c8d49c,T-002-04,main,blocked,False
cf61291c-7b69-4c30-880e-0d7c8a036a2f,1041753a-9a1b-466f-941b-836393c8d49c,T-003-01,main,blocked,False
cf61291c-7b69-4c30-880e-0d7c8a036a2f,1041753a-9a1b-466f-941b-836393c8d49c,T-003-02,main,blocked,False
cf61291c-7b69-4c30-880e-0d7c8a036a2f,1041753a-9a1b-466f-941b-836393c8d49c,T-004-01,main,blocked,False
cf61291c-7b69-4c30-880e-0d7c8a036a2f,1041753a-9a1b-466f-941b-836393c8d49c,T-004-02,main,blocked,False
cf61291c-7b69-4c30-880e-0d7c8a036a2f,1041753a-9a1b-466f-941b-836393c8d49c,T-004-03,main,blocked,False
cf61291c-7b69-4c30-880e-0d7c8a036a2f,1041753a-9a1b-466f-941b-836393c8d49c,T-005-01,main,blocked,False
cf61291c-7b69-4c30-880e-0d7c8a036a2f,1041753a-9a1b-466f-941b-836393c8d49c,T-005-02,main,blocked,False
cf61291c-7b69-4c30-880e-0d7c8a036a2f,1041753a-9a1b-466f-941b-836393c8d49c,T-006-01,main,blocked,False
cf61291c-7b69-4c30-880e-0d7c8a036a2f,1041753a-9a1b-466f-941b-836393c8d49c,T-006-02,main,blocked,False
cf61291c-7b69-4c30-880e-0d7c8a036a2f,1041753a-9a1b-466f-941b-836393c8d49c,T-006-03,main,blocked,False
cf61291c-7b69-4c30-880e-0d7c8a036a2f,1041753a-9a1b-466f-941b-836393c8d49c,T-006-04,main,blocked,False
cf61291c-7b69-4c30-880e-0d7c8a036a2f,1041753a-9a1b-466f-941b-836393c8d49c,T-006-05,lower,blocked,False
cf61291c-7b69-4c30-880e-0d7c8a036a2f,1041753a-9a1b-466f-941b-836393c8d49c,T-006-05,upper,blocked,False
cf61291c-7b69-4c30-880e-0d7c8a036a2f,1041753a-9a1b-466f-941b-836393c8d49c,T-006-06,main,blocked,False
cf61291c-7b69-4c30-880e-0d7c8a036a2f,1041753a-9a1b-466f-941b-836393c8d49c,T-007-01,main,blocked,False
cf61291c-7b69-4c30-880e-0d7c8a036a2f,1041753a-9a1b-466f-941b-836393c8d49c,T-007-02,main,blocked,False
cf61291c-7b69-4c30-880e-0d7c8a036a2f,1041753a-9a1b-466f-941b-836393c8d49c,T-007-03,main,blocked,False
cf61291c-7b69-4c30-880e-0d7c8a036a2f,1041753a-9a1b-466f-941b-836393c8d49c,T-008-01,main,blocked,False
cf61291c-7b69-4c30-880e-0d7c8a036a2f,1041753a-9a1b-466f-941b-836393c8d49c,T-008-02,main,blocked,False
cf61291c-7b69-4c30-880e-0d7c8a036a2f,1041753a-9a1b-466f-941b-836393c8d49c,T-008-03,main,blocked,False
cf61291c-7b69-4c30-880e-0d7c8a036a2f,1041753a-9a1b-466f-941b-836393c8d49c,T-008-04,main,blocked,False
cf61291c-7b69-4c30-880e-0d7c8a036a2f,1041753a-9a1b-466f-941b-836393c8d49c,T-009-01,main,blocked,False
cf61291c-7b69-4c30-880e-0d7c8a036a2f,1041753a-9a1b-466f-941b-836393c8d49c,T-009-02,main,blocked,False
cf61291c-7b69-4c30-880e-0d7c8a036a2f,1041753a-9a1b-466f-941b-836393c8d49c,T-010-01,main,blocked,False
cf61291c-7b69-4c30-880e-0d7c8a036a2f,1041753a-9a1b-466f-941b-836393c8d49c,T-010-02,main,blocked,False
cf61291c-7b69-4c30-880e-0d7c8a036a2f,1041753a-9a1b-466f-941b-836393c8d49c,T-010-03,main,blocked,False
cf61291c-7b69-4c30-880e-0d7c8a036a2f,1041753a-9a1b-466f-941b-836393c8d49c,T-011-01,main,blocked,False
cf61291c-7b69-4c30-880e-0d7c8a036a2f,1041753a-9a1b-466f-941b-836393c8d49c,T-011-02,main,blocked,False
cf61291c-7b69-4c30-880e-0d7c8a036a2f,1041753a-9a1b-466f-941b-836393c8d49c,T-012-01,main,blocked,False
cf61291c-7b69-4c30-880e-0d7c8a036a2f,1041753a-9a1b-466f-941b-836393c8d49c,T-012-02,main,blocked,False
cf61291c-7b69-4c30-880e-0d7c8a036a2f,1041753a-9a1b-466f-941b-836393c8d49c,T-013-01,main,blocked,False
cf61291c-7b69-4c30-880e-0d7c8a036a2f,1041753a-9a1b-466f-941b-836393c8d49c,T-013-02,main,blocked,False
cf61291c-7b69-4c30-880e-0d7c8a036a2f,1041753a-9a1b-466f-941b-836393c8d49c,T-014-01,main,blocked,False
cf61291c-7b69-4c30-880e-0d7c8a036a2f,1041753a-9a1b-466f-941b-836393c8d49c,T-014-02,main,blocked,False
cf61291c-7b69-4c30-880e-0d7c8a036a2f,1041753a-9a1b-466f-941b-836393c8d49c,T-015-01,main,blocked,False
cf61291c-7b69-4c30-880e-0d7c8a036a2f,1041753a-9a1b-466f-941b-836393c8d49c,T-016-01,main,blocked,False
cf61291c-7b69-4c30-880e-0d7c8a036a2f,1041753a-9a1b-466f-941b-836393c8d49c,T-016-02,main,blocked,False
cf61291c-7b69-4c30-880e-0d7c8a036a2f,1041753a-9a1b-466f-941b-836393c8d49c,T-016-03,main,blocked,False
cf61291c-7b69-4c30-880e-0d7c8a036a2f,1041753a-9a1b-466f-941b-836393c8d49c,T-017-01,main,blocked,False
cf61291c-7b69-4c30-880e-0d7c8a036a2f,1041753a-9a1b-466f-941b-836393c8d49c,T-017-02,main,blocked,False
cf61291c-7b69-4c30-880e-0d7c8a036a2f,1041753a-9a1b-466f-941b-836393c8d49c,T-018-01,main,blocked,False
cf61291c-7b69-4c30-880e-0d7c8a036a2f,1041753a-9a1b-466f-941b-836393c8d49c,T-018-02,main,blocked,False
cf61291c-7b69-4c30-880e-0d7c8a036a2f,1041753a-9a1b-466f-941b-836393c8d49c,T-018-03,main,blocked,False
cf61291c-7b69-4c30-880e-0d7c8a036a2f,1041753a-9a1b-466f-941b-836393c8d49c,T-019-01,main,blocked,False
cf61291c-7b69-4c30-880e-0d7c8a036a2f,1041753a-9a1b-466f-941b-836393c8d49c,T-019-02,main,blocked,False
cf61291c-7b69-4c30-880e-0d7c8a036a2f,1041753a-9a1b-466f-941b-836393c8d49c,T-019-03,main,blocked,False
cf61291c-7b69-4c30-880e-0d7c8a036a2f,1041753a-9a1b-466f-941b-836393c8d49c,T-020-01,main,blocked,False
cf61291c-7b69-4c30-880e-0d7c8a036a2f,1041753a-9a1b-466f-941b-836393c8d49c,T-020-02,main,blocked,False
cf61291c-7b69-4c30-880e-0d7c8a036a2f,1041753a-9a1b-466f-941b-836393c8d49c,T-020-03,main,blocked,False
cf61291c-7b69-4c30-880e-0d7c8a036a2f,1041753a-9a1b-466f-941b-836393c8d49c,T-020-04,main,blocked,False
daedcc21-8243-4234-8df7-945db1b684c0,04d5df29-90d6-4c89-8a4e-f7c4946b2b96,T-001-01,main,fail,True
daedcc21-8243-4234-8df7-945db1b684c0,04d5df29-90d6-4c89-8a4e-f7c4946b2b96,T-001-02,main,fail,True
daedcc21-8243-4234-8df7-945db1b684c0,04d5df29-90d6-4c89-8a4e-f7c4946b2b96,T-001-03,main,fail,True
daedcc21-8243-4234-8df7-945db1b684c0,04d5df29-90d6-4c89-8a4e-f7c4946b2b96,T-001-04,main,fail,True
daedcc21-8243-4234-8df7-945db1b684c0,04d5df29-90d6-4c89-8a4e-f7c4946b2b96,T-002-01,main,blocked,True
daedcc21-8243-4234-8df7-945db1b684c0,04d5df29-90d6-4c89-8a4e-f7c4946b2b96,T-002-02,main,fail,True
daedcc21-8243-4234-8df7-945db1b684c0,04d5df29-90d6-4c89-8a4e-f7c4946b2b96,T-002-03,main,pass,True
daedcc21-8243-4234-8df7-945db1b684c0,04d5df29-90d6-4c89-8a4e-f7c4946b2b96,T-002-04,main,pass,True
daedcc21-8243-4234-8df7-945db1b684c0,04d5df29-90d6-4c89-8a4e-f7c4946b2b96,T-003-01,main,pass,True
daedcc21-8243-4234-8df7-945db1b684c0,04d5df29-90d6-4c89-8a4e-f7c4946b2b96,T-003-02,main,fail,True
daedcc21-8243-4234-8df7-945db1b684c0,04d5df29-90d6-4c89-8a4e-f7c4946b2b96,T-004-01,main,pass,True
daedcc21-8243-4234-8df7-945db1b684c0,04d5df29-90d6-4c89-8a4e-f7c4946b2b96,T-004-02,main,fail,True
daedcc21-8243-4234-8df7-945db1b684c0,04d5df29-90d6-4c89-8a4e-f7c4946b2b96,T-004-03,main,fail,True
daedcc21-8243-4234-8df7-945db1b684c0,04d5df29-90d6-4c89-8a4e-f7c4946b2b96,T-005-01,main,pass,True
daedcc21-8243-4234-8df7-945db1b684c0,04d5df29-90d6-4c89-8a4e-f7c4946b2b96,T-005-02,main,pass,True
daedcc21-8243-4234-8df7-945db1b684c0,04d5df29-90d6-4c89-8a4e-f7c4946b2b96,T-006-01,main,pass,True
daedcc21-8243-4234-8df7-945db1b684c0,04d5df29-90d6-4c89-8a4e-f7c4946b2b96,T-006-02,main,pass,True
daedcc21-8243-4234-8df7-945db1b684c0,04d5df29-90d6-4c89-8a4e-f7c4946b2b96,T-006-03,main,pass,True
daedcc21-8243-4234-8df7-945db1b684c0,04d5df29-90d6-4c89-8a4e-f7c4946b2b96,T-006-04,main,pass,True
daedcc21-8243-4234-8df7-945db1b684c0,04d5df29-90d6-4c89-8a4e-f7c4946b2b96,T-006-05,lower,pass,True
daedcc21-8243-4234-8df7-945db1b684c0,04d5df29-90d6-4c89-8a4e-f7c4946b2b96,T-006-05,upper,pass,True
daedcc21-8243-4234-8df7-945db1b684c0,04d5df29-90d6-4c89-8a4e-f7c4946b2b96,T-006-06,main,pass,True
daedcc21-8243-4234-8df7-945db1b684c0,04d5df29-90d6-4c89-8a4e-f7c4946b2b96,T-007-01,main,blocked,True
daedcc21-8243-4234-8df7-945db1b684c0,04d5df29-90d6-4c89-8a4e-f7c4946b2b96,T-007-02,main,blocked,True
daedcc21-8243-4234-8df7-945db1b684c0,04d5df29-90d6-4c89-8a4e-f7c4946b2b96,T-007-03,main,blocked,True
daedcc21-8243-4234-8df7-945db1b684c0,04d5df29-90d6-4c89-8a4e-f7c4946b2b96,T-008-01,main,blocked,True
daedcc21-8243-4234-8df7-945db1b684c0,04d5df29-90d6-4c89-8a4e-f7c4946b2b96,T-008-02,main,pass,True
daedcc21-8243-4234-8df7-945db1b684c0,04d5df29-90d6-4c89-8a4e-f7c4946b2b96,T-008-03,main,pass,True
daedcc21-8243-4234-8df7-945db1b684c0,04d5df29-90d6-4c89-8a4e-f7c4946b2b96,T-008-04,main,pass,True
daedcc21-8243-4234-8df7-945db1b684c0,04d5df29-90d6-4c89-8a4e-f7c4946b2b96,T-009-01,main,fail,True
daedcc21-8243-4234-8df7-945db1b684c0,04d5df29-90d6-4c89-8a4e-f7c4946b2b96,T-009-02,main,blocked,True
daedcc21-8243-4234-8df7-945db1b684c0,04d5df29-90d6-4c89-8a4e-f7c4946b2b96,T-010-01,main,fail,True
daedcc21-8243-4234-8df7-945db1b684c0,04d5df29-90d6-4c89-8a4e-f7c4946b2b96,T-010-02,main,pass,True
daedcc21-8243-4234-8df7-945db1b684c0,04d5df29-90d6-4c89-8a4e-f7c4946b2b96,T-010-03,main,pass,True
daedcc21-8243-4234-8df7-945db1b684c0,04d5df29-90d6-4c89-8a4e-f7c4946b2b96,T-011-01,main,fail,True
daedcc21-8243-4234-8df7-945db1b684c0,04d5df29-90d6-4c89-8a4e-f7c4946b2b96,T-011-02,main,pass,True
daedcc21-8243-4234-8df7-945db1b684c0,04d5df29-90d6-4c89-8a4e-f7c4946b2b96,T-012-01,main,pass,True
daedcc21-8243-4234-8df7-945db1b684c0,04d5df29-90d6-4c89-8a4e-f7c4946b2b96,T-012-02,main,pass,True
daedcc21-8243-4234-8df7-945db1b684c0,04d5df29-90d6-4c89-8a4e-f7c4946b2b96,T-013-01,main,fail,True
daedcc21-8243-4234-8df7-945db1b684c0,04d5df29-90d6-4c89-8a4e-f7c4946b2b96,T-013-02,main,pass,True
daedcc21-8243-4234-8df7-945db1b684c0,04d5df29-90d6-4c89-8a4e-f7c4946b2b96,T-014-01,main,pass,True
daedcc21-8243-4234-8df7-945db1b684c0,04d5df29-90d6-4c89-8a4e-f7c4946b2b96,T-014-02,main,pass,True
daedcc21-8243-4234-8df7-945db1b684c0,04d5df29-90d6-4c89-8a4e-f7c4946b2b96,T-015-01,main,fail,True
daedcc21-8243-4234-8df7-945db1b684c0,04d5df29-90d6-4c89-8a4e-f7c4946b2b96,T-016-01,main,blocked,True
daedcc21-8243-4234-8df7-945db1b684c0,04d5df29-90d6-4c89-8a4e-f7c4946b2b96,T-016-02,main,blocked,True
daedcc21-8243-4234-8df7-945db1b684c0,04d5df29-90d6-4c89-8a4e-f7c4946b2b96,T-016-03,main,pass,True
daedcc21-8243-4234-8df7-945db1b684c0,04d5df29-90d6-4c89-8a4e-f7c4946b2b96,T-017-01,main,blocked,True
daedcc21-8243-4234-8df7-945db1b684c0,04d5df29-90d6-4c89-8a4e-f7c4946b2b96,T-017-02,main,blocked,True
daedcc21-8243-4234-8df7-945db1b684c0,04d5df29-90d6-4c89-8a4e-f7c4946b2b96,T-018-01,main,blocked,True
daedcc21-8243-4234-8df7-945db1b684c0,04d5df29-90d6-4c89-8a4e-f7c4946b2b96,T-018-02,main,pass,True
daedcc21-8243-4234-8df7-945db1b684c0,04d5df29-90d6-4c89-8a4e-f7c4946b2b96,T-018-03,main,pass,True
daedcc21-8243-4234-8df7-945db1b684c0,04d5df29-90d6-4c89-8a4e-f7c4946b2b96,T-019-01,main,fail,True
daedcc21-8243-4234-8df7-945db1b684c0,04d5df29-90d6-4c89-8a4e-f7c4946b2b96,T-019-02,main,pass,True
daedcc21-8243-4234-8df7-945db1b684c0,04d5df29-90d6-4c89-8a4e-f7c4946b2b96,T-019-03,main,pass,True
daedcc21-8243-4234-8df7-945db1b684c0,04d5df29-90d6-4c89-8a4e-f7c4946b2b96,T-020-01,main,pass,True
daedcc21-8243-4234-8df7-945db1b684c0,04d5df29-90d6-4c89-8a4e-f7c4946b2b96,T-020-02,main,pass,True
daedcc21-8243-4234-8df7-945db1b684c0,04d5df29-90d6-4c89-8a4e-f7c4946b2b96,T-020-03,main,pass,True
daedcc21-8243-4234-8df7-945db1b684c0,04d5df29-90d6-4c89-8a4e-f7c4946b2b96,T-020-04,main,fail,True
dc4b4eaa-b0e8-4bf9-abbd-f777a2008ee6,0d517b73-c4e5-46f0-899b-e72979026898,T-001-01,main,pass,True
dc4b4eaa-b0e8-4bf9-abbd-f777a2008ee6,0d517b73-c4e5-46f0-899b-e72979026898,T-001-02,main,pass,True
dc4b4eaa-b0e8-4bf9-abbd-f777a2008ee6,0d517b73-c4e5-46f0-899b-e72979026898,T-001-03,main,pass,True
dc4b4eaa-b0e8-4bf9-abbd-f777a2008ee6,0d517b73-c4e5-46f0-899b-e72979026898,T-001-04,main,pass,True
dc4b4eaa-b0e8-4bf9-abbd-f777a2008ee6,0d517b73-c4e5-46f0-899b-e72979026898,T-002-01,main,pass,True
dc4b4eaa-b0e8-4bf9-abbd-f777a2008ee6,0d517b73-c4e5-46f0-899b-e72979026898,T-002-02,main,fail,True
dc4b4eaa-b0e8-4bf9-abbd-f777a2008ee6,0d517b73-c4e5-46f0-899b-e72979026898,T-002-03,main,pass,True
dc4b4eaa-b0e8-4bf9-abbd-f777a2008ee6,0d517b73-c4e5-46f0-899b-e72979026898,T-002-04,main,pass,True
dc4b4eaa-b0e8-4bf9-abbd-f777a2008ee6,0d517b73-c4e5-46f0-899b-e72979026898,T-003-01,main,pass,True
dc4b4eaa-b0e8-4bf9-abbd-f777a2008ee6,0d517b73-c4e5-46f0-899b-e72979026898,T-003-02,main,pass,True
dc4b4eaa-b0e8-4bf9-abbd-f777a2008ee6,0d517b73-c4e5-46f0-899b-e72979026898,T-004-01,main,pass,True
dc4b4eaa-b0e8-4bf9-abbd-f777a2008ee6,0d517b73-c4e5-46f0-899b-e72979026898,T-004-02,main,fail,True
dc4b4eaa-b0e8-4bf9-abbd-f777a2008ee6,0d517b73-c4e5-46f0-899b-e72979026898,T-004-03,main,fail,True
dc4b4eaa-b0e8-4bf9-abbd-f777a2008ee6,0d517b73-c4e5-46f0-899b-e72979026898,T-005-01,main,fail,True
dc4b4eaa-b0e8-4bf9-abbd-f777a2008ee6,0d517b73-c4e5-46f0-899b-e72979026898,T-005-02,main,pass,True
dc4b4eaa-b0e8-4bf9-abbd-f777a2008ee6,0d517b73-c4e5-46f0-899b-e72979026898,T-006-01,main,fail,True
dc4b4eaa-b0e8-4bf9-abbd-f777a2008ee6,0d517b73-c4e5-46f0-899b-e72979026898,T-006-02,main,pass,True
dc4b4eaa-b0e8-4bf9-abbd-f777a2008ee6,0d517b73-c4e5-46f0-899b-e72979026898,T-006-03,main,fail,True
dc4b4eaa-b0e8-4bf9-abbd-f777a2008ee6,0d517b73-c4e5-46f0-899b-e72979026898,T-006-04,main,pass,True
dc4b4eaa-b0e8-4bf9-abbd-f777a2008ee6,0d517b73-c4e5-46f0-899b-e72979026898,T-006-05,lower,fail,True
dc4b4eaa-b0e8-4bf9-abbd-f777a2008ee6,0d517b73-c4e5-46f0-899b-e72979026898,T-006-05,upper,pass,True
dc4b4eaa-b0e8-4bf9-abbd-f777a2008ee6,0d517b73-c4e5-46f0-899b-e72979026898,T-006-06,main,pass,True
dc4b4eaa-b0e8-4bf9-abbd-f777a2008ee6,0d517b73-c4e5-46f0-899b-e72979026898,T-007-01,main,pass,True
dc4b4eaa-b0e8-4bf9-abbd-f777a2008ee6,0d517b73-c4e5-46f0-899b-e72979026898,T-007-02,main,pass,True
dc4b4eaa-b0e8-4bf9-abbd-f777a2008ee6,0d517b73-c4e5-46f0-899b-e72979026898,T-007-03,main,pass,True
dc4b4eaa-b0e8-4bf9-abbd-f777a2008ee6,0d517b73-c4e5-46f0-899b-e72979026898,T-008-01,main,pass,True
dc4b4eaa-b0e8-4bf9-abbd-f777a2008ee6,0d517b73-c4e5-46f0-899b-e72979026898,T-008-02,main,pass,True
dc4b4eaa-b0e8-4bf9-abbd-f777a2008ee6,0d517b73-c4e5-46f0-899b-e72979026898,T-008-03,main,pass,True
dc4b4eaa-b0e8-4bf9-abbd-f777a2008ee6,0d517b73-c4e5-46f0-899b-e72979026898,T-008-04,main,pass,True
dc4b4eaa-b0e8-4bf9-abbd-f777a2008ee6,0d517b73-c4e5-46f0-899b-e72979026898,T-009-01,main,fail,True
dc4b4eaa-b0e8-4bf9-abbd-f777a2008ee6,0d517b73-c4e5-46f0-899b-e72979026898,T-009-02,main,pass,True
dc4b4eaa-b0e8-4bf9-abbd-f777a2008ee6,0d517b73-c4e5-46f0-899b-e72979026898,T-010-01,main,fail,True
dc4b4eaa-b0e8-4bf9-abbd-f777a2008ee6,0d517b73-c4e5-46f0-899b-e72979026898,T-010-02,main,pass,True
dc4b4eaa-b0e8-4bf9-abbd-f777a2008ee6,0d517b73-c4e5-46f0-899b-e72979026898,T-010-03,main,pass,True
dc4b4eaa-b0e8-4bf9-abbd-f777a2008ee6,0d517b73-c4e5-46f0-899b-e72979026898,T-011-01,main,fail,True
dc4b4eaa-b0e8-4bf9-abbd-f777a2008ee6,0d517b73-c4e5-46f0-899b-e72979026898,T-011-02,main,pass,True
dc4b4eaa-b0e8-4bf9-abbd-f777a2008ee6,0d517b73-c4e5-46f0-899b-e72979026898,T-012-01,main,fail,True
dc4b4eaa-b0e8-4bf9-abbd-f777a2008ee6,0d517b73-c4e5-46f0-899b-e72979026898,T-012-02,main,fail,True
dc4b4eaa-b0e8-4bf9-abbd-f777a2008ee6,0d517b73-c4e5-46f0-899b-e72979026898,T-013-01,main,fail,True
dc4b4eaa-b0e8-4bf9-abbd-f777a2008ee6,0d517b73-c4e5-46f0-899b-e72979026898,T-013-02,main,fail,True
dc4b4eaa-b0e8-4bf9-abbd-f777a2008ee6,0d517b73-c4e5-46f0-899b-e72979026898,T-014-01,main,fail,True
dc4b4eaa-b0e8-4bf9-abbd-f777a2008ee6,0d517b73-c4e5-46f0-899b-e72979026898,T-014-02,main,fail,True
dc4b4eaa-b0e8-4bf9-abbd-f777a2008ee6,0d517b73-c4e5-46f0-899b-e72979026898,T-015-01,main,fail,True
dc4b4eaa-b0e8-4bf9-abbd-f777a2008ee6,0d517b73-c4e5-46f0-899b-e72979026898,T-016-01,main,fail,True
dc4b4eaa-b0e8-4bf9-abbd-f777a2008ee6,0d517b73-c4e5-46f0-899b-e72979026898,T-016-02,main,pass,True
dc4b4eaa-b0e8-4bf9-abbd-f777a2008ee6,0d517b73-c4e5-46f0-899b-e72979026898,T-016-03,main,pass,True
dc4b4eaa-b0e8-4bf9-abbd-f777a2008ee6,0d517b73-c4e5-46f0-899b-e72979026898,T-017-01,main,pass,True
dc4b4eaa-b0e8-4bf9-abbd-f777a2008ee6,0d517b73-c4e5-46f0-899b-e72979026898,T-017-02,main,pass,True
dc4b4eaa-b0e8-4bf9-abbd-f777a2008ee6,0d517b73-c4e5-46f0-899b-e72979026898,T-018-01,main,pass,True
dc4b4eaa-b0e8-4bf9-abbd-f777a2008ee6,0d517b73-c4e5-46f0-899b-e72979026898,T-018-02,main,pass,True
dc4b4eaa-b0e8-4bf9-abbd-f777a2008ee6,0d517b73-c4e5-46f0-899b-e72979026898,T-018-03,main,pass,True
dc4b4eaa-b0e8-4bf9-abbd-f777a2008ee6,0d517b73-c4e5-46f0-899b-e72979026898,T-019-01,main,pass,True
dc4b4eaa-b0e8-4bf9-abbd-f777a2008ee6,0d517b73-c4e5-46f0-899b-e72979026898,T-019-02,main,pass,True
dc4b4eaa-b0e8-4bf9-abbd-f777a2008ee6,0d517b73-c4e5-46f0-899b-e72979026898,T-019-03,main,pass,True
dc4b4eaa-b0e8-4bf9-abbd-f777a2008ee6,0d517b73-c4e5-46f0-899b-e72979026898,T-020-01,main,pass,True
dc4b4eaa-b0e8-4bf9-abbd-f777a2008ee6,0d517b73-c4e5-46f0-899b-e72979026898,T-020-02,main,pass,True
dc4b4eaa-b0e8-4bf9-abbd-f777a2008ee6,0d517b73-c4e5-46f0-899b-e72979026898,T-020-03,main,pass,True
dc4b4eaa-b0e8-4bf9-abbd-f777a2008ee6,0d517b73-c4e5-46f0-899b-e72979026898,T-020-04,main,pass,True
ea871692-692b-4028-8456-126aba55dac8,09624fca-0af0-49a1-bd24-37a2eff7d8d9,T-001-01,main,pass,True
ea871692-692b-4028-8456-126aba55dac8,09624fca-0af0-49a1-bd24-37a2eff7d8d9,T-001-02,main,pass,True
ea871692-692b-4028-8456-126aba55dac8,09624fca-0af0-49a1-bd24-37a2eff7d8d9,T-001-03,main,pass,True
ea871692-692b-4028-8456-126aba55dac8,09624fca-0af0-49a1-bd24-37a2eff7d8d9,T-001-04,main,pass,True
ea871692-692b-4028-8456-126aba55dac8,09624fca-0af0-49a1-bd24-37a2eff7d8d9,T-002-01,main,pass,True
ea871692-692b-4028-8456-126aba55dac8,09624fca-0af0-49a1-bd24-37a2eff7d8d9,T-002-02,main,pass,True
ea871692-692b-4028-8456-126aba55dac8,09624fca-0af0-49a1-bd24-37a2eff7d8d9,T-002-03,main,pass,True
ea871692-692b-4028-8456-126aba55dac8,09624fca-0af0-49a1-bd24-37a2eff7d8d9,T-002-04,main,pass,True
ea871692-692b-4028-8456-126aba55dac8,09624fca-0af0-49a1-bd24-37a2eff7d8d9,T-003-01,main,pass,True
ea871692-692b-4028-8456-126aba55dac8,09624fca-0af0-49a1-bd24-37a2eff7d8d9,T-003-02,main,pass,True
ea871692-692b-4028-8456-126aba55dac8,09624fca-0af0-49a1-bd24-37a2eff7d8d9,T-004-01,main,pass,True
ea871692-692b-4028-8456-126aba55dac8,09624fca-0af0-49a1-bd24-37a2eff7d8d9,T-004-02,main,fail,True
ea871692-692b-4028-8456-126aba55dac8,09624fca-0af0-49a1-bd24-37a2eff7d8d9,T-004-03,main,fail,True
ea871692-692b-4028-8456-126aba55dac8,09624fca-0af0-49a1-bd24-37a2eff7d8d9,T-005-01,main,pass,True
ea871692-692b-4028-8456-126aba55dac8,09624fca-0af0-49a1-bd24-37a2eff7d8d9,T-005-02,main,fail,True
ea871692-692b-4028-8456-126aba55dac8,09624fca-0af0-49a1-bd24-37a2eff7d8d9,T-006-01,main,fail,True
ea871692-692b-4028-8456-126aba55dac8,09624fca-0af0-49a1-bd24-37a2eff7d8d9,T-006-02,main,pass,True
ea871692-692b-4028-8456-126aba55dac8,09624fca-0af0-49a1-bd24-37a2eff7d8d9,T-006-03,main,fail,True
ea871692-692b-4028-8456-126aba55dac8,09624fca-0af0-49a1-bd24-37a2eff7d8d9,T-006-04,main,pass,True
ea871692-692b-4028-8456-126aba55dac8,09624fca-0af0-49a1-bd24-37a2eff7d8d9,T-006-05,lower,fail,True
ea871692-692b-4028-8456-126aba55dac8,09624fca-0af0-49a1-bd24-37a2eff7d8d9,T-006-05,upper,pass,True
ea871692-692b-4028-8456-126aba55dac8,09624fca-0af0-49a1-bd24-37a2eff7d8d9,T-006-06,main,pass,True
ea871692-692b-4028-8456-126aba55dac8,09624fca-0af0-49a1-bd24-37a2eff7d8d9,T-007-01,main,pass,True
ea871692-692b-4028-8456-126aba55dac8,09624fca-0af0-49a1-bd24-37a2eff7d8d9,T-007-02,main,blocked,True
ea871692-692b-4028-8456-126aba55dac8,09624fca-0af0-49a1-bd24-37a2eff7d8d9,T-007-03,main,blocked,True
ea871692-692b-4028-8456-126aba55dac8,09624fca-0af0-49a1-bd24-37a2eff7d8d9,T-008-01,main,blocked,True
ea871692-692b-4028-8456-126aba55dac8,09624fca-0af0-49a1-bd24-37a2eff7d8d9,T-008-02,main,blocked,True
ea871692-692b-4028-8456-126aba55dac8,09624fca-0af0-49a1-bd24-37a2eff7d8d9,T-008-03,main,pass,True
ea871692-692b-4028-8456-126aba55dac8,09624fca-0af0-49a1-bd24-37a2eff7d8d9,T-008-04,main,pass,True
ea871692-692b-4028-8456-126aba55dac8,09624fca-0af0-49a1-bd24-37a2eff7d8d9,T-009-01,main,pass,True
ea871692-692b-4028-8456-126aba55dac8,09624fca-0af0-49a1-bd24-37a2eff7d8d9,T-009-02,main,pass,True
ea871692-692b-4028-8456-126aba55dac8,09624fca-0af0-49a1-bd24-37a2eff7d8d9,T-010-01,main,fail,True
ea871692-692b-4028-8456-126aba55dac8,09624fca-0af0-49a1-bd24-37a2eff7d8d9,T-010-02,main,pass,True
ea871692-692b-4028-8456-126aba55dac8,09624fca-0af0-49a1-bd24-37a2eff7d8d9,T-010-03,main,pass,True
ea871692-692b-4028-8456-126aba55dac8,09624fca-0af0-49a1-bd24-37a2eff7d8d9,T-011-01,main,fail,True
ea871692-692b-4028-8456-126aba55dac8,09624fca-0af0-49a1-bd24-37a2eff7d8d9,T-011-02,main,fail,True
ea871692-692b-4028-8456-126aba55dac8,09624fca-0af0-49a1-bd24-37a2eff7d8d9,T-012-01,main,fail,True
ea871692-692b-4028-8456-126aba55dac8,09624fca-0af0-49a1-bd24-37a2eff7d8d9,T-012-02,main,fail,True
ea871692-692b-4028-8456-126aba55dac8,09624fca-0af0-49a1-bd24-37a2eff7d8d9,T-013-01,main,fail,True
ea871692-692b-4028-8456-126aba55dac8,09624fca-0af0-49a1-bd24-37a2eff7d8d9,T-013-02,main,fail,True
ea871692-692b-4028-8456-126aba55dac8,09624fca-0af0-49a1-bd24-37a2eff7d8d9,T-014-01,main,fail,True
ea871692-692b-4028-8456-126aba55dac8,09624fca-0af0-49a1-bd24-37a2eff7d8d9,T-014-02,main,fail,True
ea871692-692b-4028-8456-126aba55dac8,09624fca-0af0-49a1-bd24-37a2eff7d8d9,T-015-01,main,fail,True
ea871692-692b-4028-8456-126aba55dac8,09624fca-0af0-49a1-bd24-37a2eff7d8d9,T-016-01,main,blocked,True
ea871692-692b-4028-8456-126aba55dac8,09624fca-0af0-49a1-bd24-37a2eff7d8d9,T-016-02,main,blocked,True
ea871692-692b-4028-8456-126aba55dac8,09624fca-0af0-49a1-bd24-37a2eff7d8d9,T-016-03,main,pass,True
ea871692-692b-4028-8456-126aba55dac8,09624fca-0af0-49a1-bd24-37a2eff7d8d9,T-017-01,main,blocked,True
ea871692-692b-4028-8456-126aba55dac8,09624fca-0af0-49a1-bd24-37a2eff7d8d9,T-017-02,main,blocked,True
ea871692-692b-4028-8456-126aba55dac8,09624fca-0af0-49a1-bd24-37a2eff7d8d9,T-018-01,main,pass,True
ea871692-692b-4028-8456-126aba55dac8,09624fca-0af0-49a1-bd24-37a2eff7d8d9,T-018-02,main,pass,True
ea871692-692b-4028-8456-126aba55dac8,09624fca-0af0-49a1-bd24-37a2eff7d8d9,T-018-03,main,pass,True
ea871692-692b-4028-8456-126aba55dac8,09624fca-0af0-49a1-bd24-37a2eff7d8d9,T-019-01,main,pass,True
ea871692-692b-4028-8456-126aba55dac8,09624fca-0af0-49a1-bd24-37a2eff7d8d9,T-019-02,main,pass,True
ea871692-692b-4028-8456-126aba55dac8,09624fca-0af0-49a1-bd24-37a2eff7d8d9,T-019-03,main,pass,True
ea871692-692b-4028-8456-126aba55dac8,09624fca-0af0-49a1-bd24-37a2eff7d8d9,T-020-01,main,pass,True
ea871692-692b-4028-8456-126aba55dac8,09624fca-0af0-49a1-bd24-37a2eff7d8d9,T-020-02,main,pass,True
ea871692-692b-4028-8456-126aba55dac8,09624fca-0af0-49a1-bd24-37a2eff7d8d9,T-020-03,main,pass,True
ea871692-692b-4028-8456-126aba55dac8,09624fca-0af0-49a1-bd24-37a2eff7d8d9,T-020-04,main,pass,True
ee1408e4-2eaa-49ef-a4d9-61c77eef7ab9,439472fb-f203-420a-9e2f-2a0901763aa8,T-001-01,main,blocked,False
ee1408e4-2eaa-49ef-a4d9-61c77eef7ab9,439472fb-f203-420a-9e2f-2a0901763aa8,T-001-02,main,blocked,False
ee1408e4-2eaa-49ef-a4d9-61c77eef7ab9,439472fb-f203-420a-9e2f-2a0901763aa8,T-001-03,main,blocked,False
ee1408e4-2eaa-49ef-a4d9-61c77eef7ab9,439472fb-f203-420a-9e2f-2a0901763aa8,T-001-04,main,blocked,False
ee1408e4-2eaa-49ef-a4d9-61c77eef7ab9,439472fb-f203-420a-9e2f-2a0901763aa8,T-002-01,main,blocked,False
ee1408e4-2eaa-49ef-a4d9-61c77eef7ab9,439472fb-f203-420a-9e2f-2a0901763aa8,T-002-02,main,blocked,False
ee1408e4-2eaa-49ef-a4d9-61c77eef7ab9,439472fb-f203-420a-9e2f-2a0901763aa8,T-002-03,main,blocked,False
ee1408e4-2eaa-49ef-a4d9-61c77eef7ab9,439472fb-f203-420a-9e2f-2a0901763aa8,T-002-04,main,blocked,False
ee1408e4-2eaa-49ef-a4d9-61c77eef7ab9,439472fb-f203-420a-9e2f-2a0901763aa8,T-003-01,main,blocked,False
ee1408e4-2eaa-49ef-a4d9-61c77eef7ab9,439472fb-f203-420a-9e2f-2a0901763aa8,T-003-02,main,blocked,False
ee1408e4-2eaa-49ef-a4d9-61c77eef7ab9,439472fb-f203-420a-9e2f-2a0901763aa8,T-004-01,main,blocked,False
ee1408e4-2eaa-49ef-a4d9-61c77eef7ab9,439472fb-f203-420a-9e2f-2a0901763aa8,T-004-02,main,blocked,False
ee1408e4-2eaa-49ef-a4d9-61c77eef7ab9,439472fb-f203-420a-9e2f-2a0901763aa8,T-004-03,main,blocked,False
ee1408e4-2eaa-49ef-a4d9-61c77eef7ab9,439472fb-f203-420a-9e2f-2a0901763aa8,T-005-01,main,blocked,False
ee1408e4-2eaa-49ef-a4d9-61c77eef7ab9,439472fb-f203-420a-9e2f-2a0901763aa8,T-005-02,main,blocked,False
ee1408e4-2eaa-49ef-a4d9-61c77eef7ab9,439472fb-f203-420a-9e2f-2a0901763aa8,T-006-01,main,blocked,False
ee1408e4-2eaa-49ef-a4d9-61c77eef7ab9,439472fb-f203-420a-9e2f-2a0901763aa8,T-006-02,main,blocked,False
ee1408e4-2eaa-49ef-a4d9-61c77eef7ab9,439472fb-f203-420a-9e2f-2a0901763aa8,T-006-03,main,blocked,False
ee1408e4-2eaa-49ef-a4d9-61c77eef7ab9,439472fb-f203-420a-9e2f-2a0901763aa8,T-006-04,main,blocked,False
ee1408e4-2eaa-49ef-a4d9-61c77eef7ab9,439472fb-f203-420a-9e2f-2a0901763aa8,T-006-05,lower,blocked,False
ee1408e4-2eaa-49ef-a4d9-61c77eef7ab9,439472fb-f203-420a-9e2f-2a0901763aa8,T-006-05,upper,blocked,False
ee1408e4-2eaa-49ef-a4d9-61c77eef7ab9,439472fb-f203-420a-9e2f-2a0901763aa8,T-006-06,main,blocked,False
ee1408e4-2eaa-49ef-a4d9-61c77eef7ab9,439472fb-f203-420a-9e2f-2a0901763aa8,T-007-01,main,blocked,False
ee1408e4-2eaa-49ef-a4d9-61c77eef7ab9,439472fb-f203-420a-9e2f-2a0901763aa8,T-007-02,main,blocked,False
ee1408e4-2eaa-49ef-a4d9-61c77eef7ab9,439472fb-f203-420a-9e2f-2a0901763aa8,T-007-03,main,blocked,False
ee1408e4-2eaa-49ef-a4d9-61c77eef7ab9,439472fb-f203-420a-9e2f-2a0901763aa8,T-008-01,main,blocked,False
ee1408e4-2eaa-49ef-a4d9-61c77eef7ab9,439472fb-f203-420a-9e2f-2a0901763aa8,T-008-02,main,blocked,False
ee1408e4-2eaa-49ef-a4d9-61c77eef7ab9,439472fb-f203-420a-9e2f-2a0901763aa8,T-008-03,main,blocked,False
ee1408e4-2eaa-49ef-a4d9-61c77eef7ab9,439472fb-f203-420a-9e2f-2a0901763aa8,T-008-04,main,blocked,False
ee1408e4-2eaa-49ef-a4d9-61c77eef7ab9,439472fb-f203-420a-9e2f-2a0901763aa8,T-009-01,main,blocked,False
ee1408e4-2eaa-49ef-a4d9-61c77eef7ab9,439472fb-f203-420a-9e2f-2a0901763aa8,T-009-02,main,blocked,False
ee1408e4-2eaa-49ef-a4d9-61c77eef7ab9,439472fb-f203-420a-9e2f-2a0901763aa8,T-010-01,main,blocked,False
ee1408e4-2eaa-49ef-a4d9-61c77eef7ab9,439472fb-f203-420a-9e2f-2a0901763aa8,T-010-02,main,blocked,False
ee1408e4-2eaa-49ef-a4d9-61c77eef7ab9,439472fb-f203-420a-9e2f-2a0901763aa8,T-010-03,main,blocked,False
ee1408e4-2eaa-49ef-a4d9-61c77eef7ab9,439472fb-f203-420a-9e2f-2a0901763aa8,T-011-01,main,blocked,False
ee1408e4-2eaa-49ef-a4d9-61c77eef7ab9,439472fb-f203-420a-9e2f-2a0901763aa8,T-011-02,main,blocked,False
ee1408e4-2eaa-49ef-a4d9-61c77eef7ab9,439472fb-f203-420a-9e2f-2a0901763aa8,T-012-01,main,blocked,False
ee1408e4-2eaa-49ef-a4d9-61c77eef7ab9,439472fb-f203-420a-9e2f-2a0901763aa8,T-012-02,main,blocked,False
ee1408e4-2eaa-49ef-a4d9-61c77eef7ab9,439472fb-f203-420a-9e2f-2a0901763aa8,T-013-01,main,blocked,False
ee1408e4-2eaa-49ef-a4d9-61c77eef7ab9,439472fb-f203-420a-9e2f-2a0901763aa8,T-013-02,main,blocked,False
ee1408e4-2eaa-49ef-a4d9-61c77eef7ab9,439472fb-f203-420a-9e2f-2a0901763aa8,T-014-01,main,blocked,False
ee1408e4-2eaa-49ef-a4d9-61c77eef7ab9,439472fb-f203-420a-9e2f-2a0901763aa8,T-014-02,main,blocked,False
ee1408e4-2eaa-49ef-a4d9-61c77eef7ab9,439472fb-f203-420a-9e2f-2a0901763aa8,T-015-01,main,blocked,False
ee1408e4-2eaa-49ef-a4d9-61c77eef7ab9,439472fb-f203-420a-9e2f-2a0901763aa8,T-016-01,main,blocked,False
ee1408e4-2eaa-49ef-a4d9-61c77eef7ab9,439472fb-f203-420a-9e2f-2a0901763aa8,T-016-02,main,blocked,False
ee1408e4-2eaa-49ef-a4d9-61c77eef7ab9,439472fb-f203-420a-9e2f-2a0901763aa8,T-016-03,main,blocked,False
ee1408e4-2eaa-49ef-a4d9-61c77eef7ab9,439472fb-f203-420a-9e2f-2a0901763aa8,T-017-01,main,blocked,False
ee1408e4-2eaa-49ef-a4d9-61c77eef7ab9,439472fb-f203-420a-9e2f-2a0901763aa8,T-017-02,main,blocked,False
ee1408e4-2eaa-49ef-a4d9-61c77eef7ab9,439472fb-f203-420a-9e2f-2a0901763aa8,T-018-01,main,blocked,False
ee1408e4-2eaa-49ef-a4d9-61c77eef7ab9,439472fb-f203-420a-9e2f-2a0901763aa8,T-018-02,main,blocked,False
ee1408e4-2eaa-49ef-a4d9-61c77eef7ab9,439472fb-f203-420a-9e2f-2a0901763aa8,T-018-03,main,blocked,False
ee1408e4-2eaa-49ef-a4d9-61c77eef7ab9,439472fb-f203-420a-9e2f-2a0901763aa8,T-019-01,main,blocked,False
ee1408e4-2eaa-49ef-a4d9-61c77eef7ab9,439472fb-f203-420a-9e2f-2a0901763aa8,T-019-02,main,blocked,False
ee1408e4-2eaa-49ef-a4d9-61c77eef7ab9,439472fb-f203-420a-9e2f-2a0901763aa8,T-019-03,main,blocked,False
ee1408e4-2eaa-49ef-a4d9-61c77eef7ab9,439472fb-f203-420a-9e2f-2a0901763aa8,T-020-01,main,blocked,False
ee1408e4-2eaa-49ef-a4d9-61c77eef7ab9,439472fb-f203-420a-9e2f-2a0901763aa8,T-020-02,main,blocked,False
ee1408e4-2eaa-49ef-a4d9-61c77eef7ab9,439472fb-f203-420a-9e2f-2a0901763aa8,T-020-03,main,blocked,False
ee1408e4-2eaa-49ef-a4d9-61c77eef7ab9,439472fb-f203-420a-9e2f-2a0901763aa8,T-020-04,main,blocked,False
f7474040-55b4-40da-b89d-a9a016139246,d3021999-25e8-4920-ae99-976a65e1fdb5,T-001-01,main,pass,True
f7474040-55b4-40da-b89d-a9a016139246,d3021999-25e8-4920-ae99-976a65e1fdb5,T-001-02,main,pass,True
f7474040-55b4-40da-b89d-a9a016139246,d3021999-25e8-4920-ae99-976a65e1fdb5,T-001-03,main,pass,True
f7474040-55b4-40da-b89d-a9a016139246,d3021999-25e8-4920-ae99-976a65e1fdb5,T-001-04,main,pass,True
f7474040-55b4-40da-b89d-a9a016139246,d3021999-25e8-4920-ae99-976a65e1fdb5,T-002-01,main,fail,True
f7474040-55b4-40da-b89d-a9a016139246,d3021999-25e8-4920-ae99-976a65e1fdb5,T-002-02,main,fail,True
f7474040-55b4-40da-b89d-a9a016139246,d3021999-25e8-4920-ae99-976a65e1fdb5,T-002-03,main,pass,True
f7474040-55b4-40da-b89d-a9a016139246,d3021999-25e8-4920-ae99-976a65e1fdb5,T-002-04,main,pass,True
f7474040-55b4-40da-b89d-a9a016139246,d3021999-25e8-4920-ae99-976a65e1fdb5,T-003-01,main,pass,True
f7474040-55b4-40da-b89d-a9a016139246,d3021999-25e8-4920-ae99-976a65e1fdb5,T-003-02,main,pass,True
f7474040-55b4-40da-b89d-a9a016139246,d3021999-25e8-4920-ae99-976a65e1fdb5,T-004-01,main,pass,True
f7474040-55b4-40da-b89d-a9a016139246,d3021999-25e8-4920-ae99-976a65e1fdb5,T-004-02,main,pass,True
f7474040-55b4-40da-b89d-a9a016139246,d3021999-25e8-4920-ae99-976a65e1fdb5,T-004-03,main,fail,True
f7474040-55b4-40da-b89d-a9a016139246,d3021999-25e8-4920-ae99-976a65e1fdb5,T-005-01,main,fail,True
f7474040-55b4-40da-b89d-a9a016139246,d3021999-25e8-4920-ae99-976a65e1fdb5,T-005-02,main,pass,True
f7474040-55b4-40da-b89d-a9a016139246,d3021999-25e8-4920-ae99-976a65e1fdb5,T-006-01,main,pass,True
f7474040-55b4-40da-b89d-a9a016139246,d3021999-25e8-4920-ae99-976a65e1fdb5,T-006-02,main,pass,True
f7474040-55b4-40da-b89d-a9a016139246,d3021999-25e8-4920-ae99-976a65e1fdb5,T-006-03,main,pass,True
f7474040-55b4-40da-b89d-a9a016139246,d3021999-25e8-4920-ae99-976a65e1fdb5,T-006-04,main,pass,True
f7474040-55b4-40da-b89d-a9a016139246,d3021999-25e8-4920-ae99-976a65e1fdb5,T-006-05,lower,pass,True
f7474040-55b4-40da-b89d-a9a016139246,d3021999-25e8-4920-ae99-976a65e1fdb5,T-006-05,upper,pass,True
f7474040-55b4-40da-b89d-a9a016139246,d3021999-25e8-4920-ae99-976a65e1fdb5,T-006-06,main,pass,True
f7474040-55b4-40da-b89d-a9a016139246,d3021999-25e8-4920-ae99-976a65e1fdb5,T-007-01,main,pass,True
f7474040-55b4-40da-b89d-a9a016139246,d3021999-25e8-4920-ae99-976a65e1fdb5,T-007-02,main,pass,True
f7474040-55b4-40da-b89d-a9a016139246,d3021999-25e8-4920-ae99-976a65e1fdb5,T-007-03,main,pass,True
f7474040-55b4-40da-b89d-a9a016139246,d3021999-25e8-4920-ae99-976a65e1fdb5,T-008-01,main,pass,True
f7474040-55b4-40da-b89d-a9a016139246,d3021999-25e8-4920-ae99-976a65e1fdb5,T-008-02,main,pass,True
f7474040-55b4-40da-b89d-a9a016139246,d3021999-25e8-4920-ae99-976a65e1fdb5,T-008-03,main,pass,True
f7474040-55b4-40da-b89d-a9a016139246,d3021999-25e8-4920-ae99-976a65e1fdb5,T-008-04,main,pass,True
f7474040-55b4-40da-b89d-a9a016139246,d3021999-25e8-4920-ae99-976a65e1fdb5,T-009-01,main,fail,True
f7474040-55b4-40da-b89d-a9a016139246,d3021999-25e8-4920-ae99-976a65e1fdb5,T-009-02,main,pass,True
f7474040-55b4-40da-b89d-a9a016139246,d3021999-25e8-4920-ae99-976a65e1fdb5,T-010-01,main,pass,True
f7474040-55b4-40da-b89d-a9a016139246,d3021999-25e8-4920-ae99-976a65e1fdb5,T-010-02,main,pass,True
f7474040-55b4-40da-b89d-a9a016139246,d3021999-25e8-4920-ae99-976a65e1fdb5,T-010-03,main,pass,True
f7474040-55b4-40da-b89d-a9a016139246,d3021999-25e8-4920-ae99-976a65e1fdb5,T-011-01,main,pass,True
f7474040-55b4-40da-b89d-a9a016139246,d3021999-25e8-4920-ae99-976a65e1fdb5,T-011-02,main,pass,True
f7474040-55b4-40da-b89d-a9a016139246,d3021999-25e8-4920-ae99-976a65e1fdb5,T-012-01,main,fail,True
f7474040-55b4-40da-b89d-a9a016139246,d3021999-25e8-4920-ae99-976a65e1fdb5,T-012-02,main,pass,True
f7474040-55b4-40da-b89d-a9a016139246,d3021999-25e8-4920-ae99-976a65e1fdb5,T-013-01,main,pass,True
f7474040-55b4-40da-b89d-a9a016139246,d3021999-25e8-4920-ae99-976a65e1fdb5,T-013-02,main,pass,True
f7474040-55b4-40da-b89d-a9a016139246,d3021999-25e8-4920-ae99-976a65e1fdb5,T-014-01,main,fail,True
f7474040-55b4-40da-b89d-a9a016139246,d3021999-25e8-4920-ae99-976a65e1fdb5,T-014-02,main,pass,True
f7474040-55b4-40da-b89d-a9a016139246,d3021999-25e8-4920-ae99-976a65e1fdb5,T-015-01,main,pass,True
f7474040-55b4-40da-b89d-a9a016139246,d3021999-25e8-4920-ae99-976a65e1fdb5,T-016-01,main,fail,True
f7474040-55b4-40da-b89d-a9a016139246,d3021999-25e8-4920-ae99-976a65e1fdb5,T-016-02,main,pass,True
f7474040-55b4-40da-b89d-a9a016139246,d3021999-25e8-4920-ae99-976a65e1fdb5,T-016-03,main,pass,True
f7474040-55b4-40da-b89d-a9a016139246,d3021999-25e8-4920-ae99-976a65e1fdb5,T-017-01,main,fail,True
f7474040-55b4-40da-b89d-a9a016139246,d3021999-25e8-4920-ae99-976a65e1fdb5,T-017-02,main,fail,True
f7474040-55b4-40da-b89d-a9a016139246,d3021999-25e8-4920-ae99-976a65e1fdb5,T-018-01,main,pass,True
f7474040-55b4-40da-b89d-a9a016139246,d3021999-25e8-4920-ae99-976a65e1fdb5,T-018-02,main,pass,True
f7474040-55b4-40da-b89d-a9a016139246,d3021999-25e8-4920-ae99-976a65e1fdb5,T-018-03,main,pass,True
f7474040-55b4-40da-b89d-a9a016139246,d3021999-25e8-4920-ae99-976a65e1fdb5,T-019-01,main,fail,True
f7474040-55b4-40da-b89d-a9a016139246,d3021999-25e8-4920-ae99-976a65e1fdb5,T-019-02,main,pass,True
f7474040-55b4-40da-b89d-a9a016139246,d3021999-25e8-4920-ae99-976a65e1fdb5,T-019-03,main,pass,True
f7474040-55b4-40da-b89d-a9a016139246,d3021999-25e8-4920-ae99-976a65e1fdb5,T-020-01,main,pass,True
f7474040-55b4-40da-b89d-a9a016139246,d3021999-25e8-4920-ae99-976a65e1fdb5,T-020-02,main,pass,True
f7474040-55b4-40da-b89d-a9a016139246,d3021999-25e8-4920-ae99-976a65e1fdb5,T-020-03,main,pass,True
f7474040-55b4-40da-b89d-a9a016139246,d3021999-25e8-4920-ae99-976a65e1fdb5,T-020-04,main,fail,True
