run_id,label,condition,test_id,title,feature_id,category,required_cases,raw_status,source_passed,passed
00f64f52-6070-4f28-9070-cc52bdf4de13,N-00f64f,normal,T-001-01,🟢 正常系: ユーザー新規登録,F-001,normal,1,pass,1,1
00f64f52-6070-4f28-9070-cc52bdf4de13,N-00f64f,normal,T-001-02,🔴 異常系: メールアドレス重複エラー,F-001,negative,1,pass,1,1
00f64f52-6070-4f28-9070-cc52bdf4de13,N-00f64f,normal,T-001-03,🔴 異常系: パスワード強度不足エラー,F-001,negative,1,pass,1,1
00f64f52-6070-4f28-9070-cc52bdf4de13,N-00f64f,normal,T-001-04,🔴 異常系: パスワード不一致エラー,F-001,negative,1,pass,1,1
00f64f52-6070-4f28-9070-cc52bdf4de13,N-00f64f,normal,T-002-01,🟢 正常系: ログイン成功,F-002,normal,1,pass,1,1
00f64f52-6070-4f28-9070-cc52bdf4de13,N-00f64f,normal,T-002-02,🟢 正常系: ログアウト成功,F-002,normal,1,fail,0,0
00f64f52-6070-4f28-9070-cc52bdf4de13,N-00f64f,normal,T-002-03,🔴 異常系: 認証失敗,F-002,negative,1,pass,1,1
00f64f52-6070-4f28-9070-cc52bdf4de13,N-00f64f,normal,T-002-04,🔴 異常系: アカウントロック,F-002,negative,1,pass,1,1
00f64f52-6070-4f28-9070-cc52bdf4de13,N-00f64f,normal,T-003-01,🟢 正常系: 申請種別選択と入力フォーム表示,F-003,normal,1,pass,1,1
00f64f52-6070-4f28-9070-cc52bdf4de13,N-00f64f,normal,T-003-02,🔴 異常系: 申請種別未選択エラー,F-003,negative,1,fail,0,0
00f64f52-6070-4f28-9070-cc52bdf4de13,N-00f64f,normal,T-004-01,🟢 正常系: 申請内容の入力,F-004,normal,1,pass,1,1
00f64f52-6070-4f28-9070-cc52bdf4de13,N-00f64f,normal,T-004-02,🔴 異常系: 申請金額範囲外エラー,F-004,negative,1,fail,0,0
00f64f52-6070-4f28-9070-cc52bdf4de13,N-00f64f,normal,T-004-03,🔴 異常系: ファイルサイズ超過エラー,F-004,negative,1,fail,0,0
00f64f52-6070-4f28-9070-cc52bdf4de13,N-00f64f,normal,T-005-01,🟢 正常系: 下書き保存,F-005,normal,1,fail,0,0
00f64f52-6070-4f28-9070-cc52bdf4de13,N-00f64f,normal,T-005-02,🟢 正常系: 下書き再編集,F-005,normal,1,fail,0,0
00f64f52-6070-4f28-9070-cc52bdf4de13,N-00f64f,normal,T-006-01,🟢 正常系: 申請提出（課長承認ルート）,F-006,normal,1,pass,1,1
00f64f52-6070-4f28-9070-cc52bdf4de13,N-00f64f,normal,T-006-02,🟢 正常系: 申請提出（部長承認ルート）,F-006,normal,1,pass,1,1
00f64f52-6070-4f28-9070-cc52bdf4de13,N-00f64f,normal,T-006-03,"🟡 境界値テスト: 承認ルート境界値（999,999円 → 課長）",F-006,boundary,1,pass,1,1
00f64f52-6070-4f28-9070-cc52bdf4de13,N-00f64f,normal,T-006-04,"🟡 境界値テスト: 承認ルート境界値（1,000,000円 → 部長）",F-006,boundary,1,pass,1,1
00f64f52-6070-4f28-9070-cc52bdf4de13,N-00f64f,normal,T-006-05,"🟡 境界値テスト: 承認ルート境界値（999,998円・1,000,001円）",F-006,boundary,2,pass,1,1
00f64f52-6070-4f28-9070-cc52bdf4de13,N-00f64f,normal,T-006-06,🔴 異常系: 必須項目未入力での提出エラー,F-006,negative,1,pass,1,1
00f64f52-6070-4f28-9070-cc52bdf4de13,N-00f64f,normal,T-007-01,🟢 正常系: 申請一覧表示（一般ユーザー）,F-007,normal,1,pass,1,1
00f64f52-6070-4f28-9070-cc52bdf4de13,N-00f64f,normal,T-007-02,🟢 正常系: 申請一覧表示（課長）,F-007,normal,1,pass,1,1
00f64f52-6070-4f28-9070-cc52bdf4de13,N-00f64f,normal,T-007-03,🟢 正常系: ページネーション,F-007,normal,1,pass,1,1
00f64f52-6070-4f28-9070-cc52bdf4de13,N-00f64f,normal,T-008-01,🟢 正常系: キーワード検索,F-008,normal,1,pass,1,1
00f64f52-6070-4f28-9070-cc52bdf4de13,N-00f64f,normal,T-008-02,🟢 正常系: ステータスで絞り込み,F-008,normal,1,pass,1,1
00f64f52-6070-4f28-9070-cc52bdf4de13,N-00f64f,normal,T-008-03,🔴 異常系: 日付範囲不正エラー,F-008,negative,1,pass,1,1
00f64f52-6070-4f28-9070-cc52bdf4de13,N-00f64f,normal,T-008-04,🟢 正常系: 検索結果0件,F-008,normal,1,pass,1,1
00f64f52-6070-4f28-9070-cc52bdf4de13,N-00f64f,normal,T-009-01,🟢 正常系: 申請詳細表示（申請者本人）,F-009,normal,1,fail,0,0
00f64f52-6070-4f28-9070-cc52bdf4de13,N-00f64f,normal,T-009-02,🔴 異常系: 他ユーザーの申請詳細へのアクセス拒否,F-009,negative,1,pass,1,1
00f64f52-6070-4f28-9070-cc52bdf4de13,N-00f64f,normal,T-010-01,🟢 正常系: 課長による承認,F-010,normal,1,pass,1,1
00f64f52-6070-4f28-9070-cc52bdf4de13,N-00f64f,normal,T-010-02,🟢 正常系: 部長による承認,F-010,normal,1,pass,1,1
00f64f52-6070-4f28-9070-cc52bdf4de13,N-00f64f,normal,T-010-03,🔴 異常系: 承認権限のないユーザーによる承認不可,F-010,negative,1,pass,1,1
00f64f52-6070-4f28-9070-cc52bdf4de13,N-00f64f,normal,T-011-01,🟢 正常系: 差し戻し処理,F-011,normal,1,fail,0,0
00f64f52-6070-4f28-9070-cc52bdf4de13,N-00f64f,normal,T-011-02,🔴 異常系: 差し戻しコメント未入力エラー,F-011,negative,1,pass,1,1
00f64f52-6070-4f28-9070-cc52bdf4de13,N-00f64f,normal,T-012-01,🟢 正常系: 承認待ち申請の取り消し,F-012,normal,1,pass,1,1
00f64f52-6070-4f28-9070-cc52bdf4de13,N-00f64f,normal,T-012-02,🔴 異常系: 承認済み申請の取り消し不可,F-012,negative,1,pass,1,1
00f64f52-6070-4f28-9070-cc52bdf4de13,N-00f64f,normal,T-013-01,🟢 正常系: 差し戻し申請の再提出,F-013,normal,1,fail,0,0
00f64f52-6070-4f28-9070-cc52bdf4de13,N-00f64f,normal,T-013-02,🔴 異常系: 不正なステータス遷移,F-013,negative,1,pass,1,1
00f64f52-6070-4f28-9070-cc52bdf4de13,N-00f64f,normal,T-014-01,🟢 正常系: 申請提出時の承認者へのメール通知,F-014,normal,1,pass,1,1
00f64f52-6070-4f28-9070-cc52bdf4de13,N-00f64f,normal,T-014-02,🟢 正常系: 承認完了時の申請者へのメール通知,F-014,normal,1,pass,1,1
00f64f52-6070-4f28-9070-cc52bdf4de13,N-00f64f,normal,T-015-01,🟢 正常系: 承認履歴の表示,F-015,normal,1,fail,0,0
00f64f52-6070-4f28-9070-cc52bdf4de13,N-00f64f,normal,T-016-01,🟢 正常系: CSVエクスポート,F-016,normal,1,fail,0,0
00f64f52-6070-4f28-9070-cc52bdf4de13,N-00f64f,normal,T-016-02,🟢 正常系: 検索条件を絞り込んだCSVエクスポート,F-016,normal,1,pass,1,1
00f64f52-6070-4f28-9070-cc52bdf4de13,N-00f64f,normal,T-016-03,🔴 異常系: 一般ユーザーによるCSVエクスポート権限エラー,F-016,negative,1,pass,1,1
00f64f52-6070-4f28-9070-cc52bdf4de13,N-00f64f,normal,T-017-01,🟢 正常系: 一般ユーザーのダッシュボード表示,F-017,normal,1,fail,0,0
00f64f52-6070-4f28-9070-cc52bdf4de13,N-00f64f,normal,T-017-02,🟢 正常系: 課長のダッシュボード表示,F-017,normal,1,pass,1,1
00f64f52-6070-4f28-9070-cc52bdf4de13,N-00f64f,normal,T-018-01,🟢 正常系: ユーザー情報編集,F-018,normal,1,pass,1,1
00f64f52-6070-4f28-9070-cc52bdf4de13,N-00f64f,normal,T-018-02,🔴 異常系: 自分自身の無効化エラー,F-018,negative,1,pass,1,1
00f64f52-6070-4f28-9070-cc52bdf4de13,N-00f64f,normal,T-018-03,🔴 異常系: 一般ユーザーによるユーザー管理アクセス拒否,F-018,negative,1,pass,1,1
00f64f52-6070-4f28-9070-cc52bdf4de13,N-00f64f,normal,T-019-01,🟢 正常系: パスワード変更成功,F-019,normal,1,fail,0,0
00f64f52-6070-4f28-9070-cc52bdf4de13,N-00f64f,normal,T-019-02,🔴 異常系: 現在のパスワード不一致エラー,F-019,negative,1,pass,1,1
00f64f52-6070-4f28-9070-cc52bdf4de13,N-00f64f,normal,T-019-03,🔴 異常系: 同一パスワード設定エラー,F-019,negative,1,pass,1,1
00f64f52-6070-4f28-9070-cc52bdf4de13,N-00f64f,normal,T-020-01,🟢 正常系: システム設定の変更,F-020,normal,1,pass,1,1
00f64f52-6070-4f28-9070-cc52bdf4de13,N-00f64f,normal,T-020-02,🟢 正常系: SMTPテスト送信,F-020,normal,1,pass,1,1
00f64f52-6070-4f28-9070-cc52bdf4de13,N-00f64f,normal,T-020-03,🔴 異常系: セッションタイムアウト範囲外エラー,F-020,negative,1,pass,1,1
00f64f52-6070-4f28-9070-cc52bdf4de13,N-00f64f,normal,T-020-04,🔴 異常系: 一般ユーザーによるシステム設定アクセス拒否,F-020,negative,1,pass,1,1
09dbcec8-c9c3-49ec-921c-766894607e07,N-09dbce,normal,T-001-01,🟢 正常系: ユーザー新規登録,F-001,normal,1,pass,1,1
09dbcec8-c9c3-49ec-921c-766894607e07,N-09dbce,normal,T-001-02,🔴 異常系: メールアドレス重複エラー,F-001,negative,1,pass,1,1
09dbcec8-c9c3-49ec-921c-766894607e07,N-09dbce,normal,T-001-03,🔴 異常系: パスワード強度不足エラー,F-001,negative,1,pass,1,1
09dbcec8-c9c3-49ec-921c-766894607e07,N-09dbce,normal,T-001-04,🔴 異常系: パスワード不一致エラー,F-001,negative,1,pass,1,1
09dbcec8-c9c3-49ec-921c-766894607e07,N-09dbce,normal,T-002-01,🟢 正常系: ログイン成功,F-002,normal,1,pass,1,1
09dbcec8-c9c3-49ec-921c-766894607e07,N-09dbce,normal,T-002-02,🟢 正常系: ログアウト成功,F-002,normal,1,fail,0,0
09dbcec8-c9c3-49ec-921c-766894607e07,N-09dbce,normal,T-002-03,🔴 異常系: 認証失敗,F-002,negative,1,pass,1,1
09dbcec8-c9c3-49ec-921c-766894607e07,N-09dbce,normal,T-002-04,🔴 異常系: アカウントロック,F-002,negative,1,pass,1,1
09dbcec8-c9c3-49ec-921c-766894607e07,N-09dbce,normal,T-003-01,🟢 正常系: 申請種別選択と入力フォーム表示,F-003,normal,1,pass,1,1
09dbcec8-c9c3-49ec-921c-766894607e07,N-09dbce,normal,T-003-02,🔴 異常系: 申請種別未選択エラー,F-003,negative,1,pass,1,1
09dbcec8-c9c3-49ec-921c-766894607e07,N-09dbce,normal,T-004-01,🟢 正常系: 申請内容の入力,F-004,normal,1,fail,0,0
09dbcec8-c9c3-49ec-921c-766894607e07,N-09dbce,normal,T-004-02,🔴 異常系: 申請金額範囲外エラー,F-004,negative,1,pass,1,1
09dbcec8-c9c3-49ec-921c-766894607e07,N-09dbce,normal,T-004-03,🔴 異常系: ファイルサイズ超過エラー,F-004,negative,1,fail,0,0
09dbcec8-c9c3-49ec-921c-766894607e07,N-09dbce,normal,T-005-01,🟢 正常系: 下書き保存,F-005,normal,1,pass,1,1
09dbcec8-c9c3-49ec-921c-766894607e07,N-09dbce,normal,T-005-02,🟢 正常系: 下書き再編集,F-005,normal,1,pass,1,1
09dbcec8-c9c3-49ec-921c-766894607e07,N-09dbce,normal,T-006-01,🟢 正常系: 申請提出（課長承認ルート）,F-006,normal,1,pass,1,1
09dbcec8-c9c3-49ec-921c-766894607e07,N-09dbce,normal,T-006-02,🟢 正常系: 申請提出（部長承認ルート）,F-006,normal,1,pass,1,1
09dbcec8-c9c3-49ec-921c-766894607e07,N-09dbce,normal,T-006-03,"🟡 境界値テスト: 承認ルート境界値（999,999円 → 課長）",F-006,boundary,1,pass,1,1
09dbcec8-c9c3-49ec-921c-766894607e07,N-09dbce,normal,T-006-04,"🟡 境界値テスト: 承認ルート境界値（1,000,000円 → 部長）",F-006,boundary,1,pass,1,1
09dbcec8-c9c3-49ec-921c-766894607e07,N-09dbce,normal,T-006-05,"🟡 境界値テスト: 承認ルート境界値（999,998円・1,000,001円）",F-006,boundary,2,pass,1,1
09dbcec8-c9c3-49ec-921c-766894607e07,N-09dbce,normal,T-006-06,🔴 異常系: 必須項目未入力での提出エラー,F-006,negative,1,pass,1,1
09dbcec8-c9c3-49ec-921c-766894607e07,N-09dbce,normal,T-007-01,🟢 正常系: 申請一覧表示（一般ユーザー）,F-007,normal,1,blocked,0,0
09dbcec8-c9c3-49ec-921c-766894607e07,N-09dbce,normal,T-007-02,🟢 正常系: 申請一覧表示（課長）,F-007,normal,1,blocked,0,0
09dbcec8-c9c3-49ec-921c-766894607e07,N-09dbce,normal,T-007-03,🟢 正常系: ページネーション,F-007,normal,1,blocked,0,0
09dbcec8-c9c3-49ec-921c-766894607e07,N-09dbce,normal,T-008-01,🟢 正常系: キーワード検索,F-008,normal,1,blocked,0,0
09dbcec8-c9c3-49ec-921c-766894607e07,N-09dbce,normal,T-008-02,🟢 正常系: ステータスで絞り込み,F-008,normal,1,blocked,0,0
09dbcec8-c9c3-49ec-921c-766894607e07,N-09dbce,normal,T-008-03,🔴 異常系: 日付範囲不正エラー,F-008,negative,1,pass,1,1
09dbcec8-c9c3-49ec-921c-766894607e07,N-09dbce,normal,T-008-04,🟢 正常系: 検索結果0件,F-008,normal,1,pass,1,1
09dbcec8-c9c3-49ec-921c-766894607e07,N-09dbce,normal,T-009-01,🟢 正常系: 申請詳細表示（申請者本人）,F-009,normal,1,pass,1,1
09dbcec8-c9c3-49ec-921c-766894607e07,N-09dbce,normal,T-009-02,🔴 異常系: 他ユーザーの申請詳細へのアクセス拒否,F-009,negative,1,pass,1,1
09dbcec8-c9c3-49ec-921c-766894607e07,N-09dbce,normal,T-010-01,🟢 正常系: 課長による承認,F-010,normal,1,fail,0,0
09dbcec8-c9c3-49ec-921c-766894607e07,N-09dbce,normal,T-010-02,🟢 正常系: 部長による承認,F-010,normal,1,pass,1,1
09dbcec8-c9c3-49ec-921c-766894607e07,N-09dbce,normal,T-010-03,🔴 異常系: 承認権限のないユーザーによる承認不可,F-010,negative,1,pass,1,1
09dbcec8-c9c3-49ec-921c-766894607e07,N-09dbce,normal,T-011-01,🟢 正常系: 差し戻し処理,F-011,normal,1,fail,0,0
09dbcec8-c9c3-49ec-921c-766894607e07,N-09dbce,normal,T-011-02,🔴 異常系: 差し戻しコメント未入力エラー,F-011,negative,1,pass,1,1
09dbcec8-c9c3-49ec-921c-766894607e07,N-09dbce,normal,T-012-01,🟢 正常系: 承認待ち申請の取り消し,F-012,normal,1,fail,0,0
09dbcec8-c9c3-49ec-921c-766894607e07,N-09dbce,normal,T-012-02,🔴 異常系: 承認済み申請の取り消し不可,F-012,negative,1,pass,1,1
09dbcec8-c9c3-49ec-921c-766894607e07,N-09dbce,normal,T-013-01,🟢 正常系: 差し戻し申請の再提出,F-013,normal,1,fail,0,0
09dbcec8-c9c3-49ec-921c-766894607e07,N-09dbce,normal,T-013-02,🔴 異常系: 不正なステータス遷移,F-013,negative,1,pass,1,1
09dbcec8-c9c3-49ec-921c-766894607e07,N-09dbce,normal,T-014-01,🟢 正常系: 申請提出時の承認者へのメール通知,F-014,normal,1,pass,1,1
09dbcec8-c9c3-49ec-921c-766894607e07,N-09dbce,normal,T-014-02,🟢 正常系: 承認完了時の申請者へのメール通知,F-014,normal,1,pass,1,1
09dbcec8-c9c3-49ec-921c-766894607e07,N-09dbce,normal,T-015-01,🟢 正常系: 承認履歴の表示,F-015,normal,1,fail,0,0
09dbcec8-c9c3-49ec-921c-766894607e07,N-09dbce,normal,T-016-01,🟢 正常系: CSVエクスポート,F-016,normal,1,blocked,0,0
09dbcec8-c9c3-49ec-921c-766894607e07,N-09dbce,normal,T-016-02,🟢 正常系: 検索条件を絞り込んだCSVエクスポート,F-016,normal,1,blocked,0,0
09dbcec8-c9c3-49ec-921c-766894607e07,N-09dbce,normal,T-016-03,🔴 異常系: 一般ユーザーによるCSVエクスポート権限エラー,F-016,negative,1,pass,1,1
09dbcec8-c9c3-49ec-921c-766894607e07,N-09dbce,normal,T-017-01,🟢 正常系: 一般ユーザーのダッシュボード表示,F-017,normal,1,fail,0,0
09dbcec8-c9c3-49ec-921c-766894607e07,N-09dbce,normal,T-017-02,🟢 正常系: 課長のダッシュボード表示,F-017,normal,1,blocked,0,0
09dbcec8-c9c3-49ec-921c-766894607e07,N-09dbce,normal,T-018-01,🟢 正常系: ユーザー情報編集,F-018,normal,1,pass,1,1
09dbcec8-c9c3-49ec-921c-766894607e07,N-09dbce,normal,T-018-02,🔴 異常系: 自分自身の無効化エラー,F-018,negative,1,pass,1,1
09dbcec8-c9c3-49ec-921c-766894607e07,N-09dbce,normal,T-018-03,🔴 異常系: 一般ユーザーによるユーザー管理アクセス拒否,F-018,negative,1,pass,1,1
09dbcec8-c9c3-49ec-921c-766894607e07,N-09dbce,normal,T-019-01,🟢 正常系: パスワード変更成功,F-019,normal,1,pass,1,1
09dbcec8-c9c3-49ec-921c-766894607e07,N-09dbce,normal,T-019-02,🔴 異常系: 現在のパスワード不一致エラー,F-019,negative,1,pass,1,1
09dbcec8-c9c3-49ec-921c-766894607e07,N-09dbce,normal,T-019-03,🔴 異常系: 同一パスワード設定エラー,F-019,negative,1,pass,1,1
09dbcec8-c9c3-49ec-921c-766894607e07,N-09dbce,normal,T-020-01,🟢 正常系: システム設定の変更,F-020,normal,1,pass,1,1
09dbcec8-c9c3-49ec-921c-766894607e07,N-09dbce,normal,T-020-02,🟢 正常系: SMTPテスト送信,F-020,normal,1,pass,1,1
09dbcec8-c9c3-49ec-921c-766894607e07,N-09dbce,normal,T-020-03,🔴 異常系: セッションタイムアウト範囲外エラー,F-020,negative,1,pass,1,1
09dbcec8-c9c3-49ec-921c-766894607e07,N-09dbce,normal,T-020-04,🔴 異常系: 一般ユーザーによるシステム設定アクセス拒否,F-020,negative,1,pass,1,1
11440dd4-c70f-466e-b37a-96376727430e,A-11440d,anti,T-001-01,🟢 正常系: ユーザー新規登録,F-001,normal,1,fail,0,0
11440dd4-c70f-466e-b37a-96376727430e,A-11440d,anti,T-001-02,🔴 異常系: メールアドレス重複エラー,F-001,negative,1,fail,0,0
11440dd4-c70f-466e-b37a-96376727430e,A-11440d,anti,T-001-03,🔴 異常系: パスワード強度不足エラー,F-001,negative,1,fail,0,0
11440dd4-c70f-466e-b37a-96376727430e,A-11440d,anti,T-001-04,🔴 異常系: パスワード不一致エラー,F-001,negative,1,fail,0,0
11440dd4-c70f-466e-b37a-96376727430e,A-11440d,anti,T-002-01,🟢 正常系: ログイン成功,F-002,normal,1,blocked,0,0
11440dd4-c70f-466e-b37a-96376727430e,A-11440d,anti,T-002-02,🟢 正常系: ログアウト成功,F-002,normal,1,pass,1,1
11440dd4-c70f-466e-b37a-96376727430e,A-11440d,anti,T-002-03,🔴 異常系: 認証失敗,F-002,negative,1,pass,1,1
11440dd4-c70f-466e-b37a-96376727430e,A-11440d,anti,T-002-04,🔴 異常系: アカウントロック,F-002,negative,1,pass,1,1
11440dd4-c70f-466e-b37a-96376727430e,A-11440d,anti,T-003-01,🟢 正常系: 申請種別選択と入力フォーム表示,F-003,normal,1,pass,1,1
11440dd4-c70f-466e-b37a-96376727430e,A-11440d,anti,T-003-02,🔴 異常系: 申請種別未選択エラー,F-003,negative,1,pass,1,1
11440dd4-c70f-466e-b37a-96376727430e,A-11440d,anti,T-004-01,🟢 正常系: 申請内容の入力,F-004,normal,1,pass,1,1
11440dd4-c70f-466e-b37a-96376727430e,A-11440d,anti,T-004-02,🔴 異常系: 申請金額範囲外エラー,F-004,negative,1,pass,1,1
11440dd4-c70f-466e-b37a-96376727430e,A-11440d,anti,T-004-03,🔴 異常系: ファイルサイズ超過エラー,F-004,negative,1,fail,0,0
11440dd4-c70f-466e-b37a-96376727430e,A-11440d,anti,T-005-01,🟢 正常系: 下書き保存,F-005,normal,1,fail,0,0
11440dd4-c70f-466e-b37a-96376727430e,A-11440d,anti,T-005-02,🟢 正常系: 下書き再編集,F-005,normal,1,pass,1,1
11440dd4-c70f-466e-b37a-96376727430e,A-11440d,anti,T-006-01,🟢 正常系: 申請提出（課長承認ルート）,F-006,normal,1,fail,0,0
11440dd4-c70f-466e-b37a-96376727430e,A-11440d,anti,T-006-02,🟢 正常系: 申請提出（部長承認ルート）,F-006,normal,1,pass,1,1
11440dd4-c70f-466e-b37a-96376727430e,A-11440d,anti,T-006-03,"🟡 境界値テスト: 承認ルート境界値（999,999円 → 課長）",F-006,boundary,1,fail,0,0
11440dd4-c70f-466e-b37a-96376727430e,A-11440d,anti,T-006-04,"🟡 境界値テスト: 承認ルート境界値（1,000,000円 → 部長）",F-006,boundary,1,pass,1,1
11440dd4-c70f-466e-b37a-96376727430e,A-11440d,anti,T-006-05,"🟡 境界値テスト: 承認ルート境界値（999,998円・1,000,001円）",F-006,boundary,2,fail,0,0
11440dd4-c70f-466e-b37a-96376727430e,A-11440d,anti,T-006-06,🔴 異常系: 必須項目未入力での提出エラー,F-006,negative,1,pass,1,1
11440dd4-c70f-466e-b37a-96376727430e,A-11440d,anti,T-007-01,🟢 正常系: 申請一覧表示（一般ユーザー）,F-007,normal,1,pass,1,1
11440dd4-c70f-466e-b37a-96376727430e,A-11440d,anti,T-007-02,🟢 正常系: 申請一覧表示（課長）,F-007,normal,1,pass,1,1
11440dd4-c70f-466e-b37a-96376727430e,A-11440d,anti,T-007-03,🟢 正常系: ページネーション,F-007,normal,1,pass,1,1
11440dd4-c70f-466e-b37a-96376727430e,A-11440d,anti,T-008-01,🟢 正常系: キーワード検索,F-008,normal,1,pass,1,1
11440dd4-c70f-466e-b37a-96376727430e,A-11440d,anti,T-008-02,🟢 正常系: ステータスで絞り込み,F-008,normal,1,pass,1,1
11440dd4-c70f-466e-b37a-96376727430e,A-11440d,anti,T-008-03,🔴 異常系: 日付範囲不正エラー,F-008,negative,1,pass,1,1
11440dd4-c70f-466e-b37a-96376727430e,A-11440d,anti,T-008-04,🟢 正常系: 検索結果0件,F-008,normal,1,pass,1,1
11440dd4-c70f-466e-b37a-96376727430e,A-11440d,anti,T-009-01,🟢 正常系: 申請詳細表示（申請者本人）,F-009,normal,1,pass,1,1
11440dd4-c70f-466e-b37a-96376727430e,A-11440d,anti,T-009-02,🔴 異常系: 他ユーザーの申請詳細へのアクセス拒否,F-009,negative,1,blocked,0,0
11440dd4-c70f-466e-b37a-96376727430e,A-11440d,anti,T-010-01,🟢 正常系: 課長による承認,F-010,normal,1,fail,0,0
11440dd4-c70f-466e-b37a-96376727430e,A-11440d,anti,T-010-02,🟢 正常系: 部長による承認,F-010,normal,1,pass,1,1
11440dd4-c70f-466e-b37a-96376727430e,A-11440d,anti,T-010-03,🔴 異常系: 承認権限のないユーザーによる承認不可,F-010,negative,1,pass,1,1
11440dd4-c70f-466e-b37a-96376727430e,A-11440d,anti,T-011-01,🟢 正常系: 差し戻し処理,F-011,normal,1,fail,0,0
11440dd4-c70f-466e-b37a-96376727430e,A-11440d,anti,T-011-02,🔴 異常系: 差し戻しコメント未入力エラー,F-011,negative,1,fail,0,0
11440dd4-c70f-466e-b37a-96376727430e,A-11440d,anti,T-012-01,🟢 正常系: 承認待ち申請の取り消し,F-012,normal,1,fail,0,0
11440dd4-c70f-466e-b37a-96376727430e,A-11440d,anti,T-012-02,🔴 異常系: 承認済み申請の取り消し不可,F-012,negative,1,fail,0,0
11440dd4-c70f-466e-b37a-96376727430e,A-11440d,anti,T-013-01,🟢 正常系: 差し戻し申請の再提出,F-013,normal,1,fail,0,0
11440dd4-c70f-466e-b37a-96376727430e,A-11440d,anti,T-013-02,🔴 異常系: 不正なステータス遷移,F-013,negative,1,fail,0,0
11440dd4-c70f-466e-b37a-96376727430e,A-11440d,anti,T-014-01,🟢 正常系: 申請提出時の承認者へのメール通知,F-014,normal,1,fail,0,0
11440dd4-c70f-466e-b37a-96376727430e,A-11440d,anti,T-014-02,🟢 正常系: 承認完了時の申請者へのメール通知,F-014,normal,1,fail,0,0
11440dd4-c70f-466e-b37a-96376727430e,A-11440d,anti,T-015-01,🟢 正常系: 承認履歴の表示,F-015,normal,1,fail,0,0
11440dd4-c70f-466e-b37a-96376727430e,A-11440d,anti,T-016-01,🟢 正常系: CSVエクスポート,F-016,normal,1,fail,0,0
11440dd4-c70f-466e-b37a-96376727430e,A-11440d,anti,T-016-02,🟢 正常系: 検索条件を絞り込んだCSVエクスポート,F-016,normal,1,pass,1,1
11440dd4-c70f-466e-b37a-96376727430e,A-11440d,anti,T-016-03,🔴 異常系: 一般ユーザーによるCSVエクスポート権限エラー,F-016,negative,1,pass,1,1
11440dd4-c70f-466e-b37a-96376727430e,A-11440d,anti,T-017-01,🟢 正常系: 一般ユーザーのダッシュボード表示,F-017,normal,1,pass,1,1
11440dd4-c70f-466e-b37a-96376727430e,A-11440d,anti,T-017-02,🟢 正常系: 課長のダッシュボード表示,F-017,normal,1,pass,1,1
11440dd4-c70f-466e-b37a-96376727430e,A-11440d,anti,T-018-01,🟢 正常系: ユーザー情報編集,F-018,normal,1,blocked,0,0
11440dd4-c70f-466e-b37a-96376727430e,A-11440d,anti,T-018-02,🔴 異常系: 自分自身の無効化エラー,F-018,negative,1,pass,1,1
11440dd4-c70f-466e-b37a-96376727430e,A-11440d,anti,T-018-03,🔴 異常系: 一般ユーザーによるユーザー管理アクセス拒否,F-018,negative,1,pass,1,1
11440dd4-c70f-466e-b37a-96376727430e,A-11440d,anti,T-019-01,🟢 正常系: パスワード変更成功,F-019,normal,1,fail,0,0
11440dd4-c70f-466e-b37a-96376727430e,A-11440d,anti,T-019-02,🔴 異常系: 現在のパスワード不一致エラー,F-019,negative,1,pass,1,1
11440dd4-c70f-466e-b37a-96376727430e,A-11440d,anti,T-019-03,🔴 異常系: 同一パスワード設定エラー,F-019,negative,1,pass,1,1
11440dd4-c70f-466e-b37a-96376727430e,A-11440d,anti,T-020-01,🟢 正常系: システム設定の変更,F-020,normal,1,pass,1,1
11440dd4-c70f-466e-b37a-96376727430e,A-11440d,anti,T-020-02,🟢 正常系: SMTPテスト送信,F-020,normal,1,pass,1,1
11440dd4-c70f-466e-b37a-96376727430e,A-11440d,anti,T-020-03,🔴 異常系: セッションタイムアウト範囲外エラー,F-020,negative,1,pass,1,1
11440dd4-c70f-466e-b37a-96376727430e,A-11440d,anti,T-020-04,🔴 異常系: 一般ユーザーによるシステム設定アクセス拒否,F-020,negative,1,pass,1,1
133cba3d-7333-4f8a-be4f-f44b8e93e154,A-133cba,anti,T-001-01,🟢 正常系: ユーザー新規登録,F-001,normal,1,pass,1,1
133cba3d-7333-4f8a-be4f-f44b8e93e154,A-133cba,anti,T-001-02,🔴 異常系: メールアドレス重複エラー,F-001,negative,1,pass,1,1
133cba3d-7333-4f8a-be4f-f44b8e93e154,A-133cba,anti,T-001-03,🔴 異常系: パスワード強度不足エラー,F-001,negative,1,pass,1,1
133cba3d-7333-4f8a-be4f-f44b8e93e154,A-133cba,anti,T-001-04,🔴 異常系: パスワード不一致エラー,F-001,negative,1,pass,1,1
133cba3d-7333-4f8a-be4f-f44b8e93e154,A-133cba,anti,T-002-01,🟢 正常系: ログイン成功,F-002,normal,1,fail,0,0
133cba3d-7333-4f8a-be4f-f44b8e93e154,A-133cba,anti,T-002-02,🟢 正常系: ログアウト成功,F-002,normal,1,fail,0,0
133cba3d-7333-4f8a-be4f-f44b8e93e154,A-133cba,anti,T-002-03,🔴 異常系: 認証失敗,F-002,negative,1,pass,1,1
133cba3d-7333-4f8a-be4f-f44b8e93e154,A-133cba,anti,T-002-04,🔴 異常系: アカウントロック,F-002,negative,1,pass,1,1
133cba3d-7333-4f8a-be4f-f44b8e93e154,A-133cba,anti,T-003-01,🟢 正常系: 申請種別選択と入力フォーム表示,F-003,normal,1,pass,1,1
133cba3d-7333-4f8a-be4f-f44b8e93e154,A-133cba,anti,T-003-02,🔴 異常系: 申請種別未選択エラー,F-003,negative,1,pass,1,1
133cba3d-7333-4f8a-be4f-f44b8e93e154,A-133cba,anti,T-004-01,🟢 正常系: 申請内容の入力,F-004,normal,1,pass,1,1
133cba3d-7333-4f8a-be4f-f44b8e93e154,A-133cba,anti,T-004-02,🔴 異常系: 申請金額範囲外エラー,F-004,negative,1,fail,0,0
133cba3d-7333-4f8a-be4f-f44b8e93e154,A-133cba,anti,T-004-03,🔴 異常系: ファイルサイズ超過エラー,F-004,negative,1,fail,0,0
133cba3d-7333-4f8a-be4f-f44b8e93e154,A-133cba,anti,T-005-01,🟢 正常系: 下書き保存,F-005,normal,1,fail,0,0
133cba3d-7333-4f8a-be4f-f44b8e93e154,A-133cba,anti,T-005-02,🟢 正常系: 下書き再編集,F-005,normal,1,fail,0,0
133cba3d-7333-4f8a-be4f-f44b8e93e154,A-133cba,anti,T-006-01,🟢 正常系: 申請提出（課長承認ルート）,F-006,normal,1,fail,0,0
133cba3d-7333-4f8a-be4f-f44b8e93e154,A-133cba,anti,T-006-02,🟢 正常系: 申請提出（部長承認ルート）,F-006,normal,1,pass,1,1
133cba3d-7333-4f8a-be4f-f44b8e93e154,A-133cba,anti,T-006-03,"🟡 境界値テスト: 承認ルート境界値（999,999円 → 課長）",F-006,boundary,1,fail,0,0
133cba3d-7333-4f8a-be4f-f44b8e93e154,A-133cba,anti,T-006-04,"🟡 境界値テスト: 承認ルート境界値（1,000,000円 → 部長）",F-006,boundary,1,pass,1,1
133cba3d-7333-4f8a-be4f-f44b8e93e154,A-133cba,anti,T-006-05,"🟡 境界値テスト: 承認ルート境界値（999,998円・1,000,001円）",F-006,boundary,2,fail,0,0
133cba3d-7333-4f8a-be4f-f44b8e93e154,A-133cba,anti,T-006-06,🔴 異常系: 必須項目未入力での提出エラー,F-006,negative,1,pass,1,1
133cba3d-7333-4f8a-be4f-f44b8e93e154,A-133cba,anti,T-007-01,🟢 正常系: 申請一覧表示（一般ユーザー）,F-007,normal,1,blocked,0,0
133cba3d-7333-4f8a-be4f-f44b8e93e154,A-133cba,anti,T-007-02,🟢 正常系: 申請一覧表示（課長）,F-007,normal,1,blocked,0,0
133cba3d-7333-4f8a-be4f-f44b8e93e154,A-133cba,anti,T-007-03,🟢 正常系: ページネーション,F-007,normal,1,blocked,0,0
133cba3d-7333-4f8a-be4f-f44b8e93e154,A-133cba,anti,T-008-01,🟢 正常系: キーワード検索,F-008,normal,1,blocked,0,0
133cba3d-7333-4f8a-be4f-f44b8e93e154,A-133cba,anti,T-008-02,🟢 正常系: ステータスで絞り込み,F-008,normal,1,blocked,0,0
133cba3d-7333-4f8a-be4f-f44b8e93e154,A-133cba,anti,T-008-03,🔴 異常系: 日付範囲不正エラー,F-008,negative,1,pass,1,1
133cba3d-7333-4f8a-be4f-f44b8e93e154,A-133cba,anti,T-008-04,🟢 正常系: 検索結果0件,F-008,normal,1,pass,1,1
133cba3d-7333-4f8a-be4f-f44b8e93e154,A-133cba,anti,T-009-01,🟢 正常系: 申請詳細表示（申請者本人）,F-009,normal,1,pass,1,1
133cba3d-7333-4f8a-be4f-f44b8e93e154,A-133cba,anti,T-009-02,🔴 異常系: 他ユーザーの申請詳細へのアクセス拒否,F-009,negative,1,pass,1,1
133cba3d-7333-4f8a-be4f-f44b8e93e154,A-133cba,anti,T-010-01,🟢 正常系: 課長による承認,F-010,normal,1,fail,0,0
133cba3d-7333-4f8a-be4f-f44b8e93e154,A-133cba,anti,T-010-02,🟢 正常系: 部長による承認,F-010,normal,1,pass,1,1
133cba3d-7333-4f8a-be4f-f44b8e93e154,A-133cba,anti,T-010-03,🔴 異常系: 承認権限のないユーザーによる承認不可,F-010,negative,1,pass,1,1
133cba3d-7333-4f8a-be4f-f44b8e93e154,A-133cba,anti,T-011-01,🟢 正常系: 差し戻し処理,F-011,normal,1,fail,0,0
133cba3d-7333-4f8a-be4f-f44b8e93e154,A-133cba,anti,T-011-02,🔴 異常系: 差し戻しコメント未入力エラー,F-011,negative,1,fail,0,0
133cba3d-7333-4f8a-be4f-f44b8e93e154,A-133cba,anti,T-012-01,🟢 正常系: 承認待ち申請の取り消し,F-012,normal,1,fail,0,0
133cba3d-7333-4f8a-be4f-f44b8e93e154,A-133cba,anti,T-012-02,🔴 異常系: 承認済み申請の取り消し不可,F-012,negative,1,fail,0,0
133cba3d-7333-4f8a-be4f-f44b8e93e154,A-133cba,anti,T-013-01,🟢 正常系: 差し戻し申請の再提出,F-013,normal,1,fail,0,0
133cba3d-7333-4f8a-be4f-f44b8e93e154,A-133cba,anti,T-013-02,🔴 異常系: 不正なステータス遷移,F-013,negative,1,fail,0,0
133cba3d-7333-4f8a-be4f-f44b8e93e154,A-133cba,anti,T-014-01,🟢 正常系: 申請提出時の承認者へのメール通知,F-014,normal,1,fail,0,0
133cba3d-7333-4f8a-be4f-f44b8e93e154,A-133cba,anti,T-014-02,🟢 正常系: 承認完了時の申請者へのメール通知,F-014,normal,1,fail,0,0
133cba3d-7333-4f8a-be4f-f44b8e93e154,A-133cba,anti,T-015-01,🟢 正常系: 承認履歴の表示,F-015,normal,1,fail,0,0
133cba3d-7333-4f8a-be4f-f44b8e93e154,A-133cba,anti,T-016-01,🟢 正常系: CSVエクスポート,F-016,normal,1,blocked,0,0
133cba3d-7333-4f8a-be4f-f44b8e93e154,A-133cba,anti,T-016-02,🟢 正常系: 検索条件を絞り込んだCSVエクスポート,F-016,normal,1,blocked,0,0
133cba3d-7333-4f8a-be4f-f44b8e93e154,A-133cba,anti,T-016-03,🔴 異常系: 一般ユーザーによるCSVエクスポート権限エラー,F-016,negative,1,pass,1,1
133cba3d-7333-4f8a-be4f-f44b8e93e154,A-133cba,anti,T-017-01,🟢 正常系: 一般ユーザーのダッシュボード表示,F-017,normal,1,blocked,0,0
133cba3d-7333-4f8a-be4f-f44b8e93e154,A-133cba,anti,T-017-02,🟢 正常系: 課長のダッシュボード表示,F-017,normal,1,blocked,0,0
133cba3d-7333-4f8a-be4f-f44b8e93e154,A-133cba,anti,T-018-01,🟢 正常系: ユーザー情報編集,F-018,normal,1,pass,1,1
133cba3d-7333-4f8a-be4f-f44b8e93e154,A-133cba,anti,T-018-02,🔴 異常系: 自分自身の無効化エラー,F-018,negative,1,pass,1,1
133cba3d-7333-4f8a-be4f-f44b8e93e154,A-133cba,anti,T-018-03,🔴 異常系: 一般ユーザーによるユーザー管理アクセス拒否,F-018,negative,1,pass,1,1
133cba3d-7333-4f8a-be4f-f44b8e93e154,A-133cba,anti,T-019-01,🟢 正常系: パスワード変更成功,F-019,normal,1,pass,1,1
133cba3d-7333-4f8a-be4f-f44b8e93e154,A-133cba,anti,T-019-02,🔴 異常系: 現在のパスワード不一致エラー,F-019,negative,1,pass,1,1
133cba3d-7333-4f8a-be4f-f44b8e93e154,A-133cba,anti,T-019-03,🔴 異常系: 同一パスワード設定エラー,F-019,negative,1,pass,1,1
133cba3d-7333-4f8a-be4f-f44b8e93e154,A-133cba,anti,T-020-01,🟢 正常系: システム設定の変更,F-020,normal,1,pass,1,1
133cba3d-7333-4f8a-be4f-f44b8e93e154,A-133cba,anti,T-020-02,🟢 正常系: SMTPテスト送信,F-020,normal,1,pass,1,1
133cba3d-7333-4f8a-be4f-f44b8e93e154,A-133cba,anti,T-020-03,🔴 異常系: セッションタイムアウト範囲外エラー,F-020,negative,1,pass,1,1
133cba3d-7333-4f8a-be4f-f44b8e93e154,A-133cba,anti,T-020-04,🔴 異常系: 一般ユーザーによるシステム設定アクセス拒否,F-020,negative,1,pass,1,1
15c9af27-f25b-43b4-a75c-409991b14a37,A-15c9af,anti,T-001-01,🟢 正常系: ユーザー新規登録,F-001,normal,1,pass,1,1
15c9af27-f25b-43b4-a75c-409991b14a37,A-15c9af,anti,T-001-02,🔴 異常系: メールアドレス重複エラー,F-001,negative,1,pass,1,1
15c9af27-f25b-43b4-a75c-409991b14a37,A-15c9af,anti,T-001-03,🔴 異常系: パスワード強度不足エラー,F-001,negative,1,pass,1,1
15c9af27-f25b-43b4-a75c-409991b14a37,A-15c9af,anti,T-001-04,🔴 異常系: パスワード不一致エラー,F-001,negative,1,pass,1,1
15c9af27-f25b-43b4-a75c-409991b14a37,A-15c9af,anti,T-002-01,🟢 正常系: ログイン成功,F-002,normal,1,pass,1,1
15c9af27-f25b-43b4-a75c-409991b14a37,A-15c9af,anti,T-002-02,🟢 正常系: ログアウト成功,F-002,normal,1,fail,0,0
15c9af27-f25b-43b4-a75c-409991b14a37,A-15c9af,anti,T-002-03,🔴 異常系: 認証失敗,F-002,negative,1,pass,1,1
15c9af27-f25b-43b4-a75c-409991b14a37,A-15c9af,anti,T-002-04,🔴 異常系: アカウントロック,F-002,negative,1,pass,1,1
15c9af27-f25b-43b4-a75c-409991b14a37,A-15c9af,anti,T-003-01,🟢 正常系: 申請種別選択と入力フォーム表示,F-003,normal,1,pass,1,1
15c9af27-f25b-43b4-a75c-409991b14a37,A-15c9af,anti,T-003-02,🔴 異常系: 申請種別未選択エラー,F-003,negative,1,fail,0,0
15c9af27-f25b-43b4-a75c-409991b14a37,A-15c9af,anti,T-004-01,🟢 正常系: 申請内容の入力,F-004,normal,1,fail,0,0
15c9af27-f25b-43b4-a75c-409991b14a37,A-15c9af,anti,T-004-02,🔴 異常系: 申請金額範囲外エラー,F-004,negative,1,pass,1,1
15c9af27-f25b-43b4-a75c-409991b14a37,A-15c9af,anti,T-004-03,🔴 異常系: ファイルサイズ超過エラー,F-004,negative,1,fail,0,0
15c9af27-f25b-43b4-a75c-409991b14a37,A-15c9af,anti,T-005-01,🟢 正常系: 下書き保存,F-005,normal,1,fail,0,0
15c9af27-f25b-43b4-a75c-409991b14a37,A-15c9af,anti,T-005-02,🟢 正常系: 下書き再編集,F-005,normal,1,fail,0,0
15c9af27-f25b-43b4-a75c-409991b14a37,A-15c9af,anti,T-006-01,🟢 正常系: 申請提出（課長承認ルート）,F-006,normal,1,fail,0,0
15c9af27-f25b-43b4-a75c-409991b14a37,A-15c9af,anti,T-006-02,🟢 正常系: 申請提出（部長承認ルート）,F-006,normal,1,pass,1,1
15c9af27-f25b-43b4-a75c-409991b14a37,A-15c9af,anti,T-006-03,"🟡 境界値テスト: 承認ルート境界値（999,999円 → 課長）",F-006,boundary,1,fail,0,0
15c9af27-f25b-43b4-a75c-409991b14a37,A-15c9af,anti,T-006-04,"🟡 境界値テスト: 承認ルート境界値（1,000,000円 → 部長）",F-006,boundary,1,pass,1,1
15c9af27-f25b-43b4-a75c-409991b14a37,A-15c9af,anti,T-006-05,"🟡 境界値テスト: 承認ルート境界値（999,998円・1,000,001円）",F-006,boundary,2,fail,0,0
15c9af27-f25b-43b4-a75c-409991b14a37,A-15c9af,anti,T-006-06,🔴 異常系: 必須項目未入力での提出エラー,F-006,negative,1,pass,1,1
15c9af27-f25b-43b4-a75c-409991b14a37,A-15c9af,anti,T-007-01,🟢 正常系: 申請一覧表示（一般ユーザー）,F-007,normal,1,blocked,0,0
15c9af27-f25b-43b4-a75c-409991b14a37,A-15c9af,anti,T-007-02,🟢 正常系: 申請一覧表示（課長）,F-007,normal,1,blocked,0,0
15c9af27-f25b-43b4-a75c-409991b14a37,A-15c9af,anti,T-007-03,🟢 正常系: ページネーション,F-007,normal,1,blocked,0,0
15c9af27-f25b-43b4-a75c-409991b14a37,A-15c9af,anti,T-008-01,🟢 正常系: キーワード検索,F-008,normal,1,blocked,0,0
15c9af27-f25b-43b4-a75c-409991b14a37,A-15c9af,anti,T-008-02,🟢 正常系: ステータスで絞り込み,F-008,normal,1,blocked,0,0
15c9af27-f25b-43b4-a75c-409991b14a37,A-15c9af,anti,T-008-03,🔴 異常系: 日付範囲不正エラー,F-008,negative,1,pass,1,1
15c9af27-f25b-43b4-a75c-409991b14a37,A-15c9af,anti,T-008-04,🟢 正常系: 検索結果0件,F-008,normal,1,pass,1,1
15c9af27-f25b-43b4-a75c-409991b14a37,A-15c9af,anti,T-009-01,🟢 正常系: 申請詳細表示（申請者本人）,F-009,normal,1,fail,0,0
15c9af27-f25b-43b4-a75c-409991b14a37,A-15c9af,anti,T-009-02,🔴 異常系: 他ユーザーの申請詳細へのアクセス拒否,F-009,negative,1,pass,1,1
15c9af27-f25b-43b4-a75c-409991b14a37,A-15c9af,anti,T-010-01,🟢 正常系: 課長による承認,F-010,normal,1,fail,0,0
15c9af27-f25b-43b4-a75c-409991b14a37,A-15c9af,anti,T-010-02,🟢 正常系: 部長による承認,F-010,normal,1,pass,1,1
15c9af27-f25b-43b4-a75c-409991b14a37,A-15c9af,anti,T-010-03,🔴 異常系: 承認権限のないユーザーによる承認不可,F-010,negative,1,pass,1,1
15c9af27-f25b-43b4-a75c-409991b14a37,A-15c9af,anti,T-011-01,🟢 正常系: 差し戻し処理,F-011,normal,1,fail,0,0
15c9af27-f25b-43b4-a75c-409991b14a37,A-15c9af,anti,T-011-02,🔴 異常系: 差し戻しコメント未入力エラー,F-011,negative,1,fail,0,0
15c9af27-f25b-43b4-a75c-409991b14a37,A-15c9af,anti,T-012-01,🟢 正常系: 承認待ち申請の取り消し,F-012,normal,1,fail,0,0
15c9af27-f25b-43b4-a75c-409991b14a37,A-15c9af,anti,T-012-02,🔴 異常系: 承認済み申請の取り消し不可,F-012,negative,1,fail,0,0
15c9af27-f25b-43b4-a75c-409991b14a37,A-15c9af,anti,T-013-01,🟢 正常系: 差し戻し申請の再提出,F-013,normal,1,fail,0,0
15c9af27-f25b-43b4-a75c-409991b14a37,A-15c9af,anti,T-013-02,🔴 異常系: 不正なステータス遷移,F-013,negative,1,fail,0,0
15c9af27-f25b-43b4-a75c-409991b14a37,A-15c9af,anti,T-014-01,🟢 正常系: 申請提出時の承認者へのメール通知,F-014,normal,1,fail,0,0
15c9af27-f25b-43b4-a75c-409991b14a37,A-15c9af,anti,T-014-02,🟢 正常系: 承認完了時の申請者へのメール通知,F-014,normal,1,fail,0,0
15c9af27-f25b-43b4-a75c-409991b14a37,A-15c9af,anti,T-015-01,🟢 正常系: 承認履歴の表示,F-015,normal,1,fail,0,0
15c9af27-f25b-43b4-a75c-409991b14a37,A-15c9af,anti,T-016-01,🟢 正常系: CSVエクスポート,F-016,normal,1,blocked,0,0
15c9af27-f25b-43b4-a75c-409991b14a37,A-15c9af,anti,T-016-02,🟢 正常系: 検索条件を絞り込んだCSVエクスポート,F-016,normal,1,blocked,0,0
15c9af27-f25b-43b4-a75c-409991b14a37,A-15c9af,anti,T-016-03,🔴 異常系: 一般ユーザーによるCSVエクスポート権限エラー,F-016,negative,1,pass,1,1
15c9af27-f25b-43b4-a75c-409991b14a37,A-15c9af,anti,T-017-01,🟢 正常系: 一般ユーザーのダッシュボード表示,F-017,normal,1,fail,0,0
15c9af27-f25b-43b4-a75c-409991b14a37,A-15c9af,anti,T-017-02,🟢 正常系: 課長のダッシュボード表示,F-017,normal,1,blocked,0,0
15c9af27-f25b-43b4-a75c-409991b14a37,A-15c9af,anti,T-018-01,🟢 正常系: ユーザー情報編集,F-018,normal,1,pass,1,1
15c9af27-f25b-43b4-a75c-409991b14a37,A-15c9af,anti,T-018-02,🔴 異常系: 自分自身の無効化エラー,F-018,negative,1,pass,1,1
15c9af27-f25b-43b4-a75c-409991b14a37,A-15c9af,anti,T-018-03,🔴 異常系: 一般ユーザーによるユーザー管理アクセス拒否,F-018,negative,1,pass,1,1
15c9af27-f25b-43b4-a75c-409991b14a37,A-15c9af,anti,T-019-01,🟢 正常系: パスワード変更成功,F-019,normal,1,fail,0,0
15c9af27-f25b-43b4-a75c-409991b14a37,A-15c9af,anti,T-019-02,🔴 異常系: 現在のパスワード不一致エラー,F-019,negative,1,pass,1,1
15c9af27-f25b-43b4-a75c-409991b14a37,A-15c9af,anti,T-019-03,🔴 異常系: 同一パスワード設定エラー,F-019,negative,1,pass,1,1
15c9af27-f25b-43b4-a75c-409991b14a37,A-15c9af,anti,T-020-01,🟢 正常系: システム設定の変更,F-020,normal,1,pass,1,1
15c9af27-f25b-43b4-a75c-409991b14a37,A-15c9af,anti,T-020-02,🟢 正常系: SMTPテスト送信,F-020,normal,1,fail,0,0
15c9af27-f25b-43b4-a75c-409991b14a37,A-15c9af,anti,T-020-03,🔴 異常系: セッションタイムアウト範囲外エラー,F-020,negative,1,pass,1,1
15c9af27-f25b-43b4-a75c-409991b14a37,A-15c9af,anti,T-020-04,🔴 異常系: 一般ユーザーによるシステム設定アクセス拒否,F-020,negative,1,pass,1,1
1e69ea5e-7f7f-40e3-b95b-94663edf4734,N-1e69ea,normal,T-001-01,🟢 正常系: ユーザー新規登録,F-001,normal,1,pass,1,1
1e69ea5e-7f7f-40e3-b95b-94663edf4734,N-1e69ea,normal,T-001-02,🔴 異常系: メールアドレス重複エラー,F-001,negative,1,pass,1,1
1e69ea5e-7f7f-40e3-b95b-94663edf4734,N-1e69ea,normal,T-001-03,🔴 異常系: パスワード強度不足エラー,F-001,negative,1,pass,1,1
1e69ea5e-7f7f-40e3-b95b-94663edf4734,N-1e69ea,normal,T-001-04,🔴 異常系: パスワード不一致エラー,F-001,negative,1,pass,1,1
1e69ea5e-7f7f-40e3-b95b-94663edf4734,N-1e69ea,normal,T-002-01,🟢 正常系: ログイン成功,F-002,normal,1,pass,1,1
1e69ea5e-7f7f-40e3-b95b-94663edf4734,N-1e69ea,normal,T-002-02,🟢 正常系: ログアウト成功,F-002,normal,1,fail,0,0
1e69ea5e-7f7f-40e3-b95b-94663edf4734,N-1e69ea,normal,T-002-03,🔴 異常系: 認証失敗,F-002,negative,1,pass,1,1
1e69ea5e-7f7f-40e3-b95b-94663edf4734,N-1e69ea,normal,T-002-04,🔴 異常系: アカウントロック,F-002,negative,1,pass,1,1
1e69ea5e-7f7f-40e3-b95b-94663edf4734,N-1e69ea,normal,T-003-01,🟢 正常系: 申請種別選択と入力フォーム表示,F-003,normal,1,pass,1,1
1e69ea5e-7f7f-40e3-b95b-94663edf4734,N-1e69ea,normal,T-003-02,🔴 異常系: 申請種別未選択エラー,F-003,negative,1,pass,1,1
1e69ea5e-7f7f-40e3-b95b-94663edf4734,N-1e69ea,normal,T-004-01,🟢 正常系: 申請内容の入力,F-004,normal,1,pass,1,1
1e69ea5e-7f7f-40e3-b95b-94663edf4734,N-1e69ea,normal,T-004-02,🔴 異常系: 申請金額範囲外エラー,F-004,negative,1,pass,1,1
1e69ea5e-7f7f-40e3-b95b-94663edf4734,N-1e69ea,normal,T-004-03,🔴 異常系: ファイルサイズ超過エラー,F-004,negative,1,fail,0,0
1e69ea5e-7f7f-40e3-b95b-94663edf4734,N-1e69ea,normal,T-005-01,🟢 正常系: 下書き保存,F-005,normal,1,fail,0,0
1e69ea5e-7f7f-40e3-b95b-94663edf4734,N-1e69ea,normal,T-005-02,🟢 正常系: 下書き再編集,F-005,normal,1,fail,0,0
1e69ea5e-7f7f-40e3-b95b-94663edf4734,N-1e69ea,normal,T-006-01,🟢 正常系: 申請提出（課長承認ルート）,F-006,normal,1,pass,1,1
1e69ea5e-7f7f-40e3-b95b-94663edf4734,N-1e69ea,normal,T-006-02,🟢 正常系: 申請提出（部長承認ルート）,F-006,normal,1,pass,1,1
1e69ea5e-7f7f-40e3-b95b-94663edf4734,N-1e69ea,normal,T-006-03,"🟡 境界値テスト: 承認ルート境界値（999,999円 → 課長）",F-006,boundary,1,pass,1,1
1e69ea5e-7f7f-40e3-b95b-94663edf4734,N-1e69ea,normal,T-006-04,"🟡 境界値テスト: 承認ルート境界値（1,000,000円 → 部長）",F-006,boundary,1,pass,1,1
1e69ea5e-7f7f-40e3-b95b-94663edf4734,N-1e69ea,normal,T-006-05,"🟡 境界値テスト: 承認ルート境界値（999,998円・1,000,001円）",F-006,boundary,2,pass,1,1
1e69ea5e-7f7f-40e3-b95b-94663edf4734,N-1e69ea,normal,T-006-06,🔴 異常系: 必須項目未入力での提出エラー,F-006,negative,1,pass,1,1
1e69ea5e-7f7f-40e3-b95b-94663edf4734,N-1e69ea,normal,T-007-01,🟢 正常系: 申請一覧表示（一般ユーザー）,F-007,normal,1,pass,1,1
1e69ea5e-7f7f-40e3-b95b-94663edf4734,N-1e69ea,normal,T-007-02,🟢 正常系: 申請一覧表示（課長）,F-007,normal,1,pass,1,1
1e69ea5e-7f7f-40e3-b95b-94663edf4734,N-1e69ea,normal,T-007-03,🟢 正常系: ページネーション,F-007,normal,1,pass,1,1
1e69ea5e-7f7f-40e3-b95b-94663edf4734,N-1e69ea,normal,T-008-01,🟢 正常系: キーワード検索,F-008,normal,1,pass,1,1
1e69ea5e-7f7f-40e3-b95b-94663edf4734,N-1e69ea,normal,T-008-02,🟢 正常系: ステータスで絞り込み,F-008,normal,1,pass,1,1
1e69ea5e-7f7f-40e3-b95b-94663edf4734,N-1e69ea,normal,T-008-03,🔴 異常系: 日付範囲不正エラー,F-008,negative,1,fail,0,0
1e69ea5e-7f7f-40e3-b95b-94663edf4734,N-1e69ea,normal,T-008-04,🟢 正常系: 検索結果0件,F-008,normal,1,pass,1,1
1e69ea5e-7f7f-40e3-b95b-94663edf4734,N-1e69ea,normal,T-009-01,🟢 正常系: 申請詳細表示（申請者本人）,F-009,normal,1,fail,0,0
1e69ea5e-7f7f-40e3-b95b-94663edf4734,N-1e69ea,normal,T-009-02,🔴 異常系: 他ユーザーの申請詳細へのアクセス拒否,F-009,negative,1,pass,1,1
1e69ea5e-7f7f-40e3-b95b-94663edf4734,N-1e69ea,normal,T-010-01,🟢 正常系: 課長による承認,F-010,normal,1,fail,0,0
1e69ea5e-7f7f-40e3-b95b-94663edf4734,N-1e69ea,normal,T-010-02,🟢 正常系: 部長による承認,F-010,normal,1,pass,1,1
1e69ea5e-7f7f-40e3-b95b-94663edf4734,N-1e69ea,normal,T-010-03,🔴 異常系: 承認権限のないユーザーによる承認不可,F-010,negative,1,pass,1,1
1e69ea5e-7f7f-40e3-b95b-94663edf4734,N-1e69ea,normal,T-011-01,🟢 正常系: 差し戻し処理,F-011,normal,1,fail,0,0
1e69ea5e-7f7f-40e3-b95b-94663edf4734,N-1e69ea,normal,T-011-02,🔴 異常系: 差し戻しコメント未入力エラー,F-011,negative,1,fail,0,0
1e69ea5e-7f7f-40e3-b95b-94663edf4734,N-1e69ea,normal,T-012-01,🟢 正常系: 承認待ち申請の取り消し,F-012,normal,1,fail,0,0
1e69ea5e-7f7f-40e3-b95b-94663edf4734,N-1e69ea,normal,T-012-02,🔴 異常系: 承認済み申請の取り消し不可,F-012,negative,1,pass,1,1
1e69ea5e-7f7f-40e3-b95b-94663edf4734,N-1e69ea,normal,T-013-01,🟢 正常系: 差し戻し申請の再提出,F-013,normal,1,fail,0,0
1e69ea5e-7f7f-40e3-b95b-94663edf4734,N-1e69ea,normal,T-013-02,🔴 異常系: 不正なステータス遷移,F-013,negative,1,pass,1,1
1e69ea5e-7f7f-40e3-b95b-94663edf4734,N-1e69ea,normal,T-014-01,🟢 正常系: 申請提出時の承認者へのメール通知,F-014,normal,1,pass,1,1
1e69ea5e-7f7f-40e3-b95b-94663edf4734,N-1e69ea,normal,T-014-02,🟢 正常系: 承認完了時の申請者へのメール通知,F-014,normal,1,pass,1,1
1e69ea5e-7f7f-40e3-b95b-94663edf4734,N-1e69ea,normal,T-015-01,🟢 正常系: 承認履歴の表示,F-015,normal,1,fail,0,0
1e69ea5e-7f7f-40e3-b95b-94663edf4734,N-1e69ea,normal,T-016-01,🟢 正常系: CSVエクスポート,F-016,normal,1,fail,0,0
1e69ea5e-7f7f-40e3-b95b-94663edf4734,N-1e69ea,normal,T-016-02,🟢 正常系: 検索条件を絞り込んだCSVエクスポート,F-016,normal,1,pass,1,1
1e69ea5e-7f7f-40e3-b95b-94663edf4734,N-1e69ea,normal,T-016-03,🔴 異常系: 一般ユーザーによるCSVエクスポート権限エラー,F-016,negative,1,pass,1,1
1e69ea5e-7f7f-40e3-b95b-94663edf4734,N-1e69ea,normal,T-017-01,🟢 正常系: 一般ユーザーのダッシュボード表示,F-017,normal,1,fail,0,0
1e69ea5e-7f7f-40e3-b95b-94663edf4734,N-1e69ea,normal,T-017-02,🟢 正常系: 課長のダッシュボード表示,F-017,normal,1,pass,1,1
1e69ea5e-7f7f-40e3-b95b-94663edf4734,N-1e69ea,normal,T-018-01,🟢 正常系: ユーザー情報編集,F-018,normal,1,fail,0,0
1e69ea5e-7f7f-40e3-b95b-94663edf4734,N-1e69ea,normal,T-018-02,🔴 異常系: 自分自身の無効化エラー,F-018,negative,1,fail,0,0
1e69ea5e-7f7f-40e3-b95b-94663edf4734,N-1e69ea,normal,T-018-03,🔴 異常系: 一般ユーザーによるユーザー管理アクセス拒否,F-018,negative,1,pass,1,1
1e69ea5e-7f7f-40e3-b95b-94663edf4734,N-1e69ea,normal,T-019-01,🟢 正常系: パスワード変更成功,F-019,normal,1,fail,0,0
1e69ea5e-7f7f-40e3-b95b-94663edf4734,N-1e69ea,normal,T-019-02,🔴 異常系: 現在のパスワード不一致エラー,F-019,negative,1,pass,1,1
1e69ea5e-7f7f-40e3-b95b-94663edf4734,N-1e69ea,normal,T-019-03,🔴 異常系: 同一パスワード設定エラー,F-019,negative,1,pass,1,1
1e69ea5e-7f7f-40e3-b95b-94663edf4734,N-1e69ea,normal,T-020-01,🟢 正常系: システム設定の変更,F-020,normal,1,fail,0,0
1e69ea5e-7f7f-40e3-b95b-94663edf4734,N-1e69ea,normal,T-020-02,🟢 正常系: SMTPテスト送信,F-020,normal,1,pass,1,1
1e69ea5e-7f7f-40e3-b95b-94663edf4734,N-1e69ea,normal,T-020-03,🔴 異常系: セッションタイムアウト範囲外エラー,F-020,negative,1,fail,0,0
1e69ea5e-7f7f-40e3-b95b-94663edf4734,N-1e69ea,normal,T-020-04,🔴 異常系: 一般ユーザーによるシステム設定アクセス拒否,F-020,negative,1,fail,0,0
256a2bf5-a8db-4a43-81bc-17bc38eda0d3,A-256a2b,anti,T-001-01,🟢 正常系: ユーザー新規登録,F-001,normal,1,pass,1,1
256a2bf5-a8db-4a43-81bc-17bc38eda0d3,A-256a2b,anti,T-001-02,🔴 異常系: メールアドレス重複エラー,F-001,negative,1,pass,1,1
256a2bf5-a8db-4a43-81bc-17bc38eda0d3,A-256a2b,anti,T-001-03,🔴 異常系: パスワード強度不足エラー,F-001,negative,1,pass,1,1
256a2bf5-a8db-4a43-81bc-17bc38eda0d3,A-256a2b,anti,T-001-04,🔴 異常系: パスワード不一致エラー,F-001,negative,1,pass,1,1
256a2bf5-a8db-4a43-81bc-17bc38eda0d3,A-256a2b,anti,T-002-01,🟢 正常系: ログイン成功,F-002,normal,1,pass,1,1
256a2bf5-a8db-4a43-81bc-17bc38eda0d3,A-256a2b,anti,T-002-02,🟢 正常系: ログアウト成功,F-002,normal,1,fail,0,0
256a2bf5-a8db-4a43-81bc-17bc38eda0d3,A-256a2b,anti,T-002-03,🔴 異常系: 認証失敗,F-002,negative,1,pass,1,1
256a2bf5-a8db-4a43-81bc-17bc38eda0d3,A-256a2b,anti,T-002-04,🔴 異常系: アカウントロック,F-002,negative,1,pass,1,1
256a2bf5-a8db-4a43-81bc-17bc38eda0d3,A-256a2b,anti,T-003-01,🟢 正常系: 申請種別選択と入力フォーム表示,F-003,normal,1,pass,1,1
256a2bf5-a8db-4a43-81bc-17bc38eda0d3,A-256a2b,anti,T-003-02,🔴 異常系: 申請種別未選択エラー,F-003,negative,1,pass,1,1
256a2bf5-a8db-4a43-81bc-17bc38eda0d3,A-256a2b,anti,T-004-01,🟢 正常系: 申請内容の入力,F-004,normal,1,pass,1,1
256a2bf5-a8db-4a43-81bc-17bc38eda0d3,A-256a2b,anti,T-004-02,🔴 異常系: 申請金額範囲外エラー,F-004,negative,1,pass,1,1
256a2bf5-a8db-4a43-81bc-17bc38eda0d3,A-256a2b,anti,T-004-03,🔴 異常系: ファイルサイズ超過エラー,F-004,negative,1,fail,0,0
256a2bf5-a8db-4a43-81bc-17bc38eda0d3,A-256a2b,anti,T-005-01,🟢 正常系: 下書き保存,F-005,normal,1,pass,1,1
256a2bf5-a8db-4a43-81bc-17bc38eda0d3,A-256a2b,anti,T-005-02,🟢 正常系: 下書き再編集,F-005,normal,1,pass,1,1
256a2bf5-a8db-4a43-81bc-17bc38eda0d3,A-256a2b,anti,T-006-01,🟢 正常系: 申請提出（課長承認ルート）,F-006,normal,1,fail,0,0
256a2bf5-a8db-4a43-81bc-17bc38eda0d3,A-256a2b,anti,T-006-02,🟢 正常系: 申請提出（部長承認ルート）,F-006,normal,1,pass,1,1
256a2bf5-a8db-4a43-81bc-17bc38eda0d3,A-256a2b,anti,T-006-03,"🟡 境界値テスト: 承認ルート境界値（999,999円 → 課長）",F-006,boundary,1,fail,0,0
256a2bf5-a8db-4a43-81bc-17bc38eda0d3,A-256a2b,anti,T-006-04,"🟡 境界値テスト: 承認ルート境界値（1,000,000円 → 部長）",F-006,boundary,1,pass,1,1
256a2bf5-a8db-4a43-81bc-17bc38eda0d3,A-256a2b,anti,T-006-05,"🟡 境界値テスト: 承認ルート境界値（999,998円・1,000,001円）",F-006,boundary,2,fail,0,0
256a2bf5-a8db-4a43-81bc-17bc38eda0d3,A-256a2b,anti,T-006-06,🔴 異常系: 必須項目未入力での提出エラー,F-006,negative,1,pass,1,1
256a2bf5-a8db-4a43-81bc-17bc38eda0d3,A-256a2b,anti,T-007-01,🟢 正常系: 申請一覧表示（一般ユーザー）,F-007,normal,1,blocked,0,0
256a2bf5-a8db-4a43-81bc-17bc38eda0d3,A-256a2b,anti,T-007-02,🟢 正常系: 申請一覧表示（課長）,F-007,normal,1,blocked,0,0
256a2bf5-a8db-4a43-81bc-17bc38eda0d3,A-256a2b,anti,T-007-03,🟢 正常系: ページネーション,F-007,normal,1,blocked,0,0
256a2bf5-a8db-4a43-81bc-17bc38eda0d3,A-256a2b,anti,T-008-01,🟢 正常系: キーワード検索,F-008,normal,1,blocked,0,0
256a2bf5-a8db-4a43-81bc-17bc38eda0d3,A-256a2b,anti,T-008-02,🟢 正常系: ステータスで絞り込み,F-008,normal,1,blocked,0,0
256a2bf5-a8db-4a43-81bc-17bc38eda0d3,A-256a2b,anti,T-008-03,🔴 異常系: 日付範囲不正エラー,F-008,negative,1,pass,1,1
256a2bf5-a8db-4a43-81bc-17bc38eda0d3,A-256a2b,anti,T-008-04,🟢 正常系: 検索結果0件,F-008,normal,1,pass,1,1
256a2bf5-a8db-4a43-81bc-17bc38eda0d3,A-256a2b,anti,T-009-01,🟢 正常系: 申請詳細表示（申請者本人）,F-009,normal,1,fail,0,0
256a2bf5-a8db-4a43-81bc-17bc38eda0d3,A-256a2b,anti,T-009-02,🔴 異常系: 他ユーザーの申請詳細へのアクセス拒否,F-009,negative,1,pass,1,1
256a2bf5-a8db-4a43-81bc-17bc38eda0d3,A-256a2b,anti,T-010-01,🟢 正常系: 課長による承認,F-010,normal,1,fail,0,0
256a2bf5-a8db-4a43-81bc-17bc38eda0d3,A-256a2b,anti,T-010-02,🟢 正常系: 部長による承認,F-010,normal,1,pass,1,1
256a2bf5-a8db-4a43-81bc-17bc38eda0d3,A-256a2b,anti,T-010-03,🔴 異常系: 承認権限のないユーザーによる承認不可,F-010,negative,1,pass,1,1
256a2bf5-a8db-4a43-81bc-17bc38eda0d3,A-256a2b,anti,T-011-01,🟢 正常系: 差し戻し処理,F-011,normal,1,fail,0,0
256a2bf5-a8db-4a43-81bc-17bc38eda0d3,A-256a2b,anti,T-011-02,🔴 異常系: 差し戻しコメント未入力エラー,F-011,negative,1,fail,0,0
256a2bf5-a8db-4a43-81bc-17bc38eda0d3,A-256a2b,anti,T-012-01,🟢 正常系: 承認待ち申請の取り消し,F-012,normal,1,fail,0,0
256a2bf5-a8db-4a43-81bc-17bc38eda0d3,A-256a2b,anti,T-012-02,🔴 異常系: 承認済み申請の取り消し不可,F-012,negative,1,fail,0,0
256a2bf5-a8db-4a43-81bc-17bc38eda0d3,A-256a2b,anti,T-013-01,🟢 正常系: 差し戻し申請の再提出,F-013,normal,1,fail,0,0
256a2bf5-a8db-4a43-81bc-17bc38eda0d3,A-256a2b,anti,T-013-02,🔴 異常系: 不正なステータス遷移,F-013,negative,1,fail,0,0
256a2bf5-a8db-4a43-81bc-17bc38eda0d3,A-256a2b,anti,T-014-01,🟢 正常系: 申請提出時の承認者へのメール通知,F-014,normal,1,fail,0,0
256a2bf5-a8db-4a43-81bc-17bc38eda0d3,A-256a2b,anti,T-014-02,🟢 正常系: 承認完了時の申請者へのメール通知,F-014,normal,1,fail,0,0
256a2bf5-a8db-4a43-81bc-17bc38eda0d3,A-256a2b,anti,T-015-01,🟢 正常系: 承認履歴の表示,F-015,normal,1,fail,0,0
256a2bf5-a8db-4a43-81bc-17bc38eda0d3,A-256a2b,anti,T-016-01,🟢 正常系: CSVエクスポート,F-016,normal,1,blocked,0,0
256a2bf5-a8db-4a43-81bc-17bc38eda0d3,A-256a2b,anti,T-016-02,🟢 正常系: 検索条件を絞り込んだCSVエクスポート,F-016,normal,1,blocked,0,0
256a2bf5-a8db-4a43-81bc-17bc38eda0d3,A-256a2b,anti,T-016-03,🔴 異常系: 一般ユーザーによるCSVエクスポート権限エラー,F-016,negative,1,pass,1,1
256a2bf5-a8db-4a43-81bc-17bc38eda0d3,A-256a2b,anti,T-017-01,🟢 正常系: 一般ユーザーのダッシュボード表示,F-017,normal,1,fail,0,0
256a2bf5-a8db-4a43-81bc-17bc38eda0d3,A-256a2b,anti,T-017-02,🟢 正常系: 課長のダッシュボード表示,F-017,normal,1,blocked,0,0
256a2bf5-a8db-4a43-81bc-17bc38eda0d3,A-256a2b,anti,T-018-01,🟢 正常系: ユーザー情報編集,F-018,normal,1,pass,1,1
256a2bf5-a8db-4a43-81bc-17bc38eda0d3,A-256a2b,anti,T-018-02,🔴 異常系: 自分自身の無効化エラー,F-018,negative,1,pass,1,1
256a2bf5-a8db-4a43-81bc-17bc38eda0d3,A-256a2b,anti,T-018-03,🔴 異常系: 一般ユーザーによるユーザー管理アクセス拒否,F-018,negative,1,pass,1,1
256a2bf5-a8db-4a43-81bc-17bc38eda0d3,A-256a2b,anti,T-019-01,🟢 正常系: パスワード変更成功,F-019,normal,1,pass,1,1
256a2bf5-a8db-4a43-81bc-17bc38eda0d3,A-256a2b,anti,T-019-02,🔴 異常系: 現在のパスワード不一致エラー,F-019,negative,1,pass,1,1
256a2bf5-a8db-4a43-81bc-17bc38eda0d3,A-256a2b,anti,T-019-03,🔴 異常系: 同一パスワード設定エラー,F-019,negative,1,pass,1,1
256a2bf5-a8db-4a43-81bc-17bc38eda0d3,A-256a2b,anti,T-020-01,🟢 正常系: システム設定の変更,F-020,normal,1,pass,1,1
256a2bf5-a8db-4a43-81bc-17bc38eda0d3,A-256a2b,anti,T-020-02,🟢 正常系: SMTPテスト送信,F-020,normal,1,pass,1,1
256a2bf5-a8db-4a43-81bc-17bc38eda0d3,A-256a2b,anti,T-020-03,🔴 異常系: セッションタイムアウト範囲外エラー,F-020,negative,1,pass,1,1
256a2bf5-a8db-4a43-81bc-17bc38eda0d3,A-256a2b,anti,T-020-04,🔴 異常系: 一般ユーザーによるシステム設定アクセス拒否,F-020,negative,1,pass,1,1
25a01c2b-cf66-4053-848c-9af10ef2ef81,A-25a01c,anti,T-001-01,🟢 正常系: ユーザー新規登録,F-001,normal,1,blocked,0,0
25a01c2b-cf66-4053-848c-9af10ef2ef81,A-25a01c,anti,T-001-02,🔴 異常系: メールアドレス重複エラー,F-001,negative,1,blocked,0,0
25a01c2b-cf66-4053-848c-9af10ef2ef81,A-25a01c,anti,T-001-03,🔴 異常系: パスワード強度不足エラー,F-001,negative,1,pass,1,1
25a01c2b-cf66-4053-848c-9af10ef2ef81,A-25a01c,anti,T-001-04,🔴 異常系: パスワード不一致エラー,F-001,negative,1,pass,1,1
25a01c2b-cf66-4053-848c-9af10ef2ef81,A-25a01c,anti,T-002-01,🟢 正常系: ログイン成功,F-002,normal,1,fail,0,0
25a01c2b-cf66-4053-848c-9af10ef2ef81,A-25a01c,anti,T-002-02,🟢 正常系: ログアウト成功,F-002,normal,1,blocked,0,0
25a01c2b-cf66-4053-848c-9af10ef2ef81,A-25a01c,anti,T-002-03,🔴 異常系: 認証失敗,F-002,negative,1,blocked,0,0
25a01c2b-cf66-4053-848c-9af10ef2ef81,A-25a01c,anti,T-002-04,🔴 異常系: アカウントロック,F-002,negative,1,pass,1,1
25a01c2b-cf66-4053-848c-9af10ef2ef81,A-25a01c,anti,T-003-01,🟢 正常系: 申請種別選択と入力フォーム表示,F-003,normal,1,blocked,0,0
25a01c2b-cf66-4053-848c-9af10ef2ef81,A-25a01c,anti,T-003-02,🔴 異常系: 申請種別未選択エラー,F-003,negative,1,blocked,0,0
25a01c2b-cf66-4053-848c-9af10ef2ef81,A-25a01c,anti,T-004-01,🟢 正常系: 申請内容の入力,F-004,normal,1,blocked,0,0
25a01c2b-cf66-4053-848c-9af10ef2ef81,A-25a01c,anti,T-004-02,🔴 異常系: 申請金額範囲外エラー,F-004,negative,1,blocked,0,0
25a01c2b-cf66-4053-848c-9af10ef2ef81,A-25a01c,anti,T-004-03,🔴 異常系: ファイルサイズ超過エラー,F-004,negative,1,blocked,0,0
25a01c2b-cf66-4053-848c-9af10ef2ef81,A-25a01c,anti,T-005-01,🟢 正常系: 下書き保存,F-005,normal,1,blocked,0,0
25a01c2b-cf66-4053-848c-9af10ef2ef81,A-25a01c,anti,T-005-02,🟢 正常系: 下書き再編集,F-005,normal,1,blocked,0,0
25a01c2b-cf66-4053-848c-9af10ef2ef81,A-25a01c,anti,T-006-01,🟢 正常系: 申請提出（課長承認ルート）,F-006,normal,1,blocked,0,0
25a01c2b-cf66-4053-848c-9af10ef2ef81,A-25a01c,anti,T-006-02,🟢 正常系: 申請提出（部長承認ルート）,F-006,normal,1,blocked,0,0
25a01c2b-cf66-4053-848c-9af10ef2ef81,A-25a01c,anti,T-006-03,"🟡 境界値テスト: 承認ルート境界値（999,999円 → 課長）",F-006,boundary,1,blocked,0,0
25a01c2b-cf66-4053-848c-9af10ef2ef81,A-25a01c,anti,T-006-04,"🟡 境界値テスト: 承認ルート境界値（1,000,000円 → 部長）",F-006,boundary,1,blocked,0,0
25a01c2b-cf66-4053-848c-9af10ef2ef81,A-25a01c,anti,T-006-05,"🟡 境界値テスト: 承認ルート境界値（999,998円・1,000,001円）",F-006,boundary,2,blocked,0,0
25a01c2b-cf66-4053-848c-9af10ef2ef81,A-25a01c,anti,T-006-06,🔴 異常系: 必須項目未入力での提出エラー,F-006,negative,1,blocked,0,0
25a01c2b-cf66-4053-848c-9af10ef2ef81,A-25a01c,anti,T-007-01,🟢 正常系: 申請一覧表示（一般ユーザー）,F-007,normal,1,blocked,0,0
25a01c2b-cf66-4053-848c-9af10ef2ef81,A-25a01c,anti,T-007-02,🟢 正常系: 申請一覧表示（課長）,F-007,normal,1,blocked,0,0
25a01c2b-cf66-4053-848c-9af10ef2ef81,A-25a01c,anti,T-007-03,🟢 正常系: ページネーション,F-007,normal,1,blocked,0,0
25a01c2b-cf66-4053-848c-9af10ef2ef81,A-25a01c,anti,T-008-01,🟢 正常系: キーワード検索,F-008,normal,1,blocked,0,0
25a01c2b-cf66-4053-848c-9af10ef2ef81,A-25a01c,anti,T-008-02,🟢 正常系: ステータスで絞り込み,F-008,normal,1,blocked,0,0
25a01c2b-cf66-4053-848c-9af10ef2ef81,A-25a01c,anti,T-008-03,🔴 異常系: 日付範囲不正エラー,F-008,negative,1,blocked,0,0
25a01c2b-cf66-4053-848c-9af10ef2ef81,A-25a01c,anti,T-008-04,🟢 正常系: 検索結果0件,F-008,normal,1,blocked,0,0
25a01c2b-cf66-4053-848c-9af10ef2ef81,A-25a01c,anti,T-009-01,🟢 正常系: 申請詳細表示（申請者本人）,F-009,normal,1,blocked,0,0
25a01c2b-cf66-4053-848c-9af10ef2ef81,A-25a01c,anti,T-009-02,🔴 異常系: 他ユーザーの申請詳細へのアクセス拒否,F-009,negative,1,blocked,0,0
25a01c2b-cf66-4053-848c-9af10ef2ef81,A-25a01c,anti,T-010-01,🟢 正常系: 課長による承認,F-010,normal,1,blocked,0,0
25a01c2b-cf66-4053-848c-9af10ef2ef81,A-25a01c,anti,T-010-02,🟢 正常系: 部長による承認,F-010,normal,1,blocked,0,0
25a01c2b-cf66-4053-848c-9af10ef2ef81,A-25a01c,anti,T-010-03,🔴 異常系: 承認権限のないユーザーによる承認不可,F-010,negative,1,blocked,0,0
25a01c2b-cf66-4053-848c-9af10ef2ef81,A-25a01c,anti,T-011-01,🟢 正常系: 差し戻し処理,F-011,normal,1,blocked,0,0
25a01c2b-cf66-4053-848c-9af10ef2ef81,A-25a01c,anti,T-011-02,🔴 異常系: 差し戻しコメント未入力エラー,F-011,negative,1,blocked,0,0
25a01c2b-cf66-4053-848c-9af10ef2ef81,A-25a01c,anti,T-012-01,🟢 正常系: 承認待ち申請の取り消し,F-012,normal,1,blocked,0,0
25a01c2b-cf66-4053-848c-9af10ef2ef81,A-25a01c,anti,T-012-02,🔴 異常系: 承認済み申請の取り消し不可,F-012,negative,1,blocked,0,0
25a01c2b-cf66-4053-848c-9af10ef2ef81,A-25a01c,anti,T-013-01,🟢 正常系: 差し戻し申請の再提出,F-013,normal,1,blocked,0,0
25a01c2b-cf66-4053-848c-9af10ef2ef81,A-25a01c,anti,T-013-02,🔴 異常系: 不正なステータス遷移,F-013,negative,1,blocked,0,0
25a01c2b-cf66-4053-848c-9af10ef2ef81,A-25a01c,anti,T-014-01,🟢 正常系: 申請提出時の承認者へのメール通知,F-014,normal,1,blocked,0,0
25a01c2b-cf66-4053-848c-9af10ef2ef81,A-25a01c,anti,T-014-02,🟢 正常系: 承認完了時の申請者へのメール通知,F-014,normal,1,blocked,0,0
25a01c2b-cf66-4053-848c-9af10ef2ef81,A-25a01c,anti,T-015-01,🟢 正常系: 承認履歴の表示,F-015,normal,1,blocked,0,0
25a01c2b-cf66-4053-848c-9af10ef2ef81,A-25a01c,anti,T-016-01,🟢 正常系: CSVエクスポート,F-016,normal,1,blocked,0,0
25a01c2b-cf66-4053-848c-9af10ef2ef81,A-25a01c,anti,T-016-02,🟢 正常系: 検索条件を絞り込んだCSVエクスポート,F-016,normal,1,blocked,0,0
25a01c2b-cf66-4053-848c-9af10ef2ef81,A-25a01c,anti,T-016-03,🔴 異常系: 一般ユーザーによるCSVエクスポート権限エラー,F-016,negative,1,blocked,0,0
25a01c2b-cf66-4053-848c-9af10ef2ef81,A-25a01c,anti,T-017-01,🟢 正常系: 一般ユーザーのダッシュボード表示,F-017,normal,1,blocked,0,0
25a01c2b-cf66-4053-848c-9af10ef2ef81,A-25a01c,anti,T-017-02,🟢 正常系: 課長のダッシュボード表示,F-017,normal,1,blocked,0,0
25a01c2b-cf66-4053-848c-9af10ef2ef81,A-25a01c,anti,T-018-01,🟢 正常系: ユーザー情報編集,F-018,normal,1,blocked,0,0
25a01c2b-cf66-4053-848c-9af10ef2ef81,A-25a01c,anti,T-018-02,🔴 異常系: 自分自身の無効化エラー,F-018,negative,1,blocked,0,0
25a01c2b-cf66-4053-848c-9af10ef2ef81,A-25a01c,anti,T-018-03,🔴 異常系: 一般ユーザーによるユーザー管理アクセス拒否,F-018,negative,1,blocked,0,0
25a01c2b-cf66-4053-848c-9af10ef2ef81,A-25a01c,anti,T-019-01,🟢 正常系: パスワード変更成功,F-019,normal,1,blocked,0,0
25a01c2b-cf66-4053-848c-9af10ef2ef81,A-25a01c,anti,T-019-02,🔴 異常系: 現在のパスワード不一致エラー,F-019,negative,1,blocked,0,0
25a01c2b-cf66-4053-848c-9af10ef2ef81,A-25a01c,anti,T-019-03,🔴 異常系: 同一パスワード設定エラー,F-019,negative,1,blocked,0,0
25a01c2b-cf66-4053-848c-9af10ef2ef81,A-25a01c,anti,T-020-01,🟢 正常系: システム設定の変更,F-020,normal,1,blocked,0,0
25a01c2b-cf66-4053-848c-9af10ef2ef81,A-25a01c,anti,T-020-02,🟢 正常系: SMTPテスト送信,F-020,normal,1,blocked,0,0
25a01c2b-cf66-4053-848c-9af10ef2ef81,A-25a01c,anti,T-020-03,🔴 異常系: セッションタイムアウト範囲外エラー,F-020,negative,1,blocked,0,0
25a01c2b-cf66-4053-848c-9af10ef2ef81,A-25a01c,anti,T-020-04,🔴 異常系: 一般ユーザーによるシステム設定アクセス拒否,F-020,negative,1,blocked,0,0
2645ec0d-e014-4d99-96ce-ec0b0dc714fb,N-2645ec,normal,T-001-01,🟢 正常系: ユーザー新規登録,F-001,normal,1,pass,1,1
2645ec0d-e014-4d99-96ce-ec0b0dc714fb,N-2645ec,normal,T-001-02,🔴 異常系: メールアドレス重複エラー,F-001,negative,1,pass,1,1
2645ec0d-e014-4d99-96ce-ec0b0dc714fb,N-2645ec,normal,T-001-03,🔴 異常系: パスワード強度不足エラー,F-001,negative,1,pass,1,1
2645ec0d-e014-4d99-96ce-ec0b0dc714fb,N-2645ec,normal,T-001-04,🔴 異常系: パスワード不一致エラー,F-001,negative,1,pass,1,1
2645ec0d-e014-4d99-96ce-ec0b0dc714fb,N-2645ec,normal,T-002-01,🟢 正常系: ログイン成功,F-002,normal,1,pass,1,1
2645ec0d-e014-4d99-96ce-ec0b0dc714fb,N-2645ec,normal,T-002-02,🟢 正常系: ログアウト成功,F-002,normal,1,fail,0,0
2645ec0d-e014-4d99-96ce-ec0b0dc714fb,N-2645ec,normal,T-002-03,🔴 異常系: 認証失敗,F-002,negative,1,pass,1,1
2645ec0d-e014-4d99-96ce-ec0b0dc714fb,N-2645ec,normal,T-002-04,🔴 異常系: アカウントロック,F-002,negative,1,pass,1,1
2645ec0d-e014-4d99-96ce-ec0b0dc714fb,N-2645ec,normal,T-003-01,🟢 正常系: 申請種別選択と入力フォーム表示,F-003,normal,1,pass,1,1
2645ec0d-e014-4d99-96ce-ec0b0dc714fb,N-2645ec,normal,T-003-02,🔴 異常系: 申請種別未選択エラー,F-003,negative,1,fail,0,0
2645ec0d-e014-4d99-96ce-ec0b0dc714fb,N-2645ec,normal,T-004-01,🟢 正常系: 申請内容の入力,F-004,normal,1,pass,1,1
2645ec0d-e014-4d99-96ce-ec0b0dc714fb,N-2645ec,normal,T-004-02,🔴 異常系: 申請金額範囲外エラー,F-004,negative,1,pass,1,1
2645ec0d-e014-4d99-96ce-ec0b0dc714fb,N-2645ec,normal,T-004-03,🔴 異常系: ファイルサイズ超過エラー,F-004,negative,1,fail,0,0
2645ec0d-e014-4d99-96ce-ec0b0dc714fb,N-2645ec,normal,T-005-01,🟢 正常系: 下書き保存,F-005,normal,1,pass,1,1
2645ec0d-e014-4d99-96ce-ec0b0dc714fb,N-2645ec,normal,T-005-02,🟢 正常系: 下書き再編集,F-005,normal,1,pass,1,1
2645ec0d-e014-4d99-96ce-ec0b0dc714fb,N-2645ec,normal,T-006-01,🟢 正常系: 申請提出（課長承認ルート）,F-006,normal,1,pass,1,1
2645ec0d-e014-4d99-96ce-ec0b0dc714fb,N-2645ec,normal,T-006-02,🟢 正常系: 申請提出（部長承認ルート）,F-006,normal,1,pass,1,1
2645ec0d-e014-4d99-96ce-ec0b0dc714fb,N-2645ec,normal,T-006-03,"🟡 境界値テスト: 承認ルート境界値（999,999円 → 課長）",F-006,boundary,1,pass,1,1
2645ec0d-e014-4d99-96ce-ec0b0dc714fb,N-2645ec,normal,T-006-04,"🟡 境界値テスト: 承認ルート境界値（1,000,000円 → 部長）",F-006,boundary,1,pass,1,1
2645ec0d-e014-4d99-96ce-ec0b0dc714fb,N-2645ec,normal,T-006-05,"🟡 境界値テスト: 承認ルート境界値（999,998円・1,000,001円）",F-006,boundary,2,pass,1,1
2645ec0d-e014-4d99-96ce-ec0b0dc714fb,N-2645ec,normal,T-006-06,🔴 異常系: 必須項目未入力での提出エラー,F-006,negative,1,pass,1,1
2645ec0d-e014-4d99-96ce-ec0b0dc714fb,N-2645ec,normal,T-007-01,🟢 正常系: 申請一覧表示（一般ユーザー）,F-007,normal,1,pass,1,1
2645ec0d-e014-4d99-96ce-ec0b0dc714fb,N-2645ec,normal,T-007-02,🟢 正常系: 申請一覧表示（課長）,F-007,normal,1,pass,1,1
2645ec0d-e014-4d99-96ce-ec0b0dc714fb,N-2645ec,normal,T-007-03,🟢 正常系: ページネーション,F-007,normal,1,fail,0,0
2645ec0d-e014-4d99-96ce-ec0b0dc714fb,N-2645ec,normal,T-008-01,🟢 正常系: キーワード検索,F-008,normal,1,pass,1,1
2645ec0d-e014-4d99-96ce-ec0b0dc714fb,N-2645ec,normal,T-008-02,🟢 正常系: ステータスで絞り込み,F-008,normal,1,pass,1,1
2645ec0d-e014-4d99-96ce-ec0b0dc714fb,N-2645ec,normal,T-008-03,🔴 異常系: 日付範囲不正エラー,F-008,negative,1,pass,1,1
2645ec0d-e014-4d99-96ce-ec0b0dc714fb,N-2645ec,normal,T-008-04,🟢 正常系: 検索結果0件,F-008,normal,1,pass,1,1
2645ec0d-e014-4d99-96ce-ec0b0dc714fb,N-2645ec,normal,T-009-01,🟢 正常系: 申請詳細表示（申請者本人）,F-009,normal,1,pass,1,1
2645ec0d-e014-4d99-96ce-ec0b0dc714fb,N-2645ec,normal,T-009-02,🔴 異常系: 他ユーザーの申請詳細へのアクセス拒否,F-009,negative,1,pass,1,1
2645ec0d-e014-4d99-96ce-ec0b0dc714fb,N-2645ec,normal,T-010-01,🟢 正常系: 課長による承認,F-010,normal,1,pass,1,1
2645ec0d-e014-4d99-96ce-ec0b0dc714fb,N-2645ec,normal,T-010-02,🟢 正常系: 部長による承認,F-010,normal,1,pass,1,1
2645ec0d-e014-4d99-96ce-ec0b0dc714fb,N-2645ec,normal,T-010-03,🔴 異常系: 承認権限のないユーザーによる承認不可,F-010,negative,1,pass,1,1
2645ec0d-e014-4d99-96ce-ec0b0dc714fb,N-2645ec,normal,T-011-01,🟢 正常系: 差し戻し処理,F-011,normal,1,pass,1,1
2645ec0d-e014-4d99-96ce-ec0b0dc714fb,N-2645ec,normal,T-011-02,🔴 異常系: 差し戻しコメント未入力エラー,F-011,negative,1,pass,1,1
2645ec0d-e014-4d99-96ce-ec0b0dc714fb,N-2645ec,normal,T-012-01,🟢 正常系: 承認待ち申請の取り消し,F-012,normal,1,pass,1,1
2645ec0d-e014-4d99-96ce-ec0b0dc714fb,N-2645ec,normal,T-012-02,🔴 異常系: 承認済み申請の取り消し不可,F-012,negative,1,pass,1,1
2645ec0d-e014-4d99-96ce-ec0b0dc714fb,N-2645ec,normal,T-013-01,🟢 正常系: 差し戻し申請の再提出,F-013,normal,1,fail,0,0
2645ec0d-e014-4d99-96ce-ec0b0dc714fb,N-2645ec,normal,T-013-02,🔴 異常系: 不正なステータス遷移,F-013,negative,1,pass,1,1
2645ec0d-e014-4d99-96ce-ec0b0dc714fb,N-2645ec,normal,T-014-01,🟢 正常系: 申請提出時の承認者へのメール通知,F-014,normal,1,pass,1,1
2645ec0d-e014-4d99-96ce-ec0b0dc714fb,N-2645ec,normal,T-014-02,🟢 正常系: 承認完了時の申請者へのメール通知,F-014,normal,1,pass,1,1
2645ec0d-e014-4d99-96ce-ec0b0dc714fb,N-2645ec,normal,T-015-01,🟢 正常系: 承認履歴の表示,F-015,normal,1,fail,0,0
2645ec0d-e014-4d99-96ce-ec0b0dc714fb,N-2645ec,normal,T-016-01,🟢 正常系: CSVエクスポート,F-016,normal,1,fail,0,0
2645ec0d-e014-4d99-96ce-ec0b0dc714fb,N-2645ec,normal,T-016-02,🟢 正常系: 検索条件を絞り込んだCSVエクスポート,F-016,normal,1,pass,1,1
2645ec0d-e014-4d99-96ce-ec0b0dc714fb,N-2645ec,normal,T-016-03,🔴 異常系: 一般ユーザーによるCSVエクスポート権限エラー,F-016,negative,1,pass,1,1
2645ec0d-e014-4d99-96ce-ec0b0dc714fb,N-2645ec,normal,T-017-01,🟢 正常系: 一般ユーザーのダッシュボード表示,F-017,normal,1,pass,1,1
2645ec0d-e014-4d99-96ce-ec0b0dc714fb,N-2645ec,normal,T-017-02,🟢 正常系: 課長のダッシュボード表示,F-017,normal,1,pass,1,1
2645ec0d-e014-4d99-96ce-ec0b0dc714fb,N-2645ec,normal,T-018-01,🟢 正常系: ユーザー情報編集,F-018,normal,1,pass,1,1
2645ec0d-e014-4d99-96ce-ec0b0dc714fb,N-2645ec,normal,T-018-02,🔴 異常系: 自分自身の無効化エラー,F-018,negative,1,pass,1,1
2645ec0d-e014-4d99-96ce-ec0b0dc714fb,N-2645ec,normal,T-018-03,🔴 異常系: 一般ユーザーによるユーザー管理アクセス拒否,F-018,negative,1,pass,1,1
2645ec0d-e014-4d99-96ce-ec0b0dc714fb,N-2645ec,normal,T-019-01,🟢 正常系: パスワード変更成功,F-019,normal,1,fail,0,0
2645ec0d-e014-4d99-96ce-ec0b0dc714fb,N-2645ec,normal,T-019-02,🔴 異常系: 現在のパスワード不一致エラー,F-019,negative,1,pass,1,1
2645ec0d-e014-4d99-96ce-ec0b0dc714fb,N-2645ec,normal,T-019-03,🔴 異常系: 同一パスワード設定エラー,F-019,negative,1,pass,1,1
2645ec0d-e014-4d99-96ce-ec0b0dc714fb,N-2645ec,normal,T-020-01,🟢 正常系: システム設定の変更,F-020,normal,1,fail,0,0
2645ec0d-e014-4d99-96ce-ec0b0dc714fb,N-2645ec,normal,T-020-02,🟢 正常系: SMTPテスト送信,F-020,normal,1,pass,1,1
2645ec0d-e014-4d99-96ce-ec0b0dc714fb,N-2645ec,normal,T-020-03,🔴 異常系: セッションタイムアウト範囲外エラー,F-020,negative,1,fail,0,0
2645ec0d-e014-4d99-96ce-ec0b0dc714fb,N-2645ec,normal,T-020-04,🔴 異常系: 一般ユーザーによるシステム設定アクセス拒否,F-020,negative,1,pass,1,1
3528ca0e-fdcd-49f7-bedd-4e4826f9c3fd,A-3528ca,anti,T-001-01,🟢 正常系: ユーザー新規登録,F-001,normal,1,pass,1,1
3528ca0e-fdcd-49f7-bedd-4e4826f9c3fd,A-3528ca,anti,T-001-02,🔴 異常系: メールアドレス重複エラー,F-001,negative,1,pass,1,1
3528ca0e-fdcd-49f7-bedd-4e4826f9c3fd,A-3528ca,anti,T-001-03,🔴 異常系: パスワード強度不足エラー,F-001,negative,1,pass,1,1
3528ca0e-fdcd-49f7-bedd-4e4826f9c3fd,A-3528ca,anti,T-001-04,🔴 異常系: パスワード不一致エラー,F-001,negative,1,pass,1,1
3528ca0e-fdcd-49f7-bedd-4e4826f9c3fd,A-3528ca,anti,T-002-01,🟢 正常系: ログイン成功,F-002,normal,1,pass,1,1
3528ca0e-fdcd-49f7-bedd-4e4826f9c3fd,A-3528ca,anti,T-002-02,🟢 正常系: ログアウト成功,F-002,normal,1,fail,0,0
3528ca0e-fdcd-49f7-bedd-4e4826f9c3fd,A-3528ca,anti,T-002-03,🔴 異常系: 認証失敗,F-002,negative,1,pass,1,1
3528ca0e-fdcd-49f7-bedd-4e4826f9c3fd,A-3528ca,anti,T-002-04,🔴 異常系: アカウントロック,F-002,negative,1,pass,1,1
3528ca0e-fdcd-49f7-bedd-4e4826f9c3fd,A-3528ca,anti,T-003-01,🟢 正常系: 申請種別選択と入力フォーム表示,F-003,normal,1,pass,1,1
3528ca0e-fdcd-49f7-bedd-4e4826f9c3fd,A-3528ca,anti,T-003-02,🔴 異常系: 申請種別未選択エラー,F-003,negative,1,pass,1,1
3528ca0e-fdcd-49f7-bedd-4e4826f9c3fd,A-3528ca,anti,T-004-01,🟢 正常系: 申請内容の入力,F-004,normal,1,pass,1,1
3528ca0e-fdcd-49f7-bedd-4e4826f9c3fd,A-3528ca,anti,T-004-02,🔴 異常系: 申請金額範囲外エラー,F-004,negative,1,fail,0,0
3528ca0e-fdcd-49f7-bedd-4e4826f9c3fd,A-3528ca,anti,T-004-03,🔴 異常系: ファイルサイズ超過エラー,F-004,negative,1,fail,0,0
3528ca0e-fdcd-49f7-bedd-4e4826f9c3fd,A-3528ca,anti,T-005-01,🟢 正常系: 下書き保存,F-005,normal,1,pass,1,1
3528ca0e-fdcd-49f7-bedd-4e4826f9c3fd,A-3528ca,anti,T-005-02,🟢 正常系: 下書き再編集,F-005,normal,1,pass,1,1
3528ca0e-fdcd-49f7-bedd-4e4826f9c3fd,A-3528ca,anti,T-006-01,🟢 正常系: 申請提出（課長承認ルート）,F-006,normal,1,fail,0,0
3528ca0e-fdcd-49f7-bedd-4e4826f9c3fd,A-3528ca,anti,T-006-02,🟢 正常系: 申請提出（部長承認ルート）,F-006,normal,1,pass,1,1
3528ca0e-fdcd-49f7-bedd-4e4826f9c3fd,A-3528ca,anti,T-006-03,"🟡 境界値テスト: 承認ルート境界値（999,999円 → 課長）",F-006,boundary,1,fail,0,0
3528ca0e-fdcd-49f7-bedd-4e4826f9c3fd,A-3528ca,anti,T-006-04,"🟡 境界値テスト: 承認ルート境界値（1,000,000円 → 部長）",F-006,boundary,1,pass,1,1
3528ca0e-fdcd-49f7-bedd-4e4826f9c3fd,A-3528ca,anti,T-006-05,"🟡 境界値テスト: 承認ルート境界値（999,998円・1,000,001円）",F-006,boundary,2,fail,0,0
3528ca0e-fdcd-49f7-bedd-4e4826f9c3fd,A-3528ca,anti,T-006-06,🔴 異常系: 必須項目未入力での提出エラー,F-006,negative,1,pass,1,1
3528ca0e-fdcd-49f7-bedd-4e4826f9c3fd,A-3528ca,anti,T-007-01,🟢 正常系: 申請一覧表示（一般ユーザー）,F-007,normal,1,pass,1,1
3528ca0e-fdcd-49f7-bedd-4e4826f9c3fd,A-3528ca,anti,T-007-02,🟢 正常系: 申請一覧表示（課長）,F-007,normal,1,pass,1,1
3528ca0e-fdcd-49f7-bedd-4e4826f9c3fd,A-3528ca,anti,T-007-03,🟢 正常系: ページネーション,F-007,normal,1,pass,1,1
3528ca0e-fdcd-49f7-bedd-4e4826f9c3fd,A-3528ca,anti,T-008-01,🟢 正常系: キーワード検索,F-008,normal,1,pass,1,1
3528ca0e-fdcd-49f7-bedd-4e4826f9c3fd,A-3528ca,anti,T-008-02,🟢 正常系: ステータスで絞り込み,F-008,normal,1,pass,1,1
3528ca0e-fdcd-49f7-bedd-4e4826f9c3fd,A-3528ca,anti,T-008-03,🔴 異常系: 日付範囲不正エラー,F-008,negative,1,pass,1,1
3528ca0e-fdcd-49f7-bedd-4e4826f9c3fd,A-3528ca,anti,T-008-04,🟢 正常系: 検索結果0件,F-008,normal,1,pass,1,1
3528ca0e-fdcd-49f7-bedd-4e4826f9c3fd,A-3528ca,anti,T-009-01,🟢 正常系: 申請詳細表示（申請者本人）,F-009,normal,1,pass,1,1
3528ca0e-fdcd-49f7-bedd-4e4826f9c3fd,A-3528ca,anti,T-009-02,🔴 異常系: 他ユーザーの申請詳細へのアクセス拒否,F-009,negative,1,pass,1,1
3528ca0e-fdcd-49f7-bedd-4e4826f9c3fd,A-3528ca,anti,T-010-01,🟢 正常系: 課長による承認,F-010,normal,1,fail,0,0
3528ca0e-fdcd-49f7-bedd-4e4826f9c3fd,A-3528ca,anti,T-010-02,🟢 正常系: 部長による承認,F-010,normal,1,pass,1,1
3528ca0e-fdcd-49f7-bedd-4e4826f9c3fd,A-3528ca,anti,T-010-03,🔴 異常系: 承認権限のないユーザーによる承認不可,F-010,negative,1,pass,1,1
3528ca0e-fdcd-49f7-bedd-4e4826f9c3fd,A-3528ca,anti,T-011-01,🟢 正常系: 差し戻し処理,F-011,normal,1,fail,0,0
3528ca0e-fdcd-49f7-bedd-4e4826f9c3fd,A-3528ca,anti,T-011-02,🔴 異常系: 差し戻しコメント未入力エラー,F-011,negative,1,fail,0,0
3528ca0e-fdcd-49f7-bedd-4e4826f9c3fd,A-3528ca,anti,T-012-01,🟢 正常系: 承認待ち申請の取り消し,F-012,normal,1,fail,0,0
3528ca0e-fdcd-49f7-bedd-4e4826f9c3fd,A-3528ca,anti,T-012-02,🔴 異常系: 承認済み申請の取り消し不可,F-012,negative,1,fail,0,0
3528ca0e-fdcd-49f7-bedd-4e4826f9c3fd,A-3528ca,anti,T-013-01,🟢 正常系: 差し戻し申請の再提出,F-013,normal,1,fail,0,0
3528ca0e-fdcd-49f7-bedd-4e4826f9c3fd,A-3528ca,anti,T-013-02,🔴 異常系: 不正なステータス遷移,F-013,negative,1,fail,0,0
3528ca0e-fdcd-49f7-bedd-4e4826f9c3fd,A-3528ca,anti,T-014-01,🟢 正常系: 申請提出時の承認者へのメール通知,F-014,normal,1,fail,0,0
3528ca0e-fdcd-49f7-bedd-4e4826f9c3fd,A-3528ca,anti,T-014-02,🟢 正常系: 承認完了時の申請者へのメール通知,F-014,normal,1,fail,0,0
3528ca0e-fdcd-49f7-bedd-4e4826f9c3fd,A-3528ca,anti,T-015-01,🟢 正常系: 承認履歴の表示,F-015,normal,1,fail,0,0
3528ca0e-fdcd-49f7-bedd-4e4826f9c3fd,A-3528ca,anti,T-016-01,🟢 正常系: CSVエクスポート,F-016,normal,1,fail,0,0
3528ca0e-fdcd-49f7-bedd-4e4826f9c3fd,A-3528ca,anti,T-016-02,🟢 正常系: 検索条件を絞り込んだCSVエクスポート,F-016,normal,1,pass,1,1
3528ca0e-fdcd-49f7-bedd-4e4826f9c3fd,A-3528ca,anti,T-016-03,🔴 異常系: 一般ユーザーによるCSVエクスポート権限エラー,F-016,negative,1,pass,1,1
3528ca0e-fdcd-49f7-bedd-4e4826f9c3fd,A-3528ca,anti,T-017-01,🟢 正常系: 一般ユーザーのダッシュボード表示,F-017,normal,1,pass,1,1
3528ca0e-fdcd-49f7-bedd-4e4826f9c3fd,A-3528ca,anti,T-017-02,🟢 正常系: 課長のダッシュボード表示,F-017,normal,1,pass,1,1
3528ca0e-fdcd-49f7-bedd-4e4826f9c3fd,A-3528ca,anti,T-018-01,🟢 正常系: ユーザー情報編集,F-018,normal,1,pass,1,1
3528ca0e-fdcd-49f7-bedd-4e4826f9c3fd,A-3528ca,anti,T-018-02,🔴 異常系: 自分自身の無効化エラー,F-018,negative,1,pass,1,1
3528ca0e-fdcd-49f7-bedd-4e4826f9c3fd,A-3528ca,anti,T-018-03,🔴 異常系: 一般ユーザーによるユーザー管理アクセス拒否,F-018,negative,1,pass,1,1
3528ca0e-fdcd-49f7-bedd-4e4826f9c3fd,A-3528ca,anti,T-019-01,🟢 正常系: パスワード変更成功,F-019,normal,1,fail,0,0
3528ca0e-fdcd-49f7-bedd-4e4826f9c3fd,A-3528ca,anti,T-019-02,🔴 異常系: 現在のパスワード不一致エラー,F-019,negative,1,pass,1,1
3528ca0e-fdcd-49f7-bedd-4e4826f9c3fd,A-3528ca,anti,T-019-03,🔴 異常系: 同一パスワード設定エラー,F-019,negative,1,pass,1,1
3528ca0e-fdcd-49f7-bedd-4e4826f9c3fd,A-3528ca,anti,T-020-01,🟢 正常系: システム設定の変更,F-020,normal,1,pass,1,1
3528ca0e-fdcd-49f7-bedd-4e4826f9c3fd,A-3528ca,anti,T-020-02,🟢 正常系: SMTPテスト送信,F-020,normal,1,pass,1,1
3528ca0e-fdcd-49f7-bedd-4e4826f9c3fd,A-3528ca,anti,T-020-03,🔴 異常系: セッションタイムアウト範囲外エラー,F-020,negative,1,pass,1,1
3528ca0e-fdcd-49f7-bedd-4e4826f9c3fd,A-3528ca,anti,T-020-04,🔴 異常系: 一般ユーザーによるシステム設定アクセス拒否,F-020,negative,1,pass,1,1
38fba73c-e82c-49e2-9dd4-3fca7d63bdfd,A-38fba7,anti,T-001-01,🟢 正常系: ユーザー新規登録,F-001,normal,1,blocked,0,0
38fba73c-e82c-49e2-9dd4-3fca7d63bdfd,A-38fba7,anti,T-001-02,🔴 異常系: メールアドレス重複エラー,F-001,negative,1,blocked,0,0
38fba73c-e82c-49e2-9dd4-3fca7d63bdfd,A-38fba7,anti,T-001-03,🔴 異常系: パスワード強度不足エラー,F-001,negative,1,pass,1,1
38fba73c-e82c-49e2-9dd4-3fca7d63bdfd,A-38fba7,anti,T-001-04,🔴 異常系: パスワード不一致エラー,F-001,negative,1,pass,1,1
38fba73c-e82c-49e2-9dd4-3fca7d63bdfd,A-38fba7,anti,T-002-01,🟢 正常系: ログイン成功,F-002,normal,1,fail,0,0
38fba73c-e82c-49e2-9dd4-3fca7d63bdfd,A-38fba7,anti,T-002-02,🟢 正常系: ログアウト成功,F-002,normal,1,blocked,0,0
38fba73c-e82c-49e2-9dd4-3fca7d63bdfd,A-38fba7,anti,T-002-03,🔴 異常系: 認証失敗,F-002,negative,1,blocked,0,0
38fba73c-e82c-49e2-9dd4-3fca7d63bdfd,A-38fba7,anti,T-002-04,🔴 異常系: アカウントロック,F-002,negative,1,pass,1,1
38fba73c-e82c-49e2-9dd4-3fca7d63bdfd,A-38fba7,anti,T-003-01,🟢 正常系: 申請種別選択と入力フォーム表示,F-003,normal,1,blocked,0,0
38fba73c-e82c-49e2-9dd4-3fca7d63bdfd,A-38fba7,anti,T-003-02,🔴 異常系: 申請種別未選択エラー,F-003,negative,1,blocked,0,0
38fba73c-e82c-49e2-9dd4-3fca7d63bdfd,A-38fba7,anti,T-004-01,🟢 正常系: 申請内容の入力,F-004,normal,1,blocked,0,0
38fba73c-e82c-49e2-9dd4-3fca7d63bdfd,A-38fba7,anti,T-004-02,🔴 異常系: 申請金額範囲外エラー,F-004,negative,1,blocked,0,0
38fba73c-e82c-49e2-9dd4-3fca7d63bdfd,A-38fba7,anti,T-004-03,🔴 異常系: ファイルサイズ超過エラー,F-004,negative,1,blocked,0,0
38fba73c-e82c-49e2-9dd4-3fca7d63bdfd,A-38fba7,anti,T-005-01,🟢 正常系: 下書き保存,F-005,normal,1,blocked,0,0
38fba73c-e82c-49e2-9dd4-3fca7d63bdfd,A-38fba7,anti,T-005-02,🟢 正常系: 下書き再編集,F-005,normal,1,blocked,0,0
38fba73c-e82c-49e2-9dd4-3fca7d63bdfd,A-38fba7,anti,T-006-01,🟢 正常系: 申請提出（課長承認ルート）,F-006,normal,1,blocked,0,0
38fba73c-e82c-49e2-9dd4-3fca7d63bdfd,A-38fba7,anti,T-006-02,🟢 正常系: 申請提出（部長承認ルート）,F-006,normal,1,blocked,0,0
38fba73c-e82c-49e2-9dd4-3fca7d63bdfd,A-38fba7,anti,T-006-03,"🟡 境界値テスト: 承認ルート境界値（999,999円 → 課長）",F-006,boundary,1,blocked,0,0
38fba73c-e82c-49e2-9dd4-3fca7d63bdfd,A-38fba7,anti,T-006-04,"🟡 境界値テスト: 承認ルート境界値（1,000,000円 → 部長）",F-006,boundary,1,blocked,0,0
38fba73c-e82c-49e2-9dd4-3fca7d63bdfd,A-38fba7,anti,T-006-05,"🟡 境界値テスト: 承認ルート境界値（999,998円・1,000,001円）",F-006,boundary,2,blocked,0,0
38fba73c-e82c-49e2-9dd4-3fca7d63bdfd,A-38fba7,anti,T-006-06,🔴 異常系: 必須項目未入力での提出エラー,F-006,negative,1,blocked,0,0
38fba73c-e82c-49e2-9dd4-3fca7d63bdfd,A-38fba7,anti,T-007-01,🟢 正常系: 申請一覧表示（一般ユーザー）,F-007,normal,1,blocked,0,0
38fba73c-e82c-49e2-9dd4-3fca7d63bdfd,A-38fba7,anti,T-007-02,🟢 正常系: 申請一覧表示（課長）,F-007,normal,1,blocked,0,0
38fba73c-e82c-49e2-9dd4-3fca7d63bdfd,A-38fba7,anti,T-007-03,🟢 正常系: ページネーション,F-007,normal,1,blocked,0,0
38fba73c-e82c-49e2-9dd4-3fca7d63bdfd,A-38fba7,anti,T-008-01,🟢 正常系: キーワード検索,F-008,normal,1,blocked,0,0
38fba73c-e82c-49e2-9dd4-3fca7d63bdfd,A-38fba7,anti,T-008-02,🟢 正常系: ステータスで絞り込み,F-008,normal,1,blocked,0,0
38fba73c-e82c-49e2-9dd4-3fca7d63bdfd,A-38fba7,anti,T-008-03,🔴 異常系: 日付範囲不正エラー,F-008,negative,1,blocked,0,0
38fba73c-e82c-49e2-9dd4-3fca7d63bdfd,A-38fba7,anti,T-008-04,🟢 正常系: 検索結果0件,F-008,normal,1,blocked,0,0
38fba73c-e82c-49e2-9dd4-3fca7d63bdfd,A-38fba7,anti,T-009-01,🟢 正常系: 申請詳細表示（申請者本人）,F-009,normal,1,blocked,0,0
38fba73c-e82c-49e2-9dd4-3fca7d63bdfd,A-38fba7,anti,T-009-02,🔴 異常系: 他ユーザーの申請詳細へのアクセス拒否,F-009,negative,1,blocked,0,0
38fba73c-e82c-49e2-9dd4-3fca7d63bdfd,A-38fba7,anti,T-010-01,🟢 正常系: 課長による承認,F-010,normal,1,blocked,0,0
38fba73c-e82c-49e2-9dd4-3fca7d63bdfd,A-38fba7,anti,T-010-02,🟢 正常系: 部長による承認,F-010,normal,1,blocked,0,0
38fba73c-e82c-49e2-9dd4-3fca7d63bdfd,A-38fba7,anti,T-010-03,🔴 異常系: 承認権限のないユーザーによる承認不可,F-010,negative,1,blocked,0,0
38fba73c-e82c-49e2-9dd4-3fca7d63bdfd,A-38fba7,anti,T-011-01,🟢 正常系: 差し戻し処理,F-011,normal,1,blocked,0,0
38fba73c-e82c-49e2-9dd4-3fca7d63bdfd,A-38fba7,anti,T-011-02,🔴 異常系: 差し戻しコメント未入力エラー,F-011,negative,1,blocked,0,0
38fba73c-e82c-49e2-9dd4-3fca7d63bdfd,A-38fba7,anti,T-012-01,🟢 正常系: 承認待ち申請の取り消し,F-012,normal,1,blocked,0,0
38fba73c-e82c-49e2-9dd4-3fca7d63bdfd,A-38fba7,anti,T-012-02,🔴 異常系: 承認済み申請の取り消し不可,F-012,negative,1,blocked,0,0
38fba73c-e82c-49e2-9dd4-3fca7d63bdfd,A-38fba7,anti,T-013-01,🟢 正常系: 差し戻し申請の再提出,F-013,normal,1,blocked,0,0
38fba73c-e82c-49e2-9dd4-3fca7d63bdfd,A-38fba7,anti,T-013-02,🔴 異常系: 不正なステータス遷移,F-013,negative,1,blocked,0,0
38fba73c-e82c-49e2-9dd4-3fca7d63bdfd,A-38fba7,anti,T-014-01,🟢 正常系: 申請提出時の承認者へのメール通知,F-014,normal,1,blocked,0,0
38fba73c-e82c-49e2-9dd4-3fca7d63bdfd,A-38fba7,anti,T-014-02,🟢 正常系: 承認完了時の申請者へのメール通知,F-014,normal,1,blocked,0,0
38fba73c-e82c-49e2-9dd4-3fca7d63bdfd,A-38fba7,anti,T-015-01,🟢 正常系: 承認履歴の表示,F-015,normal,1,blocked,0,0
38fba73c-e82c-49e2-9dd4-3fca7d63bdfd,A-38fba7,anti,T-016-01,🟢 正常系: CSVエクスポート,F-016,normal,1,blocked,0,0
38fba73c-e82c-49e2-9dd4-3fca7d63bdfd,A-38fba7,anti,T-016-02,🟢 正常系: 検索条件を絞り込んだCSVエクスポート,F-016,normal,1,blocked,0,0
38fba73c-e82c-49e2-9dd4-3fca7d63bdfd,A-38fba7,anti,T-016-03,🔴 異常系: 一般ユーザーによるCSVエクスポート権限エラー,F-016,negative,1,blocked,0,0
38fba73c-e82c-49e2-9dd4-3fca7d63bdfd,A-38fba7,anti,T-017-01,🟢 正常系: 一般ユーザーのダッシュボード表示,F-017,normal,1,blocked,0,0
38fba73c-e82c-49e2-9dd4-3fca7d63bdfd,A-38fba7,anti,T-017-02,🟢 正常系: 課長のダッシュボード表示,F-017,normal,1,blocked,0,0
38fba73c-e82c-49e2-9dd4-3fca7d63bdfd,A-38fba7,anti,T-018-01,🟢 正常系: ユーザー情報編集,F-018,normal,1,blocked,0,0
38fba73c-e82c-49e2-9dd4-3fca7d63bdfd,A-38fba7,anti,T-018-02,🔴 異常系: 自分自身の無効化エラー,F-018,negative,1,blocked,0,0
38fba73c-e82c-49e2-9dd4-3fca7d63bdfd,A-38fba7,anti,T-018-03,🔴 異常系: 一般ユーザーによるユーザー管理アクセス拒否,F-018,negative,1,blocked,0,0
38fba73c-e82c-49e2-9dd4-3fca7d63bdfd,A-38fba7,anti,T-019-01,🟢 正常系: パスワード変更成功,F-019,normal,1,blocked,0,0
38fba73c-e82c-49e2-9dd4-3fca7d63bdfd,A-38fba7,anti,T-019-02,🔴 異常系: 現在のパスワード不一致エラー,F-019,negative,1,blocked,0,0
38fba73c-e82c-49e2-9dd4-3fca7d63bdfd,A-38fba7,anti,T-019-03,🔴 異常系: 同一パスワード設定エラー,F-019,negative,1,blocked,0,0
38fba73c-e82c-49e2-9dd4-3fca7d63bdfd,A-38fba7,anti,T-020-01,🟢 正常系: システム設定の変更,F-020,normal,1,blocked,0,0
38fba73c-e82c-49e2-9dd4-3fca7d63bdfd,A-38fba7,anti,T-020-02,🟢 正常系: SMTPテスト送信,F-020,normal,1,blocked,0,0
38fba73c-e82c-49e2-9dd4-3fca7d63bdfd,A-38fba7,anti,T-020-03,🔴 異常系: セッションタイムアウト範囲外エラー,F-020,negative,1,blocked,0,0
38fba73c-e82c-49e2-9dd4-3fca7d63bdfd,A-38fba7,anti,T-020-04,🔴 異常系: 一般ユーザーによるシステム設定アクセス拒否,F-020,negative,1,blocked,0,0
41824f90-f8f8-45bc-b801-1762e265cd0f,A-41824f,anti,T-001-01,🟢 正常系: ユーザー新規登録,F-001,normal,1,pass,1,1
41824f90-f8f8-45bc-b801-1762e265cd0f,A-41824f,anti,T-001-02,🔴 異常系: メールアドレス重複エラー,F-001,negative,1,pass,1,1
41824f90-f8f8-45bc-b801-1762e265cd0f,A-41824f,anti,T-001-03,🔴 異常系: パスワード強度不足エラー,F-001,negative,1,pass,1,1
41824f90-f8f8-45bc-b801-1762e265cd0f,A-41824f,anti,T-001-04,🔴 異常系: パスワード不一致エラー,F-001,negative,1,pass,1,1
41824f90-f8f8-45bc-b801-1762e265cd0f,A-41824f,anti,T-002-01,🟢 正常系: ログイン成功,F-002,normal,1,pass,1,1
41824f90-f8f8-45bc-b801-1762e265cd0f,A-41824f,anti,T-002-02,🟢 正常系: ログアウト成功,F-002,normal,1,fail,0,0
41824f90-f8f8-45bc-b801-1762e265cd0f,A-41824f,anti,T-002-03,🔴 異常系: 認証失敗,F-002,negative,1,pass,1,1
41824f90-f8f8-45bc-b801-1762e265cd0f,A-41824f,anti,T-002-04,🔴 異常系: アカウントロック,F-002,negative,1,pass,1,1
41824f90-f8f8-45bc-b801-1762e265cd0f,A-41824f,anti,T-003-01,🟢 正常系: 申請種別選択と入力フォーム表示,F-003,normal,1,pass,1,1
41824f90-f8f8-45bc-b801-1762e265cd0f,A-41824f,anti,T-003-02,🔴 異常系: 申請種別未選択エラー,F-003,negative,1,pass,1,1
41824f90-f8f8-45bc-b801-1762e265cd0f,A-41824f,anti,T-004-01,🟢 正常系: 申請内容の入力,F-004,normal,1,fail,0,0
41824f90-f8f8-45bc-b801-1762e265cd0f,A-41824f,anti,T-004-02,🔴 異常系: 申請金額範囲外エラー,F-004,negative,1,pass,1,1
41824f90-f8f8-45bc-b801-1762e265cd0f,A-41824f,anti,T-004-03,🔴 異常系: ファイルサイズ超過エラー,F-004,negative,1,fail,0,0
41824f90-f8f8-45bc-b801-1762e265cd0f,A-41824f,anti,T-005-01,🟢 正常系: 下書き保存,F-005,normal,1,fail,0,0
41824f90-f8f8-45bc-b801-1762e265cd0f,A-41824f,anti,T-005-02,🟢 正常系: 下書き再編集,F-005,normal,1,fail,0,0
41824f90-f8f8-45bc-b801-1762e265cd0f,A-41824f,anti,T-006-01,🟢 正常系: 申請提出（課長承認ルート）,F-006,normal,1,fail,0,0
41824f90-f8f8-45bc-b801-1762e265cd0f,A-41824f,anti,T-006-02,🟢 正常系: 申請提出（部長承認ルート）,F-006,normal,1,pass,1,1
41824f90-f8f8-45bc-b801-1762e265cd0f,A-41824f,anti,T-006-03,"🟡 境界値テスト: 承認ルート境界値（999,999円 → 課長）",F-006,boundary,1,fail,0,0
41824f90-f8f8-45bc-b801-1762e265cd0f,A-41824f,anti,T-006-04,"🟡 境界値テスト: 承認ルート境界値（1,000,000円 → 部長）",F-006,boundary,1,pass,1,1
41824f90-f8f8-45bc-b801-1762e265cd0f,A-41824f,anti,T-006-05,"🟡 境界値テスト: 承認ルート境界値（999,998円・1,000,001円）",F-006,boundary,2,fail,0,0
41824f90-f8f8-45bc-b801-1762e265cd0f,A-41824f,anti,T-006-06,🔴 異常系: 必須項目未入力での提出エラー,F-006,negative,1,pass,1,1
41824f90-f8f8-45bc-b801-1762e265cd0f,A-41824f,anti,T-007-01,🟢 正常系: 申請一覧表示（一般ユーザー）,F-007,normal,1,pass,1,1
41824f90-f8f8-45bc-b801-1762e265cd0f,A-41824f,anti,T-007-02,🟢 正常系: 申請一覧表示（課長）,F-007,normal,1,pass,1,1
41824f90-f8f8-45bc-b801-1762e265cd0f,A-41824f,anti,T-007-03,🟢 正常系: ページネーション,F-007,normal,1,fail,0,0
41824f90-f8f8-45bc-b801-1762e265cd0f,A-41824f,anti,T-008-01,🟢 正常系: キーワード検索,F-008,normal,1,pass,1,1
41824f90-f8f8-45bc-b801-1762e265cd0f,A-41824f,anti,T-008-02,🟢 正常系: ステータスで絞り込み,F-008,normal,1,pass,1,1
41824f90-f8f8-45bc-b801-1762e265cd0f,A-41824f,anti,T-008-03,🔴 異常系: 日付範囲不正エラー,F-008,negative,1,pass,1,1
41824f90-f8f8-45bc-b801-1762e265cd0f,A-41824f,anti,T-008-04,🟢 正常系: 検索結果0件,F-008,normal,1,pass,1,1
41824f90-f8f8-45bc-b801-1762e265cd0f,A-41824f,anti,T-009-01,🟢 正常系: 申請詳細表示（申請者本人）,F-009,normal,1,pass,1,1
41824f90-f8f8-45bc-b801-1762e265cd0f,A-41824f,anti,T-009-02,🔴 異常系: 他ユーザーの申請詳細へのアクセス拒否,F-009,negative,1,pass,1,1
41824f90-f8f8-45bc-b801-1762e265cd0f,A-41824f,anti,T-010-01,🟢 正常系: 課長による承認,F-010,normal,1,fail,0,0
41824f90-f8f8-45bc-b801-1762e265cd0f,A-41824f,anti,T-010-02,🟢 正常系: 部長による承認,F-010,normal,1,pass,1,1
41824f90-f8f8-45bc-b801-1762e265cd0f,A-41824f,anti,T-010-03,🔴 異常系: 承認権限のないユーザーによる承認不可,F-010,negative,1,pass,1,1
41824f90-f8f8-45bc-b801-1762e265cd0f,A-41824f,anti,T-011-01,🟢 正常系: 差し戻し処理,F-011,normal,1,fail,0,0
41824f90-f8f8-45bc-b801-1762e265cd0f,A-41824f,anti,T-011-02,🔴 異常系: 差し戻しコメント未入力エラー,F-011,negative,1,fail,0,0
41824f90-f8f8-45bc-b801-1762e265cd0f,A-41824f,anti,T-012-01,🟢 正常系: 承認待ち申請の取り消し,F-012,normal,1,fail,0,0
41824f90-f8f8-45bc-b801-1762e265cd0f,A-41824f,anti,T-012-02,🔴 異常系: 承認済み申請の取り消し不可,F-012,negative,1,fail,0,0
41824f90-f8f8-45bc-b801-1762e265cd0f,A-41824f,anti,T-013-01,🟢 正常系: 差し戻し申請の再提出,F-013,normal,1,fail,0,0
41824f90-f8f8-45bc-b801-1762e265cd0f,A-41824f,anti,T-013-02,🔴 異常系: 不正なステータス遷移,F-013,negative,1,fail,0,0
41824f90-f8f8-45bc-b801-1762e265cd0f,A-41824f,anti,T-014-01,🟢 正常系: 申請提出時の承認者へのメール通知,F-014,normal,1,fail,0,0
41824f90-f8f8-45bc-b801-1762e265cd0f,A-41824f,anti,T-014-02,🟢 正常系: 承認完了時の申請者へのメール通知,F-014,normal,1,fail,0,0
41824f90-f8f8-45bc-b801-1762e265cd0f,A-41824f,anti,T-015-01,🟢 正常系: 承認履歴の表示,F-015,normal,1,fail,0,0
41824f90-f8f8-45bc-b801-1762e265cd0f,A-41824f,anti,T-016-01,🟢 正常系: CSVエクスポート,F-016,normal,1,fail,0,0
41824f90-f8f8-45bc-b801-1762e265cd0f,A-41824f,anti,T-016-02,🟢 正常系: 検索条件を絞り込んだCSVエクスポート,F-016,normal,1,pass,1,1
41824f90-f8f8-45bc-b801-1762e265cd0f,A-41824f,anti,T-016-03,🔴 異常系: 一般ユーザーによるCSVエクスポート権限エラー,F-016,negative,1,pass,1,1
41824f90-f8f8-45bc-b801-1762e265cd0f,A-41824f,anti,T-017-01,🟢 正常系: 一般ユーザーのダッシュボード表示,F-017,normal,1,pass,1,1
41824f90-f8f8-45bc-b801-1762e265cd0f,A-41824f,anti,T-017-02,🟢 正常系: 課長のダッシュボード表示,F-017,normal,1,pass,1,1
41824f90-f8f8-45bc-b801-1762e265cd0f,A-41824f,anti,T-018-01,🟢 正常系: ユーザー情報編集,F-018,normal,1,pass,1,1
41824f90-f8f8-45bc-b801-1762e265cd0f,A-41824f,anti,T-018-02,🔴 異常系: 自分自身の無効化エラー,F-018,negative,1,pass,1,1
41824f90-f8f8-45bc-b801-1762e265cd0f,A-41824f,anti,T-018-03,🔴 異常系: 一般ユーザーによるユーザー管理アクセス拒否,F-018,negative,1,pass,1,1
41824f90-f8f8-45bc-b801-1762e265cd0f,A-41824f,anti,T-019-01,🟢 正常系: パスワード変更成功,F-019,normal,1,pass,1,1
41824f90-f8f8-45bc-b801-1762e265cd0f,A-41824f,anti,T-019-02,🔴 異常系: 現在のパスワード不一致エラー,F-019,negative,1,pass,1,1
41824f90-f8f8-45bc-b801-1762e265cd0f,A-41824f,anti,T-019-03,🔴 異常系: 同一パスワード設定エラー,F-019,negative,1,pass,1,1
41824f90-f8f8-45bc-b801-1762e265cd0f,A-41824f,anti,T-020-01,🟢 正常系: システム設定の変更,F-020,normal,1,pass,1,1
41824f90-f8f8-45bc-b801-1762e265cd0f,A-41824f,anti,T-020-02,🟢 正常系: SMTPテスト送信,F-020,normal,1,pass,1,1
41824f90-f8f8-45bc-b801-1762e265cd0f,A-41824f,anti,T-020-03,🔴 異常系: セッションタイムアウト範囲外エラー,F-020,negative,1,pass,1,1
41824f90-f8f8-45bc-b801-1762e265cd0f,A-41824f,anti,T-020-04,🔴 異常系: 一般ユーザーによるシステム設定アクセス拒否,F-020,negative,1,pass,1,1
434b58e3-f948-4cfb-92a5-577b1c4c4af8,N-434b58,normal,T-001-01,🟢 正常系: ユーザー新規登録,F-001,normal,1,pass,1,1
434b58e3-f948-4cfb-92a5-577b1c4c4af8,N-434b58,normal,T-001-02,🔴 異常系: メールアドレス重複エラー,F-001,negative,1,pass,1,1
434b58e3-f948-4cfb-92a5-577b1c4c4af8,N-434b58,normal,T-001-03,🔴 異常系: パスワード強度不足エラー,F-001,negative,1,pass,1,1
434b58e3-f948-4cfb-92a5-577b1c4c4af8,N-434b58,normal,T-001-04,🔴 異常系: パスワード不一致エラー,F-001,negative,1,pass,1,1
434b58e3-f948-4cfb-92a5-577b1c4c4af8,N-434b58,normal,T-002-01,🟢 正常系: ログイン成功,F-002,normal,1,pass,1,1
434b58e3-f948-4cfb-92a5-577b1c4c4af8,N-434b58,normal,T-002-02,🟢 正常系: ログアウト成功,F-002,normal,1,fail,0,0
434b58e3-f948-4cfb-92a5-577b1c4c4af8,N-434b58,normal,T-002-03,🔴 異常系: 認証失敗,F-002,negative,1,pass,1,1
434b58e3-f948-4cfb-92a5-577b1c4c4af8,N-434b58,normal,T-002-04,🔴 異常系: アカウントロック,F-002,negative,1,pass,1,1
434b58e3-f948-4cfb-92a5-577b1c4c4af8,N-434b58,normal,T-003-01,🟢 正常系: 申請種別選択と入力フォーム表示,F-003,normal,1,pass,1,1
434b58e3-f948-4cfb-92a5-577b1c4c4af8,N-434b58,normal,T-003-02,🔴 異常系: 申請種別未選択エラー,F-003,negative,1,pass,1,1
434b58e3-f948-4cfb-92a5-577b1c4c4af8,N-434b58,normal,T-004-01,🟢 正常系: 申請内容の入力,F-004,normal,1,pass,1,1
434b58e3-f948-4cfb-92a5-577b1c4c4af8,N-434b58,normal,T-004-02,🔴 異常系: 申請金額範囲外エラー,F-004,negative,1,pass,1,1
434b58e3-f948-4cfb-92a5-577b1c4c4af8,N-434b58,normal,T-004-03,🔴 異常系: ファイルサイズ超過エラー,F-004,negative,1,pass,1,1
434b58e3-f948-4cfb-92a5-577b1c4c4af8,N-434b58,normal,T-005-01,🟢 正常系: 下書き保存,F-005,normal,1,pass,1,1
434b58e3-f948-4cfb-92a5-577b1c4c4af8,N-434b58,normal,T-005-02,🟢 正常系: 下書き再編集,F-005,normal,1,fail,0,0
434b58e3-f948-4cfb-92a5-577b1c4c4af8,N-434b58,normal,T-006-01,🟢 正常系: 申請提出（課長承認ルート）,F-006,normal,1,pass,1,1
434b58e3-f948-4cfb-92a5-577b1c4c4af8,N-434b58,normal,T-006-02,🟢 正常系: 申請提出（部長承認ルート）,F-006,normal,1,pass,1,1
434b58e3-f948-4cfb-92a5-577b1c4c4af8,N-434b58,normal,T-006-03,"🟡 境界値テスト: 承認ルート境界値（999,999円 → 課長）",F-006,boundary,1,pass,1,1
434b58e3-f948-4cfb-92a5-577b1c4c4af8,N-434b58,normal,T-006-04,"🟡 境界値テスト: 承認ルート境界値（1,000,000円 → 部長）",F-006,boundary,1,pass,1,1
434b58e3-f948-4cfb-92a5-577b1c4c4af8,N-434b58,normal,T-006-05,"🟡 境界値テスト: 承認ルート境界値（999,998円・1,000,001円）",F-006,boundary,2,pass,1,1
434b58e3-f948-4cfb-92a5-577b1c4c4af8,N-434b58,normal,T-006-06,🔴 異常系: 必須項目未入力での提出エラー,F-006,negative,1,pass,1,1
434b58e3-f948-4cfb-92a5-577b1c4c4af8,N-434b58,normal,T-007-01,🟢 正常系: 申請一覧表示（一般ユーザー）,F-007,normal,1,pass,1,1
434b58e3-f948-4cfb-92a5-577b1c4c4af8,N-434b58,normal,T-007-02,🟢 正常系: 申請一覧表示（課長）,F-007,normal,1,pass,1,1
434b58e3-f948-4cfb-92a5-577b1c4c4af8,N-434b58,normal,T-007-03,🟢 正常系: ページネーション,F-007,normal,1,pass,1,1
434b58e3-f948-4cfb-92a5-577b1c4c4af8,N-434b58,normal,T-008-01,🟢 正常系: キーワード検索,F-008,normal,1,pass,1,1
434b58e3-f948-4cfb-92a5-577b1c4c4af8,N-434b58,normal,T-008-02,🟢 正常系: ステータスで絞り込み,F-008,normal,1,pass,1,1
434b58e3-f948-4cfb-92a5-577b1c4c4af8,N-434b58,normal,T-008-03,🔴 異常系: 日付範囲不正エラー,F-008,negative,1,pass,1,1
434b58e3-f948-4cfb-92a5-577b1c4c4af8,N-434b58,normal,T-008-04,🟢 正常系: 検索結果0件,F-008,normal,1,pass,1,1
434b58e3-f948-4cfb-92a5-577b1c4c4af8,N-434b58,normal,T-009-01,🟢 正常系: 申請詳細表示（申請者本人）,F-009,normal,1,fail,0,0
434b58e3-f948-4cfb-92a5-577b1c4c4af8,N-434b58,normal,T-009-02,🔴 異常系: 他ユーザーの申請詳細へのアクセス拒否,F-009,negative,1,pass,1,1
434b58e3-f948-4cfb-92a5-577b1c4c4af8,N-434b58,normal,T-010-01,🟢 正常系: 課長による承認,F-010,normal,1,pass,1,1
434b58e3-f948-4cfb-92a5-577b1c4c4af8,N-434b58,normal,T-010-02,🟢 正常系: 部長による承認,F-010,normal,1,pass,1,1
434b58e3-f948-4cfb-92a5-577b1c4c4af8,N-434b58,normal,T-010-03,🔴 異常系: 承認権限のないユーザーによる承認不可,F-010,negative,1,pass,1,1
434b58e3-f948-4cfb-92a5-577b1c4c4af8,N-434b58,normal,T-011-01,🟢 正常系: 差し戻し処理,F-011,normal,1,pass,1,1
434b58e3-f948-4cfb-92a5-577b1c4c4af8,N-434b58,normal,T-011-02,🔴 異常系: 差し戻しコメント未入力エラー,F-011,negative,1,pass,1,1
434b58e3-f948-4cfb-92a5-577b1c4c4af8,N-434b58,normal,T-012-01,🟢 正常系: 承認待ち申請の取り消し,F-012,normal,1,pass,1,1
434b58e3-f948-4cfb-92a5-577b1c4c4af8,N-434b58,normal,T-012-02,🔴 異常系: 承認済み申請の取り消し不可,F-012,negative,1,pass,1,1
434b58e3-f948-4cfb-92a5-577b1c4c4af8,N-434b58,normal,T-013-01,🟢 正常系: 差し戻し申請の再提出,F-013,normal,1,fail,0,0
434b58e3-f948-4cfb-92a5-577b1c4c4af8,N-434b58,normal,T-013-02,🔴 異常系: 不正なステータス遷移,F-013,negative,1,pass,1,1
434b58e3-f948-4cfb-92a5-577b1c4c4af8,N-434b58,normal,T-014-01,🟢 正常系: 申請提出時の承認者へのメール通知,F-014,normal,1,pass,1,1
434b58e3-f948-4cfb-92a5-577b1c4c4af8,N-434b58,normal,T-014-02,🟢 正常系: 承認完了時の申請者へのメール通知,F-014,normal,1,pass,1,1
434b58e3-f948-4cfb-92a5-577b1c4c4af8,N-434b58,normal,T-015-01,🟢 正常系: 承認履歴の表示,F-015,normal,1,fail,0,0
434b58e3-f948-4cfb-92a5-577b1c4c4af8,N-434b58,normal,T-016-01,🟢 正常系: CSVエクスポート,F-016,normal,1,fail,0,0
434b58e3-f948-4cfb-92a5-577b1c4c4af8,N-434b58,normal,T-016-02,🟢 正常系: 検索条件を絞り込んだCSVエクスポート,F-016,normal,1,pass,1,1
434b58e3-f948-4cfb-92a5-577b1c4c4af8,N-434b58,normal,T-016-03,🔴 異常系: 一般ユーザーによるCSVエクスポート権限エラー,F-016,negative,1,pass,1,1
434b58e3-f948-4cfb-92a5-577b1c4c4af8,N-434b58,normal,T-017-01,🟢 正常系: 一般ユーザーのダッシュボード表示,F-017,normal,1,pass,1,1
434b58e3-f948-4cfb-92a5-577b1c4c4af8,N-434b58,normal,T-017-02,🟢 正常系: 課長のダッシュボード表示,F-017,normal,1,pass,1,1
434b58e3-f948-4cfb-92a5-577b1c4c4af8,N-434b58,normal,T-018-01,🟢 正常系: ユーザー情報編集,F-018,normal,1,pass,1,1
434b58e3-f948-4cfb-92a5-577b1c4c4af8,N-434b58,normal,T-018-02,🔴 異常系: 自分自身の無効化エラー,F-018,negative,1,pass,1,1
434b58e3-f948-4cfb-92a5-577b1c4c4af8,N-434b58,normal,T-018-03,🔴 異常系: 一般ユーザーによるユーザー管理アクセス拒否,F-018,negative,1,pass,1,1
434b58e3-f948-4cfb-92a5-577b1c4c4af8,N-434b58,normal,T-019-01,🟢 正常系: パスワード変更成功,F-019,normal,1,fail,0,0
434b58e3-f948-4cfb-92a5-577b1c4c4af8,N-434b58,normal,T-019-02,🔴 異常系: 現在のパスワード不一致エラー,F-019,negative,1,pass,1,1
434b58e3-f948-4cfb-92a5-577b1c4c4af8,N-434b58,normal,T-019-03,🔴 異常系: 同一パスワード設定エラー,F-019,negative,1,pass,1,1
434b58e3-f948-4cfb-92a5-577b1c4c4af8,N-434b58,normal,T-020-01,🟢 正常系: システム設定の変更,F-020,normal,1,pass,1,1
434b58e3-f948-4cfb-92a5-577b1c4c4af8,N-434b58,normal,T-020-02,🟢 正常系: SMTPテスト送信,F-020,normal,1,pass,1,1
434b58e3-f948-4cfb-92a5-577b1c4c4af8,N-434b58,normal,T-020-03,🔴 異常系: セッションタイムアウト範囲外エラー,F-020,negative,1,pass,1,1
434b58e3-f948-4cfb-92a5-577b1c4c4af8,N-434b58,normal,T-020-04,🔴 異常系: 一般ユーザーによるシステム設定アクセス拒否,F-020,negative,1,pass,1,1
451385f8-693c-4881-927a-2fd87ad343e5,N-451385,normal,T-001-01,🟢 正常系: ユーザー新規登録,F-001,normal,1,fail,0,0
451385f8-693c-4881-927a-2fd87ad343e5,N-451385,normal,T-001-02,🔴 異常系: メールアドレス重複エラー,F-001,negative,1,pass,1,1
451385f8-693c-4881-927a-2fd87ad343e5,N-451385,normal,T-001-03,🔴 異常系: パスワード強度不足エラー,F-001,negative,1,pass,1,1
451385f8-693c-4881-927a-2fd87ad343e5,N-451385,normal,T-001-04,🔴 異常系: パスワード不一致エラー,F-001,negative,1,pass,1,1
451385f8-693c-4881-927a-2fd87ad343e5,N-451385,normal,T-002-01,🟢 正常系: ログイン成功,F-002,normal,1,pass,1,1
451385f8-693c-4881-927a-2fd87ad343e5,N-451385,normal,T-002-02,🟢 正常系: ログアウト成功,F-002,normal,1,fail,0,0
451385f8-693c-4881-927a-2fd87ad343e5,N-451385,normal,T-002-03,🔴 異常系: 認証失敗,F-002,negative,1,pass,1,1
451385f8-693c-4881-927a-2fd87ad343e5,N-451385,normal,T-002-04,🔴 異常系: アカウントロック,F-002,negative,1,pass,1,1
451385f8-693c-4881-927a-2fd87ad343e5,N-451385,normal,T-003-01,🟢 正常系: 申請種別選択と入力フォーム表示,F-003,normal,1,pass,1,1
451385f8-693c-4881-927a-2fd87ad343e5,N-451385,normal,T-003-02,🔴 異常系: 申請種別未選択エラー,F-003,negative,1,pass,1,1
451385f8-693c-4881-927a-2fd87ad343e5,N-451385,normal,T-004-01,🟢 正常系: 申請内容の入力,F-004,normal,1,pass,1,1
451385f8-693c-4881-927a-2fd87ad343e5,N-451385,normal,T-004-02,🔴 異常系: 申請金額範囲外エラー,F-004,negative,1,fail,0,0
451385f8-693c-4881-927a-2fd87ad343e5,N-451385,normal,T-004-03,🔴 異常系: ファイルサイズ超過エラー,F-004,negative,1,fail,0,0
451385f8-693c-4881-927a-2fd87ad343e5,N-451385,normal,T-005-01,🟢 正常系: 下書き保存,F-005,normal,1,fail,0,0
451385f8-693c-4881-927a-2fd87ad343e5,N-451385,normal,T-005-02,🟢 正常系: 下書き再編集,F-005,normal,1,fail,0,0
451385f8-693c-4881-927a-2fd87ad343e5,N-451385,normal,T-006-01,🟢 正常系: 申請提出（課長承認ルート）,F-006,normal,1,blocked,0,0
451385f8-693c-4881-927a-2fd87ad343e5,N-451385,normal,T-006-02,🟢 正常系: 申請提出（部長承認ルート）,F-006,normal,1,blocked,0,0
451385f8-693c-4881-927a-2fd87ad343e5,N-451385,normal,T-006-03,"🟡 境界値テスト: 承認ルート境界値（999,999円 → 課長）",F-006,boundary,1,blocked,0,0
451385f8-693c-4881-927a-2fd87ad343e5,N-451385,normal,T-006-04,"🟡 境界値テスト: 承認ルート境界値（1,000,000円 → 部長）",F-006,boundary,1,blocked,0,0
451385f8-693c-4881-927a-2fd87ad343e5,N-451385,normal,T-006-05,"🟡 境界値テスト: 承認ルート境界値（999,998円・1,000,001円）",F-006,boundary,2,blocked,0,0
451385f8-693c-4881-927a-2fd87ad343e5,N-451385,normal,T-006-06,🔴 異常系: 必須項目未入力での提出エラー,F-006,negative,1,pass,1,1
451385f8-693c-4881-927a-2fd87ad343e5,N-451385,normal,T-007-01,🟢 正常系: 申請一覧表示（一般ユーザー）,F-007,normal,1,blocked,0,0
451385f8-693c-4881-927a-2fd87ad343e5,N-451385,normal,T-007-02,🟢 正常系: 申請一覧表示（課長）,F-007,normal,1,blocked,0,0
451385f8-693c-4881-927a-2fd87ad343e5,N-451385,normal,T-007-03,🟢 正常系: ページネーション,F-007,normal,1,blocked,0,0
451385f8-693c-4881-927a-2fd87ad343e5,N-451385,normal,T-008-01,🟢 正常系: キーワード検索,F-008,normal,1,blocked,0,0
451385f8-693c-4881-927a-2fd87ad343e5,N-451385,normal,T-008-02,🟢 正常系: ステータスで絞り込み,F-008,normal,1,blocked,0,0
451385f8-693c-4881-927a-2fd87ad343e5,N-451385,normal,T-008-03,🔴 異常系: 日付範囲不正エラー,F-008,negative,1,pass,1,1
451385f8-693c-4881-927a-2fd87ad343e5,N-451385,normal,T-008-04,🟢 正常系: 検索結果0件,F-008,normal,1,pass,1,1
451385f8-693c-4881-927a-2fd87ad343e5,N-451385,normal,T-009-01,🟢 正常系: 申請詳細表示（申請者本人）,F-009,normal,1,blocked,0,0
451385f8-693c-4881-927a-2fd87ad343e5,N-451385,normal,T-009-02,🔴 異常系: 他ユーザーの申請詳細へのアクセス拒否,F-009,negative,1,blocked,0,0
451385f8-693c-4881-927a-2fd87ad343e5,N-451385,normal,T-010-01,🟢 正常系: 課長による承認,F-010,normal,1,blocked,0,0
451385f8-693c-4881-927a-2fd87ad343e5,N-451385,normal,T-010-02,🟢 正常系: 部長による承認,F-010,normal,1,blocked,0,0
451385f8-693c-4881-927a-2fd87ad343e5,N-451385,normal,T-010-03,🔴 異常系: 承認権限のないユーザーによる承認不可,F-010,negative,1,blocked,0,0
451385f8-693c-4881-927a-2fd87ad343e5,N-451385,normal,T-011-01,🟢 正常系: 差し戻し処理,F-011,normal,1,blocked,0,0
451385f8-693c-4881-927a-2fd87ad343e5,N-451385,normal,T-011-02,🔴 異常系: 差し戻しコメント未入力エラー,F-011,negative,1,blocked,0,0
451385f8-693c-4881-927a-2fd87ad343e5,N-451385,normal,T-012-01,🟢 正常系: 承認待ち申請の取り消し,F-012,normal,1,blocked,0,0
451385f8-693c-4881-927a-2fd87ad343e5,N-451385,normal,T-012-02,🔴 異常系: 承認済み申請の取り消し不可,F-012,negative,1,blocked,0,0
451385f8-693c-4881-927a-2fd87ad343e5,N-451385,normal,T-013-01,🟢 正常系: 差し戻し申請の再提出,F-013,normal,1,blocked,0,0
451385f8-693c-4881-927a-2fd87ad343e5,N-451385,normal,T-013-02,🔴 異常系: 不正なステータス遷移,F-013,negative,1,blocked,0,0
451385f8-693c-4881-927a-2fd87ad343e5,N-451385,normal,T-014-01,🟢 正常系: 申請提出時の承認者へのメール通知,F-014,normal,1,blocked,0,0
451385f8-693c-4881-927a-2fd87ad343e5,N-451385,normal,T-014-02,🟢 正常系: 承認完了時の申請者へのメール通知,F-014,normal,1,blocked,0,0
451385f8-693c-4881-927a-2fd87ad343e5,N-451385,normal,T-015-01,🟢 正常系: 承認履歴の表示,F-015,normal,1,blocked,0,0
451385f8-693c-4881-927a-2fd87ad343e5,N-451385,normal,T-016-01,🟢 正常系: CSVエクスポート,F-016,normal,1,blocked,0,0
451385f8-693c-4881-927a-2fd87ad343e5,N-451385,normal,T-016-02,🟢 正常系: 検索条件を絞り込んだCSVエクスポート,F-016,normal,1,blocked,0,0
451385f8-693c-4881-927a-2fd87ad343e5,N-451385,normal,T-016-03,🔴 異常系: 一般ユーザーによるCSVエクスポート権限エラー,F-016,negative,1,pass,1,1
451385f8-693c-4881-927a-2fd87ad343e5,N-451385,normal,T-017-01,🟢 正常系: 一般ユーザーのダッシュボード表示,F-017,normal,1,blocked,0,0
451385f8-693c-4881-927a-2fd87ad343e5,N-451385,normal,T-017-02,🟢 正常系: 課長のダッシュボード表示,F-017,normal,1,blocked,0,0
451385f8-693c-4881-927a-2fd87ad343e5,N-451385,normal,T-018-01,🟢 正常系: ユーザー情報編集,F-018,normal,1,fail,0,0
451385f8-693c-4881-927a-2fd87ad343e5,N-451385,normal,T-018-02,🔴 異常系: 自分自身の無効化エラー,F-018,negative,1,fail,0,0
451385f8-693c-4881-927a-2fd87ad343e5,N-451385,normal,T-018-03,🔴 異常系: 一般ユーザーによるユーザー管理アクセス拒否,F-018,negative,1,pass,1,1
451385f8-693c-4881-927a-2fd87ad343e5,N-451385,normal,T-019-01,🟢 正常系: パスワード変更成功,F-019,normal,1,pass,1,1
451385f8-693c-4881-927a-2fd87ad343e5,N-451385,normal,T-019-02,🔴 異常系: 現在のパスワード不一致エラー,F-019,negative,1,pass,1,1
451385f8-693c-4881-927a-2fd87ad343e5,N-451385,normal,T-019-03,🔴 異常系: 同一パスワード設定エラー,F-019,negative,1,pass,1,1
451385f8-693c-4881-927a-2fd87ad343e5,N-451385,normal,T-020-01,🟢 正常系: システム設定の変更,F-020,normal,1,fail,0,0
451385f8-693c-4881-927a-2fd87ad343e5,N-451385,normal,T-020-02,🟢 正常系: SMTPテスト送信,F-020,normal,1,pass,1,1
451385f8-693c-4881-927a-2fd87ad343e5,N-451385,normal,T-020-03,🔴 異常系: セッションタイムアウト範囲外エラー,F-020,negative,1,fail,0,0
451385f8-693c-4881-927a-2fd87ad343e5,N-451385,normal,T-020-04,🔴 異常系: 一般ユーザーによるシステム設定アクセス拒否,F-020,negative,1,pass,1,1
47b5dc69-6cad-48e4-9959-339ef37bccd4,A-47b5dc,anti,T-001-01,🟢 正常系: ユーザー新規登録,F-001,normal,1,blocked,0,0
47b5dc69-6cad-48e4-9959-339ef37bccd4,A-47b5dc,anti,T-001-02,🔴 異常系: メールアドレス重複エラー,F-001,negative,1,blocked,0,0
47b5dc69-6cad-48e4-9959-339ef37bccd4,A-47b5dc,anti,T-001-03,🔴 異常系: パスワード強度不足エラー,F-001,negative,1,pass,1,1
47b5dc69-6cad-48e4-9959-339ef37bccd4,A-47b5dc,anti,T-001-04,🔴 異常系: パスワード不一致エラー,F-001,negative,1,pass,1,1
47b5dc69-6cad-48e4-9959-339ef37bccd4,A-47b5dc,anti,T-002-01,🟢 正常系: ログイン成功,F-002,normal,1,fail,0,0
47b5dc69-6cad-48e4-9959-339ef37bccd4,A-47b5dc,anti,T-002-02,🟢 正常系: ログアウト成功,F-002,normal,1,blocked,0,0
47b5dc69-6cad-48e4-9959-339ef37bccd4,A-47b5dc,anti,T-002-03,🔴 異常系: 認証失敗,F-002,negative,1,blocked,0,0
47b5dc69-6cad-48e4-9959-339ef37bccd4,A-47b5dc,anti,T-002-04,🔴 異常系: アカウントロック,F-002,negative,1,pass,1,1
47b5dc69-6cad-48e4-9959-339ef37bccd4,A-47b5dc,anti,T-003-01,🟢 正常系: 申請種別選択と入力フォーム表示,F-003,normal,1,blocked,0,0
47b5dc69-6cad-48e4-9959-339ef37bccd4,A-47b5dc,anti,T-003-02,🔴 異常系: 申請種別未選択エラー,F-003,negative,1,blocked,0,0
47b5dc69-6cad-48e4-9959-339ef37bccd4,A-47b5dc,anti,T-004-01,🟢 正常系: 申請内容の入力,F-004,normal,1,blocked,0,0
47b5dc69-6cad-48e4-9959-339ef37bccd4,A-47b5dc,anti,T-004-02,🔴 異常系: 申請金額範囲外エラー,F-004,negative,1,blocked,0,0
47b5dc69-6cad-48e4-9959-339ef37bccd4,A-47b5dc,anti,T-004-03,🔴 異常系: ファイルサイズ超過エラー,F-004,negative,1,blocked,0,0
47b5dc69-6cad-48e4-9959-339ef37bccd4,A-47b5dc,anti,T-005-01,🟢 正常系: 下書き保存,F-005,normal,1,blocked,0,0
47b5dc69-6cad-48e4-9959-339ef37bccd4,A-47b5dc,anti,T-005-02,🟢 正常系: 下書き再編集,F-005,normal,1,blocked,0,0
47b5dc69-6cad-48e4-9959-339ef37bccd4,A-47b5dc,anti,T-006-01,🟢 正常系: 申請提出（課長承認ルート）,F-006,normal,1,blocked,0,0
47b5dc69-6cad-48e4-9959-339ef37bccd4,A-47b5dc,anti,T-006-02,🟢 正常系: 申請提出（部長承認ルート）,F-006,normal,1,blocked,0,0
47b5dc69-6cad-48e4-9959-339ef37bccd4,A-47b5dc,anti,T-006-03,"🟡 境界値テスト: 承認ルート境界値（999,999円 → 課長）",F-006,boundary,1,blocked,0,0
47b5dc69-6cad-48e4-9959-339ef37bccd4,A-47b5dc,anti,T-006-04,"🟡 境界値テスト: 承認ルート境界値（1,000,000円 → 部長）",F-006,boundary,1,blocked,0,0
47b5dc69-6cad-48e4-9959-339ef37bccd4,A-47b5dc,anti,T-006-05,"🟡 境界値テスト: 承認ルート境界値（999,998円・1,000,001円）",F-006,boundary,2,blocked,0,0
47b5dc69-6cad-48e4-9959-339ef37bccd4,A-47b5dc,anti,T-006-06,🔴 異常系: 必須項目未入力での提出エラー,F-006,negative,1,blocked,0,0
47b5dc69-6cad-48e4-9959-339ef37bccd4,A-47b5dc,anti,T-007-01,🟢 正常系: 申請一覧表示（一般ユーザー）,F-007,normal,1,blocked,0,0
47b5dc69-6cad-48e4-9959-339ef37bccd4,A-47b5dc,anti,T-007-02,🟢 正常系: 申請一覧表示（課長）,F-007,normal,1,blocked,0,0
47b5dc69-6cad-48e4-9959-339ef37bccd4,A-47b5dc,anti,T-007-03,🟢 正常系: ページネーション,F-007,normal,1,blocked,0,0
47b5dc69-6cad-48e4-9959-339ef37bccd4,A-47b5dc,anti,T-008-01,🟢 正常系: キーワード検索,F-008,normal,1,blocked,0,0
47b5dc69-6cad-48e4-9959-339ef37bccd4,A-47b5dc,anti,T-008-02,🟢 正常系: ステータスで絞り込み,F-008,normal,1,blocked,0,0
47b5dc69-6cad-48e4-9959-339ef37bccd4,A-47b5dc,anti,T-008-03,🔴 異常系: 日付範囲不正エラー,F-008,negative,1,blocked,0,0
47b5dc69-6cad-48e4-9959-339ef37bccd4,A-47b5dc,anti,T-008-04,🟢 正常系: 検索結果0件,F-008,normal,1,blocked,0,0
47b5dc69-6cad-48e4-9959-339ef37bccd4,A-47b5dc,anti,T-009-01,🟢 正常系: 申請詳細表示（申請者本人）,F-009,normal,1,blocked,0,0
47b5dc69-6cad-48e4-9959-339ef37bccd4,A-47b5dc,anti,T-009-02,🔴 異常系: 他ユーザーの申請詳細へのアクセス拒否,F-009,negative,1,blocked,0,0
47b5dc69-6cad-48e4-9959-339ef37bccd4,A-47b5dc,anti,T-010-01,🟢 正常系: 課長による承認,F-010,normal,1,blocked,0,0
47b5dc69-6cad-48e4-9959-339ef37bccd4,A-47b5dc,anti,T-010-02,🟢 正常系: 部長による承認,F-010,normal,1,blocked,0,0
47b5dc69-6cad-48e4-9959-339ef37bccd4,A-47b5dc,anti,T-010-03,🔴 異常系: 承認権限のないユーザーによる承認不可,F-010,negative,1,blocked,0,0
47b5dc69-6cad-48e4-9959-339ef37bccd4,A-47b5dc,anti,T-011-01,🟢 正常系: 差し戻し処理,F-011,normal,1,blocked,0,0
47b5dc69-6cad-48e4-9959-339ef37bccd4,A-47b5dc,anti,T-011-02,🔴 異常系: 差し戻しコメント未入力エラー,F-011,negative,1,blocked,0,0
47b5dc69-6cad-48e4-9959-339ef37bccd4,A-47b5dc,anti,T-012-01,🟢 正常系: 承認待ち申請の取り消し,F-012,normal,1,blocked,0,0
47b5dc69-6cad-48e4-9959-339ef37bccd4,A-47b5dc,anti,T-012-02,🔴 異常系: 承認済み申請の取り消し不可,F-012,negative,1,blocked,0,0
47b5dc69-6cad-48e4-9959-339ef37bccd4,A-47b5dc,anti,T-013-01,🟢 正常系: 差し戻し申請の再提出,F-013,normal,1,blocked,0,0
47b5dc69-6cad-48e4-9959-339ef37bccd4,A-47b5dc,anti,T-013-02,🔴 異常系: 不正なステータス遷移,F-013,negative,1,blocked,0,0
47b5dc69-6cad-48e4-9959-339ef37bccd4,A-47b5dc,anti,T-014-01,🟢 正常系: 申請提出時の承認者へのメール通知,F-014,normal,1,blocked,0,0
47b5dc69-6cad-48e4-9959-339ef37bccd4,A-47b5dc,anti,T-014-02,🟢 正常系: 承認完了時の申請者へのメール通知,F-014,normal,1,blocked,0,0
47b5dc69-6cad-48e4-9959-339ef37bccd4,A-47b5dc,anti,T-015-01,🟢 正常系: 承認履歴の表示,F-015,normal,1,blocked,0,0
47b5dc69-6cad-48e4-9959-339ef37bccd4,A-47b5dc,anti,T-016-01,🟢 正常系: CSVエクスポート,F-016,normal,1,blocked,0,0
47b5dc69-6cad-48e4-9959-339ef37bccd4,A-47b5dc,anti,T-016-02,🟢 正常系: 検索条件を絞り込んだCSVエクスポート,F-016,normal,1,blocked,0,0
47b5dc69-6cad-48e4-9959-339ef37bccd4,A-47b5dc,anti,T-016-03,🔴 異常系: 一般ユーザーによるCSVエクスポート権限エラー,F-016,negative,1,blocked,0,0
47b5dc69-6cad-48e4-9959-339ef37bccd4,A-47b5dc,anti,T-017-01,🟢 正常系: 一般ユーザーのダッシュボード表示,F-017,normal,1,blocked,0,0
47b5dc69-6cad-48e4-9959-339ef37bccd4,A-47b5dc,anti,T-017-02,🟢 正常系: 課長のダッシュボード表示,F-017,normal,1,blocked,0,0
47b5dc69-6cad-48e4-9959-339ef37bccd4,A-47b5dc,anti,T-018-01,🟢 正常系: ユーザー情報編集,F-018,normal,1,blocked,0,0
47b5dc69-6cad-48e4-9959-339ef37bccd4,A-47b5dc,anti,T-018-02,🔴 異常系: 自分自身の無効化エラー,F-018,negative,1,blocked,0,0
47b5dc69-6cad-48e4-9959-339ef37bccd4,A-47b5dc,anti,T-018-03,🔴 異常系: 一般ユーザーによるユーザー管理アクセス拒否,F-018,negative,1,blocked,0,0
47b5dc69-6cad-48e4-9959-339ef37bccd4,A-47b5dc,anti,T-019-01,🟢 正常系: パスワード変更成功,F-019,normal,1,blocked,0,0
47b5dc69-6cad-48e4-9959-339ef37bccd4,A-47b5dc,anti,T-019-02,🔴 異常系: 現在のパスワード不一致エラー,F-019,negative,1,blocked,0,0
47b5dc69-6cad-48e4-9959-339ef37bccd4,A-47b5dc,anti,T-019-03,🔴 異常系: 同一パスワード設定エラー,F-019,negative,1,blocked,0,0
47b5dc69-6cad-48e4-9959-339ef37bccd4,A-47b5dc,anti,T-020-01,🟢 正常系: システム設定の変更,F-020,normal,1,blocked,0,0
47b5dc69-6cad-48e4-9959-339ef37bccd4,A-47b5dc,anti,T-020-02,🟢 正常系: SMTPテスト送信,F-020,normal,1,blocked,0,0
47b5dc69-6cad-48e4-9959-339ef37bccd4,A-47b5dc,anti,T-020-03,🔴 異常系: セッションタイムアウト範囲外エラー,F-020,negative,1,blocked,0,0
47b5dc69-6cad-48e4-9959-339ef37bccd4,A-47b5dc,anti,T-020-04,🔴 異常系: 一般ユーザーによるシステム設定アクセス拒否,F-020,negative,1,blocked,0,0
4fec6537-4704-46a5-a732-8ea312b2551c,N-4fec65,normal,T-001-01,🟢 正常系: ユーザー新規登録,F-001,normal,1,pass,1,1
4fec6537-4704-46a5-a732-8ea312b2551c,N-4fec65,normal,T-001-02,🔴 異常系: メールアドレス重複エラー,F-001,negative,1,pass,1,1
4fec6537-4704-46a5-a732-8ea312b2551c,N-4fec65,normal,T-001-03,🔴 異常系: パスワード強度不足エラー,F-001,negative,1,pass,1,1
4fec6537-4704-46a5-a732-8ea312b2551c,N-4fec65,normal,T-001-04,🔴 異常系: パスワード不一致エラー,F-001,negative,1,pass,1,1
4fec6537-4704-46a5-a732-8ea312b2551c,N-4fec65,normal,T-002-01,🟢 正常系: ログイン成功,F-002,normal,1,fail,0,0
4fec6537-4704-46a5-a732-8ea312b2551c,N-4fec65,normal,T-002-02,🟢 正常系: ログアウト成功,F-002,normal,1,fail,0,0
4fec6537-4704-46a5-a732-8ea312b2551c,N-4fec65,normal,T-002-03,🔴 異常系: 認証失敗,F-002,negative,1,pass,1,1
4fec6537-4704-46a5-a732-8ea312b2551c,N-4fec65,normal,T-002-04,🔴 異常系: アカウントロック,F-002,negative,1,pass,1,1
4fec6537-4704-46a5-a732-8ea312b2551c,N-4fec65,normal,T-003-01,🟢 正常系: 申請種別選択と入力フォーム表示,F-003,normal,1,fail,0,0
4fec6537-4704-46a5-a732-8ea312b2551c,N-4fec65,normal,T-003-02,🔴 異常系: 申請種別未選択エラー,F-003,negative,1,fail,0,0
4fec6537-4704-46a5-a732-8ea312b2551c,N-4fec65,normal,T-004-01,🟢 正常系: 申請内容の入力,F-004,normal,1,pass,1,1
4fec6537-4704-46a5-a732-8ea312b2551c,N-4fec65,normal,T-004-02,🔴 異常系: 申請金額範囲外エラー,F-004,negative,1,pass,1,1
4fec6537-4704-46a5-a732-8ea312b2551c,N-4fec65,normal,T-004-03,🔴 異常系: ファイルサイズ超過エラー,F-004,negative,1,fail,0,0
4fec6537-4704-46a5-a732-8ea312b2551c,N-4fec65,normal,T-005-01,🟢 正常系: 下書き保存,F-005,normal,1,pass,1,1
4fec6537-4704-46a5-a732-8ea312b2551c,N-4fec65,normal,T-005-02,🟢 正常系: 下書き再編集,F-005,normal,1,fail,0,0
4fec6537-4704-46a5-a732-8ea312b2551c,N-4fec65,normal,T-006-01,🟢 正常系: 申請提出（課長承認ルート）,F-006,normal,1,pass,1,1
4fec6537-4704-46a5-a732-8ea312b2551c,N-4fec65,normal,T-006-02,🟢 正常系: 申請提出（部長承認ルート）,F-006,normal,1,pass,1,1
4fec6537-4704-46a5-a732-8ea312b2551c,N-4fec65,normal,T-006-03,"🟡 境界値テスト: 承認ルート境界値（999,999円 → 課長）",F-006,boundary,1,pass,1,1
4fec6537-4704-46a5-a732-8ea312b2551c,N-4fec65,normal,T-006-04,"🟡 境界値テスト: 承認ルート境界値（1,000,000円 → 部長）",F-006,boundary,1,pass,1,1
4fec6537-4704-46a5-a732-8ea312b2551c,N-4fec65,normal,T-006-05,"🟡 境界値テスト: 承認ルート境界値（999,998円・1,000,001円）",F-006,boundary,2,pass,1,1
4fec6537-4704-46a5-a732-8ea312b2551c,N-4fec65,normal,T-006-06,🔴 異常系: 必須項目未入力での提出エラー,F-006,negative,1,pass,1,1
4fec6537-4704-46a5-a732-8ea312b2551c,N-4fec65,normal,T-007-01,🟢 正常系: 申請一覧表示（一般ユーザー）,F-007,normal,1,pass,1,1
4fec6537-4704-46a5-a732-8ea312b2551c,N-4fec65,normal,T-007-02,🟢 正常系: 申請一覧表示（課長）,F-007,normal,1,pass,1,1
4fec6537-4704-46a5-a732-8ea312b2551c,N-4fec65,normal,T-007-03,🟢 正常系: ページネーション,F-007,normal,1,fail,0,0
4fec6537-4704-46a5-a732-8ea312b2551c,N-4fec65,normal,T-008-01,🟢 正常系: キーワード検索,F-008,normal,1,pass,1,1
4fec6537-4704-46a5-a732-8ea312b2551c,N-4fec65,normal,T-008-02,🟢 正常系: ステータスで絞り込み,F-008,normal,1,pass,1,1
4fec6537-4704-46a5-a732-8ea312b2551c,N-4fec65,normal,T-008-03,🔴 異常系: 日付範囲不正エラー,F-008,negative,1,pass,1,1
4fec6537-4704-46a5-a732-8ea312b2551c,N-4fec65,normal,T-008-04,🟢 正常系: 検索結果0件,F-008,normal,1,pass,1,1
4fec6537-4704-46a5-a732-8ea312b2551c,N-4fec65,normal,T-009-01,🟢 正常系: 申請詳細表示（申請者本人）,F-009,normal,1,fail,0,0
4fec6537-4704-46a5-a732-8ea312b2551c,N-4fec65,normal,T-009-02,🔴 異常系: 他ユーザーの申請詳細へのアクセス拒否,F-009,negative,1,pass,1,1
4fec6537-4704-46a5-a732-8ea312b2551c,N-4fec65,normal,T-010-01,🟢 正常系: 課長による承認,F-010,normal,1,pass,1,1
4fec6537-4704-46a5-a732-8ea312b2551c,N-4fec65,normal,T-010-02,🟢 正常系: 部長による承認,F-010,normal,1,pass,1,1
4fec6537-4704-46a5-a732-8ea312b2551c,N-4fec65,normal,T-010-03,🔴 異常系: 承認権限のないユーザーによる承認不可,F-010,negative,1,pass,1,1
4fec6537-4704-46a5-a732-8ea312b2551c,N-4fec65,normal,T-011-01,🟢 正常系: 差し戻し処理,F-011,normal,1,pass,1,1
4fec6537-4704-46a5-a732-8ea312b2551c,N-4fec65,normal,T-011-02,🔴 異常系: 差し戻しコメント未入力エラー,F-011,negative,1,fail,0,0
4fec6537-4704-46a5-a732-8ea312b2551c,N-4fec65,normal,T-012-01,🟢 正常系: 承認待ち申請の取り消し,F-012,normal,1,fail,0,0
4fec6537-4704-46a5-a732-8ea312b2551c,N-4fec65,normal,T-012-02,🔴 異常系: 承認済み申請の取り消し不可,F-012,negative,1,pass,1,1
4fec6537-4704-46a5-a732-8ea312b2551c,N-4fec65,normal,T-013-01,🟢 正常系: 差し戻し申請の再提出,F-013,normal,1,fail,0,0
4fec6537-4704-46a5-a732-8ea312b2551c,N-4fec65,normal,T-013-02,🔴 異常系: 不正なステータス遷移,F-013,negative,1,pass,1,1
4fec6537-4704-46a5-a732-8ea312b2551c,N-4fec65,normal,T-014-01,🟢 正常系: 申請提出時の承認者へのメール通知,F-014,normal,1,pass,1,1
4fec6537-4704-46a5-a732-8ea312b2551c,N-4fec65,normal,T-014-02,🟢 正常系: 承認完了時の申請者へのメール通知,F-014,normal,1,pass,1,1
4fec6537-4704-46a5-a732-8ea312b2551c,N-4fec65,normal,T-015-01,🟢 正常系: 承認履歴の表示,F-015,normal,1,fail,0,0
4fec6537-4704-46a5-a732-8ea312b2551c,N-4fec65,normal,T-016-01,🟢 正常系: CSVエクスポート,F-016,normal,1,fail,0,0
4fec6537-4704-46a5-a732-8ea312b2551c,N-4fec65,normal,T-016-02,🟢 正常系: 検索条件を絞り込んだCSVエクスポート,F-016,normal,1,pass,1,1
4fec6537-4704-46a5-a732-8ea312b2551c,N-4fec65,normal,T-016-03,🔴 異常系: 一般ユーザーによるCSVエクスポート権限エラー,F-016,negative,1,pass,1,1
4fec6537-4704-46a5-a732-8ea312b2551c,N-4fec65,normal,T-017-01,🟢 正常系: 一般ユーザーのダッシュボード表示,F-017,normal,1,fail,0,0
4fec6537-4704-46a5-a732-8ea312b2551c,N-4fec65,normal,T-017-02,🟢 正常系: 課長のダッシュボード表示,F-017,normal,1,pass,1,1
4fec6537-4704-46a5-a732-8ea312b2551c,N-4fec65,normal,T-018-01,🟢 正常系: ユーザー情報編集,F-018,normal,1,pass,1,1
4fec6537-4704-46a5-a732-8ea312b2551c,N-4fec65,normal,T-018-02,🔴 異常系: 自分自身の無効化エラー,F-018,negative,1,pass,1,1
4fec6537-4704-46a5-a732-8ea312b2551c,N-4fec65,normal,T-018-03,🔴 異常系: 一般ユーザーによるユーザー管理アクセス拒否,F-018,negative,1,pass,1,1
4fec6537-4704-46a5-a732-8ea312b2551c,N-4fec65,normal,T-019-01,🟢 正常系: パスワード変更成功,F-019,normal,1,pass,1,1
4fec6537-4704-46a5-a732-8ea312b2551c,N-4fec65,normal,T-019-02,🔴 異常系: 現在のパスワード不一致エラー,F-019,negative,1,pass,1,1
4fec6537-4704-46a5-a732-8ea312b2551c,N-4fec65,normal,T-019-03,🔴 異常系: 同一パスワード設定エラー,F-019,negative,1,pass,1,1
4fec6537-4704-46a5-a732-8ea312b2551c,N-4fec65,normal,T-020-01,🟢 正常系: システム設定の変更,F-020,normal,1,pass,1,1
4fec6537-4704-46a5-a732-8ea312b2551c,N-4fec65,normal,T-020-02,🟢 正常系: SMTPテスト送信,F-020,normal,1,pass,1,1
4fec6537-4704-46a5-a732-8ea312b2551c,N-4fec65,normal,T-020-03,🔴 異常系: セッションタイムアウト範囲外エラー,F-020,negative,1,pass,1,1
4fec6537-4704-46a5-a732-8ea312b2551c,N-4fec65,normal,T-020-04,🔴 異常系: 一般ユーザーによるシステム設定アクセス拒否,F-020,negative,1,fail,0,0
51463b84-66e0-4a29-9992-b74a598cf1cc,N-51463b,normal,T-001-01,🟢 正常系: ユーザー新規登録,F-001,normal,1,pass,1,1
51463b84-66e0-4a29-9992-b74a598cf1cc,N-51463b,normal,T-001-02,🔴 異常系: メールアドレス重複エラー,F-001,negative,1,pass,1,1
51463b84-66e0-4a29-9992-b74a598cf1cc,N-51463b,normal,T-001-03,🔴 異常系: パスワード強度不足エラー,F-001,negative,1,pass,1,1
51463b84-66e0-4a29-9992-b74a598cf1cc,N-51463b,normal,T-001-04,🔴 異常系: パスワード不一致エラー,F-001,negative,1,pass,1,1
51463b84-66e0-4a29-9992-b74a598cf1cc,N-51463b,normal,T-002-01,🟢 正常系: ログイン成功,F-002,normal,1,fail,0,0
51463b84-66e0-4a29-9992-b74a598cf1cc,N-51463b,normal,T-002-02,🟢 正常系: ログアウト成功,F-002,normal,1,fail,0,0
51463b84-66e0-4a29-9992-b74a598cf1cc,N-51463b,normal,T-002-03,🔴 異常系: 認証失敗,F-002,negative,1,pass,1,1
51463b84-66e0-4a29-9992-b74a598cf1cc,N-51463b,normal,T-002-04,🔴 異常系: アカウントロック,F-002,negative,1,pass,1,1
51463b84-66e0-4a29-9992-b74a598cf1cc,N-51463b,normal,T-003-01,🟢 正常系: 申請種別選択と入力フォーム表示,F-003,normal,1,pass,1,1
51463b84-66e0-4a29-9992-b74a598cf1cc,N-51463b,normal,T-003-02,🔴 異常系: 申請種別未選択エラー,F-003,negative,1,pass,1,1
51463b84-66e0-4a29-9992-b74a598cf1cc,N-51463b,normal,T-004-01,🟢 正常系: 申請内容の入力,F-004,normal,1,pass,1,1
51463b84-66e0-4a29-9992-b74a598cf1cc,N-51463b,normal,T-004-02,🔴 異常系: 申請金額範囲外エラー,F-004,negative,1,pass,1,1
51463b84-66e0-4a29-9992-b74a598cf1cc,N-51463b,normal,T-004-03,🔴 異常系: ファイルサイズ超過エラー,F-004,negative,1,fail,0,0
51463b84-66e0-4a29-9992-b74a598cf1cc,N-51463b,normal,T-005-01,🟢 正常系: 下書き保存,F-005,normal,1,pass,1,1
51463b84-66e0-4a29-9992-b74a598cf1cc,N-51463b,normal,T-005-02,🟢 正常系: 下書き再編集,F-005,normal,1,pass,1,1
51463b84-66e0-4a29-9992-b74a598cf1cc,N-51463b,normal,T-006-01,🟢 正常系: 申請提出（課長承認ルート）,F-006,normal,1,pass,1,1
51463b84-66e0-4a29-9992-b74a598cf1cc,N-51463b,normal,T-006-02,🟢 正常系: 申請提出（部長承認ルート）,F-006,normal,1,pass,1,1
51463b84-66e0-4a29-9992-b74a598cf1cc,N-51463b,normal,T-006-03,"🟡 境界値テスト: 承認ルート境界値（999,999円 → 課長）",F-006,boundary,1,pass,1,1
51463b84-66e0-4a29-9992-b74a598cf1cc,N-51463b,normal,T-006-04,"🟡 境界値テスト: 承認ルート境界値（1,000,000円 → 部長）",F-006,boundary,1,pass,1,1
51463b84-66e0-4a29-9992-b74a598cf1cc,N-51463b,normal,T-006-05,"🟡 境界値テスト: 承認ルート境界値（999,998円・1,000,001円）",F-006,boundary,2,pass,1,1
51463b84-66e0-4a29-9992-b74a598cf1cc,N-51463b,normal,T-006-06,🔴 異常系: 必須項目未入力での提出エラー,F-006,negative,1,pass,1,1
51463b84-66e0-4a29-9992-b74a598cf1cc,N-51463b,normal,T-007-01,🟢 正常系: 申請一覧表示（一般ユーザー）,F-007,normal,1,pass,1,1
51463b84-66e0-4a29-9992-b74a598cf1cc,N-51463b,normal,T-007-02,🟢 正常系: 申請一覧表示（課長）,F-007,normal,1,pass,1,1
51463b84-66e0-4a29-9992-b74a598cf1cc,N-51463b,normal,T-007-03,🟢 正常系: ページネーション,F-007,normal,1,pass,1,1
51463b84-66e0-4a29-9992-b74a598cf1cc,N-51463b,normal,T-008-01,🟢 正常系: キーワード検索,F-008,normal,1,pass,1,1
51463b84-66e0-4a29-9992-b74a598cf1cc,N-51463b,normal,T-008-02,🟢 正常系: ステータスで絞り込み,F-008,normal,1,pass,1,1
51463b84-66e0-4a29-9992-b74a598cf1cc,N-51463b,normal,T-008-03,🔴 異常系: 日付範囲不正エラー,F-008,negative,1,pass,1,1
51463b84-66e0-4a29-9992-b74a598cf1cc,N-51463b,normal,T-008-04,🟢 正常系: 検索結果0件,F-008,normal,1,pass,1,1
51463b84-66e0-4a29-9992-b74a598cf1cc,N-51463b,normal,T-009-01,🟢 正常系: 申請詳細表示（申請者本人）,F-009,normal,1,fail,0,0
51463b84-66e0-4a29-9992-b74a598cf1cc,N-51463b,normal,T-009-02,🔴 異常系: 他ユーザーの申請詳細へのアクセス拒否,F-009,negative,1,pass,1,1
51463b84-66e0-4a29-9992-b74a598cf1cc,N-51463b,normal,T-010-01,🟢 正常系: 課長による承認,F-010,normal,1,fail,0,0
51463b84-66e0-4a29-9992-b74a598cf1cc,N-51463b,normal,T-010-02,🟢 正常系: 部長による承認,F-010,normal,1,pass,1,1
51463b84-66e0-4a29-9992-b74a598cf1cc,N-51463b,normal,T-010-03,🔴 異常系: 承認権限のないユーザーによる承認不可,F-010,negative,1,pass,1,1
51463b84-66e0-4a29-9992-b74a598cf1cc,N-51463b,normal,T-011-01,🟢 正常系: 差し戻し処理,F-011,normal,1,fail,0,0
51463b84-66e0-4a29-9992-b74a598cf1cc,N-51463b,normal,T-011-02,🔴 異常系: 差し戻しコメント未入力エラー,F-011,negative,1,pass,1,1
51463b84-66e0-4a29-9992-b74a598cf1cc,N-51463b,normal,T-012-01,🟢 正常系: 承認待ち申請の取り消し,F-012,normal,1,pass,1,1
51463b84-66e0-4a29-9992-b74a598cf1cc,N-51463b,normal,T-012-02,🔴 異常系: 承認済み申請の取り消し不可,F-012,negative,1,pass,1,1
51463b84-66e0-4a29-9992-b74a598cf1cc,N-51463b,normal,T-013-01,🟢 正常系: 差し戻し申請の再提出,F-013,normal,1,fail,0,0
51463b84-66e0-4a29-9992-b74a598cf1cc,N-51463b,normal,T-013-02,🔴 異常系: 不正なステータス遷移,F-013,negative,1,pass,1,1
51463b84-66e0-4a29-9992-b74a598cf1cc,N-51463b,normal,T-014-01,🟢 正常系: 申請提出時の承認者へのメール通知,F-014,normal,1,pass,1,1
51463b84-66e0-4a29-9992-b74a598cf1cc,N-51463b,normal,T-014-02,🟢 正常系: 承認完了時の申請者へのメール通知,F-014,normal,1,pass,1,1
51463b84-66e0-4a29-9992-b74a598cf1cc,N-51463b,normal,T-015-01,🟢 正常系: 承認履歴の表示,F-015,normal,1,fail,0,0
51463b84-66e0-4a29-9992-b74a598cf1cc,N-51463b,normal,T-016-01,🟢 正常系: CSVエクスポート,F-016,normal,1,fail,0,0
51463b84-66e0-4a29-9992-b74a598cf1cc,N-51463b,normal,T-016-02,🟢 正常系: 検索条件を絞り込んだCSVエクスポート,F-016,normal,1,pass,1,1
51463b84-66e0-4a29-9992-b74a598cf1cc,N-51463b,normal,T-016-03,🔴 異常系: 一般ユーザーによるCSVエクスポート権限エラー,F-016,negative,1,pass,1,1
51463b84-66e0-4a29-9992-b74a598cf1cc,N-51463b,normal,T-017-01,🟢 正常系: 一般ユーザーのダッシュボード表示,F-017,normal,1,fail,0,0
51463b84-66e0-4a29-9992-b74a598cf1cc,N-51463b,normal,T-017-02,🟢 正常系: 課長のダッシュボード表示,F-017,normal,1,pass,1,1
51463b84-66e0-4a29-9992-b74a598cf1cc,N-51463b,normal,T-018-01,🟢 正常系: ユーザー情報編集,F-018,normal,1,pass,1,1
51463b84-66e0-4a29-9992-b74a598cf1cc,N-51463b,normal,T-018-02,🔴 異常系: 自分自身の無効化エラー,F-018,negative,1,pass,1,1
51463b84-66e0-4a29-9992-b74a598cf1cc,N-51463b,normal,T-018-03,🔴 異常系: 一般ユーザーによるユーザー管理アクセス拒否,F-018,negative,1,pass,1,1
51463b84-66e0-4a29-9992-b74a598cf1cc,N-51463b,normal,T-019-01,🟢 正常系: パスワード変更成功,F-019,normal,1,fail,0,0
51463b84-66e0-4a29-9992-b74a598cf1cc,N-51463b,normal,T-019-02,🔴 異常系: 現在のパスワード不一致エラー,F-019,negative,1,pass,1,1
51463b84-66e0-4a29-9992-b74a598cf1cc,N-51463b,normal,T-019-03,🔴 異常系: 同一パスワード設定エラー,F-019,negative,1,pass,1,1
51463b84-66e0-4a29-9992-b74a598cf1cc,N-51463b,normal,T-020-01,🟢 正常系: システム設定の変更,F-020,normal,1,pass,1,1
51463b84-66e0-4a29-9992-b74a598cf1cc,N-51463b,normal,T-020-02,🟢 正常系: SMTPテスト送信,F-020,normal,1,pass,1,1
51463b84-66e0-4a29-9992-b74a598cf1cc,N-51463b,normal,T-020-03,🔴 異常系: セッションタイムアウト範囲外エラー,F-020,negative,1,pass,1,1
51463b84-66e0-4a29-9992-b74a598cf1cc,N-51463b,normal,T-020-04,🔴 異常系: 一般ユーザーによるシステム設定アクセス拒否,F-020,negative,1,pass,1,1
5864c2dd-59e9-4a85-b07d-28c093aaa16a,N-5864c2,normal,T-001-01,🟢 正常系: ユーザー新規登録,F-001,normal,1,pass,1,1
5864c2dd-59e9-4a85-b07d-28c093aaa16a,N-5864c2,normal,T-001-02,🔴 異常系: メールアドレス重複エラー,F-001,negative,1,pass,1,1
5864c2dd-59e9-4a85-b07d-28c093aaa16a,N-5864c2,normal,T-001-03,🔴 異常系: パスワード強度不足エラー,F-001,negative,1,pass,1,1
5864c2dd-59e9-4a85-b07d-28c093aaa16a,N-5864c2,normal,T-001-04,🔴 異常系: パスワード不一致エラー,F-001,negative,1,pass,1,1
5864c2dd-59e9-4a85-b07d-28c093aaa16a,N-5864c2,normal,T-002-01,🟢 正常系: ログイン成功,F-002,normal,1,fail,0,0
5864c2dd-59e9-4a85-b07d-28c093aaa16a,N-5864c2,normal,T-002-02,🟢 正常系: ログアウト成功,F-002,normal,1,fail,0,0
5864c2dd-59e9-4a85-b07d-28c093aaa16a,N-5864c2,normal,T-002-03,🔴 異常系: 認証失敗,F-002,negative,1,pass,1,1
5864c2dd-59e9-4a85-b07d-28c093aaa16a,N-5864c2,normal,T-002-04,🔴 異常系: アカウントロック,F-002,negative,1,pass,1,1
5864c2dd-59e9-4a85-b07d-28c093aaa16a,N-5864c2,normal,T-003-01,🟢 正常系: 申請種別選択と入力フォーム表示,F-003,normal,1,pass,1,1
5864c2dd-59e9-4a85-b07d-28c093aaa16a,N-5864c2,normal,T-003-02,🔴 異常系: 申請種別未選択エラー,F-003,negative,1,pass,1,1
5864c2dd-59e9-4a85-b07d-28c093aaa16a,N-5864c2,normal,T-004-01,🟢 正常系: 申請内容の入力,F-004,normal,1,pass,1,1
5864c2dd-59e9-4a85-b07d-28c093aaa16a,N-5864c2,normal,T-004-02,🔴 異常系: 申請金額範囲外エラー,F-004,negative,1,pass,1,1
5864c2dd-59e9-4a85-b07d-28c093aaa16a,N-5864c2,normal,T-004-03,🔴 異常系: ファイルサイズ超過エラー,F-004,negative,1,fail,0,0
5864c2dd-59e9-4a85-b07d-28c093aaa16a,N-5864c2,normal,T-005-01,🟢 正常系: 下書き保存,F-005,normal,1,pass,1,1
5864c2dd-59e9-4a85-b07d-28c093aaa16a,N-5864c2,normal,T-005-02,🟢 正常系: 下書き再編集,F-005,normal,1,fail,0,0
5864c2dd-59e9-4a85-b07d-28c093aaa16a,N-5864c2,normal,T-006-01,🟢 正常系: 申請提出（課長承認ルート）,F-006,normal,1,pass,1,1
5864c2dd-59e9-4a85-b07d-28c093aaa16a,N-5864c2,normal,T-006-02,🟢 正常系: 申請提出（部長承認ルート）,F-006,normal,1,pass,1,1
5864c2dd-59e9-4a85-b07d-28c093aaa16a,N-5864c2,normal,T-006-03,"🟡 境界値テスト: 承認ルート境界値（999,999円 → 課長）",F-006,boundary,1,pass,1,1
5864c2dd-59e9-4a85-b07d-28c093aaa16a,N-5864c2,normal,T-006-04,"🟡 境界値テスト: 承認ルート境界値（1,000,000円 → 部長）",F-006,boundary,1,pass,1,1
5864c2dd-59e9-4a85-b07d-28c093aaa16a,N-5864c2,normal,T-006-05,"🟡 境界値テスト: 承認ルート境界値（999,998円・1,000,001円）",F-006,boundary,2,pass,1,1
5864c2dd-59e9-4a85-b07d-28c093aaa16a,N-5864c2,normal,T-006-06,🔴 異常系: 必須項目未入力での提出エラー,F-006,negative,1,pass,1,1
5864c2dd-59e9-4a85-b07d-28c093aaa16a,N-5864c2,normal,T-007-01,🟢 正常系: 申請一覧表示（一般ユーザー）,F-007,normal,1,blocked,0,0
5864c2dd-59e9-4a85-b07d-28c093aaa16a,N-5864c2,normal,T-007-02,🟢 正常系: 申請一覧表示（課長）,F-007,normal,1,blocked,0,0
5864c2dd-59e9-4a85-b07d-28c093aaa16a,N-5864c2,normal,T-007-03,🟢 正常系: ページネーション,F-007,normal,1,blocked,0,0
5864c2dd-59e9-4a85-b07d-28c093aaa16a,N-5864c2,normal,T-008-01,🟢 正常系: キーワード検索,F-008,normal,1,blocked,0,0
5864c2dd-59e9-4a85-b07d-28c093aaa16a,N-5864c2,normal,T-008-02,🟢 正常系: ステータスで絞り込み,F-008,normal,1,blocked,0,0
5864c2dd-59e9-4a85-b07d-28c093aaa16a,N-5864c2,normal,T-008-03,🔴 異常系: 日付範囲不正エラー,F-008,negative,1,pass,1,1
5864c2dd-59e9-4a85-b07d-28c093aaa16a,N-5864c2,normal,T-008-04,🟢 正常系: 検索結果0件,F-008,normal,1,pass,1,1
5864c2dd-59e9-4a85-b07d-28c093aaa16a,N-5864c2,normal,T-009-01,🟢 正常系: 申請詳細表示（申請者本人）,F-009,normal,1,fail,0,0
5864c2dd-59e9-4a85-b07d-28c093aaa16a,N-5864c2,normal,T-009-02,🔴 異常系: 他ユーザーの申請詳細へのアクセス拒否,F-009,negative,1,pass,1,1
5864c2dd-59e9-4a85-b07d-28c093aaa16a,N-5864c2,normal,T-010-01,🟢 正常系: 課長による承認,F-010,normal,1,pass,1,1
5864c2dd-59e9-4a85-b07d-28c093aaa16a,N-5864c2,normal,T-010-02,🟢 正常系: 部長による承認,F-010,normal,1,pass,1,1
5864c2dd-59e9-4a85-b07d-28c093aaa16a,N-5864c2,normal,T-010-03,🔴 異常系: 承認権限のないユーザーによる承認不可,F-010,negative,1,pass,1,1
5864c2dd-59e9-4a85-b07d-28c093aaa16a,N-5864c2,normal,T-011-01,🟢 正常系: 差し戻し処理,F-011,normal,1,pass,1,1
5864c2dd-59e9-4a85-b07d-28c093aaa16a,N-5864c2,normal,T-011-02,🔴 異常系: 差し戻しコメント未入力エラー,F-011,negative,1,pass,1,1
5864c2dd-59e9-4a85-b07d-28c093aaa16a,N-5864c2,normal,T-012-01,🟢 正常系: 承認待ち申請の取り消し,F-012,normal,1,pass,1,1
5864c2dd-59e9-4a85-b07d-28c093aaa16a,N-5864c2,normal,T-012-02,🔴 異常系: 承認済み申請の取り消し不可,F-012,negative,1,pass,1,1
5864c2dd-59e9-4a85-b07d-28c093aaa16a,N-5864c2,normal,T-013-01,🟢 正常系: 差し戻し申請の再提出,F-013,normal,1,fail,0,0
5864c2dd-59e9-4a85-b07d-28c093aaa16a,N-5864c2,normal,T-013-02,🔴 異常系: 不正なステータス遷移,F-013,negative,1,pass,1,1
5864c2dd-59e9-4a85-b07d-28c093aaa16a,N-5864c2,normal,T-014-01,🟢 正常系: 申請提出時の承認者へのメール通知,F-014,normal,1,pass,1,1
5864c2dd-59e9-4a85-b07d-28c093aaa16a,N-5864c2,normal,T-014-02,🟢 正常系: 承認完了時の申請者へのメール通知,F-014,normal,1,pass,1,1
5864c2dd-59e9-4a85-b07d-28c093aaa16a,N-5864c2,normal,T-015-01,🟢 正常系: 承認履歴の表示,F-015,normal,1,fail,0,0
5864c2dd-59e9-4a85-b07d-28c093aaa16a,N-5864c2,normal,T-016-01,🟢 正常系: CSVエクスポート,F-016,normal,1,blocked,0,0
5864c2dd-59e9-4a85-b07d-28c093aaa16a,N-5864c2,normal,T-016-02,🟢 正常系: 検索条件を絞り込んだCSVエクスポート,F-016,normal,1,blocked,0,0
5864c2dd-59e9-4a85-b07d-28c093aaa16a,N-5864c2,normal,T-016-03,🔴 異常系: 一般ユーザーによるCSVエクスポート権限エラー,F-016,negative,1,pass,1,1
5864c2dd-59e9-4a85-b07d-28c093aaa16a,N-5864c2,normal,T-017-01,🟢 正常系: 一般ユーザーのダッシュボード表示,F-017,normal,1,blocked,0,0
5864c2dd-59e9-4a85-b07d-28c093aaa16a,N-5864c2,normal,T-017-02,🟢 正常系: 課長のダッシュボード表示,F-017,normal,1,blocked,0,0
5864c2dd-59e9-4a85-b07d-28c093aaa16a,N-5864c2,normal,T-018-01,🟢 正常系: ユーザー情報編集,F-018,normal,1,pass,1,1
5864c2dd-59e9-4a85-b07d-28c093aaa16a,N-5864c2,normal,T-018-02,🔴 異常系: 自分自身の無効化エラー,F-018,negative,1,pass,1,1
5864c2dd-59e9-4a85-b07d-28c093aaa16a,N-5864c2,normal,T-018-03,🔴 異常系: 一般ユーザーによるユーザー管理アクセス拒否,F-018,negative,1,fail,0,0
5864c2dd-59e9-4a85-b07d-28c093aaa16a,N-5864c2,normal,T-019-01,🟢 正常系: パスワード変更成功,F-019,normal,1,fail,0,0
5864c2dd-59e9-4a85-b07d-28c093aaa16a,N-5864c2,normal,T-019-02,🔴 異常系: 現在のパスワード不一致エラー,F-019,negative,1,pass,1,1
5864c2dd-59e9-4a85-b07d-28c093aaa16a,N-5864c2,normal,T-019-03,🔴 異常系: 同一パスワード設定エラー,F-019,negative,1,pass,1,1
5864c2dd-59e9-4a85-b07d-28c093aaa16a,N-5864c2,normal,T-020-01,🟢 正常系: システム設定の変更,F-020,normal,1,pass,1,1
5864c2dd-59e9-4a85-b07d-28c093aaa16a,N-5864c2,normal,T-020-02,🟢 正常系: SMTPテスト送信,F-020,normal,1,pass,1,1
5864c2dd-59e9-4a85-b07d-28c093aaa16a,N-5864c2,normal,T-020-03,🔴 異常系: セッションタイムアウト範囲外エラー,F-020,negative,1,pass,1,1
5864c2dd-59e9-4a85-b07d-28c093aaa16a,N-5864c2,normal,T-020-04,🔴 異常系: 一般ユーザーによるシステム設定アクセス拒否,F-020,negative,1,fail,0,0
5a7c902f-5503-4289-9afc-76609043cc3a,A-5a7c90,anti,T-001-01,🟢 正常系: ユーザー新規登録,F-001,normal,1,pass,1,1
5a7c902f-5503-4289-9afc-76609043cc3a,A-5a7c90,anti,T-001-02,🔴 異常系: メールアドレス重複エラー,F-001,negative,1,pass,1,1
5a7c902f-5503-4289-9afc-76609043cc3a,A-5a7c90,anti,T-001-03,🔴 異常系: パスワード強度不足エラー,F-001,negative,1,pass,1,1
5a7c902f-5503-4289-9afc-76609043cc3a,A-5a7c90,anti,T-001-04,🔴 異常系: パスワード不一致エラー,F-001,negative,1,pass,1,1
5a7c902f-5503-4289-9afc-76609043cc3a,A-5a7c90,anti,T-002-01,🟢 正常系: ログイン成功,F-002,normal,1,pass,1,1
5a7c902f-5503-4289-9afc-76609043cc3a,A-5a7c90,anti,T-002-02,🟢 正常系: ログアウト成功,F-002,normal,1,fail,0,0
5a7c902f-5503-4289-9afc-76609043cc3a,A-5a7c90,anti,T-002-03,🔴 異常系: 認証失敗,F-002,negative,1,pass,1,1
5a7c902f-5503-4289-9afc-76609043cc3a,A-5a7c90,anti,T-002-04,🔴 異常系: アカウントロック,F-002,negative,1,pass,1,1
5a7c902f-5503-4289-9afc-76609043cc3a,A-5a7c90,anti,T-003-01,🟢 正常系: 申請種別選択と入力フォーム表示,F-003,normal,1,pass,1,1
5a7c902f-5503-4289-9afc-76609043cc3a,A-5a7c90,anti,T-003-02,🔴 異常系: 申請種別未選択エラー,F-003,negative,1,fail,0,0
5a7c902f-5503-4289-9afc-76609043cc3a,A-5a7c90,anti,T-004-01,🟢 正常系: 申請内容の入力,F-004,normal,1,pass,1,1
5a7c902f-5503-4289-9afc-76609043cc3a,A-5a7c90,anti,T-004-02,🔴 異常系: 申請金額範囲外エラー,F-004,negative,1,pass,1,1
5a7c902f-5503-4289-9afc-76609043cc3a,A-5a7c90,anti,T-004-03,🔴 異常系: ファイルサイズ超過エラー,F-004,negative,1,pass,1,1
5a7c902f-5503-4289-9afc-76609043cc3a,A-5a7c90,anti,T-005-01,🟢 正常系: 下書き保存,F-005,normal,1,pass,1,1
5a7c902f-5503-4289-9afc-76609043cc3a,A-5a7c90,anti,T-005-02,🟢 正常系: 下書き再編集,F-005,normal,1,pass,1,1
5a7c902f-5503-4289-9afc-76609043cc3a,A-5a7c90,anti,T-006-01,🟢 正常系: 申請提出（課長承認ルート）,F-006,normal,1,fail,0,0
5a7c902f-5503-4289-9afc-76609043cc3a,A-5a7c90,anti,T-006-02,🟢 正常系: 申請提出（部長承認ルート）,F-006,normal,1,pass,1,1
5a7c902f-5503-4289-9afc-76609043cc3a,A-5a7c90,anti,T-006-03,"🟡 境界値テスト: 承認ルート境界値（999,999円 → 課長）",F-006,boundary,1,fail,0,0
5a7c902f-5503-4289-9afc-76609043cc3a,A-5a7c90,anti,T-006-04,"🟡 境界値テスト: 承認ルート境界値（1,000,000円 → 部長）",F-006,boundary,1,pass,1,1
5a7c902f-5503-4289-9afc-76609043cc3a,A-5a7c90,anti,T-006-05,"🟡 境界値テスト: 承認ルート境界値（999,998円・1,000,001円）",F-006,boundary,2,fail,0,0
5a7c902f-5503-4289-9afc-76609043cc3a,A-5a7c90,anti,T-006-06,🔴 異常系: 必須項目未入力での提出エラー,F-006,negative,1,pass,1,1
5a7c902f-5503-4289-9afc-76609043cc3a,A-5a7c90,anti,T-007-01,🟢 正常系: 申請一覧表示（一般ユーザー）,F-007,normal,1,pass,1,1
5a7c902f-5503-4289-9afc-76609043cc3a,A-5a7c90,anti,T-007-02,🟢 正常系: 申請一覧表示（課長）,F-007,normal,1,pass,1,1
5a7c902f-5503-4289-9afc-76609043cc3a,A-5a7c90,anti,T-007-03,🟢 正常系: ページネーション,F-007,normal,1,pass,1,1
5a7c902f-5503-4289-9afc-76609043cc3a,A-5a7c90,anti,T-008-01,🟢 正常系: キーワード検索,F-008,normal,1,pass,1,1
5a7c902f-5503-4289-9afc-76609043cc3a,A-5a7c90,anti,T-008-02,🟢 正常系: ステータスで絞り込み,F-008,normal,1,pass,1,1
5a7c902f-5503-4289-9afc-76609043cc3a,A-5a7c90,anti,T-008-03,🔴 異常系: 日付範囲不正エラー,F-008,negative,1,pass,1,1
5a7c902f-5503-4289-9afc-76609043cc3a,A-5a7c90,anti,T-008-04,🟢 正常系: 検索結果0件,F-008,normal,1,pass,1,1
5a7c902f-5503-4289-9afc-76609043cc3a,A-5a7c90,anti,T-009-01,🟢 正常系: 申請詳細表示（申請者本人）,F-009,normal,1,fail,0,0
5a7c902f-5503-4289-9afc-76609043cc3a,A-5a7c90,anti,T-009-02,🔴 異常系: 他ユーザーの申請詳細へのアクセス拒否,F-009,negative,1,pass,1,1
5a7c902f-5503-4289-9afc-76609043cc3a,A-5a7c90,anti,T-010-01,🟢 正常系: 課長による承認,F-010,normal,1,fail,0,0
5a7c902f-5503-4289-9afc-76609043cc3a,A-5a7c90,anti,T-010-02,🟢 正常系: 部長による承認,F-010,normal,1,pass,1,1
5a7c902f-5503-4289-9afc-76609043cc3a,A-5a7c90,anti,T-010-03,🔴 異常系: 承認権限のないユーザーによる承認不可,F-010,negative,1,pass,1,1
5a7c902f-5503-4289-9afc-76609043cc3a,A-5a7c90,anti,T-011-01,🟢 正常系: 差し戻し処理,F-011,normal,1,fail,0,0
5a7c902f-5503-4289-9afc-76609043cc3a,A-5a7c90,anti,T-011-02,🔴 異常系: 差し戻しコメント未入力エラー,F-011,negative,1,fail,0,0
5a7c902f-5503-4289-9afc-76609043cc3a,A-5a7c90,anti,T-012-01,🟢 正常系: 承認待ち申請の取り消し,F-012,normal,1,fail,0,0
5a7c902f-5503-4289-9afc-76609043cc3a,A-5a7c90,anti,T-012-02,🔴 異常系: 承認済み申請の取り消し不可,F-012,negative,1,fail,0,0
5a7c902f-5503-4289-9afc-76609043cc3a,A-5a7c90,anti,T-013-01,🟢 正常系: 差し戻し申請の再提出,F-013,normal,1,fail,0,0
5a7c902f-5503-4289-9afc-76609043cc3a,A-5a7c90,anti,T-013-02,🔴 異常系: 不正なステータス遷移,F-013,negative,1,fail,0,0
5a7c902f-5503-4289-9afc-76609043cc3a,A-5a7c90,anti,T-014-01,🟢 正常系: 申請提出時の承認者へのメール通知,F-014,normal,1,fail,0,0
5a7c902f-5503-4289-9afc-76609043cc3a,A-5a7c90,anti,T-014-02,🟢 正常系: 承認完了時の申請者へのメール通知,F-014,normal,1,fail,0,0
5a7c902f-5503-4289-9afc-76609043cc3a,A-5a7c90,anti,T-015-01,🟢 正常系: 承認履歴の表示,F-015,normal,1,fail,0,0
5a7c902f-5503-4289-9afc-76609043cc3a,A-5a7c90,anti,T-016-01,🟢 正常系: CSVエクスポート,F-016,normal,1,fail,0,0
5a7c902f-5503-4289-9afc-76609043cc3a,A-5a7c90,anti,T-016-02,🟢 正常系: 検索条件を絞り込んだCSVエクスポート,F-016,normal,1,pass,1,1
5a7c902f-5503-4289-9afc-76609043cc3a,A-5a7c90,anti,T-016-03,🔴 異常系: 一般ユーザーによるCSVエクスポート権限エラー,F-016,negative,1,pass,1,1
5a7c902f-5503-4289-9afc-76609043cc3a,A-5a7c90,anti,T-017-01,🟢 正常系: 一般ユーザーのダッシュボード表示,F-017,normal,1,pass,1,1
5a7c902f-5503-4289-9afc-76609043cc3a,A-5a7c90,anti,T-017-02,🟢 正常系: 課長のダッシュボード表示,F-017,normal,1,pass,1,1
5a7c902f-5503-4289-9afc-76609043cc3a,A-5a7c90,anti,T-018-01,🟢 正常系: ユーザー情報編集,F-018,normal,1,pass,1,1
5a7c902f-5503-4289-9afc-76609043cc3a,A-5a7c90,anti,T-018-02,🔴 異常系: 自分自身の無効化エラー,F-018,negative,1,pass,1,1
5a7c902f-5503-4289-9afc-76609043cc3a,A-5a7c90,anti,T-018-03,🔴 異常系: 一般ユーザーによるユーザー管理アクセス拒否,F-018,negative,1,pass,1,1
5a7c902f-5503-4289-9afc-76609043cc3a,A-5a7c90,anti,T-019-01,🟢 正常系: パスワード変更成功,F-019,normal,1,fail,0,0
5a7c902f-5503-4289-9afc-76609043cc3a,A-5a7c90,anti,T-019-02,🔴 異常系: 現在のパスワード不一致エラー,F-019,negative,1,pass,1,1
5a7c902f-5503-4289-9afc-76609043cc3a,A-5a7c90,anti,T-019-03,🔴 異常系: 同一パスワード設定エラー,F-019,negative,1,pass,1,1
5a7c902f-5503-4289-9afc-76609043cc3a,A-5a7c90,anti,T-020-01,🟢 正常系: システム設定の変更,F-020,normal,1,pass,1,1
5a7c902f-5503-4289-9afc-76609043cc3a,A-5a7c90,anti,T-020-02,🟢 正常系: SMTPテスト送信,F-020,normal,1,pass,1,1
5a7c902f-5503-4289-9afc-76609043cc3a,A-5a7c90,anti,T-020-03,🔴 異常系: セッションタイムアウト範囲外エラー,F-020,negative,1,pass,1,1
5a7c902f-5503-4289-9afc-76609043cc3a,A-5a7c90,anti,T-020-04,🔴 異常系: 一般ユーザーによるシステム設定アクセス拒否,F-020,negative,1,fail,0,0
600f4ba8-acdf-42ae-99e7-c86b95372d7e,A-600f4b,anti,T-001-01,🟢 正常系: ユーザー新規登録,F-001,normal,1,fail,0,0
600f4ba8-acdf-42ae-99e7-c86b95372d7e,A-600f4b,anti,T-001-02,🔴 異常系: メールアドレス重複エラー,F-001,negative,1,pass,1,1
600f4ba8-acdf-42ae-99e7-c86b95372d7e,A-600f4b,anti,T-001-03,🔴 異常系: パスワード強度不足エラー,F-001,negative,1,pass,1,1
600f4ba8-acdf-42ae-99e7-c86b95372d7e,A-600f4b,anti,T-001-04,🔴 異常系: パスワード不一致エラー,F-001,negative,1,pass,1,1
600f4ba8-acdf-42ae-99e7-c86b95372d7e,A-600f4b,anti,T-002-01,🟢 正常系: ログイン成功,F-002,normal,1,pass,1,1
600f4ba8-acdf-42ae-99e7-c86b95372d7e,A-600f4b,anti,T-002-02,🟢 正常系: ログアウト成功,F-002,normal,1,fail,0,0
600f4ba8-acdf-42ae-99e7-c86b95372d7e,A-600f4b,anti,T-002-03,🔴 異常系: 認証失敗,F-002,negative,1,pass,1,1
600f4ba8-acdf-42ae-99e7-c86b95372d7e,A-600f4b,anti,T-002-04,🔴 異常系: アカウントロック,F-002,negative,1,pass,1,1
600f4ba8-acdf-42ae-99e7-c86b95372d7e,A-600f4b,anti,T-003-01,🟢 正常系: 申請種別選択と入力フォーム表示,F-003,normal,1,pass,1,1
600f4ba8-acdf-42ae-99e7-c86b95372d7e,A-600f4b,anti,T-003-02,🔴 異常系: 申請種別未選択エラー,F-003,negative,1,pass,1,1
600f4ba8-acdf-42ae-99e7-c86b95372d7e,A-600f4b,anti,T-004-01,🟢 正常系: 申請内容の入力,F-004,normal,1,pass,1,1
600f4ba8-acdf-42ae-99e7-c86b95372d7e,A-600f4b,anti,T-004-02,🔴 異常系: 申請金額範囲外エラー,F-004,negative,1,fail,0,0
600f4ba8-acdf-42ae-99e7-c86b95372d7e,A-600f4b,anti,T-004-03,🔴 異常系: ファイルサイズ超過エラー,F-004,negative,1,fail,0,0
600f4ba8-acdf-42ae-99e7-c86b95372d7e,A-600f4b,anti,T-005-01,🟢 正常系: 下書き保存,F-005,normal,1,fail,0,0
600f4ba8-acdf-42ae-99e7-c86b95372d7e,A-600f4b,anti,T-005-02,🟢 正常系: 下書き再編集,F-005,normal,1,fail,0,0
600f4ba8-acdf-42ae-99e7-c86b95372d7e,A-600f4b,anti,T-006-01,🟢 正常系: 申請提出（課長承認ルート）,F-006,normal,1,blocked,0,0
600f4ba8-acdf-42ae-99e7-c86b95372d7e,A-600f4b,anti,T-006-02,🟢 正常系: 申請提出（部長承認ルート）,F-006,normal,1,blocked,0,0
600f4ba8-acdf-42ae-99e7-c86b95372d7e,A-600f4b,anti,T-006-03,"🟡 境界値テスト: 承認ルート境界値（999,999円 → 課長）",F-006,boundary,1,blocked,0,0
600f4ba8-acdf-42ae-99e7-c86b95372d7e,A-600f4b,anti,T-006-04,"🟡 境界値テスト: 承認ルート境界値（1,000,000円 → 部長）",F-006,boundary,1,blocked,0,0
600f4ba8-acdf-42ae-99e7-c86b95372d7e,A-600f4b,anti,T-006-05,"🟡 境界値テスト: 承認ルート境界値（999,998円・1,000,001円）",F-006,boundary,2,blocked,0,0
600f4ba8-acdf-42ae-99e7-c86b95372d7e,A-600f4b,anti,T-006-06,🔴 異常系: 必須項目未入力での提出エラー,F-006,negative,1,pass,1,1
600f4ba8-acdf-42ae-99e7-c86b95372d7e,A-600f4b,anti,T-007-01,🟢 正常系: 申請一覧表示（一般ユーザー）,F-007,normal,1,blocked,0,0
600f4ba8-acdf-42ae-99e7-c86b95372d7e,A-600f4b,anti,T-007-02,🟢 正常系: 申請一覧表示（課長）,F-007,normal,1,blocked,0,0
600f4ba8-acdf-42ae-99e7-c86b95372d7e,A-600f4b,anti,T-007-03,🟢 正常系: ページネーション,F-007,normal,1,blocked,0,0
600f4ba8-acdf-42ae-99e7-c86b95372d7e,A-600f4b,anti,T-008-01,🟢 正常系: キーワード検索,F-008,normal,1,blocked,0,0
600f4ba8-acdf-42ae-99e7-c86b95372d7e,A-600f4b,anti,T-008-02,🟢 正常系: ステータスで絞り込み,F-008,normal,1,blocked,0,0
600f4ba8-acdf-42ae-99e7-c86b95372d7e,A-600f4b,anti,T-008-03,🔴 異常系: 日付範囲不正エラー,F-008,negative,1,pass,1,1
600f4ba8-acdf-42ae-99e7-c86b95372d7e,A-600f4b,anti,T-008-04,🟢 正常系: 検索結果0件,F-008,normal,1,pass,1,1
600f4ba8-acdf-42ae-99e7-c86b95372d7e,A-600f4b,anti,T-009-01,🟢 正常系: 申請詳細表示（申請者本人）,F-009,normal,1,blocked,0,0
600f4ba8-acdf-42ae-99e7-c86b95372d7e,A-600f4b,anti,T-009-02,🔴 異常系: 他ユーザーの申請詳細へのアクセス拒否,F-009,negative,1,blocked,0,0
600f4ba8-acdf-42ae-99e7-c86b95372d7e,A-600f4b,anti,T-010-01,🟢 正常系: 課長による承認,F-010,normal,1,blocked,0,0
600f4ba8-acdf-42ae-99e7-c86b95372d7e,A-600f4b,anti,T-010-02,🟢 正常系: 部長による承認,F-010,normal,1,blocked,0,0
600f4ba8-acdf-42ae-99e7-c86b95372d7e,A-600f4b,anti,T-010-03,🔴 異常系: 承認権限のないユーザーによる承認不可,F-010,negative,1,blocked,0,0
600f4ba8-acdf-42ae-99e7-c86b95372d7e,A-600f4b,anti,T-011-01,🟢 正常系: 差し戻し処理,F-011,normal,1,blocked,0,0
600f4ba8-acdf-42ae-99e7-c86b95372d7e,A-600f4b,anti,T-011-02,🔴 異常系: 差し戻しコメント未入力エラー,F-011,negative,1,blocked,0,0
600f4ba8-acdf-42ae-99e7-c86b95372d7e,A-600f4b,anti,T-012-01,🟢 正常系: 承認待ち申請の取り消し,F-012,normal,1,blocked,0,0
600f4ba8-acdf-42ae-99e7-c86b95372d7e,A-600f4b,anti,T-012-02,🔴 異常系: 承認済み申請の取り消し不可,F-012,negative,1,blocked,0,0
600f4ba8-acdf-42ae-99e7-c86b95372d7e,A-600f4b,anti,T-013-01,🟢 正常系: 差し戻し申請の再提出,F-013,normal,1,blocked,0,0
600f4ba8-acdf-42ae-99e7-c86b95372d7e,A-600f4b,anti,T-013-02,🔴 異常系: 不正なステータス遷移,F-013,negative,1,blocked,0,0
600f4ba8-acdf-42ae-99e7-c86b95372d7e,A-600f4b,anti,T-014-01,🟢 正常系: 申請提出時の承認者へのメール通知,F-014,normal,1,blocked,0,0
600f4ba8-acdf-42ae-99e7-c86b95372d7e,A-600f4b,anti,T-014-02,🟢 正常系: 承認完了時の申請者へのメール通知,F-014,normal,1,blocked,0,0
600f4ba8-acdf-42ae-99e7-c86b95372d7e,A-600f4b,anti,T-015-01,🟢 正常系: 承認履歴の表示,F-015,normal,1,blocked,0,0
600f4ba8-acdf-42ae-99e7-c86b95372d7e,A-600f4b,anti,T-016-01,🟢 正常系: CSVエクスポート,F-016,normal,1,blocked,0,0
600f4ba8-acdf-42ae-99e7-c86b95372d7e,A-600f4b,anti,T-016-02,🟢 正常系: 検索条件を絞り込んだCSVエクスポート,F-016,normal,1,blocked,0,0
600f4ba8-acdf-42ae-99e7-c86b95372d7e,A-600f4b,anti,T-016-03,🔴 異常系: 一般ユーザーによるCSVエクスポート権限エラー,F-016,negative,1,pass,1,1
600f4ba8-acdf-42ae-99e7-c86b95372d7e,A-600f4b,anti,T-017-01,🟢 正常系: 一般ユーザーのダッシュボード表示,F-017,normal,1,blocked,0,0
600f4ba8-acdf-42ae-99e7-c86b95372d7e,A-600f4b,anti,T-017-02,🟢 正常系: 課長のダッシュボード表示,F-017,normal,1,blocked,0,0
600f4ba8-acdf-42ae-99e7-c86b95372d7e,A-600f4b,anti,T-018-01,🟢 正常系: ユーザー情報編集,F-018,normal,1,fail,0,0
600f4ba8-acdf-42ae-99e7-c86b95372d7e,A-600f4b,anti,T-018-02,🔴 異常系: 自分自身の無効化エラー,F-018,negative,1,fail,0,0
600f4ba8-acdf-42ae-99e7-c86b95372d7e,A-600f4b,anti,T-018-03,🔴 異常系: 一般ユーザーによるユーザー管理アクセス拒否,F-018,negative,1,pass,1,1
600f4ba8-acdf-42ae-99e7-c86b95372d7e,A-600f4b,anti,T-019-01,🟢 正常系: パスワード変更成功,F-019,normal,1,pass,1,1
600f4ba8-acdf-42ae-99e7-c86b95372d7e,A-600f4b,anti,T-019-02,🔴 異常系: 現在のパスワード不一致エラー,F-019,negative,1,pass,1,1
600f4ba8-acdf-42ae-99e7-c86b95372d7e,A-600f4b,anti,T-019-03,🔴 異常系: 同一パスワード設定エラー,F-019,negative,1,pass,1,1
600f4ba8-acdf-42ae-99e7-c86b95372d7e,A-600f4b,anti,T-020-01,🟢 正常系: システム設定の変更,F-020,normal,1,pass,1,1
600f4ba8-acdf-42ae-99e7-c86b95372d7e,A-600f4b,anti,T-020-02,🟢 正常系: SMTPテスト送信,F-020,normal,1,pass,1,1
600f4ba8-acdf-42ae-99e7-c86b95372d7e,A-600f4b,anti,T-020-03,🔴 異常系: セッションタイムアウト範囲外エラー,F-020,negative,1,pass,1,1
600f4ba8-acdf-42ae-99e7-c86b95372d7e,A-600f4b,anti,T-020-04,🔴 異常系: 一般ユーザーによるシステム設定アクセス拒否,F-020,negative,1,pass,1,1
69c2fcf8-cab9-49f0-ae99-d1aef80a64ab,A-69c2fc,anti,T-001-01,🟢 正常系: ユーザー新規登録,F-001,normal,1,pass,1,1
69c2fcf8-cab9-49f0-ae99-d1aef80a64ab,A-69c2fc,anti,T-001-02,🔴 異常系: メールアドレス重複エラー,F-001,negative,1,pass,1,1
69c2fcf8-cab9-49f0-ae99-d1aef80a64ab,A-69c2fc,anti,T-001-03,🔴 異常系: パスワード強度不足エラー,F-001,negative,1,pass,1,1
69c2fcf8-cab9-49f0-ae99-d1aef80a64ab,A-69c2fc,anti,T-001-04,🔴 異常系: パスワード不一致エラー,F-001,negative,1,pass,1,1
69c2fcf8-cab9-49f0-ae99-d1aef80a64ab,A-69c2fc,anti,T-002-01,🟢 正常系: ログイン成功,F-002,normal,1,fail,0,0
69c2fcf8-cab9-49f0-ae99-d1aef80a64ab,A-69c2fc,anti,T-002-02,🟢 正常系: ログアウト成功,F-002,normal,1,fail,0,0
69c2fcf8-cab9-49f0-ae99-d1aef80a64ab,A-69c2fc,anti,T-002-03,🔴 異常系: 認証失敗,F-002,negative,1,pass,1,1
69c2fcf8-cab9-49f0-ae99-d1aef80a64ab,A-69c2fc,anti,T-002-04,🔴 異常系: アカウントロック,F-002,negative,1,pass,1,1
69c2fcf8-cab9-49f0-ae99-d1aef80a64ab,A-69c2fc,anti,T-003-01,🟢 正常系: 申請種別選択と入力フォーム表示,F-003,normal,1,pass,1,1
69c2fcf8-cab9-49f0-ae99-d1aef80a64ab,A-69c2fc,anti,T-003-02,🔴 異常系: 申請種別未選択エラー,F-003,negative,1,pass,1,1
69c2fcf8-cab9-49f0-ae99-d1aef80a64ab,A-69c2fc,anti,T-004-01,🟢 正常系: 申請内容の入力,F-004,normal,1,pass,1,1
69c2fcf8-cab9-49f0-ae99-d1aef80a64ab,A-69c2fc,anti,T-004-02,🔴 異常系: 申請金額範囲外エラー,F-004,negative,1,pass,1,1
69c2fcf8-cab9-49f0-ae99-d1aef80a64ab,A-69c2fc,anti,T-004-03,🔴 異常系: ファイルサイズ超過エラー,F-004,negative,1,fail,0,0
69c2fcf8-cab9-49f0-ae99-d1aef80a64ab,A-69c2fc,anti,T-005-01,🟢 正常系: 下書き保存,F-005,normal,1,pass,1,1
69c2fcf8-cab9-49f0-ae99-d1aef80a64ab,A-69c2fc,anti,T-005-02,🟢 正常系: 下書き再編集,F-005,normal,1,fail,0,0
69c2fcf8-cab9-49f0-ae99-d1aef80a64ab,A-69c2fc,anti,T-006-01,🟢 正常系: 申請提出（課長承認ルート）,F-006,normal,1,fail,0,0
69c2fcf8-cab9-49f0-ae99-d1aef80a64ab,A-69c2fc,anti,T-006-02,🟢 正常系: 申請提出（部長承認ルート）,F-006,normal,1,pass,1,1
69c2fcf8-cab9-49f0-ae99-d1aef80a64ab,A-69c2fc,anti,T-006-03,"🟡 境界値テスト: 承認ルート境界値（999,999円 → 課長）",F-006,boundary,1,fail,0,0
69c2fcf8-cab9-49f0-ae99-d1aef80a64ab,A-69c2fc,anti,T-006-04,"🟡 境界値テスト: 承認ルート境界値（1,000,000円 → 部長）",F-006,boundary,1,pass,1,1
69c2fcf8-cab9-49f0-ae99-d1aef80a64ab,A-69c2fc,anti,T-006-05,"🟡 境界値テスト: 承認ルート境界値（999,998円・1,000,001円）",F-006,boundary,2,fail,0,0
69c2fcf8-cab9-49f0-ae99-d1aef80a64ab,A-69c2fc,anti,T-006-06,🔴 異常系: 必須項目未入力での提出エラー,F-006,negative,1,pass,1,1
69c2fcf8-cab9-49f0-ae99-d1aef80a64ab,A-69c2fc,anti,T-007-01,🟢 正常系: 申請一覧表示（一般ユーザー）,F-007,normal,1,blocked,0,0
69c2fcf8-cab9-49f0-ae99-d1aef80a64ab,A-69c2fc,anti,T-007-02,🟢 正常系: 申請一覧表示（課長）,F-007,normal,1,blocked,0,0
69c2fcf8-cab9-49f0-ae99-d1aef80a64ab,A-69c2fc,anti,T-007-03,🟢 正常系: ページネーション,F-007,normal,1,blocked,0,0
69c2fcf8-cab9-49f0-ae99-d1aef80a64ab,A-69c2fc,anti,T-008-01,🟢 正常系: キーワード検索,F-008,normal,1,blocked,0,0
69c2fcf8-cab9-49f0-ae99-d1aef80a64ab,A-69c2fc,anti,T-008-02,🟢 正常系: ステータスで絞り込み,F-008,normal,1,blocked,0,0
69c2fcf8-cab9-49f0-ae99-d1aef80a64ab,A-69c2fc,anti,T-008-03,🔴 異常系: 日付範囲不正エラー,F-008,negative,1,pass,1,1
69c2fcf8-cab9-49f0-ae99-d1aef80a64ab,A-69c2fc,anti,T-008-04,🟢 正常系: 検索結果0件,F-008,normal,1,pass,1,1
69c2fcf8-cab9-49f0-ae99-d1aef80a64ab,A-69c2fc,anti,T-009-01,🟢 正常系: 申請詳細表示（申請者本人）,F-009,normal,1,pass,1,1
69c2fcf8-cab9-49f0-ae99-d1aef80a64ab,A-69c2fc,anti,T-009-02,🔴 異常系: 他ユーザーの申請詳細へのアクセス拒否,F-009,negative,1,pass,1,1
69c2fcf8-cab9-49f0-ae99-d1aef80a64ab,A-69c2fc,anti,T-010-01,🟢 正常系: 課長による承認,F-010,normal,1,fail,0,0
69c2fcf8-cab9-49f0-ae99-d1aef80a64ab,A-69c2fc,anti,T-010-02,🟢 正常系: 部長による承認,F-010,normal,1,pass,1,1
69c2fcf8-cab9-49f0-ae99-d1aef80a64ab,A-69c2fc,anti,T-010-03,🔴 異常系: 承認権限のないユーザーによる承認不可,F-010,negative,1,pass,1,1
69c2fcf8-cab9-49f0-ae99-d1aef80a64ab,A-69c2fc,anti,T-011-01,🟢 正常系: 差し戻し処理,F-011,normal,1,fail,0,0
69c2fcf8-cab9-49f0-ae99-d1aef80a64ab,A-69c2fc,anti,T-011-02,🔴 異常系: 差し戻しコメント未入力エラー,F-011,negative,1,fail,0,0
69c2fcf8-cab9-49f0-ae99-d1aef80a64ab,A-69c2fc,anti,T-012-01,🟢 正常系: 承認待ち申請の取り消し,F-012,normal,1,fail,0,0
69c2fcf8-cab9-49f0-ae99-d1aef80a64ab,A-69c2fc,anti,T-012-02,🔴 異常系: 承認済み申請の取り消し不可,F-012,negative,1,fail,0,0
69c2fcf8-cab9-49f0-ae99-d1aef80a64ab,A-69c2fc,anti,T-013-01,🟢 正常系: 差し戻し申請の再提出,F-013,normal,1,fail,0,0
69c2fcf8-cab9-49f0-ae99-d1aef80a64ab,A-69c2fc,anti,T-013-02,🔴 異常系: 不正なステータス遷移,F-013,negative,1,fail,0,0
69c2fcf8-cab9-49f0-ae99-d1aef80a64ab,A-69c2fc,anti,T-014-01,🟢 正常系: 申請提出時の承認者へのメール通知,F-014,normal,1,fail,0,0
69c2fcf8-cab9-49f0-ae99-d1aef80a64ab,A-69c2fc,anti,T-014-02,🟢 正常系: 承認完了時の申請者へのメール通知,F-014,normal,1,fail,0,0
69c2fcf8-cab9-49f0-ae99-d1aef80a64ab,A-69c2fc,anti,T-015-01,🟢 正常系: 承認履歴の表示,F-015,normal,1,fail,0,0
69c2fcf8-cab9-49f0-ae99-d1aef80a64ab,A-69c2fc,anti,T-016-01,🟢 正常系: CSVエクスポート,F-016,normal,1,blocked,0,0
69c2fcf8-cab9-49f0-ae99-d1aef80a64ab,A-69c2fc,anti,T-016-02,🟢 正常系: 検索条件を絞り込んだCSVエクスポート,F-016,normal,1,blocked,0,0
69c2fcf8-cab9-49f0-ae99-d1aef80a64ab,A-69c2fc,anti,T-016-03,🔴 異常系: 一般ユーザーによるCSVエクスポート権限エラー,F-016,negative,1,pass,1,1
69c2fcf8-cab9-49f0-ae99-d1aef80a64ab,A-69c2fc,anti,T-017-01,🟢 正常系: 一般ユーザーのダッシュボード表示,F-017,normal,1,fail,0,0
69c2fcf8-cab9-49f0-ae99-d1aef80a64ab,A-69c2fc,anti,T-017-02,🟢 正常系: 課長のダッシュボード表示,F-017,normal,1,blocked,0,0
69c2fcf8-cab9-49f0-ae99-d1aef80a64ab,A-69c2fc,anti,T-018-01,🟢 正常系: ユーザー情報編集,F-018,normal,1,pass,1,1
69c2fcf8-cab9-49f0-ae99-d1aef80a64ab,A-69c2fc,anti,T-018-02,🔴 異常系: 自分自身の無効化エラー,F-018,negative,1,pass,1,1
69c2fcf8-cab9-49f0-ae99-d1aef80a64ab,A-69c2fc,anti,T-018-03,🔴 異常系: 一般ユーザーによるユーザー管理アクセス拒否,F-018,negative,1,pass,1,1
69c2fcf8-cab9-49f0-ae99-d1aef80a64ab,A-69c2fc,anti,T-019-01,🟢 正常系: パスワード変更成功,F-019,normal,1,pass,1,1
69c2fcf8-cab9-49f0-ae99-d1aef80a64ab,A-69c2fc,anti,T-019-02,🔴 異常系: 現在のパスワード不一致エラー,F-019,negative,1,pass,1,1
69c2fcf8-cab9-49f0-ae99-d1aef80a64ab,A-69c2fc,anti,T-019-03,🔴 異常系: 同一パスワード設定エラー,F-019,negative,1,pass,1,1
69c2fcf8-cab9-49f0-ae99-d1aef80a64ab,A-69c2fc,anti,T-020-01,🟢 正常系: システム設定の変更,F-020,normal,1,pass,1,1
69c2fcf8-cab9-49f0-ae99-d1aef80a64ab,A-69c2fc,anti,T-020-02,🟢 正常系: SMTPテスト送信,F-020,normal,1,pass,1,1
69c2fcf8-cab9-49f0-ae99-d1aef80a64ab,A-69c2fc,anti,T-020-03,🔴 異常系: セッションタイムアウト範囲外エラー,F-020,negative,1,pass,1,1
69c2fcf8-cab9-49f0-ae99-d1aef80a64ab,A-69c2fc,anti,T-020-04,🔴 異常系: 一般ユーザーによるシステム設定アクセス拒否,F-020,negative,1,pass,1,1
6a0f735d-c6df-4cd3-bcb6-489807e94b58,A-6a0f73,anti,T-001-01,🟢 正常系: ユーザー新規登録,F-001,normal,1,pass,1,1
6a0f735d-c6df-4cd3-bcb6-489807e94b58,A-6a0f73,anti,T-001-02,🔴 異常系: メールアドレス重複エラー,F-001,negative,1,pass,1,1
6a0f735d-c6df-4cd3-bcb6-489807e94b58,A-6a0f73,anti,T-001-03,🔴 異常系: パスワード強度不足エラー,F-001,negative,1,pass,1,1
6a0f735d-c6df-4cd3-bcb6-489807e94b58,A-6a0f73,anti,T-001-04,🔴 異常系: パスワード不一致エラー,F-001,negative,1,pass,1,1
6a0f735d-c6df-4cd3-bcb6-489807e94b58,A-6a0f73,anti,T-002-01,🟢 正常系: ログイン成功,F-002,normal,1,pass,1,1
6a0f735d-c6df-4cd3-bcb6-489807e94b58,A-6a0f73,anti,T-002-02,🟢 正常系: ログアウト成功,F-002,normal,1,fail,0,0
6a0f735d-c6df-4cd3-bcb6-489807e94b58,A-6a0f73,anti,T-002-03,🔴 異常系: 認証失敗,F-002,negative,1,pass,1,1
6a0f735d-c6df-4cd3-bcb6-489807e94b58,A-6a0f73,anti,T-002-04,🔴 異常系: アカウントロック,F-002,negative,1,pass,1,1
6a0f735d-c6df-4cd3-bcb6-489807e94b58,A-6a0f73,anti,T-003-01,🟢 正常系: 申請種別選択と入力フォーム表示,F-003,normal,1,pass,1,1
6a0f735d-c6df-4cd3-bcb6-489807e94b58,A-6a0f73,anti,T-003-02,🔴 異常系: 申請種別未選択エラー,F-003,negative,1,fail,0,0
6a0f735d-c6df-4cd3-bcb6-489807e94b58,A-6a0f73,anti,T-004-01,🟢 正常系: 申請内容の入力,F-004,normal,1,pass,1,1
6a0f735d-c6df-4cd3-bcb6-489807e94b58,A-6a0f73,anti,T-004-02,🔴 異常系: 申請金額範囲外エラー,F-004,negative,1,pass,1,1
6a0f735d-c6df-4cd3-bcb6-489807e94b58,A-6a0f73,anti,T-004-03,🔴 異常系: ファイルサイズ超過エラー,F-004,negative,1,fail,0,0
6a0f735d-c6df-4cd3-bcb6-489807e94b58,A-6a0f73,anti,T-005-01,🟢 正常系: 下書き保存,F-005,normal,1,pass,1,1
6a0f735d-c6df-4cd3-bcb6-489807e94b58,A-6a0f73,anti,T-005-02,🟢 正常系: 下書き再編集,F-005,normal,1,fail,0,0
6a0f735d-c6df-4cd3-bcb6-489807e94b58,A-6a0f73,anti,T-006-01,🟢 正常系: 申請提出（課長承認ルート）,F-006,normal,1,fail,0,0
6a0f735d-c6df-4cd3-bcb6-489807e94b58,A-6a0f73,anti,T-006-02,🟢 正常系: 申請提出（部長承認ルート）,F-006,normal,1,pass,1,1
6a0f735d-c6df-4cd3-bcb6-489807e94b58,A-6a0f73,anti,T-006-03,"🟡 境界値テスト: 承認ルート境界値（999,999円 → 課長）",F-006,boundary,1,fail,0,0
6a0f735d-c6df-4cd3-bcb6-489807e94b58,A-6a0f73,anti,T-006-04,"🟡 境界値テスト: 承認ルート境界値（1,000,000円 → 部長）",F-006,boundary,1,pass,1,1
6a0f735d-c6df-4cd3-bcb6-489807e94b58,A-6a0f73,anti,T-006-05,"🟡 境界値テスト: 承認ルート境界値（999,998円・1,000,001円）",F-006,boundary,2,fail,0,0
6a0f735d-c6df-4cd3-bcb6-489807e94b58,A-6a0f73,anti,T-006-06,🔴 異常系: 必須項目未入力での提出エラー,F-006,negative,1,pass,1,1
6a0f735d-c6df-4cd3-bcb6-489807e94b58,A-6a0f73,anti,T-007-01,🟢 正常系: 申請一覧表示（一般ユーザー）,F-007,normal,1,pass,1,1
6a0f735d-c6df-4cd3-bcb6-489807e94b58,A-6a0f73,anti,T-007-02,🟢 正常系: 申請一覧表示（課長）,F-007,normal,1,pass,1,1
6a0f735d-c6df-4cd3-bcb6-489807e94b58,A-6a0f73,anti,T-007-03,🟢 正常系: ページネーション,F-007,normal,1,blocked,0,0
6a0f735d-c6df-4cd3-bcb6-489807e94b58,A-6a0f73,anti,T-008-01,🟢 正常系: キーワード検索,F-008,normal,1,pass,1,1
6a0f735d-c6df-4cd3-bcb6-489807e94b58,A-6a0f73,anti,T-008-02,🟢 正常系: ステータスで絞り込み,F-008,normal,1,pass,1,1
6a0f735d-c6df-4cd3-bcb6-489807e94b58,A-6a0f73,anti,T-008-03,🔴 異常系: 日付範囲不正エラー,F-008,negative,1,pass,1,1
6a0f735d-c6df-4cd3-bcb6-489807e94b58,A-6a0f73,anti,T-008-04,🟢 正常系: 検索結果0件,F-008,normal,1,pass,1,1
6a0f735d-c6df-4cd3-bcb6-489807e94b58,A-6a0f73,anti,T-009-01,🟢 正常系: 申請詳細表示（申請者本人）,F-009,normal,1,pass,1,1
6a0f735d-c6df-4cd3-bcb6-489807e94b58,A-6a0f73,anti,T-009-02,🔴 異常系: 他ユーザーの申請詳細へのアクセス拒否,F-009,negative,1,pass,1,1
6a0f735d-c6df-4cd3-bcb6-489807e94b58,A-6a0f73,anti,T-010-01,🟢 正常系: 課長による承認,F-010,normal,1,fail,0,0
6a0f735d-c6df-4cd3-bcb6-489807e94b58,A-6a0f73,anti,T-010-02,🟢 正常系: 部長による承認,F-010,normal,1,pass,1,1
6a0f735d-c6df-4cd3-bcb6-489807e94b58,A-6a0f73,anti,T-010-03,🔴 異常系: 承認権限のないユーザーによる承認不可,F-010,negative,1,pass,1,1
6a0f735d-c6df-4cd3-bcb6-489807e94b58,A-6a0f73,anti,T-011-01,🟢 正常系: 差し戻し処理,F-011,normal,1,fail,0,0
6a0f735d-c6df-4cd3-bcb6-489807e94b58,A-6a0f73,anti,T-011-02,🔴 異常系: 差し戻しコメント未入力エラー,F-011,negative,1,fail,0,0
6a0f735d-c6df-4cd3-bcb6-489807e94b58,A-6a0f73,anti,T-012-01,🟢 正常系: 承認待ち申請の取り消し,F-012,normal,1,fail,0,0
6a0f735d-c6df-4cd3-bcb6-489807e94b58,A-6a0f73,anti,T-012-02,🔴 異常系: 承認済み申請の取り消し不可,F-012,negative,1,fail,0,0
6a0f735d-c6df-4cd3-bcb6-489807e94b58,A-6a0f73,anti,T-013-01,🟢 正常系: 差し戻し申請の再提出,F-013,normal,1,fail,0,0
6a0f735d-c6df-4cd3-bcb6-489807e94b58,A-6a0f73,anti,T-013-02,🔴 異常系: 不正なステータス遷移,F-013,negative,1,fail,0,0
6a0f735d-c6df-4cd3-bcb6-489807e94b58,A-6a0f73,anti,T-014-01,🟢 正常系: 申請提出時の承認者へのメール通知,F-014,normal,1,fail,0,0
6a0f735d-c6df-4cd3-bcb6-489807e94b58,A-6a0f73,anti,T-014-02,🟢 正常系: 承認完了時の申請者へのメール通知,F-014,normal,1,fail,0,0
6a0f735d-c6df-4cd3-bcb6-489807e94b58,A-6a0f73,anti,T-015-01,🟢 正常系: 承認履歴の表示,F-015,normal,1,fail,0,0
6a0f735d-c6df-4cd3-bcb6-489807e94b58,A-6a0f73,anti,T-016-01,🟢 正常系: CSVエクスポート,F-016,normal,1,fail,0,0
6a0f735d-c6df-4cd3-bcb6-489807e94b58,A-6a0f73,anti,T-016-02,🟢 正常系: 検索条件を絞り込んだCSVエクスポート,F-016,normal,1,pass,1,1
6a0f735d-c6df-4cd3-bcb6-489807e94b58,A-6a0f73,anti,T-016-03,🔴 異常系: 一般ユーザーによるCSVエクスポート権限エラー,F-016,negative,1,pass,1,1
6a0f735d-c6df-4cd3-bcb6-489807e94b58,A-6a0f73,anti,T-017-01,🟢 正常系: 一般ユーザーのダッシュボード表示,F-017,normal,1,fail,0,0
6a0f735d-c6df-4cd3-bcb6-489807e94b58,A-6a0f73,anti,T-017-02,🟢 正常系: 課長のダッシュボード表示,F-017,normal,1,pass,1,1
6a0f735d-c6df-4cd3-bcb6-489807e94b58,A-6a0f73,anti,T-018-01,🟢 正常系: ユーザー情報編集,F-018,normal,1,pass,1,1
6a0f735d-c6df-4cd3-bcb6-489807e94b58,A-6a0f73,anti,T-018-02,🔴 異常系: 自分自身の無効化エラー,F-018,negative,1,pass,1,1
6a0f735d-c6df-4cd3-bcb6-489807e94b58,A-6a0f73,anti,T-018-03,🔴 異常系: 一般ユーザーによるユーザー管理アクセス拒否,F-018,negative,1,pass,1,1
6a0f735d-c6df-4cd3-bcb6-489807e94b58,A-6a0f73,anti,T-019-01,🟢 正常系: パスワード変更成功,F-019,normal,1,pass,1,1
6a0f735d-c6df-4cd3-bcb6-489807e94b58,A-6a0f73,anti,T-019-02,🔴 異常系: 現在のパスワード不一致エラー,F-019,negative,1,pass,1,1
6a0f735d-c6df-4cd3-bcb6-489807e94b58,A-6a0f73,anti,T-019-03,🔴 異常系: 同一パスワード設定エラー,F-019,negative,1,pass,1,1
6a0f735d-c6df-4cd3-bcb6-489807e94b58,A-6a0f73,anti,T-020-01,🟢 正常系: システム設定の変更,F-020,normal,1,pass,1,1
6a0f735d-c6df-4cd3-bcb6-489807e94b58,A-6a0f73,anti,T-020-02,🟢 正常系: SMTPテスト送信,F-020,normal,1,pass,1,1
6a0f735d-c6df-4cd3-bcb6-489807e94b58,A-6a0f73,anti,T-020-03,🔴 異常系: セッションタイムアウト範囲外エラー,F-020,negative,1,pass,1,1
6a0f735d-c6df-4cd3-bcb6-489807e94b58,A-6a0f73,anti,T-020-04,🔴 異常系: 一般ユーザーによるシステム設定アクセス拒否,F-020,negative,1,pass,1,1
6a301665-ffc6-40e3-918a-d7fad37e8d29,N-6a3016,normal,T-001-01,🟢 正常系: ユーザー新規登録,F-001,normal,1,pass,1,1
6a301665-ffc6-40e3-918a-d7fad37e8d29,N-6a3016,normal,T-001-02,🔴 異常系: メールアドレス重複エラー,F-001,negative,1,pass,1,1
6a301665-ffc6-40e3-918a-d7fad37e8d29,N-6a3016,normal,T-001-03,🔴 異常系: パスワード強度不足エラー,F-001,negative,1,pass,1,1
6a301665-ffc6-40e3-918a-d7fad37e8d29,N-6a3016,normal,T-001-04,🔴 異常系: パスワード不一致エラー,F-001,negative,1,pass,1,1
6a301665-ffc6-40e3-918a-d7fad37e8d29,N-6a3016,normal,T-002-01,🟢 正常系: ログイン成功,F-002,normal,1,pass,1,1
6a301665-ffc6-40e3-918a-d7fad37e8d29,N-6a3016,normal,T-002-02,🟢 正常系: ログアウト成功,F-002,normal,1,fail,0,0
6a301665-ffc6-40e3-918a-d7fad37e8d29,N-6a3016,normal,T-002-03,🔴 異常系: 認証失敗,F-002,negative,1,pass,1,1
6a301665-ffc6-40e3-918a-d7fad37e8d29,N-6a3016,normal,T-002-04,🔴 異常系: アカウントロック,F-002,negative,1,pass,1,1
6a301665-ffc6-40e3-918a-d7fad37e8d29,N-6a3016,normal,T-003-01,🟢 正常系: 申請種別選択と入力フォーム表示,F-003,normal,1,pass,1,1
6a301665-ffc6-40e3-918a-d7fad37e8d29,N-6a3016,normal,T-003-02,🔴 異常系: 申請種別未選択エラー,F-003,negative,1,pass,1,1
6a301665-ffc6-40e3-918a-d7fad37e8d29,N-6a3016,normal,T-004-01,🟢 正常系: 申請内容の入力,F-004,normal,1,fail,0,0
6a301665-ffc6-40e3-918a-d7fad37e8d29,N-6a3016,normal,T-004-02,🔴 異常系: 申請金額範囲外エラー,F-004,negative,1,pass,1,1
6a301665-ffc6-40e3-918a-d7fad37e8d29,N-6a3016,normal,T-004-03,🔴 異常系: ファイルサイズ超過エラー,F-004,negative,1,fail,0,0
6a301665-ffc6-40e3-918a-d7fad37e8d29,N-6a3016,normal,T-005-01,🟢 正常系: 下書き保存,F-005,normal,1,pass,1,1
6a301665-ffc6-40e3-918a-d7fad37e8d29,N-6a3016,normal,T-005-02,🟢 正常系: 下書き再編集,F-005,normal,1,pass,1,1
6a301665-ffc6-40e3-918a-d7fad37e8d29,N-6a3016,normal,T-006-01,🟢 正常系: 申請提出（課長承認ルート）,F-006,normal,1,pass,1,1
6a301665-ffc6-40e3-918a-d7fad37e8d29,N-6a3016,normal,T-006-02,🟢 正常系: 申請提出（部長承認ルート）,F-006,normal,1,pass,1,1
6a301665-ffc6-40e3-918a-d7fad37e8d29,N-6a3016,normal,T-006-03,"🟡 境界値テスト: 承認ルート境界値（999,999円 → 課長）",F-006,boundary,1,pass,1,1
6a301665-ffc6-40e3-918a-d7fad37e8d29,N-6a3016,normal,T-006-04,"🟡 境界値テスト: 承認ルート境界値（1,000,000円 → 部長）",F-006,boundary,1,pass,1,1
6a301665-ffc6-40e3-918a-d7fad37e8d29,N-6a3016,normal,T-006-05,"🟡 境界値テスト: 承認ルート境界値（999,998円・1,000,001円）",F-006,boundary,2,pass,1,1
6a301665-ffc6-40e3-918a-d7fad37e8d29,N-6a3016,normal,T-006-06,🔴 異常系: 必須項目未入力での提出エラー,F-006,negative,1,pass,1,1
6a301665-ffc6-40e3-918a-d7fad37e8d29,N-6a3016,normal,T-007-01,🟢 正常系: 申請一覧表示（一般ユーザー）,F-007,normal,1,pass,1,1
6a301665-ffc6-40e3-918a-d7fad37e8d29,N-6a3016,normal,T-007-02,🟢 正常系: 申請一覧表示（課長）,F-007,normal,1,pass,1,1
6a301665-ffc6-40e3-918a-d7fad37e8d29,N-6a3016,normal,T-007-03,🟢 正常系: ページネーション,F-007,normal,1,pass,1,1
6a301665-ffc6-40e3-918a-d7fad37e8d29,N-6a3016,normal,T-008-01,🟢 正常系: キーワード検索,F-008,normal,1,pass,1,1
6a301665-ffc6-40e3-918a-d7fad37e8d29,N-6a3016,normal,T-008-02,🟢 正常系: ステータスで絞り込み,F-008,normal,1,pass,1,1
6a301665-ffc6-40e3-918a-d7fad37e8d29,N-6a3016,normal,T-008-03,🔴 異常系: 日付範囲不正エラー,F-008,negative,1,pass,1,1
6a301665-ffc6-40e3-918a-d7fad37e8d29,N-6a3016,normal,T-008-04,🟢 正常系: 検索結果0件,F-008,normal,1,pass,1,1
6a301665-ffc6-40e3-918a-d7fad37e8d29,N-6a3016,normal,T-009-01,🟢 正常系: 申請詳細表示（申請者本人）,F-009,normal,1,pass,1,1
6a301665-ffc6-40e3-918a-d7fad37e8d29,N-6a3016,normal,T-009-02,🔴 異常系: 他ユーザーの申請詳細へのアクセス拒否,F-009,negative,1,pass,1,1
6a301665-ffc6-40e3-918a-d7fad37e8d29,N-6a3016,normal,T-010-01,🟢 正常系: 課長による承認,F-010,normal,1,pass,1,1
6a301665-ffc6-40e3-918a-d7fad37e8d29,N-6a3016,normal,T-010-02,🟢 正常系: 部長による承認,F-010,normal,1,pass,1,1
6a301665-ffc6-40e3-918a-d7fad37e8d29,N-6a3016,normal,T-010-03,🔴 異常系: 承認権限のないユーザーによる承認不可,F-010,negative,1,pass,1,1
6a301665-ffc6-40e3-918a-d7fad37e8d29,N-6a3016,normal,T-011-01,🟢 正常系: 差し戻し処理,F-011,normal,1,pass,1,1
6a301665-ffc6-40e3-918a-d7fad37e8d29,N-6a3016,normal,T-011-02,🔴 異常系: 差し戻しコメント未入力エラー,F-011,negative,1,pass,1,1
6a301665-ffc6-40e3-918a-d7fad37e8d29,N-6a3016,normal,T-012-01,🟢 正常系: 承認待ち申請の取り消し,F-012,normal,1,pass,1,1
6a301665-ffc6-40e3-918a-d7fad37e8d29,N-6a3016,normal,T-012-02,🔴 異常系: 承認済み申請の取り消し不可,F-012,negative,1,pass,1,1
6a301665-ffc6-40e3-918a-d7fad37e8d29,N-6a3016,normal,T-013-01,🟢 正常系: 差し戻し申請の再提出,F-013,normal,1,fail,0,0
6a301665-ffc6-40e3-918a-d7fad37e8d29,N-6a3016,normal,T-013-02,🔴 異常系: 不正なステータス遷移,F-013,negative,1,pass,1,1
6a301665-ffc6-40e3-918a-d7fad37e8d29,N-6a3016,normal,T-014-01,🟢 正常系: 申請提出時の承認者へのメール通知,F-014,normal,1,pass,1,1
6a301665-ffc6-40e3-918a-d7fad37e8d29,N-6a3016,normal,T-014-02,🟢 正常系: 承認完了時の申請者へのメール通知,F-014,normal,1,pass,1,1
6a301665-ffc6-40e3-918a-d7fad37e8d29,N-6a3016,normal,T-015-01,🟢 正常系: 承認履歴の表示,F-015,normal,1,fail,0,0
6a301665-ffc6-40e3-918a-d7fad37e8d29,N-6a3016,normal,T-016-01,🟢 正常系: CSVエクスポート,F-016,normal,1,fail,0,0
6a301665-ffc6-40e3-918a-d7fad37e8d29,N-6a3016,normal,T-016-02,🟢 正常系: 検索条件を絞り込んだCSVエクスポート,F-016,normal,1,pass,1,1
6a301665-ffc6-40e3-918a-d7fad37e8d29,N-6a3016,normal,T-016-03,🔴 異常系: 一般ユーザーによるCSVエクスポート権限エラー,F-016,negative,1,pass,1,1
6a301665-ffc6-40e3-918a-d7fad37e8d29,N-6a3016,normal,T-017-01,🟢 正常系: 一般ユーザーのダッシュボード表示,F-017,normal,1,fail,0,0
6a301665-ffc6-40e3-918a-d7fad37e8d29,N-6a3016,normal,T-017-02,🟢 正常系: 課長のダッシュボード表示,F-017,normal,1,pass,1,1
6a301665-ffc6-40e3-918a-d7fad37e8d29,N-6a3016,normal,T-018-01,🟢 正常系: ユーザー情報編集,F-018,normal,1,pass,1,1
6a301665-ffc6-40e3-918a-d7fad37e8d29,N-6a3016,normal,T-018-02,🔴 異常系: 自分自身の無効化エラー,F-018,negative,1,pass,1,1
6a301665-ffc6-40e3-918a-d7fad37e8d29,N-6a3016,normal,T-018-03,🔴 異常系: 一般ユーザーによるユーザー管理アクセス拒否,F-018,negative,1,pass,1,1
6a301665-ffc6-40e3-918a-d7fad37e8d29,N-6a3016,normal,T-019-01,🟢 正常系: パスワード変更成功,F-019,normal,1,pass,1,1
6a301665-ffc6-40e3-918a-d7fad37e8d29,N-6a3016,normal,T-019-02,🔴 異常系: 現在のパスワード不一致エラー,F-019,negative,1,pass,1,1
6a301665-ffc6-40e3-918a-d7fad37e8d29,N-6a3016,normal,T-019-03,🔴 異常系: 同一パスワード設定エラー,F-019,negative,1,pass,1,1
6a301665-ffc6-40e3-918a-d7fad37e8d29,N-6a3016,normal,T-020-01,🟢 正常系: システム設定の変更,F-020,normal,1,pass,1,1
6a301665-ffc6-40e3-918a-d7fad37e8d29,N-6a3016,normal,T-020-02,🟢 正常系: SMTPテスト送信,F-020,normal,1,pass,1,1
6a301665-ffc6-40e3-918a-d7fad37e8d29,N-6a3016,normal,T-020-03,🔴 異常系: セッションタイムアウト範囲外エラー,F-020,negative,1,pass,1,1
6a301665-ffc6-40e3-918a-d7fad37e8d29,N-6a3016,normal,T-020-04,🔴 異常系: 一般ユーザーによるシステム設定アクセス拒否,F-020,negative,1,pass,1,1
6af34679-56f4-46d3-96f9-270931c32699,A-6af346,anti,T-001-01,🟢 正常系: ユーザー新規登録,F-001,normal,1,pass,1,1
6af34679-56f4-46d3-96f9-270931c32699,A-6af346,anti,T-001-02,🔴 異常系: メールアドレス重複エラー,F-001,negative,1,pass,1,1
6af34679-56f4-46d3-96f9-270931c32699,A-6af346,anti,T-001-03,🔴 異常系: パスワード強度不足エラー,F-001,negative,1,pass,1,1
6af34679-56f4-46d3-96f9-270931c32699,A-6af346,anti,T-001-04,🔴 異常系: パスワード不一致エラー,F-001,negative,1,pass,1,1
6af34679-56f4-46d3-96f9-270931c32699,A-6af346,anti,T-002-01,🟢 正常系: ログイン成功,F-002,normal,1,pass,1,1
6af34679-56f4-46d3-96f9-270931c32699,A-6af346,anti,T-002-02,🟢 正常系: ログアウト成功,F-002,normal,1,fail,0,0
6af34679-56f4-46d3-96f9-270931c32699,A-6af346,anti,T-002-03,🔴 異常系: 認証失敗,F-002,negative,1,pass,1,1
6af34679-56f4-46d3-96f9-270931c32699,A-6af346,anti,T-002-04,🔴 異常系: アカウントロック,F-002,negative,1,pass,1,1
6af34679-56f4-46d3-96f9-270931c32699,A-6af346,anti,T-003-01,🟢 正常系: 申請種別選択と入力フォーム表示,F-003,normal,1,pass,1,1
6af34679-56f4-46d3-96f9-270931c32699,A-6af346,anti,T-003-02,🔴 異常系: 申請種別未選択エラー,F-003,negative,1,fail,0,0
6af34679-56f4-46d3-96f9-270931c32699,A-6af346,anti,T-004-01,🟢 正常系: 申請内容の入力,F-004,normal,1,fail,0,0
6af34679-56f4-46d3-96f9-270931c32699,A-6af346,anti,T-004-02,🔴 異常系: 申請金額範囲外エラー,F-004,negative,1,fail,0,0
6af34679-56f4-46d3-96f9-270931c32699,A-6af346,anti,T-004-03,🔴 異常系: ファイルサイズ超過エラー,F-004,negative,1,fail,0,0
6af34679-56f4-46d3-96f9-270931c32699,A-6af346,anti,T-005-01,🟢 正常系: 下書き保存,F-005,normal,1,pass,1,1
6af34679-56f4-46d3-96f9-270931c32699,A-6af346,anti,T-005-02,🟢 正常系: 下書き再編集,F-005,normal,1,fail,0,0
6af34679-56f4-46d3-96f9-270931c32699,A-6af346,anti,T-006-01,🟢 正常系: 申請提出（課長承認ルート）,F-006,normal,1,fail,0,0
6af34679-56f4-46d3-96f9-270931c32699,A-6af346,anti,T-006-02,🟢 正常系: 申請提出（部長承認ルート）,F-006,normal,1,pass,1,1
6af34679-56f4-46d3-96f9-270931c32699,A-6af346,anti,T-006-03,"🟡 境界値テスト: 承認ルート境界値（999,999円 → 課長）",F-006,boundary,1,fail,0,0
6af34679-56f4-46d3-96f9-270931c32699,A-6af346,anti,T-006-04,"🟡 境界値テスト: 承認ルート境界値（1,000,000円 → 部長）",F-006,boundary,1,pass,1,1
6af34679-56f4-46d3-96f9-270931c32699,A-6af346,anti,T-006-05,"🟡 境界値テスト: 承認ルート境界値（999,998円・1,000,001円）",F-006,boundary,2,fail,0,0
6af34679-56f4-46d3-96f9-270931c32699,A-6af346,anti,T-006-06,🔴 異常系: 必須項目未入力での提出エラー,F-006,negative,1,pass,1,1
6af34679-56f4-46d3-96f9-270931c32699,A-6af346,anti,T-007-01,🟢 正常系: 申請一覧表示（一般ユーザー）,F-007,normal,1,blocked,0,0
6af34679-56f4-46d3-96f9-270931c32699,A-6af346,anti,T-007-02,🟢 正常系: 申請一覧表示（課長）,F-007,normal,1,blocked,0,0
6af34679-56f4-46d3-96f9-270931c32699,A-6af346,anti,T-007-03,🟢 正常系: ページネーション,F-007,normal,1,blocked,0,0
6af34679-56f4-46d3-96f9-270931c32699,A-6af346,anti,T-008-01,🟢 正常系: キーワード検索,F-008,normal,1,blocked,0,0
6af34679-56f4-46d3-96f9-270931c32699,A-6af346,anti,T-008-02,🟢 正常系: ステータスで絞り込み,F-008,normal,1,blocked,0,0
6af34679-56f4-46d3-96f9-270931c32699,A-6af346,anti,T-008-03,🔴 異常系: 日付範囲不正エラー,F-008,negative,1,pass,1,1
6af34679-56f4-46d3-96f9-270931c32699,A-6af346,anti,T-008-04,🟢 正常系: 検索結果0件,F-008,normal,1,pass,1,1
6af34679-56f4-46d3-96f9-270931c32699,A-6af346,anti,T-009-01,🟢 正常系: 申請詳細表示（申請者本人）,F-009,normal,1,pass,1,1
6af34679-56f4-46d3-96f9-270931c32699,A-6af346,anti,T-009-02,🔴 異常系: 他ユーザーの申請詳細へのアクセス拒否,F-009,negative,1,pass,1,1
6af34679-56f4-46d3-96f9-270931c32699,A-6af346,anti,T-010-01,🟢 正常系: 課長による承認,F-010,normal,1,fail,0,0
6af34679-56f4-46d3-96f9-270931c32699,A-6af346,anti,T-010-02,🟢 正常系: 部長による承認,F-010,normal,1,pass,1,1
6af34679-56f4-46d3-96f9-270931c32699,A-6af346,anti,T-010-03,🔴 異常系: 承認権限のないユーザーによる承認不可,F-010,negative,1,pass,1,1
6af34679-56f4-46d3-96f9-270931c32699,A-6af346,anti,T-011-01,🟢 正常系: 差し戻し処理,F-011,normal,1,fail,0,0
6af34679-56f4-46d3-96f9-270931c32699,A-6af346,anti,T-011-02,🔴 異常系: 差し戻しコメント未入力エラー,F-011,negative,1,fail,0,0
6af34679-56f4-46d3-96f9-270931c32699,A-6af346,anti,T-012-01,🟢 正常系: 承認待ち申請の取り消し,F-012,normal,1,fail,0,0
6af34679-56f4-46d3-96f9-270931c32699,A-6af346,anti,T-012-02,🔴 異常系: 承認済み申請の取り消し不可,F-012,negative,1,fail,0,0
6af34679-56f4-46d3-96f9-270931c32699,A-6af346,anti,T-013-01,🟢 正常系: 差し戻し申請の再提出,F-013,normal,1,fail,0,0
6af34679-56f4-46d3-96f9-270931c32699,A-6af346,anti,T-013-02,🔴 異常系: 不正なステータス遷移,F-013,negative,1,fail,0,0
6af34679-56f4-46d3-96f9-270931c32699,A-6af346,anti,T-014-01,🟢 正常系: 申請提出時の承認者へのメール通知,F-014,normal,1,fail,0,0
6af34679-56f4-46d3-96f9-270931c32699,A-6af346,anti,T-014-02,🟢 正常系: 承認完了時の申請者へのメール通知,F-014,normal,1,fail,0,0
6af34679-56f4-46d3-96f9-270931c32699,A-6af346,anti,T-015-01,🟢 正常系: 承認履歴の表示,F-015,normal,1,fail,0,0
6af34679-56f4-46d3-96f9-270931c32699,A-6af346,anti,T-016-01,🟢 正常系: CSVエクスポート,F-016,normal,1,blocked,0,0
6af34679-56f4-46d3-96f9-270931c32699,A-6af346,anti,T-016-02,🟢 正常系: 検索条件を絞り込んだCSVエクスポート,F-016,normal,1,blocked,0,0
6af34679-56f4-46d3-96f9-270931c32699,A-6af346,anti,T-016-03,🔴 異常系: 一般ユーザーによるCSVエクスポート権限エラー,F-016,negative,1,pass,1,1
6af34679-56f4-46d3-96f9-270931c32699,A-6af346,anti,T-017-01,🟢 正常系: 一般ユーザーのダッシュボード表示,F-017,normal,1,fail,0,0
6af34679-56f4-46d3-96f9-270931c32699,A-6af346,anti,T-017-02,🟢 正常系: 課長のダッシュボード表示,F-017,normal,1,blocked,0,0
6af34679-56f4-46d3-96f9-270931c32699,A-6af346,anti,T-018-01,🟢 正常系: ユーザー情報編集,F-018,normal,1,pass,1,1
6af34679-56f4-46d3-96f9-270931c32699,A-6af346,anti,T-018-02,🔴 異常系: 自分自身の無効化エラー,F-018,negative,1,pass,1,1
6af34679-56f4-46d3-96f9-270931c32699,A-6af346,anti,T-018-03,🔴 異常系: 一般ユーザーによるユーザー管理アクセス拒否,F-018,negative,1,pass,1,1
6af34679-56f4-46d3-96f9-270931c32699,A-6af346,anti,T-019-01,🟢 正常系: パスワード変更成功,F-019,normal,1,fail,0,0
6af34679-56f4-46d3-96f9-270931c32699,A-6af346,anti,T-019-02,🔴 異常系: 現在のパスワード不一致エラー,F-019,negative,1,pass,1,1
6af34679-56f4-46d3-96f9-270931c32699,A-6af346,anti,T-019-03,🔴 異常系: 同一パスワード設定エラー,F-019,negative,1,pass,1,1
6af34679-56f4-46d3-96f9-270931c32699,A-6af346,anti,T-020-01,🟢 正常系: システム設定の変更,F-020,normal,1,fail,0,0
6af34679-56f4-46d3-96f9-270931c32699,A-6af346,anti,T-020-02,🟢 正常系: SMTPテスト送信,F-020,normal,1,pass,1,1
6af34679-56f4-46d3-96f9-270931c32699,A-6af346,anti,T-020-03,🔴 異常系: セッションタイムアウト範囲外エラー,F-020,negative,1,fail,0,0
6af34679-56f4-46d3-96f9-270931c32699,A-6af346,anti,T-020-04,🔴 異常系: 一般ユーザーによるシステム設定アクセス拒否,F-020,negative,1,pass,1,1
71ff896b-3c40-4903-a819-e4d5aa98f11b,N-71ff89,normal,T-001-01,🟢 正常系: ユーザー新規登録,F-001,normal,1,pass,1,1
71ff896b-3c40-4903-a819-e4d5aa98f11b,N-71ff89,normal,T-001-02,🔴 異常系: メールアドレス重複エラー,F-001,negative,1,pass,1,1
71ff896b-3c40-4903-a819-e4d5aa98f11b,N-71ff89,normal,T-001-03,🔴 異常系: パスワード強度不足エラー,F-001,negative,1,pass,1,1
71ff896b-3c40-4903-a819-e4d5aa98f11b,N-71ff89,normal,T-001-04,🔴 異常系: パスワード不一致エラー,F-001,negative,1,pass,1,1
71ff896b-3c40-4903-a819-e4d5aa98f11b,N-71ff89,normal,T-002-01,🟢 正常系: ログイン成功,F-002,normal,1,pass,1,1
71ff896b-3c40-4903-a819-e4d5aa98f11b,N-71ff89,normal,T-002-02,🟢 正常系: ログアウト成功,F-002,normal,1,fail,0,0
71ff896b-3c40-4903-a819-e4d5aa98f11b,N-71ff89,normal,T-002-03,🔴 異常系: 認証失敗,F-002,negative,1,pass,1,1
71ff896b-3c40-4903-a819-e4d5aa98f11b,N-71ff89,normal,T-002-04,🔴 異常系: アカウントロック,F-002,negative,1,pass,1,1
71ff896b-3c40-4903-a819-e4d5aa98f11b,N-71ff89,normal,T-003-01,🟢 正常系: 申請種別選択と入力フォーム表示,F-003,normal,1,pass,1,1
71ff896b-3c40-4903-a819-e4d5aa98f11b,N-71ff89,normal,T-003-02,🔴 異常系: 申請種別未選択エラー,F-003,negative,1,pass,1,1
71ff896b-3c40-4903-a819-e4d5aa98f11b,N-71ff89,normal,T-004-01,🟢 正常系: 申請内容の入力,F-004,normal,1,pass,1,1
71ff896b-3c40-4903-a819-e4d5aa98f11b,N-71ff89,normal,T-004-02,🔴 異常系: 申請金額範囲外エラー,F-004,negative,1,pass,1,1
71ff896b-3c40-4903-a819-e4d5aa98f11b,N-71ff89,normal,T-004-03,🔴 異常系: ファイルサイズ超過エラー,F-004,negative,1,fail,0,0
71ff896b-3c40-4903-a819-e4d5aa98f11b,N-71ff89,normal,T-005-01,🟢 正常系: 下書き保存,F-005,normal,1,fail,0,0
71ff896b-3c40-4903-a819-e4d5aa98f11b,N-71ff89,normal,T-005-02,🟢 正常系: 下書き再編集,F-005,normal,1,fail,0,0
71ff896b-3c40-4903-a819-e4d5aa98f11b,N-71ff89,normal,T-006-01,🟢 正常系: 申請提出（課長承認ルート）,F-006,normal,1,pass,1,1
71ff896b-3c40-4903-a819-e4d5aa98f11b,N-71ff89,normal,T-006-02,🟢 正常系: 申請提出（部長承認ルート）,F-006,normal,1,pass,1,1
71ff896b-3c40-4903-a819-e4d5aa98f11b,N-71ff89,normal,T-006-03,"🟡 境界値テスト: 承認ルート境界値（999,999円 → 課長）",F-006,boundary,1,pass,1,1
71ff896b-3c40-4903-a819-e4d5aa98f11b,N-71ff89,normal,T-006-04,"🟡 境界値テスト: 承認ルート境界値（1,000,000円 → 部長）",F-006,boundary,1,pass,1,1
71ff896b-3c40-4903-a819-e4d5aa98f11b,N-71ff89,normal,T-006-05,"🟡 境界値テスト: 承認ルート境界値（999,998円・1,000,001円）",F-006,boundary,2,pass,1,1
71ff896b-3c40-4903-a819-e4d5aa98f11b,N-71ff89,normal,T-006-06,🔴 異常系: 必須項目未入力での提出エラー,F-006,negative,1,pass,1,1
71ff896b-3c40-4903-a819-e4d5aa98f11b,N-71ff89,normal,T-007-01,🟢 正常系: 申請一覧表示（一般ユーザー）,F-007,normal,1,pass,1,1
71ff896b-3c40-4903-a819-e4d5aa98f11b,N-71ff89,normal,T-007-02,🟢 正常系: 申請一覧表示（課長）,F-007,normal,1,pass,1,1
71ff896b-3c40-4903-a819-e4d5aa98f11b,N-71ff89,normal,T-007-03,🟢 正常系: ページネーション,F-007,normal,1,pass,1,1
71ff896b-3c40-4903-a819-e4d5aa98f11b,N-71ff89,normal,T-008-01,🟢 正常系: キーワード検索,F-008,normal,1,pass,1,1
71ff896b-3c40-4903-a819-e4d5aa98f11b,N-71ff89,normal,T-008-02,🟢 正常系: ステータスで絞り込み,F-008,normal,1,pass,1,1
71ff896b-3c40-4903-a819-e4d5aa98f11b,N-71ff89,normal,T-008-03,🔴 異常系: 日付範囲不正エラー,F-008,negative,1,pass,1,1
71ff896b-3c40-4903-a819-e4d5aa98f11b,N-71ff89,normal,T-008-04,🟢 正常系: 検索結果0件,F-008,normal,1,pass,1,1
71ff896b-3c40-4903-a819-e4d5aa98f11b,N-71ff89,normal,T-009-01,🟢 正常系: 申請詳細表示（申請者本人）,F-009,normal,1,fail,0,0
71ff896b-3c40-4903-a819-e4d5aa98f11b,N-71ff89,normal,T-009-02,🔴 異常系: 他ユーザーの申請詳細へのアクセス拒否,F-009,negative,1,pass,1,1
71ff896b-3c40-4903-a819-e4d5aa98f11b,N-71ff89,normal,T-010-01,🟢 正常系: 課長による承認,F-010,normal,1,pass,1,1
71ff896b-3c40-4903-a819-e4d5aa98f11b,N-71ff89,normal,T-010-02,🟢 正常系: 部長による承認,F-010,normal,1,pass,1,1
71ff896b-3c40-4903-a819-e4d5aa98f11b,N-71ff89,normal,T-010-03,🔴 異常系: 承認権限のないユーザーによる承認不可,F-010,negative,1,pass,1,1
71ff896b-3c40-4903-a819-e4d5aa98f11b,N-71ff89,normal,T-011-01,🟢 正常系: 差し戻し処理,F-011,normal,1,pass,1,1
71ff896b-3c40-4903-a819-e4d5aa98f11b,N-71ff89,normal,T-011-02,🔴 異常系: 差し戻しコメント未入力エラー,F-011,negative,1,pass,1,1
71ff896b-3c40-4903-a819-e4d5aa98f11b,N-71ff89,normal,T-012-01,🟢 正常系: 承認待ち申請の取り消し,F-012,normal,1,fail,0,0
71ff896b-3c40-4903-a819-e4d5aa98f11b,N-71ff89,normal,T-012-02,🔴 異常系: 承認済み申請の取り消し不可,F-012,negative,1,pass,1,1
71ff896b-3c40-4903-a819-e4d5aa98f11b,N-71ff89,normal,T-013-01,🟢 正常系: 差し戻し申請の再提出,F-013,normal,1,fail,0,0
71ff896b-3c40-4903-a819-e4d5aa98f11b,N-71ff89,normal,T-013-02,🔴 異常系: 不正なステータス遷移,F-013,negative,1,pass,1,1
71ff896b-3c40-4903-a819-e4d5aa98f11b,N-71ff89,normal,T-014-01,🟢 正常系: 申請提出時の承認者へのメール通知,F-014,normal,1,fail,0,0
71ff896b-3c40-4903-a819-e4d5aa98f11b,N-71ff89,normal,T-014-02,🟢 正常系: 承認完了時の申請者へのメール通知,F-014,normal,1,pass,1,1
71ff896b-3c40-4903-a819-e4d5aa98f11b,N-71ff89,normal,T-015-01,🟢 正常系: 承認履歴の表示,F-015,normal,1,fail,0,0
71ff896b-3c40-4903-a819-e4d5aa98f11b,N-71ff89,normal,T-016-01,🟢 正常系: CSVエクスポート,F-016,normal,1,fail,0,0
71ff896b-3c40-4903-a819-e4d5aa98f11b,N-71ff89,normal,T-016-02,🟢 正常系: 検索条件を絞り込んだCSVエクスポート,F-016,normal,1,pass,1,1
71ff896b-3c40-4903-a819-e4d5aa98f11b,N-71ff89,normal,T-016-03,🔴 異常系: 一般ユーザーによるCSVエクスポート権限エラー,F-016,negative,1,pass,1,1
71ff896b-3c40-4903-a819-e4d5aa98f11b,N-71ff89,normal,T-017-01,🟢 正常系: 一般ユーザーのダッシュボード表示,F-017,normal,1,pass,1,1
71ff896b-3c40-4903-a819-e4d5aa98f11b,N-71ff89,normal,T-017-02,🟢 正常系: 課長のダッシュボード表示,F-017,normal,1,pass,1,1
71ff896b-3c40-4903-a819-e4d5aa98f11b,N-71ff89,normal,T-018-01,🟢 正常系: ユーザー情報編集,F-018,normal,1,pass,1,1
71ff896b-3c40-4903-a819-e4d5aa98f11b,N-71ff89,normal,T-018-02,🔴 異常系: 自分自身の無効化エラー,F-018,negative,1,pass,1,1
71ff896b-3c40-4903-a819-e4d5aa98f11b,N-71ff89,normal,T-018-03,🔴 異常系: 一般ユーザーによるユーザー管理アクセス拒否,F-018,negative,1,pass,1,1
71ff896b-3c40-4903-a819-e4d5aa98f11b,N-71ff89,normal,T-019-01,🟢 正常系: パスワード変更成功,F-019,normal,1,pass,1,1
71ff896b-3c40-4903-a819-e4d5aa98f11b,N-71ff89,normal,T-019-02,🔴 異常系: 現在のパスワード不一致エラー,F-019,negative,1,pass,1,1
71ff896b-3c40-4903-a819-e4d5aa98f11b,N-71ff89,normal,T-019-03,🔴 異常系: 同一パスワード設定エラー,F-019,negative,1,pass,1,1
71ff896b-3c40-4903-a819-e4d5aa98f11b,N-71ff89,normal,T-020-01,🟢 正常系: システム設定の変更,F-020,normal,1,pass,1,1
71ff896b-3c40-4903-a819-e4d5aa98f11b,N-71ff89,normal,T-020-02,🟢 正常系: SMTPテスト送信,F-020,normal,1,pass,1,1
71ff896b-3c40-4903-a819-e4d5aa98f11b,N-71ff89,normal,T-020-03,🔴 異常系: セッションタイムアウト範囲外エラー,F-020,negative,1,pass,1,1
71ff896b-3c40-4903-a819-e4d5aa98f11b,N-71ff89,normal,T-020-04,🔴 異常系: 一般ユーザーによるシステム設定アクセス拒否,F-020,negative,1,pass,1,1
724b281a-c3d0-43a8-85df-6e8df56845e7,N-724b28,normal,T-001-01,🟢 正常系: ユーザー新規登録,F-001,normal,1,fail,0,0
724b281a-c3d0-43a8-85df-6e8df56845e7,N-724b28,normal,T-001-02,🔴 異常系: メールアドレス重複エラー,F-001,negative,1,fail,0,0
724b281a-c3d0-43a8-85df-6e8df56845e7,N-724b28,normal,T-001-03,🔴 異常系: パスワード強度不足エラー,F-001,negative,1,fail,0,0
724b281a-c3d0-43a8-85df-6e8df56845e7,N-724b28,normal,T-001-04,🔴 異常系: パスワード不一致エラー,F-001,negative,1,fail,0,0
724b281a-c3d0-43a8-85df-6e8df56845e7,N-724b28,normal,T-002-01,🟢 正常系: ログイン成功,F-002,normal,1,blocked,0,0
724b281a-c3d0-43a8-85df-6e8df56845e7,N-724b28,normal,T-002-02,🟢 正常系: ログアウト成功,F-002,normal,1,blocked,0,0
724b281a-c3d0-43a8-85df-6e8df56845e7,N-724b28,normal,T-002-03,🔴 異常系: 認証失敗,F-002,negative,1,blocked,0,0
724b281a-c3d0-43a8-85df-6e8df56845e7,N-724b28,normal,T-002-04,🔴 異常系: アカウントロック,F-002,negative,1,fail,0,0
724b281a-c3d0-43a8-85df-6e8df56845e7,N-724b28,normal,T-003-01,🟢 正常系: 申請種別選択と入力フォーム表示,F-003,normal,1,blocked,0,0
724b281a-c3d0-43a8-85df-6e8df56845e7,N-724b28,normal,T-003-02,🔴 異常系: 申請種別未選択エラー,F-003,negative,1,blocked,0,0
724b281a-c3d0-43a8-85df-6e8df56845e7,N-724b28,normal,T-004-01,🟢 正常系: 申請内容の入力,F-004,normal,1,blocked,0,0
724b281a-c3d0-43a8-85df-6e8df56845e7,N-724b28,normal,T-004-02,🔴 異常系: 申請金額範囲外エラー,F-004,negative,1,blocked,0,0
724b281a-c3d0-43a8-85df-6e8df56845e7,N-724b28,normal,T-004-03,🔴 異常系: ファイルサイズ超過エラー,F-004,negative,1,blocked,0,0
724b281a-c3d0-43a8-85df-6e8df56845e7,N-724b28,normal,T-005-01,🟢 正常系: 下書き保存,F-005,normal,1,blocked,0,0
724b281a-c3d0-43a8-85df-6e8df56845e7,N-724b28,normal,T-005-02,🟢 正常系: 下書き再編集,F-005,normal,1,blocked,0,0
724b281a-c3d0-43a8-85df-6e8df56845e7,N-724b28,normal,T-006-01,🟢 正常系: 申請提出（課長承認ルート）,F-006,normal,1,blocked,0,0
724b281a-c3d0-43a8-85df-6e8df56845e7,N-724b28,normal,T-006-02,🟢 正常系: 申請提出（部長承認ルート）,F-006,normal,1,blocked,0,0
724b281a-c3d0-43a8-85df-6e8df56845e7,N-724b28,normal,T-006-03,"🟡 境界値テスト: 承認ルート境界値（999,999円 → 課長）",F-006,boundary,1,blocked,0,0
724b281a-c3d0-43a8-85df-6e8df56845e7,N-724b28,normal,T-006-04,"🟡 境界値テスト: 承認ルート境界値（1,000,000円 → 部長）",F-006,boundary,1,blocked,0,0
724b281a-c3d0-43a8-85df-6e8df56845e7,N-724b28,normal,T-006-05,"🟡 境界値テスト: 承認ルート境界値（999,998円・1,000,001円）",F-006,boundary,2,blocked,0,0
724b281a-c3d0-43a8-85df-6e8df56845e7,N-724b28,normal,T-006-06,🔴 異常系: 必須項目未入力での提出エラー,F-006,negative,1,blocked,0,0
724b281a-c3d0-43a8-85df-6e8df56845e7,N-724b28,normal,T-007-01,🟢 正常系: 申請一覧表示（一般ユーザー）,F-007,normal,1,blocked,0,0
724b281a-c3d0-43a8-85df-6e8df56845e7,N-724b28,normal,T-007-02,🟢 正常系: 申請一覧表示（課長）,F-007,normal,1,blocked,0,0
724b281a-c3d0-43a8-85df-6e8df56845e7,N-724b28,normal,T-007-03,🟢 正常系: ページネーション,F-007,normal,1,blocked,0,0
724b281a-c3d0-43a8-85df-6e8df56845e7,N-724b28,normal,T-008-01,🟢 正常系: キーワード検索,F-008,normal,1,blocked,0,0
724b281a-c3d0-43a8-85df-6e8df56845e7,N-724b28,normal,T-008-02,🟢 正常系: ステータスで絞り込み,F-008,normal,1,blocked,0,0
724b281a-c3d0-43a8-85df-6e8df56845e7,N-724b28,normal,T-008-03,🔴 異常系: 日付範囲不正エラー,F-008,negative,1,blocked,0,0
724b281a-c3d0-43a8-85df-6e8df56845e7,N-724b28,normal,T-008-04,🟢 正常系: 検索結果0件,F-008,normal,1,blocked,0,0
724b281a-c3d0-43a8-85df-6e8df56845e7,N-724b28,normal,T-009-01,🟢 正常系: 申請詳細表示（申請者本人）,F-009,normal,1,blocked,0,0
724b281a-c3d0-43a8-85df-6e8df56845e7,N-724b28,normal,T-009-02,🔴 異常系: 他ユーザーの申請詳細へのアクセス拒否,F-009,negative,1,blocked,0,0
724b281a-c3d0-43a8-85df-6e8df56845e7,N-724b28,normal,T-010-01,🟢 正常系: 課長による承認,F-010,normal,1,blocked,0,0
724b281a-c3d0-43a8-85df-6e8df56845e7,N-724b28,normal,T-010-02,🟢 正常系: 部長による承認,F-010,normal,1,blocked,0,0
724b281a-c3d0-43a8-85df-6e8df56845e7,N-724b28,normal,T-010-03,🔴 異常系: 承認権限のないユーザーによる承認不可,F-010,negative,1,blocked,0,0
724b281a-c3d0-43a8-85df-6e8df56845e7,N-724b28,normal,T-011-01,🟢 正常系: 差し戻し処理,F-011,normal,1,blocked,0,0
724b281a-c3d0-43a8-85df-6e8df56845e7,N-724b28,normal,T-011-02,🔴 異常系: 差し戻しコメント未入力エラー,F-011,negative,1,blocked,0,0
724b281a-c3d0-43a8-85df-6e8df56845e7,N-724b28,normal,T-012-01,🟢 正常系: 承認待ち申請の取り消し,F-012,normal,1,blocked,0,0
724b281a-c3d0-43a8-85df-6e8df56845e7,N-724b28,normal,T-012-02,🔴 異常系: 承認済み申請の取り消し不可,F-012,negative,1,blocked,0,0
724b281a-c3d0-43a8-85df-6e8df56845e7,N-724b28,normal,T-013-01,🟢 正常系: 差し戻し申請の再提出,F-013,normal,1,blocked,0,0
724b281a-c3d0-43a8-85df-6e8df56845e7,N-724b28,normal,T-013-02,🔴 異常系: 不正なステータス遷移,F-013,negative,1,blocked,0,0
724b281a-c3d0-43a8-85df-6e8df56845e7,N-724b28,normal,T-014-01,🟢 正常系: 申請提出時の承認者へのメール通知,F-014,normal,1,blocked,0,0
724b281a-c3d0-43a8-85df-6e8df56845e7,N-724b28,normal,T-014-02,🟢 正常系: 承認完了時の申請者へのメール通知,F-014,normal,1,blocked,0,0
724b281a-c3d0-43a8-85df-6e8df56845e7,N-724b28,normal,T-015-01,🟢 正常系: 承認履歴の表示,F-015,normal,1,blocked,0,0
724b281a-c3d0-43a8-85df-6e8df56845e7,N-724b28,normal,T-016-01,🟢 正常系: CSVエクスポート,F-016,normal,1,blocked,0,0
724b281a-c3d0-43a8-85df-6e8df56845e7,N-724b28,normal,T-016-02,🟢 正常系: 検索条件を絞り込んだCSVエクスポート,F-016,normal,1,blocked,0,0
724b281a-c3d0-43a8-85df-6e8df56845e7,N-724b28,normal,T-016-03,🔴 異常系: 一般ユーザーによるCSVエクスポート権限エラー,F-016,negative,1,blocked,0,0
724b281a-c3d0-43a8-85df-6e8df56845e7,N-724b28,normal,T-017-01,🟢 正常系: 一般ユーザーのダッシュボード表示,F-017,normal,1,blocked,0,0
724b281a-c3d0-43a8-85df-6e8df56845e7,N-724b28,normal,T-017-02,🟢 正常系: 課長のダッシュボード表示,F-017,normal,1,blocked,0,0
724b281a-c3d0-43a8-85df-6e8df56845e7,N-724b28,normal,T-018-01,🟢 正常系: ユーザー情報編集,F-018,normal,1,blocked,0,0
724b281a-c3d0-43a8-85df-6e8df56845e7,N-724b28,normal,T-018-02,🔴 異常系: 自分自身の無効化エラー,F-018,negative,1,blocked,0,0
724b281a-c3d0-43a8-85df-6e8df56845e7,N-724b28,normal,T-018-03,🔴 異常系: 一般ユーザーによるユーザー管理アクセス拒否,F-018,negative,1,blocked,0,0
724b281a-c3d0-43a8-85df-6e8df56845e7,N-724b28,normal,T-019-01,🟢 正常系: パスワード変更成功,F-019,normal,1,blocked,0,0
724b281a-c3d0-43a8-85df-6e8df56845e7,N-724b28,normal,T-019-02,🔴 異常系: 現在のパスワード不一致エラー,F-019,negative,1,blocked,0,0
724b281a-c3d0-43a8-85df-6e8df56845e7,N-724b28,normal,T-019-03,🔴 異常系: 同一パスワード設定エラー,F-019,negative,1,blocked,0,0
724b281a-c3d0-43a8-85df-6e8df56845e7,N-724b28,normal,T-020-01,🟢 正常系: システム設定の変更,F-020,normal,1,blocked,0,0
724b281a-c3d0-43a8-85df-6e8df56845e7,N-724b28,normal,T-020-02,🟢 正常系: SMTPテスト送信,F-020,normal,1,blocked,0,0
724b281a-c3d0-43a8-85df-6e8df56845e7,N-724b28,normal,T-020-03,🔴 異常系: セッションタイムアウト範囲外エラー,F-020,negative,1,blocked,0,0
724b281a-c3d0-43a8-85df-6e8df56845e7,N-724b28,normal,T-020-04,🔴 異常系: 一般ユーザーによるシステム設定アクセス拒否,F-020,negative,1,blocked,0,0
740a2f8e-7509-4915-880d-a21086bffe9a,A-740a2f,anti,T-001-01,🟢 正常系: ユーザー新規登録,F-001,normal,1,fail,0,0
740a2f8e-7509-4915-880d-a21086bffe9a,A-740a2f,anti,T-001-02,🔴 異常系: メールアドレス重複エラー,F-001,negative,1,pass,1,1
740a2f8e-7509-4915-880d-a21086bffe9a,A-740a2f,anti,T-001-03,🔴 異常系: パスワード強度不足エラー,F-001,negative,1,pass,1,1
740a2f8e-7509-4915-880d-a21086bffe9a,A-740a2f,anti,T-001-04,🔴 異常系: パスワード不一致エラー,F-001,negative,1,pass,1,1
740a2f8e-7509-4915-880d-a21086bffe9a,A-740a2f,anti,T-002-01,🟢 正常系: ログイン成功,F-002,normal,1,blocked,0,0
740a2f8e-7509-4915-880d-a21086bffe9a,A-740a2f,anti,T-002-02,🟢 正常系: ログアウト成功,F-002,normal,1,fail,0,0
740a2f8e-7509-4915-880d-a21086bffe9a,A-740a2f,anti,T-002-03,🔴 異常系: 認証失敗,F-002,negative,1,pass,1,1
740a2f8e-7509-4915-880d-a21086bffe9a,A-740a2f,anti,T-002-04,🔴 異常系: アカウントロック,F-002,negative,1,pass,1,1
740a2f8e-7509-4915-880d-a21086bffe9a,A-740a2f,anti,T-003-01,🟢 正常系: 申請種別選択と入力フォーム表示,F-003,normal,1,pass,1,1
740a2f8e-7509-4915-880d-a21086bffe9a,A-740a2f,anti,T-003-02,🔴 異常系: 申請種別未選択エラー,F-003,negative,1,fail,0,0
740a2f8e-7509-4915-880d-a21086bffe9a,A-740a2f,anti,T-004-01,🟢 正常系: 申請内容の入力,F-004,normal,1,fail,0,0
740a2f8e-7509-4915-880d-a21086bffe9a,A-740a2f,anti,T-004-02,🔴 異常系: 申請金額範囲外エラー,F-004,negative,1,fail,0,0
740a2f8e-7509-4915-880d-a21086bffe9a,A-740a2f,anti,T-004-03,🔴 異常系: ファイルサイズ超過エラー,F-004,negative,1,fail,0,0
740a2f8e-7509-4915-880d-a21086bffe9a,A-740a2f,anti,T-005-01,🟢 正常系: 下書き保存,F-005,normal,1,fail,0,0
740a2f8e-7509-4915-880d-a21086bffe9a,A-740a2f,anti,T-005-02,🟢 正常系: 下書き再編集,F-005,normal,1,fail,0,0
740a2f8e-7509-4915-880d-a21086bffe9a,A-740a2f,anti,T-006-01,🟢 正常系: 申請提出（課長承認ルート）,F-006,normal,1,fail,0,0
740a2f8e-7509-4915-880d-a21086bffe9a,A-740a2f,anti,T-006-02,🟢 正常系: 申請提出（部長承認ルート）,F-006,normal,1,pass,1,1
740a2f8e-7509-4915-880d-a21086bffe9a,A-740a2f,anti,T-006-03,"🟡 境界値テスト: 承認ルート境界値（999,999円 → 課長）",F-006,boundary,1,fail,0,0
740a2f8e-7509-4915-880d-a21086bffe9a,A-740a2f,anti,T-006-04,"🟡 境界値テスト: 承認ルート境界値（1,000,000円 → 部長）",F-006,boundary,1,pass,1,1
740a2f8e-7509-4915-880d-a21086bffe9a,A-740a2f,anti,T-006-05,"🟡 境界値テスト: 承認ルート境界値（999,998円・1,000,001円）",F-006,boundary,2,fail,0,0
740a2f8e-7509-4915-880d-a21086bffe9a,A-740a2f,anti,T-006-06,🔴 異常系: 必須項目未入力での提出エラー,F-006,negative,1,pass,1,1
740a2f8e-7509-4915-880d-a21086bffe9a,A-740a2f,anti,T-007-01,🟢 正常系: 申請一覧表示（一般ユーザー）,F-007,normal,1,pass,1,1
740a2f8e-7509-4915-880d-a21086bffe9a,A-740a2f,anti,T-007-02,🟢 正常系: 申請一覧表示（課長）,F-007,normal,1,pass,1,1
740a2f8e-7509-4915-880d-a21086bffe9a,A-740a2f,anti,T-007-03,🟢 正常系: ページネーション,F-007,normal,1,pass,1,1
740a2f8e-7509-4915-880d-a21086bffe9a,A-740a2f,anti,T-008-01,🟢 正常系: キーワード検索,F-008,normal,1,pass,1,1
740a2f8e-7509-4915-880d-a21086bffe9a,A-740a2f,anti,T-008-02,🟢 正常系: ステータスで絞り込み,F-008,normal,1,fail,0,0
740a2f8e-7509-4915-880d-a21086bffe9a,A-740a2f,anti,T-008-03,🔴 異常系: 日付範囲不正エラー,F-008,negative,1,fail,0,0
740a2f8e-7509-4915-880d-a21086bffe9a,A-740a2f,anti,T-008-04,🟢 正常系: 検索結果0件,F-008,normal,1,pass,1,1
740a2f8e-7509-4915-880d-a21086bffe9a,A-740a2f,anti,T-009-01,🟢 正常系: 申請詳細表示（申請者本人）,F-009,normal,1,fail,0,0
740a2f8e-7509-4915-880d-a21086bffe9a,A-740a2f,anti,T-009-02,🔴 異常系: 他ユーザーの申請詳細へのアクセス拒否,F-009,negative,1,blocked,0,0
740a2f8e-7509-4915-880d-a21086bffe9a,A-740a2f,anti,T-010-01,🟢 正常系: 課長による承認,F-010,normal,1,fail,0,0
740a2f8e-7509-4915-880d-a21086bffe9a,A-740a2f,anti,T-010-02,🟢 正常系: 部長による承認,F-010,normal,1,pass,1,1
740a2f8e-7509-4915-880d-a21086bffe9a,A-740a2f,anti,T-010-03,🔴 異常系: 承認権限のないユーザーによる承認不可,F-010,negative,1,pass,1,1
740a2f8e-7509-4915-880d-a21086bffe9a,A-740a2f,anti,T-011-01,🟢 正常系: 差し戻し処理,F-011,normal,1,fail,0,0
740a2f8e-7509-4915-880d-a21086bffe9a,A-740a2f,anti,T-011-02,🔴 異常系: 差し戻しコメント未入力エラー,F-011,negative,1,fail,0,0
740a2f8e-7509-4915-880d-a21086bffe9a,A-740a2f,anti,T-012-01,🟢 正常系: 承認待ち申請の取り消し,F-012,normal,1,fail,0,0
740a2f8e-7509-4915-880d-a21086bffe9a,A-740a2f,anti,T-012-02,🔴 異常系: 承認済み申請の取り消し不可,F-012,negative,1,fail,0,0
740a2f8e-7509-4915-880d-a21086bffe9a,A-740a2f,anti,T-013-01,🟢 正常系: 差し戻し申請の再提出,F-013,normal,1,fail,0,0
740a2f8e-7509-4915-880d-a21086bffe9a,A-740a2f,anti,T-013-02,🔴 異常系: 不正なステータス遷移,F-013,negative,1,fail,0,0
740a2f8e-7509-4915-880d-a21086bffe9a,A-740a2f,anti,T-014-01,🟢 正常系: 申請提出時の承認者へのメール通知,F-014,normal,1,fail,0,0
740a2f8e-7509-4915-880d-a21086bffe9a,A-740a2f,anti,T-014-02,🟢 正常系: 承認完了時の申請者へのメール通知,F-014,normal,1,fail,0,0
740a2f8e-7509-4915-880d-a21086bffe9a,A-740a2f,anti,T-015-01,🟢 正常系: 承認履歴の表示,F-015,normal,1,fail,0,0
740a2f8e-7509-4915-880d-a21086bffe9a,A-740a2f,anti,T-016-01,🟢 正常系: CSVエクスポート,F-016,normal,1,fail,0,0
740a2f8e-7509-4915-880d-a21086bffe9a,A-740a2f,anti,T-016-02,🟢 正常系: 検索条件を絞り込んだCSVエクスポート,F-016,normal,1,fail,0,0
740a2f8e-7509-4915-880d-a21086bffe9a,A-740a2f,anti,T-016-03,🔴 異常系: 一般ユーザーによるCSVエクスポート権限エラー,F-016,negative,1,pass,1,1
740a2f8e-7509-4915-880d-a21086bffe9a,A-740a2f,anti,T-017-01,🟢 正常系: 一般ユーザーのダッシュボード表示,F-017,normal,1,fail,0,0
740a2f8e-7509-4915-880d-a21086bffe9a,A-740a2f,anti,T-017-02,🟢 正常系: 課長のダッシュボード表示,F-017,normal,1,fail,0,0
740a2f8e-7509-4915-880d-a21086bffe9a,A-740a2f,anti,T-018-01,🟢 正常系: ユーザー情報編集,F-018,normal,1,blocked,0,0
740a2f8e-7509-4915-880d-a21086bffe9a,A-740a2f,anti,T-018-02,🔴 異常系: 自分自身の無効化エラー,F-018,negative,1,pass,1,1
740a2f8e-7509-4915-880d-a21086bffe9a,A-740a2f,anti,T-018-03,🔴 異常系: 一般ユーザーによるユーザー管理アクセス拒否,F-018,negative,1,pass,1,1
740a2f8e-7509-4915-880d-a21086bffe9a,A-740a2f,anti,T-019-01,🟢 正常系: パスワード変更成功,F-019,normal,1,fail,0,0
740a2f8e-7509-4915-880d-a21086bffe9a,A-740a2f,anti,T-019-02,🔴 異常系: 現在のパスワード不一致エラー,F-019,negative,1,pass,1,1
740a2f8e-7509-4915-880d-a21086bffe9a,A-740a2f,anti,T-019-03,🔴 異常系: 同一パスワード設定エラー,F-019,negative,1,pass,1,1
740a2f8e-7509-4915-880d-a21086bffe9a,A-740a2f,anti,T-020-01,🟢 正常系: システム設定の変更,F-020,normal,1,pass,1,1
740a2f8e-7509-4915-880d-a21086bffe9a,A-740a2f,anti,T-020-02,🟢 正常系: SMTPテスト送信,F-020,normal,1,pass,1,1
740a2f8e-7509-4915-880d-a21086bffe9a,A-740a2f,anti,T-020-03,🔴 異常系: セッションタイムアウト範囲外エラー,F-020,negative,1,pass,1,1
740a2f8e-7509-4915-880d-a21086bffe9a,A-740a2f,anti,T-020-04,🔴 異常系: 一般ユーザーによるシステム設定アクセス拒否,F-020,negative,1,fail,0,0
76cac053-f623-45d1-96ff-c77edf4a0bee,A-76cac0,anti,T-001-01,🟢 正常系: ユーザー新規登録,F-001,normal,1,pass,1,1
76cac053-f623-45d1-96ff-c77edf4a0bee,A-76cac0,anti,T-001-02,🔴 異常系: メールアドレス重複エラー,F-001,negative,1,pass,1,1
76cac053-f623-45d1-96ff-c77edf4a0bee,A-76cac0,anti,T-001-03,🔴 異常系: パスワード強度不足エラー,F-001,negative,1,pass,1,1
76cac053-f623-45d1-96ff-c77edf4a0bee,A-76cac0,anti,T-001-04,🔴 異常系: パスワード不一致エラー,F-001,negative,1,pass,1,1
76cac053-f623-45d1-96ff-c77edf4a0bee,A-76cac0,anti,T-002-01,🟢 正常系: ログイン成功,F-002,normal,1,pass,1,1
76cac053-f623-45d1-96ff-c77edf4a0bee,A-76cac0,anti,T-002-02,🟢 正常系: ログアウト成功,F-002,normal,1,fail,0,0
76cac053-f623-45d1-96ff-c77edf4a0bee,A-76cac0,anti,T-002-03,🔴 異常系: 認証失敗,F-002,negative,1,pass,1,1
76cac053-f623-45d1-96ff-c77edf4a0bee,A-76cac0,anti,T-002-04,🔴 異常系: アカウントロック,F-002,negative,1,pass,1,1
76cac053-f623-45d1-96ff-c77edf4a0bee,A-76cac0,anti,T-003-01,🟢 正常系: 申請種別選択と入力フォーム表示,F-003,normal,1,fail,0,0
76cac053-f623-45d1-96ff-c77edf4a0bee,A-76cac0,anti,T-003-02,🔴 異常系: 申請種別未選択エラー,F-003,negative,1,fail,0,0
76cac053-f623-45d1-96ff-c77edf4a0bee,A-76cac0,anti,T-004-01,🟢 正常系: 申請内容の入力,F-004,normal,1,fail,0,0
76cac053-f623-45d1-96ff-c77edf4a0bee,A-76cac0,anti,T-004-02,🔴 異常系: 申請金額範囲外エラー,F-004,negative,1,fail,0,0
76cac053-f623-45d1-96ff-c77edf4a0bee,A-76cac0,anti,T-004-03,🔴 異常系: ファイルサイズ超過エラー,F-004,negative,1,fail,0,0
76cac053-f623-45d1-96ff-c77edf4a0bee,A-76cac0,anti,T-005-01,🟢 正常系: 下書き保存,F-005,normal,1,pass,1,1
76cac053-f623-45d1-96ff-c77edf4a0bee,A-76cac0,anti,T-005-02,🟢 正常系: 下書き再編集,F-005,normal,1,pass,1,1
76cac053-f623-45d1-96ff-c77edf4a0bee,A-76cac0,anti,T-006-01,🟢 正常系: 申請提出（課長承認ルート）,F-006,normal,1,fail,0,0
76cac053-f623-45d1-96ff-c77edf4a0bee,A-76cac0,anti,T-006-02,🟢 正常系: 申請提出（部長承認ルート）,F-006,normal,1,pass,1,1
76cac053-f623-45d1-96ff-c77edf4a0bee,A-76cac0,anti,T-006-03,"🟡 境界値テスト: 承認ルート境界値（999,999円 → 課長）",F-006,boundary,1,fail,0,0
76cac053-f623-45d1-96ff-c77edf4a0bee,A-76cac0,anti,T-006-04,"🟡 境界値テスト: 承認ルート境界値（1,000,000円 → 部長）",F-006,boundary,1,pass,1,1
76cac053-f623-45d1-96ff-c77edf4a0bee,A-76cac0,anti,T-006-05,"🟡 境界値テスト: 承認ルート境界値（999,998円・1,000,001円）",F-006,boundary,2,fail,0,0
76cac053-f623-45d1-96ff-c77edf4a0bee,A-76cac0,anti,T-006-06,🔴 異常系: 必須項目未入力での提出エラー,F-006,negative,1,pass,1,1
76cac053-f623-45d1-96ff-c77edf4a0bee,A-76cac0,anti,T-007-01,🟢 正常系: 申請一覧表示（一般ユーザー）,F-007,normal,1,pass,1,1
76cac053-f623-45d1-96ff-c77edf4a0bee,A-76cac0,anti,T-007-02,🟢 正常系: 申請一覧表示（課長）,F-007,normal,1,pass,1,1
76cac053-f623-45d1-96ff-c77edf4a0bee,A-76cac0,anti,T-007-03,🟢 正常系: ページネーション,F-007,normal,1,pass,1,1
76cac053-f623-45d1-96ff-c77edf4a0bee,A-76cac0,anti,T-008-01,🟢 正常系: キーワード検索,F-008,normal,1,fail,0,0
76cac053-f623-45d1-96ff-c77edf4a0bee,A-76cac0,anti,T-008-02,🟢 正常系: ステータスで絞り込み,F-008,normal,1,pass,1,1
76cac053-f623-45d1-96ff-c77edf4a0bee,A-76cac0,anti,T-008-03,🔴 異常系: 日付範囲不正エラー,F-008,negative,1,pass,1,1
76cac053-f623-45d1-96ff-c77edf4a0bee,A-76cac0,anti,T-008-04,🟢 正常系: 検索結果0件,F-008,normal,1,fail,0,0
76cac053-f623-45d1-96ff-c77edf4a0bee,A-76cac0,anti,T-009-01,🟢 正常系: 申請詳細表示（申請者本人）,F-009,normal,1,fail,0,0
76cac053-f623-45d1-96ff-c77edf4a0bee,A-76cac0,anti,T-009-02,🔴 異常系: 他ユーザーの申請詳細へのアクセス拒否,F-009,negative,1,pass,1,1
76cac053-f623-45d1-96ff-c77edf4a0bee,A-76cac0,anti,T-010-01,🟢 正常系: 課長による承認,F-010,normal,1,fail,0,0
76cac053-f623-45d1-96ff-c77edf4a0bee,A-76cac0,anti,T-010-02,🟢 正常系: 部長による承認,F-010,normal,1,pass,1,1
76cac053-f623-45d1-96ff-c77edf4a0bee,A-76cac0,anti,T-010-03,🔴 異常系: 承認権限のないユーザーによる承認不可,F-010,negative,1,pass,1,1
76cac053-f623-45d1-96ff-c77edf4a0bee,A-76cac0,anti,T-011-01,🟢 正常系: 差し戻し処理,F-011,normal,1,fail,0,0
76cac053-f623-45d1-96ff-c77edf4a0bee,A-76cac0,anti,T-011-02,🔴 異常系: 差し戻しコメント未入力エラー,F-011,negative,1,fail,0,0
76cac053-f623-45d1-96ff-c77edf4a0bee,A-76cac0,anti,T-012-01,🟢 正常系: 承認待ち申請の取り消し,F-012,normal,1,fail,0,0
76cac053-f623-45d1-96ff-c77edf4a0bee,A-76cac0,anti,T-012-02,🔴 異常系: 承認済み申請の取り消し不可,F-012,negative,1,fail,0,0
76cac053-f623-45d1-96ff-c77edf4a0bee,A-76cac0,anti,T-013-01,🟢 正常系: 差し戻し申請の再提出,F-013,normal,1,fail,0,0
76cac053-f623-45d1-96ff-c77edf4a0bee,A-76cac0,anti,T-013-02,🔴 異常系: 不正なステータス遷移,F-013,negative,1,fail,0,0
76cac053-f623-45d1-96ff-c77edf4a0bee,A-76cac0,anti,T-014-01,🟢 正常系: 申請提出時の承認者へのメール通知,F-014,normal,1,fail,0,0
76cac053-f623-45d1-96ff-c77edf4a0bee,A-76cac0,anti,T-014-02,🟢 正常系: 承認完了時の申請者へのメール通知,F-014,normal,1,fail,0,0
76cac053-f623-45d1-96ff-c77edf4a0bee,A-76cac0,anti,T-015-01,🟢 正常系: 承認履歴の表示,F-015,normal,1,fail,0,0
76cac053-f623-45d1-96ff-c77edf4a0bee,A-76cac0,anti,T-016-01,🟢 正常系: CSVエクスポート,F-016,normal,1,fail,0,0
76cac053-f623-45d1-96ff-c77edf4a0bee,A-76cac0,anti,T-016-02,🟢 正常系: 検索条件を絞り込んだCSVエクスポート,F-016,normal,1,pass,1,1
76cac053-f623-45d1-96ff-c77edf4a0bee,A-76cac0,anti,T-016-03,🔴 異常系: 一般ユーザーによるCSVエクスポート権限エラー,F-016,negative,1,pass,1,1
76cac053-f623-45d1-96ff-c77edf4a0bee,A-76cac0,anti,T-017-01,🟢 正常系: 一般ユーザーのダッシュボード表示,F-017,normal,1,pass,1,1
76cac053-f623-45d1-96ff-c77edf4a0bee,A-76cac0,anti,T-017-02,🟢 正常系: 課長のダッシュボード表示,F-017,normal,1,pass,1,1
76cac053-f623-45d1-96ff-c77edf4a0bee,A-76cac0,anti,T-018-01,🟢 正常系: ユーザー情報編集,F-018,normal,1,pass,1,1
76cac053-f623-45d1-96ff-c77edf4a0bee,A-76cac0,anti,T-018-02,🔴 異常系: 自分自身の無効化エラー,F-018,negative,1,pass,1,1
76cac053-f623-45d1-96ff-c77edf4a0bee,A-76cac0,anti,T-018-03,🔴 異常系: 一般ユーザーによるユーザー管理アクセス拒否,F-018,negative,1,pass,1,1
76cac053-f623-45d1-96ff-c77edf4a0bee,A-76cac0,anti,T-019-01,🟢 正常系: パスワード変更成功,F-019,normal,1,fail,0,0
76cac053-f623-45d1-96ff-c77edf4a0bee,A-76cac0,anti,T-019-02,🔴 異常系: 現在のパスワード不一致エラー,F-019,negative,1,pass,1,1
76cac053-f623-45d1-96ff-c77edf4a0bee,A-76cac0,anti,T-019-03,🔴 異常系: 同一パスワード設定エラー,F-019,negative,1,pass,1,1
76cac053-f623-45d1-96ff-c77edf4a0bee,A-76cac0,anti,T-020-01,🟢 正常系: システム設定の変更,F-020,normal,1,fail,0,0
76cac053-f623-45d1-96ff-c77edf4a0bee,A-76cac0,anti,T-020-02,🟢 正常系: SMTPテスト送信,F-020,normal,1,pass,1,1
76cac053-f623-45d1-96ff-c77edf4a0bee,A-76cac0,anti,T-020-03,🔴 異常系: セッションタイムアウト範囲外エラー,F-020,negative,1,fail,0,0
76cac053-f623-45d1-96ff-c77edf4a0bee,A-76cac0,anti,T-020-04,🔴 異常系: 一般ユーザーによるシステム設定アクセス拒否,F-020,negative,1,pass,1,1
7cce7b2d-1ee9-410e-a216-da48d74b3f23,N-7cce7b,normal,T-001-01,🟢 正常系: ユーザー新規登録,F-001,normal,1,pass,1,1
7cce7b2d-1ee9-410e-a216-da48d74b3f23,N-7cce7b,normal,T-001-02,🔴 異常系: メールアドレス重複エラー,F-001,negative,1,pass,1,1
7cce7b2d-1ee9-410e-a216-da48d74b3f23,N-7cce7b,normal,T-001-03,🔴 異常系: パスワード強度不足エラー,F-001,negative,1,pass,1,1
7cce7b2d-1ee9-410e-a216-da48d74b3f23,N-7cce7b,normal,T-001-04,🔴 異常系: パスワード不一致エラー,F-001,negative,1,pass,1,1
7cce7b2d-1ee9-410e-a216-da48d74b3f23,N-7cce7b,normal,T-002-01,🟢 正常系: ログイン成功,F-002,normal,1,pass,1,1
7cce7b2d-1ee9-410e-a216-da48d74b3f23,N-7cce7b,normal,T-002-02,🟢 正常系: ログアウト成功,F-002,normal,1,fail,0,0
7cce7b2d-1ee9-410e-a216-da48d74b3f23,N-7cce7b,normal,T-002-03,🔴 異常系: 認証失敗,F-002,negative,1,pass,1,1
7cce7b2d-1ee9-410e-a216-da48d74b3f23,N-7cce7b,normal,T-002-04,🔴 異常系: アカウントロック,F-002,negative,1,pass,1,1
7cce7b2d-1ee9-410e-a216-da48d74b3f23,N-7cce7b,normal,T-003-01,🟢 正常系: 申請種別選択と入力フォーム表示,F-003,normal,1,fail,0,0
7cce7b2d-1ee9-410e-a216-da48d74b3f23,N-7cce7b,normal,T-003-02,🔴 異常系: 申請種別未選択エラー,F-003,negative,1,fail,0,0
7cce7b2d-1ee9-410e-a216-da48d74b3f23,N-7cce7b,normal,T-004-01,🟢 正常系: 申請内容の入力,F-004,normal,1,pass,1,1
7cce7b2d-1ee9-410e-a216-da48d74b3f23,N-7cce7b,normal,T-004-02,🔴 異常系: 申請金額範囲外エラー,F-004,negative,1,pass,1,1
7cce7b2d-1ee9-410e-a216-da48d74b3f23,N-7cce7b,normal,T-004-03,🔴 異常系: ファイルサイズ超過エラー,F-004,negative,1,fail,0,0
7cce7b2d-1ee9-410e-a216-da48d74b3f23,N-7cce7b,normal,T-005-01,🟢 正常系: 下書き保存,F-005,normal,1,pass,1,1
7cce7b2d-1ee9-410e-a216-da48d74b3f23,N-7cce7b,normal,T-005-02,🟢 正常系: 下書き再編集,F-005,normal,1,fail,0,0
7cce7b2d-1ee9-410e-a216-da48d74b3f23,N-7cce7b,normal,T-006-01,🟢 正常系: 申請提出（課長承認ルート）,F-006,normal,1,pass,1,1
7cce7b2d-1ee9-410e-a216-da48d74b3f23,N-7cce7b,normal,T-006-02,🟢 正常系: 申請提出（部長承認ルート）,F-006,normal,1,pass,1,1
7cce7b2d-1ee9-410e-a216-da48d74b3f23,N-7cce7b,normal,T-006-03,"🟡 境界値テスト: 承認ルート境界値（999,999円 → 課長）",F-006,boundary,1,pass,1,1
7cce7b2d-1ee9-410e-a216-da48d74b3f23,N-7cce7b,normal,T-006-04,"🟡 境界値テスト: 承認ルート境界値（1,000,000円 → 部長）",F-006,boundary,1,pass,1,1
7cce7b2d-1ee9-410e-a216-da48d74b3f23,N-7cce7b,normal,T-006-05,"🟡 境界値テスト: 承認ルート境界値（999,998円・1,000,001円）",F-006,boundary,2,pass,1,1
7cce7b2d-1ee9-410e-a216-da48d74b3f23,N-7cce7b,normal,T-006-06,🔴 異常系: 必須項目未入力での提出エラー,F-006,negative,1,pass,1,1
7cce7b2d-1ee9-410e-a216-da48d74b3f23,N-7cce7b,normal,T-007-01,🟢 正常系: 申請一覧表示（一般ユーザー）,F-007,normal,1,pass,1,1
7cce7b2d-1ee9-410e-a216-da48d74b3f23,N-7cce7b,normal,T-007-02,🟢 正常系: 申請一覧表示（課長）,F-007,normal,1,pass,1,1
7cce7b2d-1ee9-410e-a216-da48d74b3f23,N-7cce7b,normal,T-007-03,🟢 正常系: ページネーション,F-007,normal,1,pass,1,1
7cce7b2d-1ee9-410e-a216-da48d74b3f23,N-7cce7b,normal,T-008-01,🟢 正常系: キーワード検索,F-008,normal,1,pass,1,1
7cce7b2d-1ee9-410e-a216-da48d74b3f23,N-7cce7b,normal,T-008-02,🟢 正常系: ステータスで絞り込み,F-008,normal,1,fail,0,0
7cce7b2d-1ee9-410e-a216-da48d74b3f23,N-7cce7b,normal,T-008-03,🔴 異常系: 日付範囲不正エラー,F-008,negative,1,pass,1,1
7cce7b2d-1ee9-410e-a216-da48d74b3f23,N-7cce7b,normal,T-008-04,🟢 正常系: 検索結果0件,F-008,normal,1,pass,1,1
7cce7b2d-1ee9-410e-a216-da48d74b3f23,N-7cce7b,normal,T-009-01,🟢 正常系: 申請詳細表示（申請者本人）,F-009,normal,1,pass,1,1
7cce7b2d-1ee9-410e-a216-da48d74b3f23,N-7cce7b,normal,T-009-02,🔴 異常系: 他ユーザーの申請詳細へのアクセス拒否,F-009,negative,1,pass,1,1
7cce7b2d-1ee9-410e-a216-da48d74b3f23,N-7cce7b,normal,T-010-01,🟢 正常系: 課長による承認,F-010,normal,1,pass,1,1
7cce7b2d-1ee9-410e-a216-da48d74b3f23,N-7cce7b,normal,T-010-02,🟢 正常系: 部長による承認,F-010,normal,1,pass,1,1
7cce7b2d-1ee9-410e-a216-da48d74b3f23,N-7cce7b,normal,T-010-03,🔴 異常系: 承認権限のないユーザーによる承認不可,F-010,negative,1,pass,1,1
7cce7b2d-1ee9-410e-a216-da48d74b3f23,N-7cce7b,normal,T-011-01,🟢 正常系: 差し戻し処理,F-011,normal,1,pass,1,1
7cce7b2d-1ee9-410e-a216-da48d74b3f23,N-7cce7b,normal,T-011-02,🔴 異常系: 差し戻しコメント未入力エラー,F-011,negative,1,pass,1,1
7cce7b2d-1ee9-410e-a216-da48d74b3f23,N-7cce7b,normal,T-012-01,🟢 正常系: 承認待ち申請の取り消し,F-012,normal,1,pass,1,1
7cce7b2d-1ee9-410e-a216-da48d74b3f23,N-7cce7b,normal,T-012-02,🔴 異常系: 承認済み申請の取り消し不可,F-012,negative,1,pass,1,1
7cce7b2d-1ee9-410e-a216-da48d74b3f23,N-7cce7b,normal,T-013-01,🟢 正常系: 差し戻し申請の再提出,F-013,normal,1,fail,0,0
7cce7b2d-1ee9-410e-a216-da48d74b3f23,N-7cce7b,normal,T-013-02,🔴 異常系: 不正なステータス遷移,F-013,negative,1,pass,1,1
7cce7b2d-1ee9-410e-a216-da48d74b3f23,N-7cce7b,normal,T-014-01,🟢 正常系: 申請提出時の承認者へのメール通知,F-014,normal,1,pass,1,1
7cce7b2d-1ee9-410e-a216-da48d74b3f23,N-7cce7b,normal,T-014-02,🟢 正常系: 承認完了時の申請者へのメール通知,F-014,normal,1,pass,1,1
7cce7b2d-1ee9-410e-a216-da48d74b3f23,N-7cce7b,normal,T-015-01,🟢 正常系: 承認履歴の表示,F-015,normal,1,fail,0,0
7cce7b2d-1ee9-410e-a216-da48d74b3f23,N-7cce7b,normal,T-016-01,🟢 正常系: CSVエクスポート,F-016,normal,1,fail,0,0
7cce7b2d-1ee9-410e-a216-da48d74b3f23,N-7cce7b,normal,T-016-02,🟢 正常系: 検索条件を絞り込んだCSVエクスポート,F-016,normal,1,fail,0,0
7cce7b2d-1ee9-410e-a216-da48d74b3f23,N-7cce7b,normal,T-016-03,🔴 異常系: 一般ユーザーによるCSVエクスポート権限エラー,F-016,negative,1,pass,1,1
7cce7b2d-1ee9-410e-a216-da48d74b3f23,N-7cce7b,normal,T-017-01,🟢 正常系: 一般ユーザーのダッシュボード表示,F-017,normal,1,pass,1,1
7cce7b2d-1ee9-410e-a216-da48d74b3f23,N-7cce7b,normal,T-017-02,🟢 正常系: 課長のダッシュボード表示,F-017,normal,1,pass,1,1
7cce7b2d-1ee9-410e-a216-da48d74b3f23,N-7cce7b,normal,T-018-01,🟢 正常系: ユーザー情報編集,F-018,normal,1,pass,1,1
7cce7b2d-1ee9-410e-a216-da48d74b3f23,N-7cce7b,normal,T-018-02,🔴 異常系: 自分自身の無効化エラー,F-018,negative,1,pass,1,1
7cce7b2d-1ee9-410e-a216-da48d74b3f23,N-7cce7b,normal,T-018-03,🔴 異常系: 一般ユーザーによるユーザー管理アクセス拒否,F-018,negative,1,pass,1,1
7cce7b2d-1ee9-410e-a216-da48d74b3f23,N-7cce7b,normal,T-019-01,🟢 正常系: パスワード変更成功,F-019,normal,1,fail,0,0
7cce7b2d-1ee9-410e-a216-da48d74b3f23,N-7cce7b,normal,T-019-02,🔴 異常系: 現在のパスワード不一致エラー,F-019,negative,1,pass,1,1
7cce7b2d-1ee9-410e-a216-da48d74b3f23,N-7cce7b,normal,T-019-03,🔴 異常系: 同一パスワード設定エラー,F-019,negative,1,pass,1,1
7cce7b2d-1ee9-410e-a216-da48d74b3f23,N-7cce7b,normal,T-020-01,🟢 正常系: システム設定の変更,F-020,normal,1,pass,1,1
7cce7b2d-1ee9-410e-a216-da48d74b3f23,N-7cce7b,normal,T-020-02,🟢 正常系: SMTPテスト送信,F-020,normal,1,pass,1,1
7cce7b2d-1ee9-410e-a216-da48d74b3f23,N-7cce7b,normal,T-020-03,🔴 異常系: セッションタイムアウト範囲外エラー,F-020,negative,1,pass,1,1
7cce7b2d-1ee9-410e-a216-da48d74b3f23,N-7cce7b,normal,T-020-04,🔴 異常系: 一般ユーザーによるシステム設定アクセス拒否,F-020,negative,1,pass,1,1
7e5974e1-e419-4e9d-96f3-332c91617c78,A-7e5974,anti,T-001-01,🟢 正常系: ユーザー新規登録,F-001,normal,1,pass,1,1
7e5974e1-e419-4e9d-96f3-332c91617c78,A-7e5974,anti,T-001-02,🔴 異常系: メールアドレス重複エラー,F-001,negative,1,pass,1,1
7e5974e1-e419-4e9d-96f3-332c91617c78,A-7e5974,anti,T-001-03,🔴 異常系: パスワード強度不足エラー,F-001,negative,1,fail,0,0
7e5974e1-e419-4e9d-96f3-332c91617c78,A-7e5974,anti,T-001-04,🔴 異常系: パスワード不一致エラー,F-001,negative,1,fail,0,0
7e5974e1-e419-4e9d-96f3-332c91617c78,A-7e5974,anti,T-002-01,🟢 正常系: ログイン成功,F-002,normal,1,fail,0,0
7e5974e1-e419-4e9d-96f3-332c91617c78,A-7e5974,anti,T-002-02,🟢 正常系: ログアウト成功,F-002,normal,1,pass,1,1
7e5974e1-e419-4e9d-96f3-332c91617c78,A-7e5974,anti,T-002-03,🔴 異常系: 認証失敗,F-002,negative,1,pass,1,1
7e5974e1-e419-4e9d-96f3-332c91617c78,A-7e5974,anti,T-002-04,🔴 異常系: アカウントロック,F-002,negative,1,pass,1,1
7e5974e1-e419-4e9d-96f3-332c91617c78,A-7e5974,anti,T-003-01,🟢 正常系: 申請種別選択と入力フォーム表示,F-003,normal,1,fail,0,0
7e5974e1-e419-4e9d-96f3-332c91617c78,A-7e5974,anti,T-003-02,🔴 異常系: 申請種別未選択エラー,F-003,negative,1,fail,0,0
7e5974e1-e419-4e9d-96f3-332c91617c78,A-7e5974,anti,T-004-01,🟢 正常系: 申請内容の入力,F-004,normal,1,fail,0,0
7e5974e1-e419-4e9d-96f3-332c91617c78,A-7e5974,anti,T-004-02,🔴 異常系: 申請金額範囲外エラー,F-004,negative,1,fail,0,0
7e5974e1-e419-4e9d-96f3-332c91617c78,A-7e5974,anti,T-004-03,🔴 異常系: ファイルサイズ超過エラー,F-004,negative,1,fail,0,0
7e5974e1-e419-4e9d-96f3-332c91617c78,A-7e5974,anti,T-005-01,🟢 正常系: 下書き保存,F-005,normal,1,fail,0,0
7e5974e1-e419-4e9d-96f3-332c91617c78,A-7e5974,anti,T-005-02,🟢 正常系: 下書き再編集,F-005,normal,1,fail,0,0
7e5974e1-e419-4e9d-96f3-332c91617c78,A-7e5974,anti,T-006-01,🟢 正常系: 申請提出（課長承認ルート）,F-006,normal,1,fail,0,0
7e5974e1-e419-4e9d-96f3-332c91617c78,A-7e5974,anti,T-006-02,🟢 正常系: 申請提出（部長承認ルート）,F-006,normal,1,fail,0,0
7e5974e1-e419-4e9d-96f3-332c91617c78,A-7e5974,anti,T-006-03,"🟡 境界値テスト: 承認ルート境界値（999,999円 → 課長）",F-006,boundary,1,fail,0,0
7e5974e1-e419-4e9d-96f3-332c91617c78,A-7e5974,anti,T-006-04,"🟡 境界値テスト: 承認ルート境界値（1,000,000円 → 部長）",F-006,boundary,1,fail,0,0
7e5974e1-e419-4e9d-96f3-332c91617c78,A-7e5974,anti,T-006-05,"🟡 境界値テスト: 承認ルート境界値（999,998円・1,000,001円）",F-006,boundary,2,fail,0,0
7e5974e1-e419-4e9d-96f3-332c91617c78,A-7e5974,anti,T-006-06,🔴 異常系: 必須項目未入力での提出エラー,F-006,negative,1,fail,0,0
7e5974e1-e419-4e9d-96f3-332c91617c78,A-7e5974,anti,T-007-01,🟢 正常系: 申請一覧表示（一般ユーザー）,F-007,normal,1,blocked,0,0
7e5974e1-e419-4e9d-96f3-332c91617c78,A-7e5974,anti,T-007-02,🟢 正常系: 申請一覧表示（課長）,F-007,normal,1,blocked,0,0
7e5974e1-e419-4e9d-96f3-332c91617c78,A-7e5974,anti,T-007-03,🟢 正常系: ページネーション,F-007,normal,1,blocked,0,0
7e5974e1-e419-4e9d-96f3-332c91617c78,A-7e5974,anti,T-008-01,🟢 正常系: キーワード検索,F-008,normal,1,blocked,0,0
7e5974e1-e419-4e9d-96f3-332c91617c78,A-7e5974,anti,T-008-02,🟢 正常系: ステータスで絞り込み,F-008,normal,1,blocked,0,0
7e5974e1-e419-4e9d-96f3-332c91617c78,A-7e5974,anti,T-008-03,🔴 異常系: 日付範囲不正エラー,F-008,negative,1,fail,0,0
7e5974e1-e419-4e9d-96f3-332c91617c78,A-7e5974,anti,T-008-04,🟢 正常系: 検索結果0件,F-008,normal,1,fail,0,0
7e5974e1-e419-4e9d-96f3-332c91617c78,A-7e5974,anti,T-009-01,🟢 正常系: 申請詳細表示（申請者本人）,F-009,normal,1,fail,0,0
7e5974e1-e419-4e9d-96f3-332c91617c78,A-7e5974,anti,T-009-02,🔴 異常系: 他ユーザーの申請詳細へのアクセス拒否,F-009,negative,1,fail,0,0
7e5974e1-e419-4e9d-96f3-332c91617c78,A-7e5974,anti,T-010-01,🟢 正常系: 課長による承認,F-010,normal,1,fail,0,0
7e5974e1-e419-4e9d-96f3-332c91617c78,A-7e5974,anti,T-010-02,🟢 正常系: 部長による承認,F-010,normal,1,fail,0,0
7e5974e1-e419-4e9d-96f3-332c91617c78,A-7e5974,anti,T-010-03,🔴 異常系: 承認権限のないユーザーによる承認不可,F-010,negative,1,fail,0,0
7e5974e1-e419-4e9d-96f3-332c91617c78,A-7e5974,anti,T-011-01,🟢 正常系: 差し戻し処理,F-011,normal,1,fail,0,0
7e5974e1-e419-4e9d-96f3-332c91617c78,A-7e5974,anti,T-011-02,🔴 異常系: 差し戻しコメント未入力エラー,F-011,negative,1,fail,0,0
7e5974e1-e419-4e9d-96f3-332c91617c78,A-7e5974,anti,T-012-01,🟢 正常系: 承認待ち申請の取り消し,F-012,normal,1,fail,0,0
7e5974e1-e419-4e9d-96f3-332c91617c78,A-7e5974,anti,T-012-02,🔴 異常系: 承認済み申請の取り消し不可,F-012,negative,1,fail,0,0
7e5974e1-e419-4e9d-96f3-332c91617c78,A-7e5974,anti,T-013-01,🟢 正常系: 差し戻し申請の再提出,F-013,normal,1,fail,0,0
7e5974e1-e419-4e9d-96f3-332c91617c78,A-7e5974,anti,T-013-02,🔴 異常系: 不正なステータス遷移,F-013,negative,1,fail,0,0
7e5974e1-e419-4e9d-96f3-332c91617c78,A-7e5974,anti,T-014-01,🟢 正常系: 申請提出時の承認者へのメール通知,F-014,normal,1,fail,0,0
7e5974e1-e419-4e9d-96f3-332c91617c78,A-7e5974,anti,T-014-02,🟢 正常系: 承認完了時の申請者へのメール通知,F-014,normal,1,fail,0,0
7e5974e1-e419-4e9d-96f3-332c91617c78,A-7e5974,anti,T-015-01,🟢 正常系: 承認履歴の表示,F-015,normal,1,fail,0,0
7e5974e1-e419-4e9d-96f3-332c91617c78,A-7e5974,anti,T-016-01,🟢 正常系: CSVエクスポート,F-016,normal,1,blocked,0,0
7e5974e1-e419-4e9d-96f3-332c91617c78,A-7e5974,anti,T-016-02,🟢 正常系: 検索条件を絞り込んだCSVエクスポート,F-016,normal,1,blocked,0,0
7e5974e1-e419-4e9d-96f3-332c91617c78,A-7e5974,anti,T-016-03,🔴 異常系: 一般ユーザーによるCSVエクスポート権限エラー,F-016,negative,1,blocked,0,0
7e5974e1-e419-4e9d-96f3-332c91617c78,A-7e5974,anti,T-017-01,🟢 正常系: 一般ユーザーのダッシュボード表示,F-017,normal,1,fail,0,0
7e5974e1-e419-4e9d-96f3-332c91617c78,A-7e5974,anti,T-017-02,🟢 正常系: 課長のダッシュボード表示,F-017,normal,1,blocked,0,0
7e5974e1-e419-4e9d-96f3-332c91617c78,A-7e5974,anti,T-018-01,🟢 正常系: ユーザー情報編集,F-018,normal,1,pass,1,1
7e5974e1-e419-4e9d-96f3-332c91617c78,A-7e5974,anti,T-018-02,🔴 異常系: 自分自身の無効化エラー,F-018,negative,1,pass,1,1
7e5974e1-e419-4e9d-96f3-332c91617c78,A-7e5974,anti,T-018-03,🔴 異常系: 一般ユーザーによるユーザー管理アクセス拒否,F-018,negative,1,pass,1,1
7e5974e1-e419-4e9d-96f3-332c91617c78,A-7e5974,anti,T-019-01,🟢 正常系: パスワード変更成功,F-019,normal,1,fail,0,0
7e5974e1-e419-4e9d-96f3-332c91617c78,A-7e5974,anti,T-019-02,🔴 異常系: 現在のパスワード不一致エラー,F-019,negative,1,pass,1,1
7e5974e1-e419-4e9d-96f3-332c91617c78,A-7e5974,anti,T-019-03,🔴 異常系: 同一パスワード設定エラー,F-019,negative,1,pass,1,1
7e5974e1-e419-4e9d-96f3-332c91617c78,A-7e5974,anti,T-020-01,🟢 正常系: システム設定の変更,F-020,normal,1,pass,1,1
7e5974e1-e419-4e9d-96f3-332c91617c78,A-7e5974,anti,T-020-02,🟢 正常系: SMTPテスト送信,F-020,normal,1,pass,1,1
7e5974e1-e419-4e9d-96f3-332c91617c78,A-7e5974,anti,T-020-03,🔴 異常系: セッションタイムアウト範囲外エラー,F-020,negative,1,pass,1,1
7e5974e1-e419-4e9d-96f3-332c91617c78,A-7e5974,anti,T-020-04,🔴 異常系: 一般ユーザーによるシステム設定アクセス拒否,F-020,negative,1,fail,0,0
833a4f06-b9c0-4a95-a03e-65dea5922e72,N-833a4f,normal,T-001-01,🟢 正常系: ユーザー新規登録,F-001,normal,1,pass,1,1
833a4f06-b9c0-4a95-a03e-65dea5922e72,N-833a4f,normal,T-001-02,🔴 異常系: メールアドレス重複エラー,F-001,negative,1,pass,1,1
833a4f06-b9c0-4a95-a03e-65dea5922e72,N-833a4f,normal,T-001-03,🔴 異常系: パスワード強度不足エラー,F-001,negative,1,pass,1,1
833a4f06-b9c0-4a95-a03e-65dea5922e72,N-833a4f,normal,T-001-04,🔴 異常系: パスワード不一致エラー,F-001,negative,1,pass,1,1
833a4f06-b9c0-4a95-a03e-65dea5922e72,N-833a4f,normal,T-002-01,🟢 正常系: ログイン成功,F-002,normal,1,pass,1,1
833a4f06-b9c0-4a95-a03e-65dea5922e72,N-833a4f,normal,T-002-02,🟢 正常系: ログアウト成功,F-002,normal,1,fail,0,0
833a4f06-b9c0-4a95-a03e-65dea5922e72,N-833a4f,normal,T-002-03,🔴 異常系: 認証失敗,F-002,negative,1,pass,1,1
833a4f06-b9c0-4a95-a03e-65dea5922e72,N-833a4f,normal,T-002-04,🔴 異常系: アカウントロック,F-002,negative,1,pass,1,1
833a4f06-b9c0-4a95-a03e-65dea5922e72,N-833a4f,normal,T-003-01,🟢 正常系: 申請種別選択と入力フォーム表示,F-003,normal,1,pass,1,1
833a4f06-b9c0-4a95-a03e-65dea5922e72,N-833a4f,normal,T-003-02,🔴 異常系: 申請種別未選択エラー,F-003,negative,1,fail,0,0
833a4f06-b9c0-4a95-a03e-65dea5922e72,N-833a4f,normal,T-004-01,🟢 正常系: 申請内容の入力,F-004,normal,1,fail,0,0
833a4f06-b9c0-4a95-a03e-65dea5922e72,N-833a4f,normal,T-004-02,🔴 異常系: 申請金額範囲外エラー,F-004,negative,1,pass,1,1
833a4f06-b9c0-4a95-a03e-65dea5922e72,N-833a4f,normal,T-004-03,🔴 異常系: ファイルサイズ超過エラー,F-004,negative,1,fail,0,0
833a4f06-b9c0-4a95-a03e-65dea5922e72,N-833a4f,normal,T-005-01,🟢 正常系: 下書き保存,F-005,normal,1,pass,1,1
833a4f06-b9c0-4a95-a03e-65dea5922e72,N-833a4f,normal,T-005-02,🟢 正常系: 下書き再編集,F-005,normal,1,pass,1,1
833a4f06-b9c0-4a95-a03e-65dea5922e72,N-833a4f,normal,T-006-01,🟢 正常系: 申請提出（課長承認ルート）,F-006,normal,1,pass,1,1
833a4f06-b9c0-4a95-a03e-65dea5922e72,N-833a4f,normal,T-006-02,🟢 正常系: 申請提出（部長承認ルート）,F-006,normal,1,pass,1,1
833a4f06-b9c0-4a95-a03e-65dea5922e72,N-833a4f,normal,T-006-03,"🟡 境界値テスト: 承認ルート境界値（999,999円 → 課長）",F-006,boundary,1,pass,1,1
833a4f06-b9c0-4a95-a03e-65dea5922e72,N-833a4f,normal,T-006-04,"🟡 境界値テスト: 承認ルート境界値（1,000,000円 → 部長）",F-006,boundary,1,pass,1,1
833a4f06-b9c0-4a95-a03e-65dea5922e72,N-833a4f,normal,T-006-05,"🟡 境界値テスト: 承認ルート境界値（999,998円・1,000,001円）",F-006,boundary,2,pass,1,1
833a4f06-b9c0-4a95-a03e-65dea5922e72,N-833a4f,normal,T-006-06,🔴 異常系: 必須項目未入力での提出エラー,F-006,negative,1,pass,1,1
833a4f06-b9c0-4a95-a03e-65dea5922e72,N-833a4f,normal,T-007-01,🟢 正常系: 申請一覧表示（一般ユーザー）,F-007,normal,1,pass,1,1
833a4f06-b9c0-4a95-a03e-65dea5922e72,N-833a4f,normal,T-007-02,🟢 正常系: 申請一覧表示（課長）,F-007,normal,1,pass,1,1
833a4f06-b9c0-4a95-a03e-65dea5922e72,N-833a4f,normal,T-007-03,🟢 正常系: ページネーション,F-007,normal,1,pass,1,1
833a4f06-b9c0-4a95-a03e-65dea5922e72,N-833a4f,normal,T-008-01,🟢 正常系: キーワード検索,F-008,normal,1,pass,1,1
833a4f06-b9c0-4a95-a03e-65dea5922e72,N-833a4f,normal,T-008-02,🟢 正常系: ステータスで絞り込み,F-008,normal,1,pass,1,1
833a4f06-b9c0-4a95-a03e-65dea5922e72,N-833a4f,normal,T-008-03,🔴 異常系: 日付範囲不正エラー,F-008,negative,1,fail,0,0
833a4f06-b9c0-4a95-a03e-65dea5922e72,N-833a4f,normal,T-008-04,🟢 正常系: 検索結果0件,F-008,normal,1,pass,1,1
833a4f06-b9c0-4a95-a03e-65dea5922e72,N-833a4f,normal,T-009-01,🟢 正常系: 申請詳細表示（申請者本人）,F-009,normal,1,pass,1,1
833a4f06-b9c0-4a95-a03e-65dea5922e72,N-833a4f,normal,T-009-02,🔴 異常系: 他ユーザーの申請詳細へのアクセス拒否,F-009,negative,1,pass,1,1
833a4f06-b9c0-4a95-a03e-65dea5922e72,N-833a4f,normal,T-010-01,🟢 正常系: 課長による承認,F-010,normal,1,fail,0,0
833a4f06-b9c0-4a95-a03e-65dea5922e72,N-833a4f,normal,T-010-02,🟢 正常系: 部長による承認,F-010,normal,1,pass,1,1
833a4f06-b9c0-4a95-a03e-65dea5922e72,N-833a4f,normal,T-010-03,🔴 異常系: 承認権限のないユーザーによる承認不可,F-010,negative,1,pass,1,1
833a4f06-b9c0-4a95-a03e-65dea5922e72,N-833a4f,normal,T-011-01,🟢 正常系: 差し戻し処理,F-011,normal,1,fail,0,0
833a4f06-b9c0-4a95-a03e-65dea5922e72,N-833a4f,normal,T-011-02,🔴 異常系: 差し戻しコメント未入力エラー,F-011,negative,1,pass,1,1
833a4f06-b9c0-4a95-a03e-65dea5922e72,N-833a4f,normal,T-012-01,🟢 正常系: 承認待ち申請の取り消し,F-012,normal,1,pass,1,1
833a4f06-b9c0-4a95-a03e-65dea5922e72,N-833a4f,normal,T-012-02,🔴 異常系: 承認済み申請の取り消し不可,F-012,negative,1,pass,1,1
833a4f06-b9c0-4a95-a03e-65dea5922e72,N-833a4f,normal,T-013-01,🟢 正常系: 差し戻し申請の再提出,F-013,normal,1,fail,0,0
833a4f06-b9c0-4a95-a03e-65dea5922e72,N-833a4f,normal,T-013-02,🔴 異常系: 不正なステータス遷移,F-013,negative,1,pass,1,1
833a4f06-b9c0-4a95-a03e-65dea5922e72,N-833a4f,normal,T-014-01,🟢 正常系: 申請提出時の承認者へのメール通知,F-014,normal,1,pass,1,1
833a4f06-b9c0-4a95-a03e-65dea5922e72,N-833a4f,normal,T-014-02,🟢 正常系: 承認完了時の申請者へのメール通知,F-014,normal,1,pass,1,1
833a4f06-b9c0-4a95-a03e-65dea5922e72,N-833a4f,normal,T-015-01,🟢 正常系: 承認履歴の表示,F-015,normal,1,fail,0,0
833a4f06-b9c0-4a95-a03e-65dea5922e72,N-833a4f,normal,T-016-01,🟢 正常系: CSVエクスポート,F-016,normal,1,fail,0,0
833a4f06-b9c0-4a95-a03e-65dea5922e72,N-833a4f,normal,T-016-02,🟢 正常系: 検索条件を絞り込んだCSVエクスポート,F-016,normal,1,pass,1,1
833a4f06-b9c0-4a95-a03e-65dea5922e72,N-833a4f,normal,T-016-03,🔴 異常系: 一般ユーザーによるCSVエクスポート権限エラー,F-016,negative,1,pass,1,1
833a4f06-b9c0-4a95-a03e-65dea5922e72,N-833a4f,normal,T-017-01,🟢 正常系: 一般ユーザーのダッシュボード表示,F-017,normal,1,fail,0,0
833a4f06-b9c0-4a95-a03e-65dea5922e72,N-833a4f,normal,T-017-02,🟢 正常系: 課長のダッシュボード表示,F-017,normal,1,fail,0,0
833a4f06-b9c0-4a95-a03e-65dea5922e72,N-833a4f,normal,T-018-01,🟢 正常系: ユーザー情報編集,F-018,normal,1,pass,1,1
833a4f06-b9c0-4a95-a03e-65dea5922e72,N-833a4f,normal,T-018-02,🔴 異常系: 自分自身の無効化エラー,F-018,negative,1,pass,1,1
833a4f06-b9c0-4a95-a03e-65dea5922e72,N-833a4f,normal,T-018-03,🔴 異常系: 一般ユーザーによるユーザー管理アクセス拒否,F-018,negative,1,pass,1,1
833a4f06-b9c0-4a95-a03e-65dea5922e72,N-833a4f,normal,T-019-01,🟢 正常系: パスワード変更成功,F-019,normal,1,pass,1,1
833a4f06-b9c0-4a95-a03e-65dea5922e72,N-833a4f,normal,T-019-02,🔴 異常系: 現在のパスワード不一致エラー,F-019,negative,1,pass,1,1
833a4f06-b9c0-4a95-a03e-65dea5922e72,N-833a4f,normal,T-019-03,🔴 異常系: 同一パスワード設定エラー,F-019,negative,1,pass,1,1
833a4f06-b9c0-4a95-a03e-65dea5922e72,N-833a4f,normal,T-020-01,🟢 正常系: システム設定の変更,F-020,normal,1,fail,0,0
833a4f06-b9c0-4a95-a03e-65dea5922e72,N-833a4f,normal,T-020-02,🟢 正常系: SMTPテスト送信,F-020,normal,1,pass,1,1
833a4f06-b9c0-4a95-a03e-65dea5922e72,N-833a4f,normal,T-020-03,🔴 異常系: セッションタイムアウト範囲外エラー,F-020,negative,1,fail,0,0
833a4f06-b9c0-4a95-a03e-65dea5922e72,N-833a4f,normal,T-020-04,🔴 異常系: 一般ユーザーによるシステム設定アクセス拒否,F-020,negative,1,fail,0,0
8521b60c-d58e-4f17-8cd0-75cf45d82d8b,A-8521b6,anti,T-001-01,🟢 正常系: ユーザー新規登録,F-001,normal,1,blocked,0,0
8521b60c-d58e-4f17-8cd0-75cf45d82d8b,A-8521b6,anti,T-001-02,🔴 異常系: メールアドレス重複エラー,F-001,negative,1,blocked,0,0
8521b60c-d58e-4f17-8cd0-75cf45d82d8b,A-8521b6,anti,T-001-03,🔴 異常系: パスワード強度不足エラー,F-001,negative,1,pass,1,1
8521b60c-d58e-4f17-8cd0-75cf45d82d8b,A-8521b6,anti,T-001-04,🔴 異常系: パスワード不一致エラー,F-001,negative,1,pass,1,1
8521b60c-d58e-4f17-8cd0-75cf45d82d8b,A-8521b6,anti,T-002-01,🟢 正常系: ログイン成功,F-002,normal,1,fail,0,0
8521b60c-d58e-4f17-8cd0-75cf45d82d8b,A-8521b6,anti,T-002-02,🟢 正常系: ログアウト成功,F-002,normal,1,blocked,0,0
8521b60c-d58e-4f17-8cd0-75cf45d82d8b,A-8521b6,anti,T-002-03,🔴 異常系: 認証失敗,F-002,negative,1,blocked,0,0
8521b60c-d58e-4f17-8cd0-75cf45d82d8b,A-8521b6,anti,T-002-04,🔴 異常系: アカウントロック,F-002,negative,1,pass,1,1
8521b60c-d58e-4f17-8cd0-75cf45d82d8b,A-8521b6,anti,T-003-01,🟢 正常系: 申請種別選択と入力フォーム表示,F-003,normal,1,blocked,0,0
8521b60c-d58e-4f17-8cd0-75cf45d82d8b,A-8521b6,anti,T-003-02,🔴 異常系: 申請種別未選択エラー,F-003,negative,1,blocked,0,0
8521b60c-d58e-4f17-8cd0-75cf45d82d8b,A-8521b6,anti,T-004-01,🟢 正常系: 申請内容の入力,F-004,normal,1,blocked,0,0
8521b60c-d58e-4f17-8cd0-75cf45d82d8b,A-8521b6,anti,T-004-02,🔴 異常系: 申請金額範囲外エラー,F-004,negative,1,blocked,0,0
8521b60c-d58e-4f17-8cd0-75cf45d82d8b,A-8521b6,anti,T-004-03,🔴 異常系: ファイルサイズ超過エラー,F-004,negative,1,blocked,0,0
8521b60c-d58e-4f17-8cd0-75cf45d82d8b,A-8521b6,anti,T-005-01,🟢 正常系: 下書き保存,F-005,normal,1,blocked,0,0
8521b60c-d58e-4f17-8cd0-75cf45d82d8b,A-8521b6,anti,T-005-02,🟢 正常系: 下書き再編集,F-005,normal,1,blocked,0,0
8521b60c-d58e-4f17-8cd0-75cf45d82d8b,A-8521b6,anti,T-006-01,🟢 正常系: 申請提出（課長承認ルート）,F-006,normal,1,blocked,0,0
8521b60c-d58e-4f17-8cd0-75cf45d82d8b,A-8521b6,anti,T-006-02,🟢 正常系: 申請提出（部長承認ルート）,F-006,normal,1,blocked,0,0
8521b60c-d58e-4f17-8cd0-75cf45d82d8b,A-8521b6,anti,T-006-03,"🟡 境界値テスト: 承認ルート境界値（999,999円 → 課長）",F-006,boundary,1,blocked,0,0
8521b60c-d58e-4f17-8cd0-75cf45d82d8b,A-8521b6,anti,T-006-04,"🟡 境界値テスト: 承認ルート境界値（1,000,000円 → 部長）",F-006,boundary,1,blocked,0,0
8521b60c-d58e-4f17-8cd0-75cf45d82d8b,A-8521b6,anti,T-006-05,"🟡 境界値テスト: 承認ルート境界値（999,998円・1,000,001円）",F-006,boundary,2,blocked,0,0
8521b60c-d58e-4f17-8cd0-75cf45d82d8b,A-8521b6,anti,T-006-06,🔴 異常系: 必須項目未入力での提出エラー,F-006,negative,1,blocked,0,0
8521b60c-d58e-4f17-8cd0-75cf45d82d8b,A-8521b6,anti,T-007-01,🟢 正常系: 申請一覧表示（一般ユーザー）,F-007,normal,1,blocked,0,0
8521b60c-d58e-4f17-8cd0-75cf45d82d8b,A-8521b6,anti,T-007-02,🟢 正常系: 申請一覧表示（課長）,F-007,normal,1,blocked,0,0
8521b60c-d58e-4f17-8cd0-75cf45d82d8b,A-8521b6,anti,T-007-03,🟢 正常系: ページネーション,F-007,normal,1,blocked,0,0
8521b60c-d58e-4f17-8cd0-75cf45d82d8b,A-8521b6,anti,T-008-01,🟢 正常系: キーワード検索,F-008,normal,1,blocked,0,0
8521b60c-d58e-4f17-8cd0-75cf45d82d8b,A-8521b6,anti,T-008-02,🟢 正常系: ステータスで絞り込み,F-008,normal,1,blocked,0,0
8521b60c-d58e-4f17-8cd0-75cf45d82d8b,A-8521b6,anti,T-008-03,🔴 異常系: 日付範囲不正エラー,F-008,negative,1,blocked,0,0
8521b60c-d58e-4f17-8cd0-75cf45d82d8b,A-8521b6,anti,T-008-04,🟢 正常系: 検索結果0件,F-008,normal,1,blocked,0,0
8521b60c-d58e-4f17-8cd0-75cf45d82d8b,A-8521b6,anti,T-009-01,🟢 正常系: 申請詳細表示（申請者本人）,F-009,normal,1,blocked,0,0
8521b60c-d58e-4f17-8cd0-75cf45d82d8b,A-8521b6,anti,T-009-02,🔴 異常系: 他ユーザーの申請詳細へのアクセス拒否,F-009,negative,1,blocked,0,0
8521b60c-d58e-4f17-8cd0-75cf45d82d8b,A-8521b6,anti,T-010-01,🟢 正常系: 課長による承認,F-010,normal,1,blocked,0,0
8521b60c-d58e-4f17-8cd0-75cf45d82d8b,A-8521b6,anti,T-010-02,🟢 正常系: 部長による承認,F-010,normal,1,blocked,0,0
8521b60c-d58e-4f17-8cd0-75cf45d82d8b,A-8521b6,anti,T-010-03,🔴 異常系: 承認権限のないユーザーによる承認不可,F-010,negative,1,blocked,0,0
8521b60c-d58e-4f17-8cd0-75cf45d82d8b,A-8521b6,anti,T-011-01,🟢 正常系: 差し戻し処理,F-011,normal,1,blocked,0,0
8521b60c-d58e-4f17-8cd0-75cf45d82d8b,A-8521b6,anti,T-011-02,🔴 異常系: 差し戻しコメント未入力エラー,F-011,negative,1,blocked,0,0
8521b60c-d58e-4f17-8cd0-75cf45d82d8b,A-8521b6,anti,T-012-01,🟢 正常系: 承認待ち申請の取り消し,F-012,normal,1,blocked,0,0
8521b60c-d58e-4f17-8cd0-75cf45d82d8b,A-8521b6,anti,T-012-02,🔴 異常系: 承認済み申請の取り消し不可,F-012,negative,1,blocked,0,0
8521b60c-d58e-4f17-8cd0-75cf45d82d8b,A-8521b6,anti,T-013-01,🟢 正常系: 差し戻し申請の再提出,F-013,normal,1,blocked,0,0
8521b60c-d58e-4f17-8cd0-75cf45d82d8b,A-8521b6,anti,T-013-02,🔴 異常系: 不正なステータス遷移,F-013,negative,1,blocked,0,0
8521b60c-d58e-4f17-8cd0-75cf45d82d8b,A-8521b6,anti,T-014-01,🟢 正常系: 申請提出時の承認者へのメール通知,F-014,normal,1,blocked,0,0
8521b60c-d58e-4f17-8cd0-75cf45d82d8b,A-8521b6,anti,T-014-02,🟢 正常系: 承認完了時の申請者へのメール通知,F-014,normal,1,blocked,0,0
8521b60c-d58e-4f17-8cd0-75cf45d82d8b,A-8521b6,anti,T-015-01,🟢 正常系: 承認履歴の表示,F-015,normal,1,blocked,0,0
8521b60c-d58e-4f17-8cd0-75cf45d82d8b,A-8521b6,anti,T-016-01,🟢 正常系: CSVエクスポート,F-016,normal,1,blocked,0,0
8521b60c-d58e-4f17-8cd0-75cf45d82d8b,A-8521b6,anti,T-016-02,🟢 正常系: 検索条件を絞り込んだCSVエクスポート,F-016,normal,1,blocked,0,0
8521b60c-d58e-4f17-8cd0-75cf45d82d8b,A-8521b6,anti,T-016-03,🔴 異常系: 一般ユーザーによるCSVエクスポート権限エラー,F-016,negative,1,blocked,0,0
8521b60c-d58e-4f17-8cd0-75cf45d82d8b,A-8521b6,anti,T-017-01,🟢 正常系: 一般ユーザーのダッシュボード表示,F-017,normal,1,blocked,0,0
8521b60c-d58e-4f17-8cd0-75cf45d82d8b,A-8521b6,anti,T-017-02,🟢 正常系: 課長のダッシュボード表示,F-017,normal,1,blocked,0,0
8521b60c-d58e-4f17-8cd0-75cf45d82d8b,A-8521b6,anti,T-018-01,🟢 正常系: ユーザー情報編集,F-018,normal,1,blocked,0,0
8521b60c-d58e-4f17-8cd0-75cf45d82d8b,A-8521b6,anti,T-018-02,🔴 異常系: 自分自身の無効化エラー,F-018,negative,1,blocked,0,0
8521b60c-d58e-4f17-8cd0-75cf45d82d8b,A-8521b6,anti,T-018-03,🔴 異常系: 一般ユーザーによるユーザー管理アクセス拒否,F-018,negative,1,blocked,0,0
8521b60c-d58e-4f17-8cd0-75cf45d82d8b,A-8521b6,anti,T-019-01,🟢 正常系: パスワード変更成功,F-019,normal,1,blocked,0,0
8521b60c-d58e-4f17-8cd0-75cf45d82d8b,A-8521b6,anti,T-019-02,🔴 異常系: 現在のパスワード不一致エラー,F-019,negative,1,blocked,0,0
8521b60c-d58e-4f17-8cd0-75cf45d82d8b,A-8521b6,anti,T-019-03,🔴 異常系: 同一パスワード設定エラー,F-019,negative,1,blocked,0,0
8521b60c-d58e-4f17-8cd0-75cf45d82d8b,A-8521b6,anti,T-020-01,🟢 正常系: システム設定の変更,F-020,normal,1,blocked,0,0
8521b60c-d58e-4f17-8cd0-75cf45d82d8b,A-8521b6,anti,T-020-02,🟢 正常系: SMTPテスト送信,F-020,normal,1,blocked,0,0
8521b60c-d58e-4f17-8cd0-75cf45d82d8b,A-8521b6,anti,T-020-03,🔴 異常系: セッションタイムアウト範囲外エラー,F-020,negative,1,blocked,0,0
8521b60c-d58e-4f17-8cd0-75cf45d82d8b,A-8521b6,anti,T-020-04,🔴 異常系: 一般ユーザーによるシステム設定アクセス拒否,F-020,negative,1,blocked,0,0
8562d613-be4e-4350-9e8d-8ac02a644845,N-8562d6,normal,T-001-01,🟢 正常系: ユーザー新規登録,F-001,normal,1,pass,1,1
8562d613-be4e-4350-9e8d-8ac02a644845,N-8562d6,normal,T-001-02,🔴 異常系: メールアドレス重複エラー,F-001,negative,1,pass,1,1
8562d613-be4e-4350-9e8d-8ac02a644845,N-8562d6,normal,T-001-03,🔴 異常系: パスワード強度不足エラー,F-001,negative,1,pass,1,1
8562d613-be4e-4350-9e8d-8ac02a644845,N-8562d6,normal,T-001-04,🔴 異常系: パスワード不一致エラー,F-001,negative,1,pass,1,1
8562d613-be4e-4350-9e8d-8ac02a644845,N-8562d6,normal,T-002-01,🟢 正常系: ログイン成功,F-002,normal,1,pass,1,1
8562d613-be4e-4350-9e8d-8ac02a644845,N-8562d6,normal,T-002-02,🟢 正常系: ログアウト成功,F-002,normal,1,fail,0,0
8562d613-be4e-4350-9e8d-8ac02a644845,N-8562d6,normal,T-002-03,🔴 異常系: 認証失敗,F-002,negative,1,pass,1,1
8562d613-be4e-4350-9e8d-8ac02a644845,N-8562d6,normal,T-002-04,🔴 異常系: アカウントロック,F-002,negative,1,pass,1,1
8562d613-be4e-4350-9e8d-8ac02a644845,N-8562d6,normal,T-003-01,🟢 正常系: 申請種別選択と入力フォーム表示,F-003,normal,1,pass,1,1
8562d613-be4e-4350-9e8d-8ac02a644845,N-8562d6,normal,T-003-02,🔴 異常系: 申請種別未選択エラー,F-003,negative,1,fail,0,0
8562d613-be4e-4350-9e8d-8ac02a644845,N-8562d6,normal,T-004-01,🟢 正常系: 申請内容の入力,F-004,normal,1,pass,1,1
8562d613-be4e-4350-9e8d-8ac02a644845,N-8562d6,normal,T-004-02,🔴 異常系: 申請金額範囲外エラー,F-004,negative,1,pass,1,1
8562d613-be4e-4350-9e8d-8ac02a644845,N-8562d6,normal,T-004-03,🔴 異常系: ファイルサイズ超過エラー,F-004,negative,1,fail,0,0
8562d613-be4e-4350-9e8d-8ac02a644845,N-8562d6,normal,T-005-01,🟢 正常系: 下書き保存,F-005,normal,1,fail,0,0
8562d613-be4e-4350-9e8d-8ac02a644845,N-8562d6,normal,T-005-02,🟢 正常系: 下書き再編集,F-005,normal,1,fail,0,0
8562d613-be4e-4350-9e8d-8ac02a644845,N-8562d6,normal,T-006-01,🟢 正常系: 申請提出（課長承認ルート）,F-006,normal,1,pass,1,1
8562d613-be4e-4350-9e8d-8ac02a644845,N-8562d6,normal,T-006-02,🟢 正常系: 申請提出（部長承認ルート）,F-006,normal,1,pass,1,1
8562d613-be4e-4350-9e8d-8ac02a644845,N-8562d6,normal,T-006-03,"🟡 境界値テスト: 承認ルート境界値（999,999円 → 課長）",F-006,boundary,1,pass,1,1
8562d613-be4e-4350-9e8d-8ac02a644845,N-8562d6,normal,T-006-04,"🟡 境界値テスト: 承認ルート境界値（1,000,000円 → 部長）",F-006,boundary,1,pass,1,1
8562d613-be4e-4350-9e8d-8ac02a644845,N-8562d6,normal,T-006-05,"🟡 境界値テスト: 承認ルート境界値（999,998円・1,000,001円）",F-006,boundary,2,pass,1,1
8562d613-be4e-4350-9e8d-8ac02a644845,N-8562d6,normal,T-006-06,🔴 異常系: 必須項目未入力での提出エラー,F-006,negative,1,pass,1,1
8562d613-be4e-4350-9e8d-8ac02a644845,N-8562d6,normal,T-007-01,🟢 正常系: 申請一覧表示（一般ユーザー）,F-007,normal,1,pass,1,1
8562d613-be4e-4350-9e8d-8ac02a644845,N-8562d6,normal,T-007-02,🟢 正常系: 申請一覧表示（課長）,F-007,normal,1,pass,1,1
8562d613-be4e-4350-9e8d-8ac02a644845,N-8562d6,normal,T-007-03,🟢 正常系: ページネーション,F-007,normal,1,fail,0,0
8562d613-be4e-4350-9e8d-8ac02a644845,N-8562d6,normal,T-008-01,🟢 正常系: キーワード検索,F-008,normal,1,pass,1,1
8562d613-be4e-4350-9e8d-8ac02a644845,N-8562d6,normal,T-008-02,🟢 正常系: ステータスで絞り込み,F-008,normal,1,pass,1,1
8562d613-be4e-4350-9e8d-8ac02a644845,N-8562d6,normal,T-008-03,🔴 異常系: 日付範囲不正エラー,F-008,negative,1,pass,1,1
8562d613-be4e-4350-9e8d-8ac02a644845,N-8562d6,normal,T-008-04,🟢 正常系: 検索結果0件,F-008,normal,1,pass,1,1
8562d613-be4e-4350-9e8d-8ac02a644845,N-8562d6,normal,T-009-01,🟢 正常系: 申請詳細表示（申請者本人）,F-009,normal,1,fail,0,0
8562d613-be4e-4350-9e8d-8ac02a644845,N-8562d6,normal,T-009-02,🔴 異常系: 他ユーザーの申請詳細へのアクセス拒否,F-009,negative,1,pass,1,1
8562d613-be4e-4350-9e8d-8ac02a644845,N-8562d6,normal,T-010-01,🟢 正常系: 課長による承認,F-010,normal,1,fail,0,0
8562d613-be4e-4350-9e8d-8ac02a644845,N-8562d6,normal,T-010-02,🟢 正常系: 部長による承認,F-010,normal,1,pass,1,1
8562d613-be4e-4350-9e8d-8ac02a644845,N-8562d6,normal,T-010-03,🔴 異常系: 承認権限のないユーザーによる承認不可,F-010,negative,1,pass,1,1
8562d613-be4e-4350-9e8d-8ac02a644845,N-8562d6,normal,T-011-01,🟢 正常系: 差し戻し処理,F-011,normal,1,fail,0,0
8562d613-be4e-4350-9e8d-8ac02a644845,N-8562d6,normal,T-011-02,🔴 異常系: 差し戻しコメント未入力エラー,F-011,negative,1,fail,0,0
8562d613-be4e-4350-9e8d-8ac02a644845,N-8562d6,normal,T-012-01,🟢 正常系: 承認待ち申請の取り消し,F-012,normal,1,fail,0,0
8562d613-be4e-4350-9e8d-8ac02a644845,N-8562d6,normal,T-012-02,🔴 異常系: 承認済み申請の取り消し不可,F-012,negative,1,pass,1,1
8562d613-be4e-4350-9e8d-8ac02a644845,N-8562d6,normal,T-013-01,🟢 正常系: 差し戻し申請の再提出,F-013,normal,1,fail,0,0
8562d613-be4e-4350-9e8d-8ac02a644845,N-8562d6,normal,T-013-02,🔴 異常系: 不正なステータス遷移,F-013,negative,1,pass,1,1
8562d613-be4e-4350-9e8d-8ac02a644845,N-8562d6,normal,T-014-01,🟢 正常系: 申請提出時の承認者へのメール通知,F-014,normal,1,pass,1,1
8562d613-be4e-4350-9e8d-8ac02a644845,N-8562d6,normal,T-014-02,🟢 正常系: 承認完了時の申請者へのメール通知,F-014,normal,1,pass,1,1
8562d613-be4e-4350-9e8d-8ac02a644845,N-8562d6,normal,T-015-01,🟢 正常系: 承認履歴の表示,F-015,normal,1,fail,0,0
8562d613-be4e-4350-9e8d-8ac02a644845,N-8562d6,normal,T-016-01,🟢 正常系: CSVエクスポート,F-016,normal,1,fail,0,0
8562d613-be4e-4350-9e8d-8ac02a644845,N-8562d6,normal,T-016-02,🟢 正常系: 検索条件を絞り込んだCSVエクスポート,F-016,normal,1,pass,1,1
8562d613-be4e-4350-9e8d-8ac02a644845,N-8562d6,normal,T-016-03,🔴 異常系: 一般ユーザーによるCSVエクスポート権限エラー,F-016,negative,1,pass,1,1
8562d613-be4e-4350-9e8d-8ac02a644845,N-8562d6,normal,T-017-01,🟢 正常系: 一般ユーザーのダッシュボード表示,F-017,normal,1,fail,0,0
8562d613-be4e-4350-9e8d-8ac02a644845,N-8562d6,normal,T-017-02,🟢 正常系: 課長のダッシュボード表示,F-017,normal,1,pass,1,1
8562d613-be4e-4350-9e8d-8ac02a644845,N-8562d6,normal,T-018-01,🟢 正常系: ユーザー情報編集,F-018,normal,1,pass,1,1
8562d613-be4e-4350-9e8d-8ac02a644845,N-8562d6,normal,T-018-02,🔴 異常系: 自分自身の無効化エラー,F-018,negative,1,pass,1,1
8562d613-be4e-4350-9e8d-8ac02a644845,N-8562d6,normal,T-018-03,🔴 異常系: 一般ユーザーによるユーザー管理アクセス拒否,F-018,negative,1,pass,1,1
8562d613-be4e-4350-9e8d-8ac02a644845,N-8562d6,normal,T-019-01,🟢 正常系: パスワード変更成功,F-019,normal,1,fail,0,0
8562d613-be4e-4350-9e8d-8ac02a644845,N-8562d6,normal,T-019-02,🔴 異常系: 現在のパスワード不一致エラー,F-019,negative,1,pass,1,1
8562d613-be4e-4350-9e8d-8ac02a644845,N-8562d6,normal,T-019-03,🔴 異常系: 同一パスワード設定エラー,F-019,negative,1,pass,1,1
8562d613-be4e-4350-9e8d-8ac02a644845,N-8562d6,normal,T-020-01,🟢 正常系: システム設定の変更,F-020,normal,1,pass,1,1
8562d613-be4e-4350-9e8d-8ac02a644845,N-8562d6,normal,T-020-02,🟢 正常系: SMTPテスト送信,F-020,normal,1,pass,1,1
8562d613-be4e-4350-9e8d-8ac02a644845,N-8562d6,normal,T-020-03,🔴 異常系: セッションタイムアウト範囲外エラー,F-020,negative,1,pass,1,1
8562d613-be4e-4350-9e8d-8ac02a644845,N-8562d6,normal,T-020-04,🔴 異常系: 一般ユーザーによるシステム設定アクセス拒否,F-020,negative,1,fail,0,0
8685c69d-7825-4148-9052-9543c7ede4fc,A-8685c6,anti,T-001-01,🟢 正常系: ユーザー新規登録,F-001,normal,1,blocked,0,
8685c69d-7825-4148-9052-9543c7ede4fc,A-8685c6,anti,T-001-02,🔴 異常系: メールアドレス重複エラー,F-001,negative,1,blocked,0,
8685c69d-7825-4148-9052-9543c7ede4fc,A-8685c6,anti,T-001-03,🔴 異常系: パスワード強度不足エラー,F-001,negative,1,blocked,0,
8685c69d-7825-4148-9052-9543c7ede4fc,A-8685c6,anti,T-001-04,🔴 異常系: パスワード不一致エラー,F-001,negative,1,blocked,0,
8685c69d-7825-4148-9052-9543c7ede4fc,A-8685c6,anti,T-002-01,🟢 正常系: ログイン成功,F-002,normal,1,blocked,0,
8685c69d-7825-4148-9052-9543c7ede4fc,A-8685c6,anti,T-002-02,🟢 正常系: ログアウト成功,F-002,normal,1,blocked,0,
8685c69d-7825-4148-9052-9543c7ede4fc,A-8685c6,anti,T-002-03,🔴 異常系: 認証失敗,F-002,negative,1,blocked,0,
8685c69d-7825-4148-9052-9543c7ede4fc,A-8685c6,anti,T-002-04,🔴 異常系: アカウントロック,F-002,negative,1,blocked,0,
8685c69d-7825-4148-9052-9543c7ede4fc,A-8685c6,anti,T-003-01,🟢 正常系: 申請種別選択と入力フォーム表示,F-003,normal,1,blocked,0,
8685c69d-7825-4148-9052-9543c7ede4fc,A-8685c6,anti,T-003-02,🔴 異常系: 申請種別未選択エラー,F-003,negative,1,blocked,0,
8685c69d-7825-4148-9052-9543c7ede4fc,A-8685c6,anti,T-004-01,🟢 正常系: 申請内容の入力,F-004,normal,1,blocked,0,
8685c69d-7825-4148-9052-9543c7ede4fc,A-8685c6,anti,T-004-02,🔴 異常系: 申請金額範囲外エラー,F-004,negative,1,blocked,0,
8685c69d-7825-4148-9052-9543c7ede4fc,A-8685c6,anti,T-004-03,🔴 異常系: ファイルサイズ超過エラー,F-004,negative,1,blocked,0,
8685c69d-7825-4148-9052-9543c7ede4fc,A-8685c6,anti,T-005-01,🟢 正常系: 下書き保存,F-005,normal,1,blocked,0,
8685c69d-7825-4148-9052-9543c7ede4fc,A-8685c6,anti,T-005-02,🟢 正常系: 下書き再編集,F-005,normal,1,blocked,0,
8685c69d-7825-4148-9052-9543c7ede4fc,A-8685c6,anti,T-006-01,🟢 正常系: 申請提出（課長承認ルート）,F-006,normal,1,blocked,0,
8685c69d-7825-4148-9052-9543c7ede4fc,A-8685c6,anti,T-006-02,🟢 正常系: 申請提出（部長承認ルート）,F-006,normal,1,blocked,0,
8685c69d-7825-4148-9052-9543c7ede4fc,A-8685c6,anti,T-006-03,"🟡 境界値テスト: 承認ルート境界値（999,999円 → 課長）",F-006,boundary,1,blocked,0,
8685c69d-7825-4148-9052-9543c7ede4fc,A-8685c6,anti,T-006-04,"🟡 境界値テスト: 承認ルート境界値（1,000,000円 → 部長）",F-006,boundary,1,blocked,0,
8685c69d-7825-4148-9052-9543c7ede4fc,A-8685c6,anti,T-006-05,"🟡 境界値テスト: 承認ルート境界値（999,998円・1,000,001円）",F-006,boundary,2,blocked,0,
8685c69d-7825-4148-9052-9543c7ede4fc,A-8685c6,anti,T-006-06,🔴 異常系: 必須項目未入力での提出エラー,F-006,negative,1,blocked,0,
8685c69d-7825-4148-9052-9543c7ede4fc,A-8685c6,anti,T-007-01,🟢 正常系: 申請一覧表示（一般ユーザー）,F-007,normal,1,blocked,0,
8685c69d-7825-4148-9052-9543c7ede4fc,A-8685c6,anti,T-007-02,🟢 正常系: 申請一覧表示（課長）,F-007,normal,1,blocked,0,
8685c69d-7825-4148-9052-9543c7ede4fc,A-8685c6,anti,T-007-03,🟢 正常系: ページネーション,F-007,normal,1,blocked,0,
8685c69d-7825-4148-9052-9543c7ede4fc,A-8685c6,anti,T-008-01,🟢 正常系: キーワード検索,F-008,normal,1,blocked,0,
8685c69d-7825-4148-9052-9543c7ede4fc,A-8685c6,anti,T-008-02,🟢 正常系: ステータスで絞り込み,F-008,normal,1,blocked,0,
8685c69d-7825-4148-9052-9543c7ede4fc,A-8685c6,anti,T-008-03,🔴 異常系: 日付範囲不正エラー,F-008,negative,1,blocked,0,
8685c69d-7825-4148-9052-9543c7ede4fc,A-8685c6,anti,T-008-04,🟢 正常系: 検索結果0件,F-008,normal,1,blocked,0,
8685c69d-7825-4148-9052-9543c7ede4fc,A-8685c6,anti,T-009-01,🟢 正常系: 申請詳細表示（申請者本人）,F-009,normal,1,blocked,0,
8685c69d-7825-4148-9052-9543c7ede4fc,A-8685c6,anti,T-009-02,🔴 異常系: 他ユーザーの申請詳細へのアクセス拒否,F-009,negative,1,blocked,0,
8685c69d-7825-4148-9052-9543c7ede4fc,A-8685c6,anti,T-010-01,🟢 正常系: 課長による承認,F-010,normal,1,blocked,0,
8685c69d-7825-4148-9052-9543c7ede4fc,A-8685c6,anti,T-010-02,🟢 正常系: 部長による承認,F-010,normal,1,blocked,0,
8685c69d-7825-4148-9052-9543c7ede4fc,A-8685c6,anti,T-010-03,🔴 異常系: 承認権限のないユーザーによる承認不可,F-010,negative,1,blocked,0,
8685c69d-7825-4148-9052-9543c7ede4fc,A-8685c6,anti,T-011-01,🟢 正常系: 差し戻し処理,F-011,normal,1,blocked,0,
8685c69d-7825-4148-9052-9543c7ede4fc,A-8685c6,anti,T-011-02,🔴 異常系: 差し戻しコメント未入力エラー,F-011,negative,1,blocked,0,
8685c69d-7825-4148-9052-9543c7ede4fc,A-8685c6,anti,T-012-01,🟢 正常系: 承認待ち申請の取り消し,F-012,normal,1,blocked,0,
8685c69d-7825-4148-9052-9543c7ede4fc,A-8685c6,anti,T-012-02,🔴 異常系: 承認済み申請の取り消し不可,F-012,negative,1,blocked,0,
8685c69d-7825-4148-9052-9543c7ede4fc,A-8685c6,anti,T-013-01,🟢 正常系: 差し戻し申請の再提出,F-013,normal,1,blocked,0,
8685c69d-7825-4148-9052-9543c7ede4fc,A-8685c6,anti,T-013-02,🔴 異常系: 不正なステータス遷移,F-013,negative,1,blocked,0,
8685c69d-7825-4148-9052-9543c7ede4fc,A-8685c6,anti,T-014-01,🟢 正常系: 申請提出時の承認者へのメール通知,F-014,normal,1,blocked,0,
8685c69d-7825-4148-9052-9543c7ede4fc,A-8685c6,anti,T-014-02,🟢 正常系: 承認完了時の申請者へのメール通知,F-014,normal,1,blocked,0,
8685c69d-7825-4148-9052-9543c7ede4fc,A-8685c6,anti,T-015-01,🟢 正常系: 承認履歴の表示,F-015,normal,1,blocked,0,
8685c69d-7825-4148-9052-9543c7ede4fc,A-8685c6,anti,T-016-01,🟢 正常系: CSVエクスポート,F-016,normal,1,blocked,0,
8685c69d-7825-4148-9052-9543c7ede4fc,A-8685c6,anti,T-016-02,🟢 正常系: 検索条件を絞り込んだCSVエクスポート,F-016,normal,1,blocked,0,
8685c69d-7825-4148-9052-9543c7ede4fc,A-8685c6,anti,T-016-03,🔴 異常系: 一般ユーザーによるCSVエクスポート権限エラー,F-016,negative,1,blocked,0,
8685c69d-7825-4148-9052-9543c7ede4fc,A-8685c6,anti,T-017-01,🟢 正常系: 一般ユーザーのダッシュボード表示,F-017,normal,1,blocked,0,
8685c69d-7825-4148-9052-9543c7ede4fc,A-8685c6,anti,T-017-02,🟢 正常系: 課長のダッシュボード表示,F-017,normal,1,blocked,0,
8685c69d-7825-4148-9052-9543c7ede4fc,A-8685c6,anti,T-018-01,🟢 正常系: ユーザー情報編集,F-018,normal,1,blocked,0,
8685c69d-7825-4148-9052-9543c7ede4fc,A-8685c6,anti,T-018-02,🔴 異常系: 自分自身の無効化エラー,F-018,negative,1,blocked,0,
8685c69d-7825-4148-9052-9543c7ede4fc,A-8685c6,anti,T-018-03,🔴 異常系: 一般ユーザーによるユーザー管理アクセス拒否,F-018,negative,1,blocked,0,
8685c69d-7825-4148-9052-9543c7ede4fc,A-8685c6,anti,T-019-01,🟢 正常系: パスワード変更成功,F-019,normal,1,blocked,0,
8685c69d-7825-4148-9052-9543c7ede4fc,A-8685c6,anti,T-019-02,🔴 異常系: 現在のパスワード不一致エラー,F-019,negative,1,blocked,0,
8685c69d-7825-4148-9052-9543c7ede4fc,A-8685c6,anti,T-019-03,🔴 異常系: 同一パスワード設定エラー,F-019,negative,1,blocked,0,
8685c69d-7825-4148-9052-9543c7ede4fc,A-8685c6,anti,T-020-01,🟢 正常系: システム設定の変更,F-020,normal,1,blocked,0,
8685c69d-7825-4148-9052-9543c7ede4fc,A-8685c6,anti,T-020-02,🟢 正常系: SMTPテスト送信,F-020,normal,1,blocked,0,
8685c69d-7825-4148-9052-9543c7ede4fc,A-8685c6,anti,T-020-03,🔴 異常系: セッションタイムアウト範囲外エラー,F-020,negative,1,blocked,0,
8685c69d-7825-4148-9052-9543c7ede4fc,A-8685c6,anti,T-020-04,🔴 異常系: 一般ユーザーによるシステム設定アクセス拒否,F-020,negative,1,blocked,0,
87a2727c-dec6-49d9-a03b-cd33351c7f48,A-87a272,anti,T-001-01,🟢 正常系: ユーザー新規登録,F-001,normal,1,pass,1,1
87a2727c-dec6-49d9-a03b-cd33351c7f48,A-87a272,anti,T-001-02,🔴 異常系: メールアドレス重複エラー,F-001,negative,1,pass,1,1
87a2727c-dec6-49d9-a03b-cd33351c7f48,A-87a272,anti,T-001-03,🔴 異常系: パスワード強度不足エラー,F-001,negative,1,pass,1,1
87a2727c-dec6-49d9-a03b-cd33351c7f48,A-87a272,anti,T-001-04,🔴 異常系: パスワード不一致エラー,F-001,negative,1,pass,1,1
87a2727c-dec6-49d9-a03b-cd33351c7f48,A-87a272,anti,T-002-01,🟢 正常系: ログイン成功,F-002,normal,1,pass,1,1
87a2727c-dec6-49d9-a03b-cd33351c7f48,A-87a272,anti,T-002-02,🟢 正常系: ログアウト成功,F-002,normal,1,fail,0,0
87a2727c-dec6-49d9-a03b-cd33351c7f48,A-87a272,anti,T-002-03,🔴 異常系: 認証失敗,F-002,negative,1,pass,1,1
87a2727c-dec6-49d9-a03b-cd33351c7f48,A-87a272,anti,T-002-04,🔴 異常系: アカウントロック,F-002,negative,1,pass,1,1
87a2727c-dec6-49d9-a03b-cd33351c7f48,A-87a272,anti,T-003-01,🟢 正常系: 申請種別選択と入力フォーム表示,F-003,normal,1,pass,1,1
87a2727c-dec6-49d9-a03b-cd33351c7f48,A-87a272,anti,T-003-02,🔴 異常系: 申請種別未選択エラー,F-003,negative,1,pass,1,1
87a2727c-dec6-49d9-a03b-cd33351c7f48,A-87a272,anti,T-004-01,🟢 正常系: 申請内容の入力,F-004,normal,1,pass,1,1
87a2727c-dec6-49d9-a03b-cd33351c7f48,A-87a272,anti,T-004-02,🔴 異常系: 申請金額範囲外エラー,F-004,negative,1,fail,0,0
87a2727c-dec6-49d9-a03b-cd33351c7f48,A-87a272,anti,T-004-03,🔴 異常系: ファイルサイズ超過エラー,F-004,negative,1,fail,0,0
87a2727c-dec6-49d9-a03b-cd33351c7f48,A-87a272,anti,T-005-01,🟢 正常系: 下書き保存,F-005,normal,1,pass,1,1
87a2727c-dec6-49d9-a03b-cd33351c7f48,A-87a272,anti,T-005-02,🟢 正常系: 下書き再編集,F-005,normal,1,pass,1,1
87a2727c-dec6-49d9-a03b-cd33351c7f48,A-87a272,anti,T-006-01,🟢 正常系: 申請提出（課長承認ルート）,F-006,normal,1,fail,0,0
87a2727c-dec6-49d9-a03b-cd33351c7f48,A-87a272,anti,T-006-02,🟢 正常系: 申請提出（部長承認ルート）,F-006,normal,1,pass,1,1
87a2727c-dec6-49d9-a03b-cd33351c7f48,A-87a272,anti,T-006-03,"🟡 境界値テスト: 承認ルート境界値（999,999円 → 課長）",F-006,boundary,1,fail,0,0
87a2727c-dec6-49d9-a03b-cd33351c7f48,A-87a272,anti,T-006-04,"🟡 境界値テスト: 承認ルート境界値（1,000,000円 → 部長）",F-006,boundary,1,pass,1,1
87a2727c-dec6-49d9-a03b-cd33351c7f48,A-87a272,anti,T-006-05,"🟡 境界値テスト: 承認ルート境界値（999,998円・1,000,001円）",F-006,boundary,2,fail,0,0
87a2727c-dec6-49d9-a03b-cd33351c7f48,A-87a272,anti,T-006-06,🔴 異常系: 必須項目未入力での提出エラー,F-006,negative,1,pass,1,1
87a2727c-dec6-49d9-a03b-cd33351c7f48,A-87a272,anti,T-007-01,🟢 正常系: 申請一覧表示（一般ユーザー）,F-007,normal,1,pass,1,1
87a2727c-dec6-49d9-a03b-cd33351c7f48,A-87a272,anti,T-007-02,🟢 正常系: 申請一覧表示（課長）,F-007,normal,1,pass,1,1
87a2727c-dec6-49d9-a03b-cd33351c7f48,A-87a272,anti,T-007-03,🟢 正常系: ページネーション,F-007,normal,1,blocked,0,0
87a2727c-dec6-49d9-a03b-cd33351c7f48,A-87a272,anti,T-008-01,🟢 正常系: キーワード検索,F-008,normal,1,blocked,0,0
87a2727c-dec6-49d9-a03b-cd33351c7f48,A-87a272,anti,T-008-02,🟢 正常系: ステータスで絞り込み,F-008,normal,1,blocked,0,0
87a2727c-dec6-49d9-a03b-cd33351c7f48,A-87a272,anti,T-008-03,🔴 異常系: 日付範囲不正エラー,F-008,negative,1,pass,1,1
87a2727c-dec6-49d9-a03b-cd33351c7f48,A-87a272,anti,T-008-04,🟢 正常系: 検索結果0件,F-008,normal,1,pass,1,1
87a2727c-dec6-49d9-a03b-cd33351c7f48,A-87a272,anti,T-009-01,🟢 正常系: 申請詳細表示（申請者本人）,F-009,normal,1,pass,1,1
87a2727c-dec6-49d9-a03b-cd33351c7f48,A-87a272,anti,T-009-02,🔴 異常系: 他ユーザーの申請詳細へのアクセス拒否,F-009,negative,1,pass,1,1
87a2727c-dec6-49d9-a03b-cd33351c7f48,A-87a272,anti,T-010-01,🟢 正常系: 課長による承認,F-010,normal,1,fail,0,0
87a2727c-dec6-49d9-a03b-cd33351c7f48,A-87a272,anti,T-010-02,🟢 正常系: 部長による承認,F-010,normal,1,pass,1,1
87a2727c-dec6-49d9-a03b-cd33351c7f48,A-87a272,anti,T-010-03,🔴 異常系: 承認権限のないユーザーによる承認不可,F-010,negative,1,pass,1,1
87a2727c-dec6-49d9-a03b-cd33351c7f48,A-87a272,anti,T-011-01,🟢 正常系: 差し戻し処理,F-011,normal,1,fail,0,0
87a2727c-dec6-49d9-a03b-cd33351c7f48,A-87a272,anti,T-011-02,🔴 異常系: 差し戻しコメント未入力エラー,F-011,negative,1,fail,0,0
87a2727c-dec6-49d9-a03b-cd33351c7f48,A-87a272,anti,T-012-01,🟢 正常系: 承認待ち申請の取り消し,F-012,normal,1,fail,0,0
87a2727c-dec6-49d9-a03b-cd33351c7f48,A-87a272,anti,T-012-02,🔴 異常系: 承認済み申請の取り消し不可,F-012,negative,1,fail,0,0
87a2727c-dec6-49d9-a03b-cd33351c7f48,A-87a272,anti,T-013-01,🟢 正常系: 差し戻し申請の再提出,F-013,normal,1,fail,0,0
87a2727c-dec6-49d9-a03b-cd33351c7f48,A-87a272,anti,T-013-02,🔴 異常系: 不正なステータス遷移,F-013,negative,1,fail,0,0
87a2727c-dec6-49d9-a03b-cd33351c7f48,A-87a272,anti,T-014-01,🟢 正常系: 申請提出時の承認者へのメール通知,F-014,normal,1,fail,0,0
87a2727c-dec6-49d9-a03b-cd33351c7f48,A-87a272,anti,T-014-02,🟢 正常系: 承認完了時の申請者へのメール通知,F-014,normal,1,fail,0,0
87a2727c-dec6-49d9-a03b-cd33351c7f48,A-87a272,anti,T-015-01,🟢 正常系: 承認履歴の表示,F-015,normal,1,fail,0,0
87a2727c-dec6-49d9-a03b-cd33351c7f48,A-87a272,anti,T-016-01,🟢 正常系: CSVエクスポート,F-016,normal,1,blocked,0,0
87a2727c-dec6-49d9-a03b-cd33351c7f48,A-87a272,anti,T-016-02,🟢 正常系: 検索条件を絞り込んだCSVエクスポート,F-016,normal,1,blocked,0,0
87a2727c-dec6-49d9-a03b-cd33351c7f48,A-87a272,anti,T-016-03,🔴 異常系: 一般ユーザーによるCSVエクスポート権限エラー,F-016,negative,1,pass,1,1
87a2727c-dec6-49d9-a03b-cd33351c7f48,A-87a272,anti,T-017-01,🟢 正常系: 一般ユーザーのダッシュボード表示,F-017,normal,1,blocked,0,0
87a2727c-dec6-49d9-a03b-cd33351c7f48,A-87a272,anti,T-017-02,🟢 正常系: 課長のダッシュボード表示,F-017,normal,1,pass,1,1
87a2727c-dec6-49d9-a03b-cd33351c7f48,A-87a272,anti,T-018-01,🟢 正常系: ユーザー情報編集,F-018,normal,1,pass,1,1
87a2727c-dec6-49d9-a03b-cd33351c7f48,A-87a272,anti,T-018-02,🔴 異常系: 自分自身の無効化エラー,F-018,negative,1,pass,1,1
87a2727c-dec6-49d9-a03b-cd33351c7f48,A-87a272,anti,T-018-03,🔴 異常系: 一般ユーザーによるユーザー管理アクセス拒否,F-018,negative,1,pass,1,1
87a2727c-dec6-49d9-a03b-cd33351c7f48,A-87a272,anti,T-019-01,🟢 正常系: パスワード変更成功,F-019,normal,1,fail,0,0
87a2727c-dec6-49d9-a03b-cd33351c7f48,A-87a272,anti,T-019-02,🔴 異常系: 現在のパスワード不一致エラー,F-019,negative,1,pass,1,1
87a2727c-dec6-49d9-a03b-cd33351c7f48,A-87a272,anti,T-019-03,🔴 異常系: 同一パスワード設定エラー,F-019,negative,1,pass,1,1
87a2727c-dec6-49d9-a03b-cd33351c7f48,A-87a272,anti,T-020-01,🟢 正常系: システム設定の変更,F-020,normal,1,pass,1,1
87a2727c-dec6-49d9-a03b-cd33351c7f48,A-87a272,anti,T-020-02,🟢 正常系: SMTPテスト送信,F-020,normal,1,pass,1,1
87a2727c-dec6-49d9-a03b-cd33351c7f48,A-87a272,anti,T-020-03,🔴 異常系: セッションタイムアウト範囲外エラー,F-020,negative,1,pass,1,1
87a2727c-dec6-49d9-a03b-cd33351c7f48,A-87a272,anti,T-020-04,🔴 異常系: 一般ユーザーによるシステム設定アクセス拒否,F-020,negative,1,pass,1,1
9305af1b-22f7-490c-9f39-d6e7f82619fb,A-9305af,anti,T-001-01,🟢 正常系: ユーザー新規登録,F-001,normal,1,fail,0,0
9305af1b-22f7-490c-9f39-d6e7f82619fb,A-9305af,anti,T-001-02,🔴 異常系: メールアドレス重複エラー,F-001,negative,1,fail,0,0
9305af1b-22f7-490c-9f39-d6e7f82619fb,A-9305af,anti,T-001-03,🔴 異常系: パスワード強度不足エラー,F-001,negative,1,pass,1,1
9305af1b-22f7-490c-9f39-d6e7f82619fb,A-9305af,anti,T-001-04,🔴 異常系: パスワード不一致エラー,F-001,negative,1,pass,1,1
9305af1b-22f7-490c-9f39-d6e7f82619fb,A-9305af,anti,T-002-01,🟢 正常系: ログイン成功,F-002,normal,1,pass,1,1
9305af1b-22f7-490c-9f39-d6e7f82619fb,A-9305af,anti,T-002-02,🟢 正常系: ログアウト成功,F-002,normal,1,fail,0,0
9305af1b-22f7-490c-9f39-d6e7f82619fb,A-9305af,anti,T-002-03,🔴 異常系: 認証失敗,F-002,negative,1,pass,1,1
9305af1b-22f7-490c-9f39-d6e7f82619fb,A-9305af,anti,T-002-04,🔴 異常系: アカウントロック,F-002,negative,1,pass,1,1
9305af1b-22f7-490c-9f39-d6e7f82619fb,A-9305af,anti,T-003-01,🟢 正常系: 申請種別選択と入力フォーム表示,F-003,normal,1,pass,1,1
9305af1b-22f7-490c-9f39-d6e7f82619fb,A-9305af,anti,T-003-02,🔴 異常系: 申請種別未選択エラー,F-003,negative,1,pass,1,1
9305af1b-22f7-490c-9f39-d6e7f82619fb,A-9305af,anti,T-004-01,🟢 正常系: 申請内容の入力,F-004,normal,1,fail,0,0
9305af1b-22f7-490c-9f39-d6e7f82619fb,A-9305af,anti,T-004-02,🔴 異常系: 申請金額範囲外エラー,F-004,negative,1,pass,1,1
9305af1b-22f7-490c-9f39-d6e7f82619fb,A-9305af,anti,T-004-03,🔴 異常系: ファイルサイズ超過エラー,F-004,negative,1,fail,0,0
9305af1b-22f7-490c-9f39-d6e7f82619fb,A-9305af,anti,T-005-01,🟢 正常系: 下書き保存,F-005,normal,1,pass,1,1
9305af1b-22f7-490c-9f39-d6e7f82619fb,A-9305af,anti,T-005-02,🟢 正常系: 下書き再編集,F-005,normal,1,pass,1,1
9305af1b-22f7-490c-9f39-d6e7f82619fb,A-9305af,anti,T-006-01,🟢 正常系: 申請提出（課長承認ルート）,F-006,normal,1,fail,0,0
9305af1b-22f7-490c-9f39-d6e7f82619fb,A-9305af,anti,T-006-02,🟢 正常系: 申請提出（部長承認ルート）,F-006,normal,1,pass,1,1
9305af1b-22f7-490c-9f39-d6e7f82619fb,A-9305af,anti,T-006-03,"🟡 境界値テスト: 承認ルート境界値（999,999円 → 課長）",F-006,boundary,1,fail,0,0
9305af1b-22f7-490c-9f39-d6e7f82619fb,A-9305af,anti,T-006-04,"🟡 境界値テスト: 承認ルート境界値（1,000,000円 → 部長）",F-006,boundary,1,pass,1,1
9305af1b-22f7-490c-9f39-d6e7f82619fb,A-9305af,anti,T-006-05,"🟡 境界値テスト: 承認ルート境界値（999,998円・1,000,001円）",F-006,boundary,2,fail,0,0
9305af1b-22f7-490c-9f39-d6e7f82619fb,A-9305af,anti,T-006-06,🔴 異常系: 必須項目未入力での提出エラー,F-006,negative,1,pass,1,1
9305af1b-22f7-490c-9f39-d6e7f82619fb,A-9305af,anti,T-007-01,🟢 正常系: 申請一覧表示（一般ユーザー）,F-007,normal,1,pass,1,1
9305af1b-22f7-490c-9f39-d6e7f82619fb,A-9305af,anti,T-007-02,🟢 正常系: 申請一覧表示（課長）,F-007,normal,1,pass,1,1
9305af1b-22f7-490c-9f39-d6e7f82619fb,A-9305af,anti,T-007-03,🟢 正常系: ページネーション,F-007,normal,1,pass,1,1
9305af1b-22f7-490c-9f39-d6e7f82619fb,A-9305af,anti,T-008-01,🟢 正常系: キーワード検索,F-008,normal,1,pass,1,1
9305af1b-22f7-490c-9f39-d6e7f82619fb,A-9305af,anti,T-008-02,🟢 正常系: ステータスで絞り込み,F-008,normal,1,pass,1,1
9305af1b-22f7-490c-9f39-d6e7f82619fb,A-9305af,anti,T-008-03,🔴 異常系: 日付範囲不正エラー,F-008,negative,1,pass,1,1
9305af1b-22f7-490c-9f39-d6e7f82619fb,A-9305af,anti,T-008-04,🟢 正常系: 検索結果0件,F-008,normal,1,pass,1,1
9305af1b-22f7-490c-9f39-d6e7f82619fb,A-9305af,anti,T-009-01,🟢 正常系: 申請詳細表示（申請者本人）,F-009,normal,1,pass,1,1
9305af1b-22f7-490c-9f39-d6e7f82619fb,A-9305af,anti,T-009-02,🔴 異常系: 他ユーザーの申請詳細へのアクセス拒否,F-009,negative,1,pass,1,1
9305af1b-22f7-490c-9f39-d6e7f82619fb,A-9305af,anti,T-010-01,🟢 正常系: 課長による承認,F-010,normal,1,fail,0,0
9305af1b-22f7-490c-9f39-d6e7f82619fb,A-9305af,anti,T-010-02,🟢 正常系: 部長による承認,F-010,normal,1,pass,1,1
9305af1b-22f7-490c-9f39-d6e7f82619fb,A-9305af,anti,T-010-03,🔴 異常系: 承認権限のないユーザーによる承認不可,F-010,negative,1,pass,1,1
9305af1b-22f7-490c-9f39-d6e7f82619fb,A-9305af,anti,T-011-01,🟢 正常系: 差し戻し処理,F-011,normal,1,fail,0,0
9305af1b-22f7-490c-9f39-d6e7f82619fb,A-9305af,anti,T-011-02,🔴 異常系: 差し戻しコメント未入力エラー,F-011,negative,1,fail,0,0
9305af1b-22f7-490c-9f39-d6e7f82619fb,A-9305af,anti,T-012-01,🟢 正常系: 承認待ち申請の取り消し,F-012,normal,1,fail,0,0
9305af1b-22f7-490c-9f39-d6e7f82619fb,A-9305af,anti,T-012-02,🔴 異常系: 承認済み申請の取り消し不可,F-012,negative,1,fail,0,0
9305af1b-22f7-490c-9f39-d6e7f82619fb,A-9305af,anti,T-013-01,🟢 正常系: 差し戻し申請の再提出,F-013,normal,1,fail,0,0
9305af1b-22f7-490c-9f39-d6e7f82619fb,A-9305af,anti,T-013-02,🔴 異常系: 不正なステータス遷移,F-013,negative,1,fail,0,0
9305af1b-22f7-490c-9f39-d6e7f82619fb,A-9305af,anti,T-014-01,🟢 正常系: 申請提出時の承認者へのメール通知,F-014,normal,1,fail,0,0
9305af1b-22f7-490c-9f39-d6e7f82619fb,A-9305af,anti,T-014-02,🟢 正常系: 承認完了時の申請者へのメール通知,F-014,normal,1,fail,0,0
9305af1b-22f7-490c-9f39-d6e7f82619fb,A-9305af,anti,T-015-01,🟢 正常系: 承認履歴の表示,F-015,normal,1,fail,0,0
9305af1b-22f7-490c-9f39-d6e7f82619fb,A-9305af,anti,T-016-01,🟢 正常系: CSVエクスポート,F-016,normal,1,fail,0,0
9305af1b-22f7-490c-9f39-d6e7f82619fb,A-9305af,anti,T-016-02,🟢 正常系: 検索条件を絞り込んだCSVエクスポート,F-016,normal,1,fail,0,0
9305af1b-22f7-490c-9f39-d6e7f82619fb,A-9305af,anti,T-016-03,🔴 異常系: 一般ユーザーによるCSVエクスポート権限エラー,F-016,negative,1,blocked,0,0
9305af1b-22f7-490c-9f39-d6e7f82619fb,A-9305af,anti,T-017-01,🟢 正常系: 一般ユーザーのダッシュボード表示,F-017,normal,1,pass,1,1
9305af1b-22f7-490c-9f39-d6e7f82619fb,A-9305af,anti,T-017-02,🟢 正常系: 課長のダッシュボード表示,F-017,normal,1,fail,0,0
9305af1b-22f7-490c-9f39-d6e7f82619fb,A-9305af,anti,T-018-01,🟢 正常系: ユーザー情報編集,F-018,normal,1,fail,0,0
9305af1b-22f7-490c-9f39-d6e7f82619fb,A-9305af,anti,T-018-02,🔴 異常系: 自分自身の無効化エラー,F-018,negative,1,fail,0,0
9305af1b-22f7-490c-9f39-d6e7f82619fb,A-9305af,anti,T-018-03,🔴 異常系: 一般ユーザーによるユーザー管理アクセス拒否,F-018,negative,1,fail,0,0
9305af1b-22f7-490c-9f39-d6e7f82619fb,A-9305af,anti,T-019-01,🟢 正常系: パスワード変更成功,F-019,normal,1,pass,1,1
9305af1b-22f7-490c-9f39-d6e7f82619fb,A-9305af,anti,T-019-02,🔴 異常系: 現在のパスワード不一致エラー,F-019,negative,1,pass,1,1
9305af1b-22f7-490c-9f39-d6e7f82619fb,A-9305af,anti,T-019-03,🔴 異常系: 同一パスワード設定エラー,F-019,negative,1,pass,1,1
9305af1b-22f7-490c-9f39-d6e7f82619fb,A-9305af,anti,T-020-01,🟢 正常系: システム設定の変更,F-020,normal,1,fail,0,0
9305af1b-22f7-490c-9f39-d6e7f82619fb,A-9305af,anti,T-020-02,🟢 正常系: SMTPテスト送信,F-020,normal,1,fail,0,0
9305af1b-22f7-490c-9f39-d6e7f82619fb,A-9305af,anti,T-020-03,🔴 異常系: セッションタイムアウト範囲外エラー,F-020,negative,1,fail,0,0
9305af1b-22f7-490c-9f39-d6e7f82619fb,A-9305af,anti,T-020-04,🔴 異常系: 一般ユーザーによるシステム設定アクセス拒否,F-020,negative,1,fail,0,0
959de722-b6ae-433c-80fe-fc5062db90e7,N-959de7,normal,T-001-01,🟢 正常系: ユーザー新規登録,F-001,normal,1,pass,1,1
959de722-b6ae-433c-80fe-fc5062db90e7,N-959de7,normal,T-001-02,🔴 異常系: メールアドレス重複エラー,F-001,negative,1,pass,1,1
959de722-b6ae-433c-80fe-fc5062db90e7,N-959de7,normal,T-001-03,🔴 異常系: パスワード強度不足エラー,F-001,negative,1,pass,1,1
959de722-b6ae-433c-80fe-fc5062db90e7,N-959de7,normal,T-001-04,🔴 異常系: パスワード不一致エラー,F-001,negative,1,pass,1,1
959de722-b6ae-433c-80fe-fc5062db90e7,N-959de7,normal,T-002-01,🟢 正常系: ログイン成功,F-002,normal,1,fail,0,0
959de722-b6ae-433c-80fe-fc5062db90e7,N-959de7,normal,T-002-02,🟢 正常系: ログアウト成功,F-002,normal,1,pass,1,1
959de722-b6ae-433c-80fe-fc5062db90e7,N-959de7,normal,T-002-03,🔴 異常系: 認証失敗,F-002,negative,1,pass,1,1
959de722-b6ae-433c-80fe-fc5062db90e7,N-959de7,normal,T-002-04,🔴 異常系: アカウントロック,F-002,negative,1,pass,1,1
959de722-b6ae-433c-80fe-fc5062db90e7,N-959de7,normal,T-003-01,🟢 正常系: 申請種別選択と入力フォーム表示,F-003,normal,1,pass,1,1
959de722-b6ae-433c-80fe-fc5062db90e7,N-959de7,normal,T-003-02,🔴 異常系: 申請種別未選択エラー,F-003,negative,1,fail,0,0
959de722-b6ae-433c-80fe-fc5062db90e7,N-959de7,normal,T-004-01,🟢 正常系: 申請内容の入力,F-004,normal,1,pass,1,1
959de722-b6ae-433c-80fe-fc5062db90e7,N-959de7,normal,T-004-02,🔴 異常系: 申請金額範囲外エラー,F-004,negative,1,fail,0,0
959de722-b6ae-433c-80fe-fc5062db90e7,N-959de7,normal,T-004-03,🔴 異常系: ファイルサイズ超過エラー,F-004,negative,1,fail,0,0
959de722-b6ae-433c-80fe-fc5062db90e7,N-959de7,normal,T-005-01,🟢 正常系: 下書き保存,F-005,normal,1,fail,0,0
959de722-b6ae-433c-80fe-fc5062db90e7,N-959de7,normal,T-005-02,🟢 正常系: 下書き再編集,F-005,normal,1,pass,1,1
959de722-b6ae-433c-80fe-fc5062db90e7,N-959de7,normal,T-006-01,🟢 正常系: 申請提出（課長承認ルート）,F-006,normal,1,pass,1,1
959de722-b6ae-433c-80fe-fc5062db90e7,N-959de7,normal,T-006-02,🟢 正常系: 申請提出（部長承認ルート）,F-006,normal,1,pass,1,1
959de722-b6ae-433c-80fe-fc5062db90e7,N-959de7,normal,T-006-03,"🟡 境界値テスト: 承認ルート境界値（999,999円 → 課長）",F-006,boundary,1,pass,1,1
959de722-b6ae-433c-80fe-fc5062db90e7,N-959de7,normal,T-006-04,"🟡 境界値テスト: 承認ルート境界値（1,000,000円 → 部長）",F-006,boundary,1,pass,1,1
959de722-b6ae-433c-80fe-fc5062db90e7,N-959de7,normal,T-006-05,"🟡 境界値テスト: 承認ルート境界値（999,998円・1,000,001円）",F-006,boundary,2,pass,1,1
959de722-b6ae-433c-80fe-fc5062db90e7,N-959de7,normal,T-006-06,🔴 異常系: 必須項目未入力での提出エラー,F-006,negative,1,pass,1,1
959de722-b6ae-433c-80fe-fc5062db90e7,N-959de7,normal,T-007-01,🟢 正常系: 申請一覧表示（一般ユーザー）,F-007,normal,1,pass,1,1
959de722-b6ae-433c-80fe-fc5062db90e7,N-959de7,normal,T-007-02,🟢 正常系: 申請一覧表示（課長）,F-007,normal,1,pass,1,1
959de722-b6ae-433c-80fe-fc5062db90e7,N-959de7,normal,T-007-03,🟢 正常系: ページネーション,F-007,normal,1,blocked,0,0
959de722-b6ae-433c-80fe-fc5062db90e7,N-959de7,normal,T-008-01,🟢 正常系: キーワード検索,F-008,normal,1,blocked,0,0
959de722-b6ae-433c-80fe-fc5062db90e7,N-959de7,normal,T-008-02,🟢 正常系: ステータスで絞り込み,F-008,normal,1,blocked,0,0
959de722-b6ae-433c-80fe-fc5062db90e7,N-959de7,normal,T-008-03,🔴 異常系: 日付範囲不正エラー,F-008,negative,1,pass,1,1
959de722-b6ae-433c-80fe-fc5062db90e7,N-959de7,normal,T-008-04,🟢 正常系: 検索結果0件,F-008,normal,1,pass,1,1
959de722-b6ae-433c-80fe-fc5062db90e7,N-959de7,normal,T-009-01,🟢 正常系: 申請詳細表示（申請者本人）,F-009,normal,1,fail,0,0
959de722-b6ae-433c-80fe-fc5062db90e7,N-959de7,normal,T-009-02,🔴 異常系: 他ユーザーの申請詳細へのアクセス拒否,F-009,negative,1,pass,1,1
959de722-b6ae-433c-80fe-fc5062db90e7,N-959de7,normal,T-010-01,🟢 正常系: 課長による承認,F-010,normal,1,fail,0,0
959de722-b6ae-433c-80fe-fc5062db90e7,N-959de7,normal,T-010-02,🟢 正常系: 部長による承認,F-010,normal,1,pass,1,1
959de722-b6ae-433c-80fe-fc5062db90e7,N-959de7,normal,T-010-03,🔴 異常系: 承認権限のないユーザーによる承認不可,F-010,negative,1,pass,1,1
959de722-b6ae-433c-80fe-fc5062db90e7,N-959de7,normal,T-011-01,🟢 正常系: 差し戻し処理,F-011,normal,1,fail,0,0
959de722-b6ae-433c-80fe-fc5062db90e7,N-959de7,normal,T-011-02,🔴 異常系: 差し戻しコメント未入力エラー,F-011,negative,1,fail,0,0
959de722-b6ae-433c-80fe-fc5062db90e7,N-959de7,normal,T-012-01,🟢 正常系: 承認待ち申請の取り消し,F-012,normal,1,pass,1,1
959de722-b6ae-433c-80fe-fc5062db90e7,N-959de7,normal,T-012-02,🔴 異常系: 承認済み申請の取り消し不可,F-012,negative,1,pass,1,1
959de722-b6ae-433c-80fe-fc5062db90e7,N-959de7,normal,T-013-01,🟢 正常系: 差し戻し申請の再提出,F-013,normal,1,fail,0,0
959de722-b6ae-433c-80fe-fc5062db90e7,N-959de7,normal,T-013-02,🔴 異常系: 不正なステータス遷移,F-013,negative,1,pass,1,1
959de722-b6ae-433c-80fe-fc5062db90e7,N-959de7,normal,T-014-01,🟢 正常系: 申請提出時の承認者へのメール通知,F-014,normal,1,pass,1,1
959de722-b6ae-433c-80fe-fc5062db90e7,N-959de7,normal,T-014-02,🟢 正常系: 承認完了時の申請者へのメール通知,F-014,normal,1,pass,1,1
959de722-b6ae-433c-80fe-fc5062db90e7,N-959de7,normal,T-015-01,🟢 正常系: 承認履歴の表示,F-015,normal,1,fail,0,0
959de722-b6ae-433c-80fe-fc5062db90e7,N-959de7,normal,T-016-01,🟢 正常系: CSVエクスポート,F-016,normal,1,fail,0,0
959de722-b6ae-433c-80fe-fc5062db90e7,N-959de7,normal,T-016-02,🟢 正常系: 検索条件を絞り込んだCSVエクスポート,F-016,normal,1,blocked,0,0
959de722-b6ae-433c-80fe-fc5062db90e7,N-959de7,normal,T-016-03,🔴 異常系: 一般ユーザーによるCSVエクスポート権限エラー,F-016,negative,1,pass,1,1
959de722-b6ae-433c-80fe-fc5062db90e7,N-959de7,normal,T-017-01,🟢 正常系: 一般ユーザーのダッシュボード表示,F-017,normal,1,blocked,0,0
959de722-b6ae-433c-80fe-fc5062db90e7,N-959de7,normal,T-017-02,🟢 正常系: 課長のダッシュボード表示,F-017,normal,1,pass,1,1
959de722-b6ae-433c-80fe-fc5062db90e7,N-959de7,normal,T-018-01,🟢 正常系: ユーザー情報編集,F-018,normal,1,fail,0,0
959de722-b6ae-433c-80fe-fc5062db90e7,N-959de7,normal,T-018-02,🔴 異常系: 自分自身の無効化エラー,F-018,negative,1,fail,0,0
959de722-b6ae-433c-80fe-fc5062db90e7,N-959de7,normal,T-018-03,🔴 異常系: 一般ユーザーによるユーザー管理アクセス拒否,F-018,negative,1,pass,1,1
959de722-b6ae-433c-80fe-fc5062db90e7,N-959de7,normal,T-019-01,🟢 正常系: パスワード変更成功,F-019,normal,1,pass,1,1
959de722-b6ae-433c-80fe-fc5062db90e7,N-959de7,normal,T-019-02,🔴 異常系: 現在のパスワード不一致エラー,F-019,negative,1,pass,1,1
959de722-b6ae-433c-80fe-fc5062db90e7,N-959de7,normal,T-019-03,🔴 異常系: 同一パスワード設定エラー,F-019,negative,1,pass,1,1
959de722-b6ae-433c-80fe-fc5062db90e7,N-959de7,normal,T-020-01,🟢 正常系: システム設定の変更,F-020,normal,1,pass,1,1
959de722-b6ae-433c-80fe-fc5062db90e7,N-959de7,normal,T-020-02,🟢 正常系: SMTPテスト送信,F-020,normal,1,pass,1,1
959de722-b6ae-433c-80fe-fc5062db90e7,N-959de7,normal,T-020-03,🔴 異常系: セッションタイムアウト範囲外エラー,F-020,negative,1,pass,1,1
959de722-b6ae-433c-80fe-fc5062db90e7,N-959de7,normal,T-020-04,🔴 異常系: 一般ユーザーによるシステム設定アクセス拒否,F-020,negative,1,pass,1,1
9a8c5ff6-e5df-4b20-8646-cf11e16ed257,A-9a8c5f,anti,T-001-01,🟢 正常系: ユーザー新規登録,F-001,normal,1,pass,1,1
9a8c5ff6-e5df-4b20-8646-cf11e16ed257,A-9a8c5f,anti,T-001-02,🔴 異常系: メールアドレス重複エラー,F-001,negative,1,pass,1,1
9a8c5ff6-e5df-4b20-8646-cf11e16ed257,A-9a8c5f,anti,T-001-03,🔴 異常系: パスワード強度不足エラー,F-001,negative,1,pass,1,1
9a8c5ff6-e5df-4b20-8646-cf11e16ed257,A-9a8c5f,anti,T-001-04,🔴 異常系: パスワード不一致エラー,F-001,negative,1,pass,1,1
9a8c5ff6-e5df-4b20-8646-cf11e16ed257,A-9a8c5f,anti,T-002-01,🟢 正常系: ログイン成功,F-002,normal,1,pass,1,1
9a8c5ff6-e5df-4b20-8646-cf11e16ed257,A-9a8c5f,anti,T-002-02,🟢 正常系: ログアウト成功,F-002,normal,1,fail,0,0
9a8c5ff6-e5df-4b20-8646-cf11e16ed257,A-9a8c5f,anti,T-002-03,🔴 異常系: 認証失敗,F-002,negative,1,pass,1,1
9a8c5ff6-e5df-4b20-8646-cf11e16ed257,A-9a8c5f,anti,T-002-04,🔴 異常系: アカウントロック,F-002,negative,1,pass,1,1
9a8c5ff6-e5df-4b20-8646-cf11e16ed257,A-9a8c5f,anti,T-003-01,🟢 正常系: 申請種別選択と入力フォーム表示,F-003,normal,1,pass,1,1
9a8c5ff6-e5df-4b20-8646-cf11e16ed257,A-9a8c5f,anti,T-003-02,🔴 異常系: 申請種別未選択エラー,F-003,negative,1,fail,0,0
9a8c5ff6-e5df-4b20-8646-cf11e16ed257,A-9a8c5f,anti,T-004-01,🟢 正常系: 申請内容の入力,F-004,normal,1,pass,1,1
9a8c5ff6-e5df-4b20-8646-cf11e16ed257,A-9a8c5f,anti,T-004-02,🔴 異常系: 申請金額範囲外エラー,F-004,negative,1,pass,1,1
9a8c5ff6-e5df-4b20-8646-cf11e16ed257,A-9a8c5f,anti,T-004-03,🔴 異常系: ファイルサイズ超過エラー,F-004,negative,1,fail,0,0
9a8c5ff6-e5df-4b20-8646-cf11e16ed257,A-9a8c5f,anti,T-005-01,🟢 正常系: 下書き保存,F-005,normal,1,pass,1,1
9a8c5ff6-e5df-4b20-8646-cf11e16ed257,A-9a8c5f,anti,T-005-02,🟢 正常系: 下書き再編集,F-005,normal,1,pass,1,1
9a8c5ff6-e5df-4b20-8646-cf11e16ed257,A-9a8c5f,anti,T-006-01,🟢 正常系: 申請提出（課長承認ルート）,F-006,normal,1,fail,0,0
9a8c5ff6-e5df-4b20-8646-cf11e16ed257,A-9a8c5f,anti,T-006-02,🟢 正常系: 申請提出（部長承認ルート）,F-006,normal,1,pass,1,1
9a8c5ff6-e5df-4b20-8646-cf11e16ed257,A-9a8c5f,anti,T-006-03,"🟡 境界値テスト: 承認ルート境界値（999,999円 → 課長）",F-006,boundary,1,fail,0,0
9a8c5ff6-e5df-4b20-8646-cf11e16ed257,A-9a8c5f,anti,T-006-04,"🟡 境界値テスト: 承認ルート境界値（1,000,000円 → 部長）",F-006,boundary,1,pass,1,1
9a8c5ff6-e5df-4b20-8646-cf11e16ed257,A-9a8c5f,anti,T-006-05,"🟡 境界値テスト: 承認ルート境界値（999,998円・1,000,001円）",F-006,boundary,2,fail,0,0
9a8c5ff6-e5df-4b20-8646-cf11e16ed257,A-9a8c5f,anti,T-006-06,🔴 異常系: 必須項目未入力での提出エラー,F-006,negative,1,pass,1,1
9a8c5ff6-e5df-4b20-8646-cf11e16ed257,A-9a8c5f,anti,T-007-01,🟢 正常系: 申請一覧表示（一般ユーザー）,F-007,normal,1,blocked,0,0
9a8c5ff6-e5df-4b20-8646-cf11e16ed257,A-9a8c5f,anti,T-007-02,🟢 正常系: 申請一覧表示（課長）,F-007,normal,1,blocked,0,0
9a8c5ff6-e5df-4b20-8646-cf11e16ed257,A-9a8c5f,anti,T-007-03,🟢 正常系: ページネーション,F-007,normal,1,blocked,0,0
9a8c5ff6-e5df-4b20-8646-cf11e16ed257,A-9a8c5f,anti,T-008-01,🟢 正常系: キーワード検索,F-008,normal,1,blocked,0,0
9a8c5ff6-e5df-4b20-8646-cf11e16ed257,A-9a8c5f,anti,T-008-02,🟢 正常系: ステータスで絞り込み,F-008,normal,1,blocked,0,0
9a8c5ff6-e5df-4b20-8646-cf11e16ed257,A-9a8c5f,anti,T-008-03,🔴 異常系: 日付範囲不正エラー,F-008,negative,1,pass,1,1
9a8c5ff6-e5df-4b20-8646-cf11e16ed257,A-9a8c5f,anti,T-008-04,🟢 正常系: 検索結果0件,F-008,normal,1,pass,1,1
9a8c5ff6-e5df-4b20-8646-cf11e16ed257,A-9a8c5f,anti,T-009-01,🟢 正常系: 申請詳細表示（申請者本人）,F-009,normal,1,fail,0,0
9a8c5ff6-e5df-4b20-8646-cf11e16ed257,A-9a8c5f,anti,T-009-02,🔴 異常系: 他ユーザーの申請詳細へのアクセス拒否,F-009,negative,1,pass,1,1
9a8c5ff6-e5df-4b20-8646-cf11e16ed257,A-9a8c5f,anti,T-010-01,🟢 正常系: 課長による承認,F-010,normal,1,fail,0,0
9a8c5ff6-e5df-4b20-8646-cf11e16ed257,A-9a8c5f,anti,T-010-02,🟢 正常系: 部長による承認,F-010,normal,1,fail,0,0
9a8c5ff6-e5df-4b20-8646-cf11e16ed257,A-9a8c5f,anti,T-010-03,🔴 異常系: 承認権限のないユーザーによる承認不可,F-010,negative,1,pass,1,1
9a8c5ff6-e5df-4b20-8646-cf11e16ed257,A-9a8c5f,anti,T-011-01,🟢 正常系: 差し戻し処理,F-011,normal,1,fail,0,0
9a8c5ff6-e5df-4b20-8646-cf11e16ed257,A-9a8c5f,anti,T-011-02,🔴 異常系: 差し戻しコメント未入力エラー,F-011,negative,1,fail,0,0
9a8c5ff6-e5df-4b20-8646-cf11e16ed257,A-9a8c5f,anti,T-012-01,🟢 正常系: 承認待ち申請の取り消し,F-012,normal,1,fail,0,0
9a8c5ff6-e5df-4b20-8646-cf11e16ed257,A-9a8c5f,anti,T-012-02,🔴 異常系: 承認済み申請の取り消し不可,F-012,negative,1,fail,0,0
9a8c5ff6-e5df-4b20-8646-cf11e16ed257,A-9a8c5f,anti,T-013-01,🟢 正常系: 差し戻し申請の再提出,F-013,normal,1,fail,0,0
9a8c5ff6-e5df-4b20-8646-cf11e16ed257,A-9a8c5f,anti,T-013-02,🔴 異常系: 不正なステータス遷移,F-013,negative,1,fail,0,0
9a8c5ff6-e5df-4b20-8646-cf11e16ed257,A-9a8c5f,anti,T-014-01,🟢 正常系: 申請提出時の承認者へのメール通知,F-014,normal,1,fail,0,0
9a8c5ff6-e5df-4b20-8646-cf11e16ed257,A-9a8c5f,anti,T-014-02,🟢 正常系: 承認完了時の申請者へのメール通知,F-014,normal,1,fail,0,0
9a8c5ff6-e5df-4b20-8646-cf11e16ed257,A-9a8c5f,anti,T-015-01,🟢 正常系: 承認履歴の表示,F-015,normal,1,fail,0,0
9a8c5ff6-e5df-4b20-8646-cf11e16ed257,A-9a8c5f,anti,T-016-01,🟢 正常系: CSVエクスポート,F-016,normal,1,blocked,0,0
9a8c5ff6-e5df-4b20-8646-cf11e16ed257,A-9a8c5f,anti,T-016-02,🟢 正常系: 検索条件を絞り込んだCSVエクスポート,F-016,normal,1,blocked,0,0
9a8c5ff6-e5df-4b20-8646-cf11e16ed257,A-9a8c5f,anti,T-016-03,🔴 異常系: 一般ユーザーによるCSVエクスポート権限エラー,F-016,negative,1,pass,1,1
9a8c5ff6-e5df-4b20-8646-cf11e16ed257,A-9a8c5f,anti,T-017-01,🟢 正常系: 一般ユーザーのダッシュボード表示,F-017,normal,1,fail,0,0
9a8c5ff6-e5df-4b20-8646-cf11e16ed257,A-9a8c5f,anti,T-017-02,🟢 正常系: 課長のダッシュボード表示,F-017,normal,1,blocked,0,0
9a8c5ff6-e5df-4b20-8646-cf11e16ed257,A-9a8c5f,anti,T-018-01,🟢 正常系: ユーザー情報編集,F-018,normal,1,pass,1,1
9a8c5ff6-e5df-4b20-8646-cf11e16ed257,A-9a8c5f,anti,T-018-02,🔴 異常系: 自分自身の無効化エラー,F-018,negative,1,pass,1,1
9a8c5ff6-e5df-4b20-8646-cf11e16ed257,A-9a8c5f,anti,T-018-03,🔴 異常系: 一般ユーザーによるユーザー管理アクセス拒否,F-018,negative,1,pass,1,1
9a8c5ff6-e5df-4b20-8646-cf11e16ed257,A-9a8c5f,anti,T-019-01,🟢 正常系: パスワード変更成功,F-019,normal,1,fail,0,0
9a8c5ff6-e5df-4b20-8646-cf11e16ed257,A-9a8c5f,anti,T-019-02,🔴 異常系: 現在のパスワード不一致エラー,F-019,negative,1,pass,1,1
9a8c5ff6-e5df-4b20-8646-cf11e16ed257,A-9a8c5f,anti,T-019-03,🔴 異常系: 同一パスワード設定エラー,F-019,negative,1,pass,1,1
9a8c5ff6-e5df-4b20-8646-cf11e16ed257,A-9a8c5f,anti,T-020-01,🟢 正常系: システム設定の変更,F-020,normal,1,pass,1,1
9a8c5ff6-e5df-4b20-8646-cf11e16ed257,A-9a8c5f,anti,T-020-02,🟢 正常系: SMTPテスト送信,F-020,normal,1,pass,1,1
9a8c5ff6-e5df-4b20-8646-cf11e16ed257,A-9a8c5f,anti,T-020-03,🔴 異常系: セッションタイムアウト範囲外エラー,F-020,negative,1,pass,1,1
9a8c5ff6-e5df-4b20-8646-cf11e16ed257,A-9a8c5f,anti,T-020-04,🔴 異常系: 一般ユーザーによるシステム設定アクセス拒否,F-020,negative,1,pass,1,1
9b477a67-1f93-4d09-b58a-d7969894d590,N-9b477a,normal,T-001-01,🟢 正常系: ユーザー新規登録,F-001,normal,1,pass,1,1
9b477a67-1f93-4d09-b58a-d7969894d590,N-9b477a,normal,T-001-02,🔴 異常系: メールアドレス重複エラー,F-001,negative,1,pass,1,1
9b477a67-1f93-4d09-b58a-d7969894d590,N-9b477a,normal,T-001-03,🔴 異常系: パスワード強度不足エラー,F-001,negative,1,pass,1,1
9b477a67-1f93-4d09-b58a-d7969894d590,N-9b477a,normal,T-001-04,🔴 異常系: パスワード不一致エラー,F-001,negative,1,pass,1,1
9b477a67-1f93-4d09-b58a-d7969894d590,N-9b477a,normal,T-002-01,🟢 正常系: ログイン成功,F-002,normal,1,pass,1,1
9b477a67-1f93-4d09-b58a-d7969894d590,N-9b477a,normal,T-002-02,🟢 正常系: ログアウト成功,F-002,normal,1,fail,0,0
9b477a67-1f93-4d09-b58a-d7969894d590,N-9b477a,normal,T-002-03,🔴 異常系: 認証失敗,F-002,negative,1,pass,1,1
9b477a67-1f93-4d09-b58a-d7969894d590,N-9b477a,normal,T-002-04,🔴 異常系: アカウントロック,F-002,negative,1,pass,1,1
9b477a67-1f93-4d09-b58a-d7969894d590,N-9b477a,normal,T-003-01,🟢 正常系: 申請種別選択と入力フォーム表示,F-003,normal,1,pass,1,1
9b477a67-1f93-4d09-b58a-d7969894d590,N-9b477a,normal,T-003-02,🔴 異常系: 申請種別未選択エラー,F-003,negative,1,pass,1,1
9b477a67-1f93-4d09-b58a-d7969894d590,N-9b477a,normal,T-004-01,🟢 正常系: 申請内容の入力,F-004,normal,1,pass,1,1
9b477a67-1f93-4d09-b58a-d7969894d590,N-9b477a,normal,T-004-02,🔴 異常系: 申請金額範囲外エラー,F-004,negative,1,fail,0,0
9b477a67-1f93-4d09-b58a-d7969894d590,N-9b477a,normal,T-004-03,🔴 異常系: ファイルサイズ超過エラー,F-004,negative,1,fail,0,0
9b477a67-1f93-4d09-b58a-d7969894d590,N-9b477a,normal,T-005-01,🟢 正常系: 下書き保存,F-005,normal,1,pass,1,1
9b477a67-1f93-4d09-b58a-d7969894d590,N-9b477a,normal,T-005-02,🟢 正常系: 下書き再編集,F-005,normal,1,fail,0,0
9b477a67-1f93-4d09-b58a-d7969894d590,N-9b477a,normal,T-006-01,🟢 正常系: 申請提出（課長承認ルート）,F-006,normal,1,pass,1,1
9b477a67-1f93-4d09-b58a-d7969894d590,N-9b477a,normal,T-006-02,🟢 正常系: 申請提出（部長承認ルート）,F-006,normal,1,pass,1,1
9b477a67-1f93-4d09-b58a-d7969894d590,N-9b477a,normal,T-006-03,"🟡 境界値テスト: 承認ルート境界値（999,999円 → 課長）",F-006,boundary,1,pass,1,1
9b477a67-1f93-4d09-b58a-d7969894d590,N-9b477a,normal,T-006-04,"🟡 境界値テスト: 承認ルート境界値（1,000,000円 → 部長）",F-006,boundary,1,pass,1,1
9b477a67-1f93-4d09-b58a-d7969894d590,N-9b477a,normal,T-006-05,"🟡 境界値テスト: 承認ルート境界値（999,998円・1,000,001円）",F-006,boundary,2,pass,1,1
9b477a67-1f93-4d09-b58a-d7969894d590,N-9b477a,normal,T-006-06,🔴 異常系: 必須項目未入力での提出エラー,F-006,negative,1,pass,1,1
9b477a67-1f93-4d09-b58a-d7969894d590,N-9b477a,normal,T-007-01,🟢 正常系: 申請一覧表示（一般ユーザー）,F-007,normal,1,pass,1,1
9b477a67-1f93-4d09-b58a-d7969894d590,N-9b477a,normal,T-007-02,🟢 正常系: 申請一覧表示（課長）,F-007,normal,1,pass,1,1
9b477a67-1f93-4d09-b58a-d7969894d590,N-9b477a,normal,T-007-03,🟢 正常系: ページネーション,F-007,normal,1,pass,1,1
9b477a67-1f93-4d09-b58a-d7969894d590,N-9b477a,normal,T-008-01,🟢 正常系: キーワード検索,F-008,normal,1,pass,1,1
9b477a67-1f93-4d09-b58a-d7969894d590,N-9b477a,normal,T-008-02,🟢 正常系: ステータスで絞り込み,F-008,normal,1,pass,1,1
9b477a67-1f93-4d09-b58a-d7969894d590,N-9b477a,normal,T-008-03,🔴 異常系: 日付範囲不正エラー,F-008,negative,1,fail,0,0
9b477a67-1f93-4d09-b58a-d7969894d590,N-9b477a,normal,T-008-04,🟢 正常系: 検索結果0件,F-008,normal,1,pass,1,1
9b477a67-1f93-4d09-b58a-d7969894d590,N-9b477a,normal,T-009-01,🟢 正常系: 申請詳細表示（申請者本人）,F-009,normal,1,pass,1,1
9b477a67-1f93-4d09-b58a-d7969894d590,N-9b477a,normal,T-009-02,🔴 異常系: 他ユーザーの申請詳細へのアクセス拒否,F-009,negative,1,pass,1,1
9b477a67-1f93-4d09-b58a-d7969894d590,N-9b477a,normal,T-010-01,🟢 正常系: 課長による承認,F-010,normal,1,pass,1,1
9b477a67-1f93-4d09-b58a-d7969894d590,N-9b477a,normal,T-010-02,🟢 正常系: 部長による承認,F-010,normal,1,pass,1,1
9b477a67-1f93-4d09-b58a-d7969894d590,N-9b477a,normal,T-010-03,🔴 異常系: 承認権限のないユーザーによる承認不可,F-010,negative,1,pass,1,1
9b477a67-1f93-4d09-b58a-d7969894d590,N-9b477a,normal,T-011-01,🟢 正常系: 差し戻し処理,F-011,normal,1,pass,1,1
9b477a67-1f93-4d09-b58a-d7969894d590,N-9b477a,normal,T-011-02,🔴 異常系: 差し戻しコメント未入力エラー,F-011,negative,1,pass,1,1
9b477a67-1f93-4d09-b58a-d7969894d590,N-9b477a,normal,T-012-01,🟢 正常系: 承認待ち申請の取り消し,F-012,normal,1,pass,1,1
9b477a67-1f93-4d09-b58a-d7969894d590,N-9b477a,normal,T-012-02,🔴 異常系: 承認済み申請の取り消し不可,F-012,negative,1,pass,1,1
9b477a67-1f93-4d09-b58a-d7969894d590,N-9b477a,normal,T-013-01,🟢 正常系: 差し戻し申請の再提出,F-013,normal,1,fail,0,0
9b477a67-1f93-4d09-b58a-d7969894d590,N-9b477a,normal,T-013-02,🔴 異常系: 不正なステータス遷移,F-013,negative,1,pass,1,1
9b477a67-1f93-4d09-b58a-d7969894d590,N-9b477a,normal,T-014-01,🟢 正常系: 申請提出時の承認者へのメール通知,F-014,normal,1,pass,1,1
9b477a67-1f93-4d09-b58a-d7969894d590,N-9b477a,normal,T-014-02,🟢 正常系: 承認完了時の申請者へのメール通知,F-014,normal,1,pass,1,1
9b477a67-1f93-4d09-b58a-d7969894d590,N-9b477a,normal,T-015-01,🟢 正常系: 承認履歴の表示,F-015,normal,1,fail,0,0
9b477a67-1f93-4d09-b58a-d7969894d590,N-9b477a,normal,T-016-01,🟢 正常系: CSVエクスポート,F-016,normal,1,fail,0,0
9b477a67-1f93-4d09-b58a-d7969894d590,N-9b477a,normal,T-016-02,🟢 正常系: 検索条件を絞り込んだCSVエクスポート,F-016,normal,1,blocked,0,0
9b477a67-1f93-4d09-b58a-d7969894d590,N-9b477a,normal,T-016-03,🔴 異常系: 一般ユーザーによるCSVエクスポート権限エラー,F-016,negative,1,pass,1,1
9b477a67-1f93-4d09-b58a-d7969894d590,N-9b477a,normal,T-017-01,🟢 正常系: 一般ユーザーのダッシュボード表示,F-017,normal,1,blocked,0,0
9b477a67-1f93-4d09-b58a-d7969894d590,N-9b477a,normal,T-017-02,🟢 正常系: 課長のダッシュボード表示,F-017,normal,1,blocked,0,0
9b477a67-1f93-4d09-b58a-d7969894d590,N-9b477a,normal,T-018-01,🟢 正常系: ユーザー情報編集,F-018,normal,1,pass,1,1
9b477a67-1f93-4d09-b58a-d7969894d590,N-9b477a,normal,T-018-02,🔴 異常系: 自分自身の無効化エラー,F-018,negative,1,pass,1,1
9b477a67-1f93-4d09-b58a-d7969894d590,N-9b477a,normal,T-018-03,🔴 異常系: 一般ユーザーによるユーザー管理アクセス拒否,F-018,negative,1,pass,1,1
9b477a67-1f93-4d09-b58a-d7969894d590,N-9b477a,normal,T-019-01,🟢 正常系: パスワード変更成功,F-019,normal,1,pass,1,1
9b477a67-1f93-4d09-b58a-d7969894d590,N-9b477a,normal,T-019-02,🔴 異常系: 現在のパスワード不一致エラー,F-019,negative,1,pass,1,1
9b477a67-1f93-4d09-b58a-d7969894d590,N-9b477a,normal,T-019-03,🔴 異常系: 同一パスワード設定エラー,F-019,negative,1,pass,1,1
9b477a67-1f93-4d09-b58a-d7969894d590,N-9b477a,normal,T-020-01,🟢 正常系: システム設定の変更,F-020,normal,1,pass,1,1
9b477a67-1f93-4d09-b58a-d7969894d590,N-9b477a,normal,T-020-02,🟢 正常系: SMTPテスト送信,F-020,normal,1,pass,1,1
9b477a67-1f93-4d09-b58a-d7969894d590,N-9b477a,normal,T-020-03,🔴 異常系: セッションタイムアウト範囲外エラー,F-020,negative,1,pass,1,1
9b477a67-1f93-4d09-b58a-d7969894d590,N-9b477a,normal,T-020-04,🔴 異常系: 一般ユーザーによるシステム設定アクセス拒否,F-020,negative,1,pass,1,1
a95e1037-7728-4d70-836a-f0f8b9604e94,N-a95e10,normal,T-001-01,🟢 正常系: ユーザー新規登録,F-001,normal,1,pass,1,1
a95e1037-7728-4d70-836a-f0f8b9604e94,N-a95e10,normal,T-001-02,🔴 異常系: メールアドレス重複エラー,F-001,negative,1,pass,1,1
a95e1037-7728-4d70-836a-f0f8b9604e94,N-a95e10,normal,T-001-03,🔴 異常系: パスワード強度不足エラー,F-001,negative,1,pass,1,1
a95e1037-7728-4d70-836a-f0f8b9604e94,N-a95e10,normal,T-001-04,🔴 異常系: パスワード不一致エラー,F-001,negative,1,pass,1,1
a95e1037-7728-4d70-836a-f0f8b9604e94,N-a95e10,normal,T-002-01,🟢 正常系: ログイン成功,F-002,normal,1,pass,1,1
a95e1037-7728-4d70-836a-f0f8b9604e94,N-a95e10,normal,T-002-02,🟢 正常系: ログアウト成功,F-002,normal,1,fail,0,0
a95e1037-7728-4d70-836a-f0f8b9604e94,N-a95e10,normal,T-002-03,🔴 異常系: 認証失敗,F-002,negative,1,pass,1,1
a95e1037-7728-4d70-836a-f0f8b9604e94,N-a95e10,normal,T-002-04,🔴 異常系: アカウントロック,F-002,negative,1,pass,1,1
a95e1037-7728-4d70-836a-f0f8b9604e94,N-a95e10,normal,T-003-01,🟢 正常系: 申請種別選択と入力フォーム表示,F-003,normal,1,pass,1,1
a95e1037-7728-4d70-836a-f0f8b9604e94,N-a95e10,normal,T-003-02,🔴 異常系: 申請種別未選択エラー,F-003,negative,1,pass,1,1
a95e1037-7728-4d70-836a-f0f8b9604e94,N-a95e10,normal,T-004-01,🟢 正常系: 申請内容の入力,F-004,normal,1,pass,1,1
a95e1037-7728-4d70-836a-f0f8b9604e94,N-a95e10,normal,T-004-02,🔴 異常系: 申請金額範囲外エラー,F-004,negative,1,pass,1,1
a95e1037-7728-4d70-836a-f0f8b9604e94,N-a95e10,normal,T-004-03,🔴 異常系: ファイルサイズ超過エラー,F-004,negative,1,fail,0,0
a95e1037-7728-4d70-836a-f0f8b9604e94,N-a95e10,normal,T-005-01,🟢 正常系: 下書き保存,F-005,normal,1,pass,1,1
a95e1037-7728-4d70-836a-f0f8b9604e94,N-a95e10,normal,T-005-02,🟢 正常系: 下書き再編集,F-005,normal,1,fail,0,0
a95e1037-7728-4d70-836a-f0f8b9604e94,N-a95e10,normal,T-006-01,🟢 正常系: 申請提出（課長承認ルート）,F-006,normal,1,pass,1,1
a95e1037-7728-4d70-836a-f0f8b9604e94,N-a95e10,normal,T-006-02,🟢 正常系: 申請提出（部長承認ルート）,F-006,normal,1,pass,1,1
a95e1037-7728-4d70-836a-f0f8b9604e94,N-a95e10,normal,T-006-03,"🟡 境界値テスト: 承認ルート境界値（999,999円 → 課長）",F-006,boundary,1,pass,1,1
a95e1037-7728-4d70-836a-f0f8b9604e94,N-a95e10,normal,T-006-04,"🟡 境界値テスト: 承認ルート境界値（1,000,000円 → 部長）",F-006,boundary,1,pass,1,1
a95e1037-7728-4d70-836a-f0f8b9604e94,N-a95e10,normal,T-006-05,"🟡 境界値テスト: 承認ルート境界値（999,998円・1,000,001円）",F-006,boundary,2,pass,1,1
a95e1037-7728-4d70-836a-f0f8b9604e94,N-a95e10,normal,T-006-06,🔴 異常系: 必須項目未入力での提出エラー,F-006,negative,1,pass,1,1
a95e1037-7728-4d70-836a-f0f8b9604e94,N-a95e10,normal,T-007-01,🟢 正常系: 申請一覧表示（一般ユーザー）,F-007,normal,1,pass,1,1
a95e1037-7728-4d70-836a-f0f8b9604e94,N-a95e10,normal,T-007-02,🟢 正常系: 申請一覧表示（課長）,F-007,normal,1,pass,1,1
a95e1037-7728-4d70-836a-f0f8b9604e94,N-a95e10,normal,T-007-03,🟢 正常系: ページネーション,F-007,normal,1,pass,1,1
a95e1037-7728-4d70-836a-f0f8b9604e94,N-a95e10,normal,T-008-01,🟢 正常系: キーワード検索,F-008,normal,1,pass,1,1
a95e1037-7728-4d70-836a-f0f8b9604e94,N-a95e10,normal,T-008-02,🟢 正常系: ステータスで絞り込み,F-008,normal,1,pass,1,1
a95e1037-7728-4d70-836a-f0f8b9604e94,N-a95e10,normal,T-008-03,🔴 異常系: 日付範囲不正エラー,F-008,negative,1,pass,1,1
a95e1037-7728-4d70-836a-f0f8b9604e94,N-a95e10,normal,T-008-04,🟢 正常系: 検索結果0件,F-008,normal,1,pass,1,1
a95e1037-7728-4d70-836a-f0f8b9604e94,N-a95e10,normal,T-009-01,🟢 正常系: 申請詳細表示（申請者本人）,F-009,normal,1,pass,1,1
a95e1037-7728-4d70-836a-f0f8b9604e94,N-a95e10,normal,T-009-02,🔴 異常系: 他ユーザーの申請詳細へのアクセス拒否,F-009,negative,1,pass,1,1
a95e1037-7728-4d70-836a-f0f8b9604e94,N-a95e10,normal,T-010-01,🟢 正常系: 課長による承認,F-010,normal,1,pass,1,1
a95e1037-7728-4d70-836a-f0f8b9604e94,N-a95e10,normal,T-010-02,🟢 正常系: 部長による承認,F-010,normal,1,pass,1,1
a95e1037-7728-4d70-836a-f0f8b9604e94,N-a95e10,normal,T-010-03,🔴 異常系: 承認権限のないユーザーによる承認不可,F-010,negative,1,pass,1,1
a95e1037-7728-4d70-836a-f0f8b9604e94,N-a95e10,normal,T-011-01,🟢 正常系: 差し戻し処理,F-011,normal,1,pass,1,1
a95e1037-7728-4d70-836a-f0f8b9604e94,N-a95e10,normal,T-011-02,🔴 異常系: 差し戻しコメント未入力エラー,F-011,negative,1,pass,1,1
a95e1037-7728-4d70-836a-f0f8b9604e94,N-a95e10,normal,T-012-01,🟢 正常系: 承認待ち申請の取り消し,F-012,normal,1,fail,0,0
a95e1037-7728-4d70-836a-f0f8b9604e94,N-a95e10,normal,T-012-02,🔴 異常系: 承認済み申請の取り消し不可,F-012,negative,1,pass,1,1
a95e1037-7728-4d70-836a-f0f8b9604e94,N-a95e10,normal,T-013-01,🟢 正常系: 差し戻し申請の再提出,F-013,normal,1,fail,0,0
a95e1037-7728-4d70-836a-f0f8b9604e94,N-a95e10,normal,T-013-02,🔴 異常系: 不正なステータス遷移,F-013,negative,1,pass,1,1
a95e1037-7728-4d70-836a-f0f8b9604e94,N-a95e10,normal,T-014-01,🟢 正常系: 申請提出時の承認者へのメール通知,F-014,normal,1,pass,1,1
a95e1037-7728-4d70-836a-f0f8b9604e94,N-a95e10,normal,T-014-02,🟢 正常系: 承認完了時の申請者へのメール通知,F-014,normal,1,pass,1,1
a95e1037-7728-4d70-836a-f0f8b9604e94,N-a95e10,normal,T-015-01,🟢 正常系: 承認履歴の表示,F-015,normal,1,fail,0,0
a95e1037-7728-4d70-836a-f0f8b9604e94,N-a95e10,normal,T-016-01,🟢 正常系: CSVエクスポート,F-016,normal,1,fail,0,0
a95e1037-7728-4d70-836a-f0f8b9604e94,N-a95e10,normal,T-016-02,🟢 正常系: 検索条件を絞り込んだCSVエクスポート,F-016,normal,1,pass,1,1
a95e1037-7728-4d70-836a-f0f8b9604e94,N-a95e10,normal,T-016-03,🔴 異常系: 一般ユーザーによるCSVエクスポート権限エラー,F-016,negative,1,pass,1,1
a95e1037-7728-4d70-836a-f0f8b9604e94,N-a95e10,normal,T-017-01,🟢 正常系: 一般ユーザーのダッシュボード表示,F-017,normal,1,pass,1,1
a95e1037-7728-4d70-836a-f0f8b9604e94,N-a95e10,normal,T-017-02,🟢 正常系: 課長のダッシュボード表示,F-017,normal,1,pass,1,1
a95e1037-7728-4d70-836a-f0f8b9604e94,N-a95e10,normal,T-018-01,🟢 正常系: ユーザー情報編集,F-018,normal,1,pass,1,1
a95e1037-7728-4d70-836a-f0f8b9604e94,N-a95e10,normal,T-018-02,🔴 異常系: 自分自身の無効化エラー,F-018,negative,1,pass,1,1
a95e1037-7728-4d70-836a-f0f8b9604e94,N-a95e10,normal,T-018-03,🔴 異常系: 一般ユーザーによるユーザー管理アクセス拒否,F-018,negative,1,pass,1,1
a95e1037-7728-4d70-836a-f0f8b9604e94,N-a95e10,normal,T-019-01,🟢 正常系: パスワード変更成功,F-019,normal,1,pass,1,1
a95e1037-7728-4d70-836a-f0f8b9604e94,N-a95e10,normal,T-019-02,🔴 異常系: 現在のパスワード不一致エラー,F-019,negative,1,pass,1,1
a95e1037-7728-4d70-836a-f0f8b9604e94,N-a95e10,normal,T-019-03,🔴 異常系: 同一パスワード設定エラー,F-019,negative,1,pass,1,1
a95e1037-7728-4d70-836a-f0f8b9604e94,N-a95e10,normal,T-020-01,🟢 正常系: システム設定の変更,F-020,normal,1,pass,1,1
a95e1037-7728-4d70-836a-f0f8b9604e94,N-a95e10,normal,T-020-02,🟢 正常系: SMTPテスト送信,F-020,normal,1,pass,1,1
a95e1037-7728-4d70-836a-f0f8b9604e94,N-a95e10,normal,T-020-03,🔴 異常系: セッションタイムアウト範囲外エラー,F-020,negative,1,pass,1,1
a95e1037-7728-4d70-836a-f0f8b9604e94,N-a95e10,normal,T-020-04,🔴 異常系: 一般ユーザーによるシステム設定アクセス拒否,F-020,negative,1,pass,1,1
aa86b7d9-3527-4481-926b-d65012b6fd06,A-aa86b7,anti,T-001-01,🟢 正常系: ユーザー新規登録,F-001,normal,1,pass,1,1
aa86b7d9-3527-4481-926b-d65012b6fd06,A-aa86b7,anti,T-001-02,🔴 異常系: メールアドレス重複エラー,F-001,negative,1,pass,1,1
aa86b7d9-3527-4481-926b-d65012b6fd06,A-aa86b7,anti,T-001-03,🔴 異常系: パスワード強度不足エラー,F-001,negative,1,pass,1,1
aa86b7d9-3527-4481-926b-d65012b6fd06,A-aa86b7,anti,T-001-04,🔴 異常系: パスワード不一致エラー,F-001,negative,1,pass,1,1
aa86b7d9-3527-4481-926b-d65012b6fd06,A-aa86b7,anti,T-002-01,🟢 正常系: ログイン成功,F-002,normal,1,fail,0,0
aa86b7d9-3527-4481-926b-d65012b6fd06,A-aa86b7,anti,T-002-02,🟢 正常系: ログアウト成功,F-002,normal,1,fail,0,0
aa86b7d9-3527-4481-926b-d65012b6fd06,A-aa86b7,anti,T-002-03,🔴 異常系: 認証失敗,F-002,negative,1,pass,1,1
aa86b7d9-3527-4481-926b-d65012b6fd06,A-aa86b7,anti,T-002-04,🔴 異常系: アカウントロック,F-002,negative,1,pass,1,1
aa86b7d9-3527-4481-926b-d65012b6fd06,A-aa86b7,anti,T-003-01,🟢 正常系: 申請種別選択と入力フォーム表示,F-003,normal,1,pass,1,1
aa86b7d9-3527-4481-926b-d65012b6fd06,A-aa86b7,anti,T-003-02,🔴 異常系: 申請種別未選択エラー,F-003,negative,1,pass,1,1
aa86b7d9-3527-4481-926b-d65012b6fd06,A-aa86b7,anti,T-004-01,🟢 正常系: 申請内容の入力,F-004,normal,1,pass,1,1
aa86b7d9-3527-4481-926b-d65012b6fd06,A-aa86b7,anti,T-004-02,🔴 異常系: 申請金額範囲外エラー,F-004,negative,1,fail,0,0
aa86b7d9-3527-4481-926b-d65012b6fd06,A-aa86b7,anti,T-004-03,🔴 異常系: ファイルサイズ超過エラー,F-004,negative,1,fail,0,0
aa86b7d9-3527-4481-926b-d65012b6fd06,A-aa86b7,anti,T-005-01,🟢 正常系: 下書き保存,F-005,normal,1,pass,1,1
aa86b7d9-3527-4481-926b-d65012b6fd06,A-aa86b7,anti,T-005-02,🟢 正常系: 下書き再編集,F-005,normal,1,pass,1,1
aa86b7d9-3527-4481-926b-d65012b6fd06,A-aa86b7,anti,T-006-01,🟢 正常系: 申請提出（課長承認ルート）,F-006,normal,1,fail,0,0
aa86b7d9-3527-4481-926b-d65012b6fd06,A-aa86b7,anti,T-006-02,🟢 正常系: 申請提出（部長承認ルート）,F-006,normal,1,pass,1,1
aa86b7d9-3527-4481-926b-d65012b6fd06,A-aa86b7,anti,T-006-03,"🟡 境界値テスト: 承認ルート境界値（999,999円 → 課長）",F-006,boundary,1,fail,0,0
aa86b7d9-3527-4481-926b-d65012b6fd06,A-aa86b7,anti,T-006-04,"🟡 境界値テスト: 承認ルート境界値（1,000,000円 → 部長）",F-006,boundary,1,pass,1,1
aa86b7d9-3527-4481-926b-d65012b6fd06,A-aa86b7,anti,T-006-05,"🟡 境界値テスト: 承認ルート境界値（999,998円・1,000,001円）",F-006,boundary,2,fail,0,0
aa86b7d9-3527-4481-926b-d65012b6fd06,A-aa86b7,anti,T-006-06,🔴 異常系: 必須項目未入力での提出エラー,F-006,negative,1,pass,1,1
aa86b7d9-3527-4481-926b-d65012b6fd06,A-aa86b7,anti,T-007-01,🟢 正常系: 申請一覧表示（一般ユーザー）,F-007,normal,1,pass,1,1
aa86b7d9-3527-4481-926b-d65012b6fd06,A-aa86b7,anti,T-007-02,🟢 正常系: 申請一覧表示（課長）,F-007,normal,1,pass,1,1
aa86b7d9-3527-4481-926b-d65012b6fd06,A-aa86b7,anti,T-007-03,🟢 正常系: ページネーション,F-007,normal,1,pass,1,1
aa86b7d9-3527-4481-926b-d65012b6fd06,A-aa86b7,anti,T-008-01,🟢 正常系: キーワード検索,F-008,normal,1,pass,1,1
aa86b7d9-3527-4481-926b-d65012b6fd06,A-aa86b7,anti,T-008-02,🟢 正常系: ステータスで絞り込み,F-008,normal,1,pass,1,1
aa86b7d9-3527-4481-926b-d65012b6fd06,A-aa86b7,anti,T-008-03,🔴 異常系: 日付範囲不正エラー,F-008,negative,1,pass,1,1
aa86b7d9-3527-4481-926b-d65012b6fd06,A-aa86b7,anti,T-008-04,🟢 正常系: 検索結果0件,F-008,normal,1,pass,1,1
aa86b7d9-3527-4481-926b-d65012b6fd06,A-aa86b7,anti,T-009-01,🟢 正常系: 申請詳細表示（申請者本人）,F-009,normal,1,pass,1,1
aa86b7d9-3527-4481-926b-d65012b6fd06,A-aa86b7,anti,T-009-02,🔴 異常系: 他ユーザーの申請詳細へのアクセス拒否,F-009,negative,1,pass,1,1
aa86b7d9-3527-4481-926b-d65012b6fd06,A-aa86b7,anti,T-010-01,🟢 正常系: 課長による承認,F-010,normal,1,fail,0,0
aa86b7d9-3527-4481-926b-d65012b6fd06,A-aa86b7,anti,T-010-02,🟢 正常系: 部長による承認,F-010,normal,1,pass,1,1
aa86b7d9-3527-4481-926b-d65012b6fd06,A-aa86b7,anti,T-010-03,🔴 異常系: 承認権限のないユーザーによる承認不可,F-010,negative,1,pass,1,1
aa86b7d9-3527-4481-926b-d65012b6fd06,A-aa86b7,anti,T-011-01,🟢 正常系: 差し戻し処理,F-011,normal,1,fail,0,0
aa86b7d9-3527-4481-926b-d65012b6fd06,A-aa86b7,anti,T-011-02,🔴 異常系: 差し戻しコメント未入力エラー,F-011,negative,1,fail,0,0
aa86b7d9-3527-4481-926b-d65012b6fd06,A-aa86b7,anti,T-012-01,🟢 正常系: 承認待ち申請の取り消し,F-012,normal,1,fail,0,0
aa86b7d9-3527-4481-926b-d65012b6fd06,A-aa86b7,anti,T-012-02,🔴 異常系: 承認済み申請の取り消し不可,F-012,negative,1,fail,0,0
aa86b7d9-3527-4481-926b-d65012b6fd06,A-aa86b7,anti,T-013-01,🟢 正常系: 差し戻し申請の再提出,F-013,normal,1,fail,0,0
aa86b7d9-3527-4481-926b-d65012b6fd06,A-aa86b7,anti,T-013-02,🔴 異常系: 不正なステータス遷移,F-013,negative,1,fail,0,0
aa86b7d9-3527-4481-926b-d65012b6fd06,A-aa86b7,anti,T-014-01,🟢 正常系: 申請提出時の承認者へのメール通知,F-014,normal,1,fail,0,0
aa86b7d9-3527-4481-926b-d65012b6fd06,A-aa86b7,anti,T-014-02,🟢 正常系: 承認完了時の申請者へのメール通知,F-014,normal,1,fail,0,0
aa86b7d9-3527-4481-926b-d65012b6fd06,A-aa86b7,anti,T-015-01,🟢 正常系: 承認履歴の表示,F-015,normal,1,fail,0,0
aa86b7d9-3527-4481-926b-d65012b6fd06,A-aa86b7,anti,T-016-01,🟢 正常系: CSVエクスポート,F-016,normal,1,fail,0,0
aa86b7d9-3527-4481-926b-d65012b6fd06,A-aa86b7,anti,T-016-02,🟢 正常系: 検索条件を絞り込んだCSVエクスポート,F-016,normal,1,pass,1,1
aa86b7d9-3527-4481-926b-d65012b6fd06,A-aa86b7,anti,T-016-03,🔴 異常系: 一般ユーザーによるCSVエクスポート権限エラー,F-016,negative,1,pass,1,1
aa86b7d9-3527-4481-926b-d65012b6fd06,A-aa86b7,anti,T-017-01,🟢 正常系: 一般ユーザーのダッシュボード表示,F-017,normal,1,fail,0,0
aa86b7d9-3527-4481-926b-d65012b6fd06,A-aa86b7,anti,T-017-02,🟢 正常系: 課長のダッシュボード表示,F-017,normal,1,pass,1,1
aa86b7d9-3527-4481-926b-d65012b6fd06,A-aa86b7,anti,T-018-01,🟢 正常系: ユーザー情報編集,F-018,normal,1,pass,1,1
aa86b7d9-3527-4481-926b-d65012b6fd06,A-aa86b7,anti,T-018-02,🔴 異常系: 自分自身の無効化エラー,F-018,negative,1,pass,1,1
aa86b7d9-3527-4481-926b-d65012b6fd06,A-aa86b7,anti,T-018-03,🔴 異常系: 一般ユーザーによるユーザー管理アクセス拒否,F-018,negative,1,pass,1,1
aa86b7d9-3527-4481-926b-d65012b6fd06,A-aa86b7,anti,T-019-01,🟢 正常系: パスワード変更成功,F-019,normal,1,pass,1,1
aa86b7d9-3527-4481-926b-d65012b6fd06,A-aa86b7,anti,T-019-02,🔴 異常系: 現在のパスワード不一致エラー,F-019,negative,1,pass,1,1
aa86b7d9-3527-4481-926b-d65012b6fd06,A-aa86b7,anti,T-019-03,🔴 異常系: 同一パスワード設定エラー,F-019,negative,1,pass,1,1
aa86b7d9-3527-4481-926b-d65012b6fd06,A-aa86b7,anti,T-020-01,🟢 正常系: システム設定の変更,F-020,normal,1,pass,1,1
aa86b7d9-3527-4481-926b-d65012b6fd06,A-aa86b7,anti,T-020-02,🟢 正常系: SMTPテスト送信,F-020,normal,1,pass,1,1
aa86b7d9-3527-4481-926b-d65012b6fd06,A-aa86b7,anti,T-020-03,🔴 異常系: セッションタイムアウト範囲外エラー,F-020,negative,1,pass,1,1
aa86b7d9-3527-4481-926b-d65012b6fd06,A-aa86b7,anti,T-020-04,🔴 異常系: 一般ユーザーによるシステム設定アクセス拒否,F-020,negative,1,pass,1,1
b8182790-1837-4290-b467-47ac1231783b,N-b81827,normal,T-001-01,🟢 正常系: ユーザー新規登録,F-001,normal,1,pass,1,1
b8182790-1837-4290-b467-47ac1231783b,N-b81827,normal,T-001-02,🔴 異常系: メールアドレス重複エラー,F-001,negative,1,pass,1,1
b8182790-1837-4290-b467-47ac1231783b,N-b81827,normal,T-001-03,🔴 異常系: パスワード強度不足エラー,F-001,negative,1,pass,1,1
b8182790-1837-4290-b467-47ac1231783b,N-b81827,normal,T-001-04,🔴 異常系: パスワード不一致エラー,F-001,negative,1,pass,1,1
b8182790-1837-4290-b467-47ac1231783b,N-b81827,normal,T-002-01,🟢 正常系: ログイン成功,F-002,normal,1,pass,1,1
b8182790-1837-4290-b467-47ac1231783b,N-b81827,normal,T-002-02,🟢 正常系: ログアウト成功,F-002,normal,1,pass,1,1
b8182790-1837-4290-b467-47ac1231783b,N-b81827,normal,T-002-03,🔴 異常系: 認証失敗,F-002,negative,1,pass,1,1
b8182790-1837-4290-b467-47ac1231783b,N-b81827,normal,T-002-04,🔴 異常系: アカウントロック,F-002,negative,1,pass,1,1
b8182790-1837-4290-b467-47ac1231783b,N-b81827,normal,T-003-01,🟢 正常系: 申請種別選択と入力フォーム表示,F-003,normal,1,pass,1,1
b8182790-1837-4290-b467-47ac1231783b,N-b81827,normal,T-003-02,🔴 異常系: 申請種別未選択エラー,F-003,negative,1,pass,1,1
b8182790-1837-4290-b467-47ac1231783b,N-b81827,normal,T-004-01,🟢 正常系: 申請内容の入力,F-004,normal,1,pass,1,1
b8182790-1837-4290-b467-47ac1231783b,N-b81827,normal,T-004-02,🔴 異常系: 申請金額範囲外エラー,F-004,negative,1,fail,0,0
b8182790-1837-4290-b467-47ac1231783b,N-b81827,normal,T-004-03,🔴 異常系: ファイルサイズ超過エラー,F-004,negative,1,pass,1,1
b8182790-1837-4290-b467-47ac1231783b,N-b81827,normal,T-005-01,🟢 正常系: 下書き保存,F-005,normal,1,pass,1,1
b8182790-1837-4290-b467-47ac1231783b,N-b81827,normal,T-005-02,🟢 正常系: 下書き再編集,F-005,normal,1,fail,0,0
b8182790-1837-4290-b467-47ac1231783b,N-b81827,normal,T-006-01,🟢 正常系: 申請提出（課長承認ルート）,F-006,normal,1,pass,1,1
b8182790-1837-4290-b467-47ac1231783b,N-b81827,normal,T-006-02,🟢 正常系: 申請提出（部長承認ルート）,F-006,normal,1,pass,1,1
b8182790-1837-4290-b467-47ac1231783b,N-b81827,normal,T-006-03,"🟡 境界値テスト: 承認ルート境界値（999,999円 → 課長）",F-006,boundary,1,pass,1,1
b8182790-1837-4290-b467-47ac1231783b,N-b81827,normal,T-006-04,"🟡 境界値テスト: 承認ルート境界値（1,000,000円 → 部長）",F-006,boundary,1,pass,1,1
b8182790-1837-4290-b467-47ac1231783b,N-b81827,normal,T-006-05,"🟡 境界値テスト: 承認ルート境界値（999,998円・1,000,001円）",F-006,boundary,2,pass,1,1
b8182790-1837-4290-b467-47ac1231783b,N-b81827,normal,T-006-06,🔴 異常系: 必須項目未入力での提出エラー,F-006,negative,1,pass,1,1
b8182790-1837-4290-b467-47ac1231783b,N-b81827,normal,T-007-01,🟢 正常系: 申請一覧表示（一般ユーザー）,F-007,normal,1,pass,1,1
b8182790-1837-4290-b467-47ac1231783b,N-b81827,normal,T-007-02,🟢 正常系: 申請一覧表示（課長）,F-007,normal,1,pass,1,1
b8182790-1837-4290-b467-47ac1231783b,N-b81827,normal,T-007-03,🟢 正常系: ページネーション,F-007,normal,1,pass,1,1
b8182790-1837-4290-b467-47ac1231783b,N-b81827,normal,T-008-01,🟢 正常系: キーワード検索,F-008,normal,1,pass,1,1
b8182790-1837-4290-b467-47ac1231783b,N-b81827,normal,T-008-02,🟢 正常系: ステータスで絞り込み,F-008,normal,1,pass,1,1
b8182790-1837-4290-b467-47ac1231783b,N-b81827,normal,T-008-03,🔴 異常系: 日付範囲不正エラー,F-008,negative,1,pass,1,1
b8182790-1837-4290-b467-47ac1231783b,N-b81827,normal,T-008-04,🟢 正常系: 検索結果0件,F-008,normal,1,pass,1,1
b8182790-1837-4290-b467-47ac1231783b,N-b81827,normal,T-009-01,🟢 正常系: 申請詳細表示（申請者本人）,F-009,normal,1,fail,0,0
b8182790-1837-4290-b467-47ac1231783b,N-b81827,normal,T-009-02,🔴 異常系: 他ユーザーの申請詳細へのアクセス拒否,F-009,negative,1,pass,1,1
b8182790-1837-4290-b467-47ac1231783b,N-b81827,normal,T-010-01,🟢 正常系: 課長による承認,F-010,normal,1,pass,1,1
b8182790-1837-4290-b467-47ac1231783b,N-b81827,normal,T-010-02,🟢 正常系: 部長による承認,F-010,normal,1,pass,1,1
b8182790-1837-4290-b467-47ac1231783b,N-b81827,normal,T-010-03,🔴 異常系: 承認権限のないユーザーによる承認不可,F-010,negative,1,pass,1,1
b8182790-1837-4290-b467-47ac1231783b,N-b81827,normal,T-011-01,🟢 正常系: 差し戻し処理,F-011,normal,1,pass,1,1
b8182790-1837-4290-b467-47ac1231783b,N-b81827,normal,T-011-02,🔴 異常系: 差し戻しコメント未入力エラー,F-011,negative,1,pass,1,1
b8182790-1837-4290-b467-47ac1231783b,N-b81827,normal,T-012-01,🟢 正常系: 承認待ち申請の取り消し,F-012,normal,1,pass,1,1
b8182790-1837-4290-b467-47ac1231783b,N-b81827,normal,T-012-02,🔴 異常系: 承認済み申請の取り消し不可,F-012,negative,1,pass,1,1
b8182790-1837-4290-b467-47ac1231783b,N-b81827,normal,T-013-01,🟢 正常系: 差し戻し申請の再提出,F-013,normal,1,fail,0,0
b8182790-1837-4290-b467-47ac1231783b,N-b81827,normal,T-013-02,🔴 異常系: 不正なステータス遷移,F-013,negative,1,pass,1,1
b8182790-1837-4290-b467-47ac1231783b,N-b81827,normal,T-014-01,🟢 正常系: 申請提出時の承認者へのメール通知,F-014,normal,1,pass,1,1
b8182790-1837-4290-b467-47ac1231783b,N-b81827,normal,T-014-02,🟢 正常系: 承認完了時の申請者へのメール通知,F-014,normal,1,pass,1,1
b8182790-1837-4290-b467-47ac1231783b,N-b81827,normal,T-015-01,🟢 正常系: 承認履歴の表示,F-015,normal,1,fail,0,0
b8182790-1837-4290-b467-47ac1231783b,N-b81827,normal,T-016-01,🟢 正常系: CSVエクスポート,F-016,normal,1,fail,0,0
b8182790-1837-4290-b467-47ac1231783b,N-b81827,normal,T-016-02,🟢 正常系: 検索条件を絞り込んだCSVエクスポート,F-016,normal,1,pass,1,1
b8182790-1837-4290-b467-47ac1231783b,N-b81827,normal,T-016-03,🔴 異常系: 一般ユーザーによるCSVエクスポート権限エラー,F-016,negative,1,pass,1,1
b8182790-1837-4290-b467-47ac1231783b,N-b81827,normal,T-017-01,🟢 正常系: 一般ユーザーのダッシュボード表示,F-017,normal,1,pass,1,1
b8182790-1837-4290-b467-47ac1231783b,N-b81827,normal,T-017-02,🟢 正常系: 課長のダッシュボード表示,F-017,normal,1,pass,1,1
b8182790-1837-4290-b467-47ac1231783b,N-b81827,normal,T-018-01,🟢 正常系: ユーザー情報編集,F-018,normal,1,pass,1,1
b8182790-1837-4290-b467-47ac1231783b,N-b81827,normal,T-018-02,🔴 異常系: 自分自身の無効化エラー,F-018,negative,1,pass,1,1
b8182790-1837-4290-b467-47ac1231783b,N-b81827,normal,T-018-03,🔴 異常系: 一般ユーザーによるユーザー管理アクセス拒否,F-018,negative,1,pass,1,1
b8182790-1837-4290-b467-47ac1231783b,N-b81827,normal,T-019-01,🟢 正常系: パスワード変更成功,F-019,normal,1,pass,1,1
b8182790-1837-4290-b467-47ac1231783b,N-b81827,normal,T-019-02,🔴 異常系: 現在のパスワード不一致エラー,F-019,negative,1,pass,1,1
b8182790-1837-4290-b467-47ac1231783b,N-b81827,normal,T-019-03,🔴 異常系: 同一パスワード設定エラー,F-019,negative,1,pass,1,1
b8182790-1837-4290-b467-47ac1231783b,N-b81827,normal,T-020-01,🟢 正常系: システム設定の変更,F-020,normal,1,pass,1,1
b8182790-1837-4290-b467-47ac1231783b,N-b81827,normal,T-020-02,🟢 正常系: SMTPテスト送信,F-020,normal,1,pass,1,1
b8182790-1837-4290-b467-47ac1231783b,N-b81827,normal,T-020-03,🔴 異常系: セッションタイムアウト範囲外エラー,F-020,negative,1,pass,1,1
b8182790-1837-4290-b467-47ac1231783b,N-b81827,normal,T-020-04,🔴 異常系: 一般ユーザーによるシステム設定アクセス拒否,F-020,negative,1,pass,1,1
b8bb85c7-e468-42ff-ad70-e10746737b87,N-b8bb85,normal,T-001-01,🟢 正常系: ユーザー新規登録,F-001,normal,1,pass,1,1
b8bb85c7-e468-42ff-ad70-e10746737b87,N-b8bb85,normal,T-001-02,🔴 異常系: メールアドレス重複エラー,F-001,negative,1,pass,1,1
b8bb85c7-e468-42ff-ad70-e10746737b87,N-b8bb85,normal,T-001-03,🔴 異常系: パスワード強度不足エラー,F-001,negative,1,pass,1,1
b8bb85c7-e468-42ff-ad70-e10746737b87,N-b8bb85,normal,T-001-04,🔴 異常系: パスワード不一致エラー,F-001,negative,1,pass,1,1
b8bb85c7-e468-42ff-ad70-e10746737b87,N-b8bb85,normal,T-002-01,🟢 正常系: ログイン成功,F-002,normal,1,pass,1,1
b8bb85c7-e468-42ff-ad70-e10746737b87,N-b8bb85,normal,T-002-02,🟢 正常系: ログアウト成功,F-002,normal,1,fail,0,0
b8bb85c7-e468-42ff-ad70-e10746737b87,N-b8bb85,normal,T-002-03,🔴 異常系: 認証失敗,F-002,negative,1,pass,1,1
b8bb85c7-e468-42ff-ad70-e10746737b87,N-b8bb85,normal,T-002-04,🔴 異常系: アカウントロック,F-002,negative,1,pass,1,1
b8bb85c7-e468-42ff-ad70-e10746737b87,N-b8bb85,normal,T-003-01,🟢 正常系: 申請種別選択と入力フォーム表示,F-003,normal,1,pass,1,1
b8bb85c7-e468-42ff-ad70-e10746737b87,N-b8bb85,normal,T-003-02,🔴 異常系: 申請種別未選択エラー,F-003,negative,1,pass,1,1
b8bb85c7-e468-42ff-ad70-e10746737b87,N-b8bb85,normal,T-004-01,🟢 正常系: 申請内容の入力,F-004,normal,1,pass,1,1
b8bb85c7-e468-42ff-ad70-e10746737b87,N-b8bb85,normal,T-004-02,🔴 異常系: 申請金額範囲外エラー,F-004,negative,1,pass,1,1
b8bb85c7-e468-42ff-ad70-e10746737b87,N-b8bb85,normal,T-004-03,🔴 異常系: ファイルサイズ超過エラー,F-004,negative,1,fail,0,0
b8bb85c7-e468-42ff-ad70-e10746737b87,N-b8bb85,normal,T-005-01,🟢 正常系: 下書き保存,F-005,normal,1,pass,1,1
b8bb85c7-e468-42ff-ad70-e10746737b87,N-b8bb85,normal,T-005-02,🟢 正常系: 下書き再編集,F-005,normal,1,fail,0,0
b8bb85c7-e468-42ff-ad70-e10746737b87,N-b8bb85,normal,T-006-01,🟢 正常系: 申請提出（課長承認ルート）,F-006,normal,1,pass,1,1
b8bb85c7-e468-42ff-ad70-e10746737b87,N-b8bb85,normal,T-006-02,🟢 正常系: 申請提出（部長承認ルート）,F-006,normal,1,pass,1,1
b8bb85c7-e468-42ff-ad70-e10746737b87,N-b8bb85,normal,T-006-03,"🟡 境界値テスト: 承認ルート境界値（999,999円 → 課長）",F-006,boundary,1,pass,1,1
b8bb85c7-e468-42ff-ad70-e10746737b87,N-b8bb85,normal,T-006-04,"🟡 境界値テスト: 承認ルート境界値（1,000,000円 → 部長）",F-006,boundary,1,pass,1,1
b8bb85c7-e468-42ff-ad70-e10746737b87,N-b8bb85,normal,T-006-05,"🟡 境界値テスト: 承認ルート境界値（999,998円・1,000,001円）",F-006,boundary,2,pass,1,1
b8bb85c7-e468-42ff-ad70-e10746737b87,N-b8bb85,normal,T-006-06,🔴 異常系: 必須項目未入力での提出エラー,F-006,negative,1,pass,1,1
b8bb85c7-e468-42ff-ad70-e10746737b87,N-b8bb85,normal,T-007-01,🟢 正常系: 申請一覧表示（一般ユーザー）,F-007,normal,1,blocked,0,0
b8bb85c7-e468-42ff-ad70-e10746737b87,N-b8bb85,normal,T-007-02,🟢 正常系: 申請一覧表示（課長）,F-007,normal,1,blocked,0,0
b8bb85c7-e468-42ff-ad70-e10746737b87,N-b8bb85,normal,T-007-03,🟢 正常系: ページネーション,F-007,normal,1,blocked,0,0
b8bb85c7-e468-42ff-ad70-e10746737b87,N-b8bb85,normal,T-008-01,🟢 正常系: キーワード検索,F-008,normal,1,blocked,0,0
b8bb85c7-e468-42ff-ad70-e10746737b87,N-b8bb85,normal,T-008-02,🟢 正常系: ステータスで絞り込み,F-008,normal,1,blocked,0,0
b8bb85c7-e468-42ff-ad70-e10746737b87,N-b8bb85,normal,T-008-03,🔴 異常系: 日付範囲不正エラー,F-008,negative,1,pass,1,1
b8bb85c7-e468-42ff-ad70-e10746737b87,N-b8bb85,normal,T-008-04,🟢 正常系: 検索結果0件,F-008,normal,1,pass,1,1
b8bb85c7-e468-42ff-ad70-e10746737b87,N-b8bb85,normal,T-009-01,🟢 正常系: 申請詳細表示（申請者本人）,F-009,normal,1,fail,0,0
b8bb85c7-e468-42ff-ad70-e10746737b87,N-b8bb85,normal,T-009-02,🔴 異常系: 他ユーザーの申請詳細へのアクセス拒否,F-009,negative,1,pass,1,1
b8bb85c7-e468-42ff-ad70-e10746737b87,N-b8bb85,normal,T-010-01,🟢 正常系: 課長による承認,F-010,normal,1,pass,1,1
b8bb85c7-e468-42ff-ad70-e10746737b87,N-b8bb85,normal,T-010-02,🟢 正常系: 部長による承認,F-010,normal,1,pass,1,1
b8bb85c7-e468-42ff-ad70-e10746737b87,N-b8bb85,normal,T-010-03,🔴 異常系: 承認権限のないユーザーによる承認不可,F-010,negative,1,pass,1,1
b8bb85c7-e468-42ff-ad70-e10746737b87,N-b8bb85,normal,T-011-01,🟢 正常系: 差し戻し処理,F-011,normal,1,pass,1,1
b8bb85c7-e468-42ff-ad70-e10746737b87,N-b8bb85,normal,T-011-02,🔴 異常系: 差し戻しコメント未入力エラー,F-011,negative,1,pass,1,1
b8bb85c7-e468-42ff-ad70-e10746737b87,N-b8bb85,normal,T-012-01,🟢 正常系: 承認待ち申請の取り消し,F-012,normal,1,fail,0,0
b8bb85c7-e468-42ff-ad70-e10746737b87,N-b8bb85,normal,T-012-02,🔴 異常系: 承認済み申請の取り消し不可,F-012,negative,1,pass,1,1
b8bb85c7-e468-42ff-ad70-e10746737b87,N-b8bb85,normal,T-013-01,🟢 正常系: 差し戻し申請の再提出,F-013,normal,1,fail,0,0
b8bb85c7-e468-42ff-ad70-e10746737b87,N-b8bb85,normal,T-013-02,🔴 異常系: 不正なステータス遷移,F-013,negative,1,pass,1,1
b8bb85c7-e468-42ff-ad70-e10746737b87,N-b8bb85,normal,T-014-01,🟢 正常系: 申請提出時の承認者へのメール通知,F-014,normal,1,pass,1,1
b8bb85c7-e468-42ff-ad70-e10746737b87,N-b8bb85,normal,T-014-02,🟢 正常系: 承認完了時の申請者へのメール通知,F-014,normal,1,pass,1,1
b8bb85c7-e468-42ff-ad70-e10746737b87,N-b8bb85,normal,T-015-01,🟢 正常系: 承認履歴の表示,F-015,normal,1,blocked,0,0
b8bb85c7-e468-42ff-ad70-e10746737b87,N-b8bb85,normal,T-016-01,🟢 正常系: CSVエクスポート,F-016,normal,1,blocked,0,0
b8bb85c7-e468-42ff-ad70-e10746737b87,N-b8bb85,normal,T-016-02,🟢 正常系: 検索条件を絞り込んだCSVエクスポート,F-016,normal,1,blocked,0,0
b8bb85c7-e468-42ff-ad70-e10746737b87,N-b8bb85,normal,T-016-03,🔴 異常系: 一般ユーザーによるCSVエクスポート権限エラー,F-016,negative,1,pass,1,1
b8bb85c7-e468-42ff-ad70-e10746737b87,N-b8bb85,normal,T-017-01,🟢 正常系: 一般ユーザーのダッシュボード表示,F-017,normal,1,fail,0,0
b8bb85c7-e468-42ff-ad70-e10746737b87,N-b8bb85,normal,T-017-02,🟢 正常系: 課長のダッシュボード表示,F-017,normal,1,blocked,0,0
b8bb85c7-e468-42ff-ad70-e10746737b87,N-b8bb85,normal,T-018-01,🟢 正常系: ユーザー情報編集,F-018,normal,1,pass,1,1
b8bb85c7-e468-42ff-ad70-e10746737b87,N-b8bb85,normal,T-018-02,🔴 異常系: 自分自身の無効化エラー,F-018,negative,1,pass,1,1
b8bb85c7-e468-42ff-ad70-e10746737b87,N-b8bb85,normal,T-018-03,🔴 異常系: 一般ユーザーによるユーザー管理アクセス拒否,F-018,negative,1,pass,1,1
b8bb85c7-e468-42ff-ad70-e10746737b87,N-b8bb85,normal,T-019-01,🟢 正常系: パスワード変更成功,F-019,normal,1,fail,0,0
b8bb85c7-e468-42ff-ad70-e10746737b87,N-b8bb85,normal,T-019-02,🔴 異常系: 現在のパスワード不一致エラー,F-019,negative,1,pass,1,1
b8bb85c7-e468-42ff-ad70-e10746737b87,N-b8bb85,normal,T-019-03,🔴 異常系: 同一パスワード設定エラー,F-019,negative,1,pass,1,1
b8bb85c7-e468-42ff-ad70-e10746737b87,N-b8bb85,normal,T-020-01,🟢 正常系: システム設定の変更,F-020,normal,1,pass,1,1
b8bb85c7-e468-42ff-ad70-e10746737b87,N-b8bb85,normal,T-020-02,🟢 正常系: SMTPテスト送信,F-020,normal,1,pass,1,1
b8bb85c7-e468-42ff-ad70-e10746737b87,N-b8bb85,normal,T-020-03,🔴 異常系: セッションタイムアウト範囲外エラー,F-020,negative,1,pass,1,1
b8bb85c7-e468-42ff-ad70-e10746737b87,N-b8bb85,normal,T-020-04,🔴 異常系: 一般ユーザーによるシステム設定アクセス拒否,F-020,negative,1,fail,0,0
ba9b31f3-7a29-4fad-ac2d-bba3bac61a0f,N-ba9b31,normal,T-001-01,🟢 正常系: ユーザー新規登録,F-001,normal,1,pass,1,1
ba9b31f3-7a29-4fad-ac2d-bba3bac61a0f,N-ba9b31,normal,T-001-02,🔴 異常系: メールアドレス重複エラー,F-001,negative,1,pass,1,1
ba9b31f3-7a29-4fad-ac2d-bba3bac61a0f,N-ba9b31,normal,T-001-03,🔴 異常系: パスワード強度不足エラー,F-001,negative,1,pass,1,1
ba9b31f3-7a29-4fad-ac2d-bba3bac61a0f,N-ba9b31,normal,T-001-04,🔴 異常系: パスワード不一致エラー,F-001,negative,1,pass,1,1
ba9b31f3-7a29-4fad-ac2d-bba3bac61a0f,N-ba9b31,normal,T-002-01,🟢 正常系: ログイン成功,F-002,normal,1,pass,1,1
ba9b31f3-7a29-4fad-ac2d-bba3bac61a0f,N-ba9b31,normal,T-002-02,🟢 正常系: ログアウト成功,F-002,normal,1,pass,1,1
ba9b31f3-7a29-4fad-ac2d-bba3bac61a0f,N-ba9b31,normal,T-002-03,🔴 異常系: 認証失敗,F-002,negative,1,pass,1,1
ba9b31f3-7a29-4fad-ac2d-bba3bac61a0f,N-ba9b31,normal,T-002-04,🔴 異常系: アカウントロック,F-002,negative,1,pass,1,1
ba9b31f3-7a29-4fad-ac2d-bba3bac61a0f,N-ba9b31,normal,T-003-01,🟢 正常系: 申請種別選択と入力フォーム表示,F-003,normal,1,pass,1,1
ba9b31f3-7a29-4fad-ac2d-bba3bac61a0f,N-ba9b31,normal,T-003-02,🔴 異常系: 申請種別未選択エラー,F-003,negative,1,fail,0,0
ba9b31f3-7a29-4fad-ac2d-bba3bac61a0f,N-ba9b31,normal,T-004-01,🟢 正常系: 申請内容の入力,F-004,normal,1,fail,0,0
ba9b31f3-7a29-4fad-ac2d-bba3bac61a0f,N-ba9b31,normal,T-004-02,🔴 異常系: 申請金額範囲外エラー,F-004,negative,1,pass,1,1
ba9b31f3-7a29-4fad-ac2d-bba3bac61a0f,N-ba9b31,normal,T-004-03,🔴 異常系: ファイルサイズ超過エラー,F-004,negative,1,fail,0,0
ba9b31f3-7a29-4fad-ac2d-bba3bac61a0f,N-ba9b31,normal,T-005-01,🟢 正常系: 下書き保存,F-005,normal,1,pass,1,1
ba9b31f3-7a29-4fad-ac2d-bba3bac61a0f,N-ba9b31,normal,T-005-02,🟢 正常系: 下書き再編集,F-005,normal,1,pass,1,1
ba9b31f3-7a29-4fad-ac2d-bba3bac61a0f,N-ba9b31,normal,T-006-01,🟢 正常系: 申請提出（課長承認ルート）,F-006,normal,1,pass,1,1
ba9b31f3-7a29-4fad-ac2d-bba3bac61a0f,N-ba9b31,normal,T-006-02,🟢 正常系: 申請提出（部長承認ルート）,F-006,normal,1,fail,0,0
ba9b31f3-7a29-4fad-ac2d-bba3bac61a0f,N-ba9b31,normal,T-006-03,"🟡 境界値テスト: 承認ルート境界値（999,999円 → 課長）",F-006,boundary,1,pass,1,1
ba9b31f3-7a29-4fad-ac2d-bba3bac61a0f,N-ba9b31,normal,T-006-04,"🟡 境界値テスト: 承認ルート境界値（1,000,000円 → 部長）",F-006,boundary,1,pass,1,1
ba9b31f3-7a29-4fad-ac2d-bba3bac61a0f,N-ba9b31,normal,T-006-05,"🟡 境界値テスト: 承認ルート境界値（999,998円・1,000,001円）",F-006,boundary,2,pass,1,1
ba9b31f3-7a29-4fad-ac2d-bba3bac61a0f,N-ba9b31,normal,T-006-06,🔴 異常系: 必須項目未入力での提出エラー,F-006,negative,1,pass,1,1
ba9b31f3-7a29-4fad-ac2d-bba3bac61a0f,N-ba9b31,normal,T-007-01,🟢 正常系: 申請一覧表示（一般ユーザー）,F-007,normal,1,blocked,0,0
ba9b31f3-7a29-4fad-ac2d-bba3bac61a0f,N-ba9b31,normal,T-007-02,🟢 正常系: 申請一覧表示（課長）,F-007,normal,1,blocked,0,0
ba9b31f3-7a29-4fad-ac2d-bba3bac61a0f,N-ba9b31,normal,T-007-03,🟢 正常系: ページネーション,F-007,normal,1,blocked,0,0
ba9b31f3-7a29-4fad-ac2d-bba3bac61a0f,N-ba9b31,normal,T-008-01,🟢 正常系: キーワード検索,F-008,normal,1,blocked,0,0
ba9b31f3-7a29-4fad-ac2d-bba3bac61a0f,N-ba9b31,normal,T-008-02,🟢 正常系: ステータスで絞り込み,F-008,normal,1,blocked,0,0
ba9b31f3-7a29-4fad-ac2d-bba3bac61a0f,N-ba9b31,normal,T-008-03,🔴 異常系: 日付範囲不正エラー,F-008,negative,1,pass,1,1
ba9b31f3-7a29-4fad-ac2d-bba3bac61a0f,N-ba9b31,normal,T-008-04,🟢 正常系: 検索結果0件,F-008,normal,1,pass,1,1
ba9b31f3-7a29-4fad-ac2d-bba3bac61a0f,N-ba9b31,normal,T-009-01,🟢 正常系: 申請詳細表示（申請者本人）,F-009,normal,1,pass,1,1
ba9b31f3-7a29-4fad-ac2d-bba3bac61a0f,N-ba9b31,normal,T-009-02,🔴 異常系: 他ユーザーの申請詳細へのアクセス拒否,F-009,negative,1,pass,1,1
ba9b31f3-7a29-4fad-ac2d-bba3bac61a0f,N-ba9b31,normal,T-010-01,🟢 正常系: 課長による承認,F-010,normal,1,pass,1,1
ba9b31f3-7a29-4fad-ac2d-bba3bac61a0f,N-ba9b31,normal,T-010-02,🟢 正常系: 部長による承認,F-010,normal,1,pass,1,1
ba9b31f3-7a29-4fad-ac2d-bba3bac61a0f,N-ba9b31,normal,T-010-03,🔴 異常系: 承認権限のないユーザーによる承認不可,F-010,negative,1,pass,1,1
ba9b31f3-7a29-4fad-ac2d-bba3bac61a0f,N-ba9b31,normal,T-011-01,🟢 正常系: 差し戻し処理,F-011,normal,1,pass,1,1
ba9b31f3-7a29-4fad-ac2d-bba3bac61a0f,N-ba9b31,normal,T-011-02,🔴 異常系: 差し戻しコメント未入力エラー,F-011,negative,1,pass,1,1
ba9b31f3-7a29-4fad-ac2d-bba3bac61a0f,N-ba9b31,normal,T-012-01,🟢 正常系: 承認待ち申請の取り消し,F-012,normal,1,fail,0,0
ba9b31f3-7a29-4fad-ac2d-bba3bac61a0f,N-ba9b31,normal,T-012-02,🔴 異常系: 承認済み申請の取り消し不可,F-012,negative,1,pass,1,1
ba9b31f3-7a29-4fad-ac2d-bba3bac61a0f,N-ba9b31,normal,T-013-01,🟢 正常系: 差し戻し申請の再提出,F-013,normal,1,fail,0,0
ba9b31f3-7a29-4fad-ac2d-bba3bac61a0f,N-ba9b31,normal,T-013-02,🔴 異常系: 不正なステータス遷移,F-013,negative,1,pass,1,1
ba9b31f3-7a29-4fad-ac2d-bba3bac61a0f,N-ba9b31,normal,T-014-01,🟢 正常系: 申請提出時の承認者へのメール通知,F-014,normal,1,fail,0,0
ba9b31f3-7a29-4fad-ac2d-bba3bac61a0f,N-ba9b31,normal,T-014-02,🟢 正常系: 承認完了時の申請者へのメール通知,F-014,normal,1,pass,1,1
ba9b31f3-7a29-4fad-ac2d-bba3bac61a0f,N-ba9b31,normal,T-015-01,🟢 正常系: 承認履歴の表示,F-015,normal,1,fail,0,0
ba9b31f3-7a29-4fad-ac2d-bba3bac61a0f,N-ba9b31,normal,T-016-01,🟢 正常系: CSVエクスポート,F-016,normal,1,blocked,0,0
ba9b31f3-7a29-4fad-ac2d-bba3bac61a0f,N-ba9b31,normal,T-016-02,🟢 正常系: 検索条件を絞り込んだCSVエクスポート,F-016,normal,1,blocked,0,0
ba9b31f3-7a29-4fad-ac2d-bba3bac61a0f,N-ba9b31,normal,T-016-03,🔴 異常系: 一般ユーザーによるCSVエクスポート権限エラー,F-016,negative,1,pass,1,1
ba9b31f3-7a29-4fad-ac2d-bba3bac61a0f,N-ba9b31,normal,T-017-01,🟢 正常系: 一般ユーザーのダッシュボード表示,F-017,normal,1,blocked,0,0
ba9b31f3-7a29-4fad-ac2d-bba3bac61a0f,N-ba9b31,normal,T-017-02,🟢 正常系: 課長のダッシュボード表示,F-017,normal,1,blocked,0,0
ba9b31f3-7a29-4fad-ac2d-bba3bac61a0f,N-ba9b31,normal,T-018-01,🟢 正常系: ユーザー情報編集,F-018,normal,1,pass,1,1
ba9b31f3-7a29-4fad-ac2d-bba3bac61a0f,N-ba9b31,normal,T-018-02,🔴 異常系: 自分自身の無効化エラー,F-018,negative,1,pass,1,1
ba9b31f3-7a29-4fad-ac2d-bba3bac61a0f,N-ba9b31,normal,T-018-03,🔴 異常系: 一般ユーザーによるユーザー管理アクセス拒否,F-018,negative,1,pass,1,1
ba9b31f3-7a29-4fad-ac2d-bba3bac61a0f,N-ba9b31,normal,T-019-01,🟢 正常系: パスワード変更成功,F-019,normal,1,fail,0,0
ba9b31f3-7a29-4fad-ac2d-bba3bac61a0f,N-ba9b31,normal,T-019-02,🔴 異常系: 現在のパスワード不一致エラー,F-019,negative,1,pass,1,1
ba9b31f3-7a29-4fad-ac2d-bba3bac61a0f,N-ba9b31,normal,T-019-03,🔴 異常系: 同一パスワード設定エラー,F-019,negative,1,pass,1,1
ba9b31f3-7a29-4fad-ac2d-bba3bac61a0f,N-ba9b31,normal,T-020-01,🟢 正常系: システム設定の変更,F-020,normal,1,pass,1,1
ba9b31f3-7a29-4fad-ac2d-bba3bac61a0f,N-ba9b31,normal,T-020-02,🟢 正常系: SMTPテスト送信,F-020,normal,1,pass,1,1
ba9b31f3-7a29-4fad-ac2d-bba3bac61a0f,N-ba9b31,normal,T-020-03,🔴 異常系: セッションタイムアウト範囲外エラー,F-020,negative,1,pass,1,1
ba9b31f3-7a29-4fad-ac2d-bba3bac61a0f,N-ba9b31,normal,T-020-04,🔴 異常系: 一般ユーザーによるシステム設定アクセス拒否,F-020,negative,1,pass,1,1
bf51ba90-dc2c-4f70-85da-a9de5642d0a4,N-bf51ba,normal,T-001-01,🟢 正常系: ユーザー新規登録,F-001,normal,1,pass,1,1
bf51ba90-dc2c-4f70-85da-a9de5642d0a4,N-bf51ba,normal,T-001-02,🔴 異常系: メールアドレス重複エラー,F-001,negative,1,pass,1,1
bf51ba90-dc2c-4f70-85da-a9de5642d0a4,N-bf51ba,normal,T-001-03,🔴 異常系: パスワード強度不足エラー,F-001,negative,1,pass,1,1
bf51ba90-dc2c-4f70-85da-a9de5642d0a4,N-bf51ba,normal,T-001-04,🔴 異常系: パスワード不一致エラー,F-001,negative,1,pass,1,1
bf51ba90-dc2c-4f70-85da-a9de5642d0a4,N-bf51ba,normal,T-002-01,🟢 正常系: ログイン成功,F-002,normal,1,fail,0,0
bf51ba90-dc2c-4f70-85da-a9de5642d0a4,N-bf51ba,normal,T-002-02,🟢 正常系: ログアウト成功,F-002,normal,1,fail,0,0
bf51ba90-dc2c-4f70-85da-a9de5642d0a4,N-bf51ba,normal,T-002-03,🔴 異常系: 認証失敗,F-002,negative,1,pass,1,1
bf51ba90-dc2c-4f70-85da-a9de5642d0a4,N-bf51ba,normal,T-002-04,🔴 異常系: アカウントロック,F-002,negative,1,pass,1,1
bf51ba90-dc2c-4f70-85da-a9de5642d0a4,N-bf51ba,normal,T-003-01,🟢 正常系: 申請種別選択と入力フォーム表示,F-003,normal,1,fail,0,0
bf51ba90-dc2c-4f70-85da-a9de5642d0a4,N-bf51ba,normal,T-003-02,🔴 異常系: 申請種別未選択エラー,F-003,negative,1,fail,0,0
bf51ba90-dc2c-4f70-85da-a9de5642d0a4,N-bf51ba,normal,T-004-01,🟢 正常系: 申請内容の入力,F-004,normal,1,pass,1,1
bf51ba90-dc2c-4f70-85da-a9de5642d0a4,N-bf51ba,normal,T-004-02,🔴 異常系: 申請金額範囲外エラー,F-004,negative,1,pass,1,1
bf51ba90-dc2c-4f70-85da-a9de5642d0a4,N-bf51ba,normal,T-004-03,🔴 異常系: ファイルサイズ超過エラー,F-004,negative,1,fail,0,0
bf51ba90-dc2c-4f70-85da-a9de5642d0a4,N-bf51ba,normal,T-005-01,🟢 正常系: 下書き保存,F-005,normal,1,pass,1,1
bf51ba90-dc2c-4f70-85da-a9de5642d0a4,N-bf51ba,normal,T-005-02,🟢 正常系: 下書き再編集,F-005,normal,1,fail,0,0
bf51ba90-dc2c-4f70-85da-a9de5642d0a4,N-bf51ba,normal,T-006-01,🟢 正常系: 申請提出（課長承認ルート）,F-006,normal,1,pass,1,1
bf51ba90-dc2c-4f70-85da-a9de5642d0a4,N-bf51ba,normal,T-006-02,🟢 正常系: 申請提出（部長承認ルート）,F-006,normal,1,pass,1,1
bf51ba90-dc2c-4f70-85da-a9de5642d0a4,N-bf51ba,normal,T-006-03,"🟡 境界値テスト: 承認ルート境界値（999,999円 → 課長）",F-006,boundary,1,pass,1,1
bf51ba90-dc2c-4f70-85da-a9de5642d0a4,N-bf51ba,normal,T-006-04,"🟡 境界値テスト: 承認ルート境界値（1,000,000円 → 部長）",F-006,boundary,1,pass,1,1
bf51ba90-dc2c-4f70-85da-a9de5642d0a4,N-bf51ba,normal,T-006-05,"🟡 境界値テスト: 承認ルート境界値（999,998円・1,000,001円）",F-006,boundary,2,pass,1,1
bf51ba90-dc2c-4f70-85da-a9de5642d0a4,N-bf51ba,normal,T-006-06,🔴 異常系: 必須項目未入力での提出エラー,F-006,negative,1,pass,1,1
bf51ba90-dc2c-4f70-85da-a9de5642d0a4,N-bf51ba,normal,T-007-01,🟢 正常系: 申請一覧表示（一般ユーザー）,F-007,normal,1,blocked,0,0
bf51ba90-dc2c-4f70-85da-a9de5642d0a4,N-bf51ba,normal,T-007-02,🟢 正常系: 申請一覧表示（課長）,F-007,normal,1,pass,1,1
bf51ba90-dc2c-4f70-85da-a9de5642d0a4,N-bf51ba,normal,T-007-03,🟢 正常系: ページネーション,F-007,normal,1,blocked,0,0
bf51ba90-dc2c-4f70-85da-a9de5642d0a4,N-bf51ba,normal,T-008-01,🟢 正常系: キーワード検索,F-008,normal,1,blocked,0,0
bf51ba90-dc2c-4f70-85da-a9de5642d0a4,N-bf51ba,normal,T-008-02,🟢 正常系: ステータスで絞り込み,F-008,normal,1,blocked,0,0
bf51ba90-dc2c-4f70-85da-a9de5642d0a4,N-bf51ba,normal,T-008-03,🔴 異常系: 日付範囲不正エラー,F-008,negative,1,pass,1,1
bf51ba90-dc2c-4f70-85da-a9de5642d0a4,N-bf51ba,normal,T-008-04,🟢 正常系: 検索結果0件,F-008,normal,1,pass,1,1
bf51ba90-dc2c-4f70-85da-a9de5642d0a4,N-bf51ba,normal,T-009-01,🟢 正常系: 申請詳細表示（申請者本人）,F-009,normal,1,fail,0,0
bf51ba90-dc2c-4f70-85da-a9de5642d0a4,N-bf51ba,normal,T-009-02,🔴 異常系: 他ユーザーの申請詳細へのアクセス拒否,F-009,negative,1,pass,1,1
bf51ba90-dc2c-4f70-85da-a9de5642d0a4,N-bf51ba,normal,T-010-01,🟢 正常系: 課長による承認,F-010,normal,1,fail,0,0
bf51ba90-dc2c-4f70-85da-a9de5642d0a4,N-bf51ba,normal,T-010-02,🟢 正常系: 部長による承認,F-010,normal,1,pass,1,1
bf51ba90-dc2c-4f70-85da-a9de5642d0a4,N-bf51ba,normal,T-010-03,🔴 異常系: 承認権限のないユーザーによる承認不可,F-010,negative,1,pass,1,1
bf51ba90-dc2c-4f70-85da-a9de5642d0a4,N-bf51ba,normal,T-011-01,🟢 正常系: 差し戻し処理,F-011,normal,1,pass,1,1
bf51ba90-dc2c-4f70-85da-a9de5642d0a4,N-bf51ba,normal,T-011-02,🔴 異常系: 差し戻しコメント未入力エラー,F-011,negative,1,pass,1,1
bf51ba90-dc2c-4f70-85da-a9de5642d0a4,N-bf51ba,normal,T-012-01,🟢 正常系: 承認待ち申請の取り消し,F-012,normal,1,fail,0,0
bf51ba90-dc2c-4f70-85da-a9de5642d0a4,N-bf51ba,normal,T-012-02,🔴 異常系: 承認済み申請の取り消し不可,F-012,negative,1,pass,1,1
bf51ba90-dc2c-4f70-85da-a9de5642d0a4,N-bf51ba,normal,T-013-01,🟢 正常系: 差し戻し申請の再提出,F-013,normal,1,fail,0,0
bf51ba90-dc2c-4f70-85da-a9de5642d0a4,N-bf51ba,normal,T-013-02,🔴 異常系: 不正なステータス遷移,F-013,negative,1,pass,1,1
bf51ba90-dc2c-4f70-85da-a9de5642d0a4,N-bf51ba,normal,T-014-01,🟢 正常系: 申請提出時の承認者へのメール通知,F-014,normal,1,fail,0,0
bf51ba90-dc2c-4f70-85da-a9de5642d0a4,N-bf51ba,normal,T-014-02,🟢 正常系: 承認完了時の申請者へのメール通知,F-014,normal,1,pass,1,1
bf51ba90-dc2c-4f70-85da-a9de5642d0a4,N-bf51ba,normal,T-015-01,🟢 正常系: 承認履歴の表示,F-015,normal,1,fail,0,0
bf51ba90-dc2c-4f70-85da-a9de5642d0a4,N-bf51ba,normal,T-016-01,🟢 正常系: CSVエクスポート,F-016,normal,1,blocked,0,0
bf51ba90-dc2c-4f70-85da-a9de5642d0a4,N-bf51ba,normal,T-016-02,🟢 正常系: 検索条件を絞り込んだCSVエクスポート,F-016,normal,1,blocked,0,0
bf51ba90-dc2c-4f70-85da-a9de5642d0a4,N-bf51ba,normal,T-016-03,🔴 異常系: 一般ユーザーによるCSVエクスポート権限エラー,F-016,negative,1,pass,1,1
bf51ba90-dc2c-4f70-85da-a9de5642d0a4,N-bf51ba,normal,T-017-01,🟢 正常系: 一般ユーザーのダッシュボード表示,F-017,normal,1,fail,0,0
bf51ba90-dc2c-4f70-85da-a9de5642d0a4,N-bf51ba,normal,T-017-02,🟢 正常系: 課長のダッシュボード表示,F-017,normal,1,blocked,0,0
bf51ba90-dc2c-4f70-85da-a9de5642d0a4,N-bf51ba,normal,T-018-01,🟢 正常系: ユーザー情報編集,F-018,normal,1,pass,1,1
bf51ba90-dc2c-4f70-85da-a9de5642d0a4,N-bf51ba,normal,T-018-02,🔴 異常系: 自分自身の無効化エラー,F-018,negative,1,pass,1,1
bf51ba90-dc2c-4f70-85da-a9de5642d0a4,N-bf51ba,normal,T-018-03,🔴 異常系: 一般ユーザーによるユーザー管理アクセス拒否,F-018,negative,1,pass,1,1
bf51ba90-dc2c-4f70-85da-a9de5642d0a4,N-bf51ba,normal,T-019-01,🟢 正常系: パスワード変更成功,F-019,normal,1,pass,1,1
bf51ba90-dc2c-4f70-85da-a9de5642d0a4,N-bf51ba,normal,T-019-02,🔴 異常系: 現在のパスワード不一致エラー,F-019,negative,1,pass,1,1
bf51ba90-dc2c-4f70-85da-a9de5642d0a4,N-bf51ba,normal,T-019-03,🔴 異常系: 同一パスワード設定エラー,F-019,negative,1,pass,1,1
bf51ba90-dc2c-4f70-85da-a9de5642d0a4,N-bf51ba,normal,T-020-01,🟢 正常系: システム設定の変更,F-020,normal,1,pass,1,1
bf51ba90-dc2c-4f70-85da-a9de5642d0a4,N-bf51ba,normal,T-020-02,🟢 正常系: SMTPテスト送信,F-020,normal,1,pass,1,1
bf51ba90-dc2c-4f70-85da-a9de5642d0a4,N-bf51ba,normal,T-020-03,🔴 異常系: セッションタイムアウト範囲外エラー,F-020,negative,1,pass,1,1
bf51ba90-dc2c-4f70-85da-a9de5642d0a4,N-bf51ba,normal,T-020-04,🔴 異常系: 一般ユーザーによるシステム設定アクセス拒否,F-020,negative,1,pass,1,1
c276743a-2030-42c6-a0b7-e8c787f6f37b,A-c27674,anti,T-001-01,🟢 正常系: ユーザー新規登録,F-001,normal,1,pass,1,1
c276743a-2030-42c6-a0b7-e8c787f6f37b,A-c27674,anti,T-001-02,🔴 異常系: メールアドレス重複エラー,F-001,negative,1,pass,1,1
c276743a-2030-42c6-a0b7-e8c787f6f37b,A-c27674,anti,T-001-03,🔴 異常系: パスワード強度不足エラー,F-001,negative,1,pass,1,1
c276743a-2030-42c6-a0b7-e8c787f6f37b,A-c27674,anti,T-001-04,🔴 異常系: パスワード不一致エラー,F-001,negative,1,pass,1,1
c276743a-2030-42c6-a0b7-e8c787f6f37b,A-c27674,anti,T-002-01,🟢 正常系: ログイン成功,F-002,normal,1,pass,1,1
c276743a-2030-42c6-a0b7-e8c787f6f37b,A-c27674,anti,T-002-02,🟢 正常系: ログアウト成功,F-002,normal,1,fail,0,0
c276743a-2030-42c6-a0b7-e8c787f6f37b,A-c27674,anti,T-002-03,🔴 異常系: 認証失敗,F-002,negative,1,pass,1,1
c276743a-2030-42c6-a0b7-e8c787f6f37b,A-c27674,anti,T-002-04,🔴 異常系: アカウントロック,F-002,negative,1,pass,1,1
c276743a-2030-42c6-a0b7-e8c787f6f37b,A-c27674,anti,T-003-01,🟢 正常系: 申請種別選択と入力フォーム表示,F-003,normal,1,fail,0,0
c276743a-2030-42c6-a0b7-e8c787f6f37b,A-c27674,anti,T-003-02,🔴 異常系: 申請種別未選択エラー,F-003,negative,1,fail,0,0
c276743a-2030-42c6-a0b7-e8c787f6f37b,A-c27674,anti,T-004-01,🟢 正常系: 申請内容の入力,F-004,normal,1,fail,0,0
c276743a-2030-42c6-a0b7-e8c787f6f37b,A-c27674,anti,T-004-02,🔴 異常系: 申請金額範囲外エラー,F-004,negative,1,fail,0,0
c276743a-2030-42c6-a0b7-e8c787f6f37b,A-c27674,anti,T-004-03,🔴 異常系: ファイルサイズ超過エラー,F-004,negative,1,fail,0,0
c276743a-2030-42c6-a0b7-e8c787f6f37b,A-c27674,anti,T-005-01,🟢 正常系: 下書き保存,F-005,normal,1,fail,0,0
c276743a-2030-42c6-a0b7-e8c787f6f37b,A-c27674,anti,T-005-02,🟢 正常系: 下書き再編集,F-005,normal,1,fail,0,0
c276743a-2030-42c6-a0b7-e8c787f6f37b,A-c27674,anti,T-006-01,🟢 正常系: 申請提出（課長承認ルート）,F-006,normal,1,fail,0,0
c276743a-2030-42c6-a0b7-e8c787f6f37b,A-c27674,anti,T-006-02,🟢 正常系: 申請提出（部長承認ルート）,F-006,normal,1,fail,0,0
c276743a-2030-42c6-a0b7-e8c787f6f37b,A-c27674,anti,T-006-03,"🟡 境界値テスト: 承認ルート境界値（999,999円 → 課長）",F-006,boundary,1,fail,0,0
c276743a-2030-42c6-a0b7-e8c787f6f37b,A-c27674,anti,T-006-04,"🟡 境界値テスト: 承認ルート境界値（1,000,000円 → 部長）",F-006,boundary,1,fail,0,0
c276743a-2030-42c6-a0b7-e8c787f6f37b,A-c27674,anti,T-006-05,"🟡 境界値テスト: 承認ルート境界値（999,998円・1,000,001円）",F-006,boundary,2,fail,0,0
c276743a-2030-42c6-a0b7-e8c787f6f37b,A-c27674,anti,T-006-06,🔴 異常系: 必須項目未入力での提出エラー,F-006,negative,1,fail,0,0
c276743a-2030-42c6-a0b7-e8c787f6f37b,A-c27674,anti,T-007-01,🟢 正常系: 申請一覧表示（一般ユーザー）,F-007,normal,1,blocked,0,0
c276743a-2030-42c6-a0b7-e8c787f6f37b,A-c27674,anti,T-007-02,🟢 正常系: 申請一覧表示（課長）,F-007,normal,1,blocked,0,0
c276743a-2030-42c6-a0b7-e8c787f6f37b,A-c27674,anti,T-007-03,🟢 正常系: ページネーション,F-007,normal,1,blocked,0,0
c276743a-2030-42c6-a0b7-e8c787f6f37b,A-c27674,anti,T-008-01,🟢 正常系: キーワード検索,F-008,normal,1,blocked,0,0
c276743a-2030-42c6-a0b7-e8c787f6f37b,A-c27674,anti,T-008-02,🟢 正常系: ステータスで絞り込み,F-008,normal,1,blocked,0,0
c276743a-2030-42c6-a0b7-e8c787f6f37b,A-c27674,anti,T-008-03,🔴 異常系: 日付範囲不正エラー,F-008,negative,1,fail,0,0
c276743a-2030-42c6-a0b7-e8c787f6f37b,A-c27674,anti,T-008-04,🟢 正常系: 検索結果0件,F-008,normal,1,fail,0,0
c276743a-2030-42c6-a0b7-e8c787f6f37b,A-c27674,anti,T-009-01,🟢 正常系: 申請詳細表示（申請者本人）,F-009,normal,1,fail,0,0
c276743a-2030-42c6-a0b7-e8c787f6f37b,A-c27674,anti,T-009-02,🔴 異常系: 他ユーザーの申請詳細へのアクセス拒否,F-009,negative,1,fail,0,0
c276743a-2030-42c6-a0b7-e8c787f6f37b,A-c27674,anti,T-010-01,🟢 正常系: 課長による承認,F-010,normal,1,fail,0,0
c276743a-2030-42c6-a0b7-e8c787f6f37b,A-c27674,anti,T-010-02,🟢 正常系: 部長による承認,F-010,normal,1,fail,0,0
c276743a-2030-42c6-a0b7-e8c787f6f37b,A-c27674,anti,T-010-03,🔴 異常系: 承認権限のないユーザーによる承認不可,F-010,negative,1,fail,0,0
c276743a-2030-42c6-a0b7-e8c787f6f37b,A-c27674,anti,T-011-01,🟢 正常系: 差し戻し処理,F-011,normal,1,fail,0,0
c276743a-2030-42c6-a0b7-e8c787f6f37b,A-c27674,anti,T-011-02,🔴 異常系: 差し戻しコメント未入力エラー,F-011,negative,1,fail,0,0
c276743a-2030-42c6-a0b7-e8c787f6f37b,A-c27674,anti,T-012-01,🟢 正常系: 承認待ち申請の取り消し,F-012,normal,1,fail,0,0
c276743a-2030-42c6-a0b7-e8c787f6f37b,A-c27674,anti,T-012-02,🔴 異常系: 承認済み申請の取り消し不可,F-012,negative,1,fail,0,0
c276743a-2030-42c6-a0b7-e8c787f6f37b,A-c27674,anti,T-013-01,🟢 正常系: 差し戻し申請の再提出,F-013,normal,1,fail,0,0
c276743a-2030-42c6-a0b7-e8c787f6f37b,A-c27674,anti,T-013-02,🔴 異常系: 不正なステータス遷移,F-013,negative,1,fail,0,0
c276743a-2030-42c6-a0b7-e8c787f6f37b,A-c27674,anti,T-014-01,🟢 正常系: 申請提出時の承認者へのメール通知,F-014,normal,1,fail,0,0
c276743a-2030-42c6-a0b7-e8c787f6f37b,A-c27674,anti,T-014-02,🟢 正常系: 承認完了時の申請者へのメール通知,F-014,normal,1,fail,0,0
c276743a-2030-42c6-a0b7-e8c787f6f37b,A-c27674,anti,T-015-01,🟢 正常系: 承認履歴の表示,F-015,normal,1,fail,0,0
c276743a-2030-42c6-a0b7-e8c787f6f37b,A-c27674,anti,T-016-01,🟢 正常系: CSVエクスポート,F-016,normal,1,blocked,0,0
c276743a-2030-42c6-a0b7-e8c787f6f37b,A-c27674,anti,T-016-02,🟢 正常系: 検索条件を絞り込んだCSVエクスポート,F-016,normal,1,blocked,0,0
c276743a-2030-42c6-a0b7-e8c787f6f37b,A-c27674,anti,T-016-03,🔴 異常系: 一般ユーザーによるCSVエクスポート権限エラー,F-016,negative,1,blocked,0,0
c276743a-2030-42c6-a0b7-e8c787f6f37b,A-c27674,anti,T-017-01,🟢 正常系: 一般ユーザーのダッシュボード表示,F-017,normal,1,fail,0,0
c276743a-2030-42c6-a0b7-e8c787f6f37b,A-c27674,anti,T-017-02,🟢 正常系: 課長のダッシュボード表示,F-017,normal,1,blocked,0,0
c276743a-2030-42c6-a0b7-e8c787f6f37b,A-c27674,anti,T-018-01,🟢 正常系: ユーザー情報編集,F-018,normal,1,pass,1,1
c276743a-2030-42c6-a0b7-e8c787f6f37b,A-c27674,anti,T-018-02,🔴 異常系: 自分自身の無効化エラー,F-018,negative,1,pass,1,1
c276743a-2030-42c6-a0b7-e8c787f6f37b,A-c27674,anti,T-018-03,🔴 異常系: 一般ユーザーによるユーザー管理アクセス拒否,F-018,negative,1,pass,1,1
c276743a-2030-42c6-a0b7-e8c787f6f37b,A-c27674,anti,T-019-01,🟢 正常系: パスワード変更成功,F-019,normal,1,pass,1,1
c276743a-2030-42c6-a0b7-e8c787f6f37b,A-c27674,anti,T-019-02,🔴 異常系: 現在のパスワード不一致エラー,F-019,negative,1,pass,1,1
c276743a-2030-42c6-a0b7-e8c787f6f37b,A-c27674,anti,T-019-03,🔴 異常系: 同一パスワード設定エラー,F-019,negative,1,pass,1,1
c276743a-2030-42c6-a0b7-e8c787f6f37b,A-c27674,anti,T-020-01,🟢 正常系: システム設定の変更,F-020,normal,1,fail,0,0
c276743a-2030-42c6-a0b7-e8c787f6f37b,A-c27674,anti,T-020-02,🟢 正常系: SMTPテスト送信,F-020,normal,1,pass,1,1
c276743a-2030-42c6-a0b7-e8c787f6f37b,A-c27674,anti,T-020-03,🔴 異常系: セッションタイムアウト範囲外エラー,F-020,negative,1,fail,0,0
c276743a-2030-42c6-a0b7-e8c787f6f37b,A-c27674,anti,T-020-04,🔴 異常系: 一般ユーザーによるシステム設定アクセス拒否,F-020,negative,1,fail,0,0
ca85fc9b-7678-41f4-88bb-257f702ea65b,A-ca85fc,anti,T-001-01,🟢 正常系: ユーザー新規登録,F-001,normal,1,pass,1,1
ca85fc9b-7678-41f4-88bb-257f702ea65b,A-ca85fc,anti,T-001-02,🔴 異常系: メールアドレス重複エラー,F-001,negative,1,pass,1,1
ca85fc9b-7678-41f4-88bb-257f702ea65b,A-ca85fc,anti,T-001-03,🔴 異常系: パスワード強度不足エラー,F-001,negative,1,pass,1,1
ca85fc9b-7678-41f4-88bb-257f702ea65b,A-ca85fc,anti,T-001-04,🔴 異常系: パスワード不一致エラー,F-001,negative,1,pass,1,1
ca85fc9b-7678-41f4-88bb-257f702ea65b,A-ca85fc,anti,T-002-01,🟢 正常系: ログイン成功,F-002,normal,1,pass,1,1
ca85fc9b-7678-41f4-88bb-257f702ea65b,A-ca85fc,anti,T-002-02,🟢 正常系: ログアウト成功,F-002,normal,1,fail,0,0
ca85fc9b-7678-41f4-88bb-257f702ea65b,A-ca85fc,anti,T-002-03,🔴 異常系: 認証失敗,F-002,negative,1,pass,1,1
ca85fc9b-7678-41f4-88bb-257f702ea65b,A-ca85fc,anti,T-002-04,🔴 異常系: アカウントロック,F-002,negative,1,pass,1,1
ca85fc9b-7678-41f4-88bb-257f702ea65b,A-ca85fc,anti,T-003-01,🟢 正常系: 申請種別選択と入力フォーム表示,F-003,normal,1,pass,1,1
ca85fc9b-7678-41f4-88bb-257f702ea65b,A-ca85fc,anti,T-003-02,🔴 異常系: 申請種別未選択エラー,F-003,negative,1,fail,0,0
ca85fc9b-7678-41f4-88bb-257f702ea65b,A-ca85fc,anti,T-004-01,🟢 正常系: 申請内容の入力,F-004,normal,1,pass,1,1
ca85fc9b-7678-41f4-88bb-257f702ea65b,A-ca85fc,anti,T-004-02,🔴 異常系: 申請金額範囲外エラー,F-004,negative,1,pass,1,1
ca85fc9b-7678-41f4-88bb-257f702ea65b,A-ca85fc,anti,T-004-03,🔴 異常系: ファイルサイズ超過エラー,F-004,negative,1,fail,0,0
ca85fc9b-7678-41f4-88bb-257f702ea65b,A-ca85fc,anti,T-005-01,🟢 正常系: 下書き保存,F-005,normal,1,pass,1,1
ca85fc9b-7678-41f4-88bb-257f702ea65b,A-ca85fc,anti,T-005-02,🟢 正常系: 下書き再編集,F-005,normal,1,pass,1,1
ca85fc9b-7678-41f4-88bb-257f702ea65b,A-ca85fc,anti,T-006-01,🟢 正常系: 申請提出（課長承認ルート）,F-006,normal,1,fail,0,0
ca85fc9b-7678-41f4-88bb-257f702ea65b,A-ca85fc,anti,T-006-02,🟢 正常系: 申請提出（部長承認ルート）,F-006,normal,1,pass,1,1
ca85fc9b-7678-41f4-88bb-257f702ea65b,A-ca85fc,anti,T-006-03,"🟡 境界値テスト: 承認ルート境界値（999,999円 → 課長）",F-006,boundary,1,fail,0,0
ca85fc9b-7678-41f4-88bb-257f702ea65b,A-ca85fc,anti,T-006-04,"🟡 境界値テスト: 承認ルート境界値（1,000,000円 → 部長）",F-006,boundary,1,pass,1,1
ca85fc9b-7678-41f4-88bb-257f702ea65b,A-ca85fc,anti,T-006-05,"🟡 境界値テスト: 承認ルート境界値（999,998円・1,000,001円）",F-006,boundary,2,fail,0,0
ca85fc9b-7678-41f4-88bb-257f702ea65b,A-ca85fc,anti,T-006-06,🔴 異常系: 必須項目未入力での提出エラー,F-006,negative,1,pass,1,1
ca85fc9b-7678-41f4-88bb-257f702ea65b,A-ca85fc,anti,T-007-01,🟢 正常系: 申請一覧表示（一般ユーザー）,F-007,normal,1,blocked,0,0
ca85fc9b-7678-41f4-88bb-257f702ea65b,A-ca85fc,anti,T-007-02,🟢 正常系: 申請一覧表示（課長）,F-007,normal,1,pass,1,1
ca85fc9b-7678-41f4-88bb-257f702ea65b,A-ca85fc,anti,T-007-03,🟢 正常系: ページネーション,F-007,normal,1,blocked,0,0
ca85fc9b-7678-41f4-88bb-257f702ea65b,A-ca85fc,anti,T-008-01,🟢 正常系: キーワード検索,F-008,normal,1,blocked,0,0
ca85fc9b-7678-41f4-88bb-257f702ea65b,A-ca85fc,anti,T-008-02,🟢 正常系: ステータスで絞り込み,F-008,normal,1,pass,1,1
ca85fc9b-7678-41f4-88bb-257f702ea65b,A-ca85fc,anti,T-008-03,🔴 異常系: 日付範囲不正エラー,F-008,negative,1,pass,1,1
ca85fc9b-7678-41f4-88bb-257f702ea65b,A-ca85fc,anti,T-008-04,🟢 正常系: 検索結果0件,F-008,normal,1,pass,1,1
ca85fc9b-7678-41f4-88bb-257f702ea65b,A-ca85fc,anti,T-009-01,🟢 正常系: 申請詳細表示（申請者本人）,F-009,normal,1,pass,1,1
ca85fc9b-7678-41f4-88bb-257f702ea65b,A-ca85fc,anti,T-009-02,🔴 異常系: 他ユーザーの申請詳細へのアクセス拒否,F-009,negative,1,pass,1,1
ca85fc9b-7678-41f4-88bb-257f702ea65b,A-ca85fc,anti,T-010-01,🟢 正常系: 課長による承認,F-010,normal,1,fail,0,0
ca85fc9b-7678-41f4-88bb-257f702ea65b,A-ca85fc,anti,T-010-02,🟢 正常系: 部長による承認,F-010,normal,1,pass,1,1
ca85fc9b-7678-41f4-88bb-257f702ea65b,A-ca85fc,anti,T-010-03,🔴 異常系: 承認権限のないユーザーによる承認不可,F-010,negative,1,pass,1,1
ca85fc9b-7678-41f4-88bb-257f702ea65b,A-ca85fc,anti,T-011-01,🟢 正常系: 差し戻し処理,F-011,normal,1,fail,0,0
ca85fc9b-7678-41f4-88bb-257f702ea65b,A-ca85fc,anti,T-011-02,🔴 異常系: 差し戻しコメント未入力エラー,F-011,negative,1,fail,0,0
ca85fc9b-7678-41f4-88bb-257f702ea65b,A-ca85fc,anti,T-012-01,🟢 正常系: 承認待ち申請の取り消し,F-012,normal,1,fail,0,0
ca85fc9b-7678-41f4-88bb-257f702ea65b,A-ca85fc,anti,T-012-02,🔴 異常系: 承認済み申請の取り消し不可,F-012,negative,1,fail,0,0
ca85fc9b-7678-41f4-88bb-257f702ea65b,A-ca85fc,anti,T-013-01,🟢 正常系: 差し戻し申請の再提出,F-013,normal,1,fail,0,0
ca85fc9b-7678-41f4-88bb-257f702ea65b,A-ca85fc,anti,T-013-02,🔴 異常系: 不正なステータス遷移,F-013,negative,1,fail,0,0
ca85fc9b-7678-41f4-88bb-257f702ea65b,A-ca85fc,anti,T-014-01,🟢 正常系: 申請提出時の承認者へのメール通知,F-014,normal,1,fail,0,0
ca85fc9b-7678-41f4-88bb-257f702ea65b,A-ca85fc,anti,T-014-02,🟢 正常系: 承認完了時の申請者へのメール通知,F-014,normal,1,fail,0,0
ca85fc9b-7678-41f4-88bb-257f702ea65b,A-ca85fc,anti,T-015-01,🟢 正常系: 承認履歴の表示,F-015,normal,1,fail,0,0
ca85fc9b-7678-41f4-88bb-257f702ea65b,A-ca85fc,anti,T-016-01,🟢 正常系: CSVエクスポート,F-016,normal,1,fail,0,0
ca85fc9b-7678-41f4-88bb-257f702ea65b,A-ca85fc,anti,T-016-02,🟢 正常系: 検索条件を絞り込んだCSVエクスポート,F-016,normal,1,pass,1,1
ca85fc9b-7678-41f4-88bb-257f702ea65b,A-ca85fc,anti,T-016-03,🔴 異常系: 一般ユーザーによるCSVエクスポート権限エラー,F-016,negative,1,pass,1,1
ca85fc9b-7678-41f4-88bb-257f702ea65b,A-ca85fc,anti,T-017-01,🟢 正常系: 一般ユーザーのダッシュボード表示,F-017,normal,1,pass,1,1
ca85fc9b-7678-41f4-88bb-257f702ea65b,A-ca85fc,anti,T-017-02,🟢 正常系: 課長のダッシュボード表示,F-017,normal,1,blocked,0,0
ca85fc9b-7678-41f4-88bb-257f702ea65b,A-ca85fc,anti,T-018-01,🟢 正常系: ユーザー情報編集,F-018,normal,1,pass,1,1
ca85fc9b-7678-41f4-88bb-257f702ea65b,A-ca85fc,anti,T-018-02,🔴 異常系: 自分自身の無効化エラー,F-018,negative,1,pass,1,1
ca85fc9b-7678-41f4-88bb-257f702ea65b,A-ca85fc,anti,T-018-03,🔴 異常系: 一般ユーザーによるユーザー管理アクセス拒否,F-018,negative,1,fail,0,0
ca85fc9b-7678-41f4-88bb-257f702ea65b,A-ca85fc,anti,T-019-01,🟢 正常系: パスワード変更成功,F-019,normal,1,fail,0,0
ca85fc9b-7678-41f4-88bb-257f702ea65b,A-ca85fc,anti,T-019-02,🔴 異常系: 現在のパスワード不一致エラー,F-019,negative,1,pass,1,1
ca85fc9b-7678-41f4-88bb-257f702ea65b,A-ca85fc,anti,T-019-03,🔴 異常系: 同一パスワード設定エラー,F-019,negative,1,pass,1,1
ca85fc9b-7678-41f4-88bb-257f702ea65b,A-ca85fc,anti,T-020-01,🟢 正常系: システム設定の変更,F-020,normal,1,pass,1,1
ca85fc9b-7678-41f4-88bb-257f702ea65b,A-ca85fc,anti,T-020-02,🟢 正常系: SMTPテスト送信,F-020,normal,1,pass,1,1
ca85fc9b-7678-41f4-88bb-257f702ea65b,A-ca85fc,anti,T-020-03,🔴 異常系: セッションタイムアウト範囲外エラー,F-020,negative,1,pass,1,1
ca85fc9b-7678-41f4-88bb-257f702ea65b,A-ca85fc,anti,T-020-04,🔴 異常系: 一般ユーザーによるシステム設定アクセス拒否,F-020,negative,1,fail,0,0
cb52fec6-4294-41ad-8a10-e507d4995f0d,A-cb52fe,anti,T-001-01,🟢 正常系: ユーザー新規登録,F-001,normal,1,pass,1,1
cb52fec6-4294-41ad-8a10-e507d4995f0d,A-cb52fe,anti,T-001-02,🔴 異常系: メールアドレス重複エラー,F-001,negative,1,pass,1,1
cb52fec6-4294-41ad-8a10-e507d4995f0d,A-cb52fe,anti,T-001-03,🔴 異常系: パスワード強度不足エラー,F-001,negative,1,pass,1,1
cb52fec6-4294-41ad-8a10-e507d4995f0d,A-cb52fe,anti,T-001-04,🔴 異常系: パスワード不一致エラー,F-001,negative,1,pass,1,1
cb52fec6-4294-41ad-8a10-e507d4995f0d,A-cb52fe,anti,T-002-01,🟢 正常系: ログイン成功,F-002,normal,1,pass,1,1
cb52fec6-4294-41ad-8a10-e507d4995f0d,A-cb52fe,anti,T-002-02,🟢 正常系: ログアウト成功,F-002,normal,1,fail,0,0
cb52fec6-4294-41ad-8a10-e507d4995f0d,A-cb52fe,anti,T-002-03,🔴 異常系: 認証失敗,F-002,negative,1,pass,1,1
cb52fec6-4294-41ad-8a10-e507d4995f0d,A-cb52fe,anti,T-002-04,🔴 異常系: アカウントロック,F-002,negative,1,pass,1,1
cb52fec6-4294-41ad-8a10-e507d4995f0d,A-cb52fe,anti,T-003-01,🟢 正常系: 申請種別選択と入力フォーム表示,F-003,normal,1,pass,1,1
cb52fec6-4294-41ad-8a10-e507d4995f0d,A-cb52fe,anti,T-003-02,🔴 異常系: 申請種別未選択エラー,F-003,negative,1,fail,0,0
cb52fec6-4294-41ad-8a10-e507d4995f0d,A-cb52fe,anti,T-004-01,🟢 正常系: 申請内容の入力,F-004,normal,1,pass,1,1
cb52fec6-4294-41ad-8a10-e507d4995f0d,A-cb52fe,anti,T-004-02,🔴 異常系: 申請金額範囲外エラー,F-004,negative,1,fail,0,0
cb52fec6-4294-41ad-8a10-e507d4995f0d,A-cb52fe,anti,T-004-03,🔴 異常系: ファイルサイズ超過エラー,F-004,negative,1,fail,0,0
cb52fec6-4294-41ad-8a10-e507d4995f0d,A-cb52fe,anti,T-005-01,🟢 正常系: 下書き保存,F-005,normal,1,pass,1,1
cb52fec6-4294-41ad-8a10-e507d4995f0d,A-cb52fe,anti,T-005-02,🟢 正常系: 下書き再編集,F-005,normal,1,pass,1,1
cb52fec6-4294-41ad-8a10-e507d4995f0d,A-cb52fe,anti,T-006-01,🟢 正常系: 申請提出（課長承認ルート）,F-006,normal,1,blocked,0,0
cb52fec6-4294-41ad-8a10-e507d4995f0d,A-cb52fe,anti,T-006-02,🟢 正常系: 申請提出（部長承認ルート）,F-006,normal,1,blocked,0,0
cb52fec6-4294-41ad-8a10-e507d4995f0d,A-cb52fe,anti,T-006-03,"🟡 境界値テスト: 承認ルート境界値（999,999円 → 課長）",F-006,boundary,1,blocked,0,0
cb52fec6-4294-41ad-8a10-e507d4995f0d,A-cb52fe,anti,T-006-04,"🟡 境界値テスト: 承認ルート境界値（1,000,000円 → 部長）",F-006,boundary,1,blocked,0,0
cb52fec6-4294-41ad-8a10-e507d4995f0d,A-cb52fe,anti,T-006-05,"🟡 境界値テスト: 承認ルート境界値（999,998円・1,000,001円）",F-006,boundary,2,blocked,0,0
cb52fec6-4294-41ad-8a10-e507d4995f0d,A-cb52fe,anti,T-006-06,🔴 異常系: 必須項目未入力での提出エラー,F-006,negative,1,pass,1,1
cb52fec6-4294-41ad-8a10-e507d4995f0d,A-cb52fe,anti,T-007-01,🟢 正常系: 申請一覧表示（一般ユーザー）,F-007,normal,1,blocked,0,0
cb52fec6-4294-41ad-8a10-e507d4995f0d,A-cb52fe,anti,T-007-02,🟢 正常系: 申請一覧表示（課長）,F-007,normal,1,blocked,0,0
cb52fec6-4294-41ad-8a10-e507d4995f0d,A-cb52fe,anti,T-007-03,🟢 正常系: ページネーション,F-007,normal,1,blocked,0,0
cb52fec6-4294-41ad-8a10-e507d4995f0d,A-cb52fe,anti,T-008-01,🟢 正常系: キーワード検索,F-008,normal,1,blocked,0,0
cb52fec6-4294-41ad-8a10-e507d4995f0d,A-cb52fe,anti,T-008-02,🟢 正常系: ステータスで絞り込み,F-008,normal,1,blocked,0,0
cb52fec6-4294-41ad-8a10-e507d4995f0d,A-cb52fe,anti,T-008-03,🔴 異常系: 日付範囲不正エラー,F-008,negative,1,pass,1,1
cb52fec6-4294-41ad-8a10-e507d4995f0d,A-cb52fe,anti,T-008-04,🟢 正常系: 検索結果0件,F-008,normal,1,pass,1,1
cb52fec6-4294-41ad-8a10-e507d4995f0d,A-cb52fe,anti,T-009-01,🟢 正常系: 申請詳細表示（申請者本人）,F-009,normal,1,blocked,0,0
cb52fec6-4294-41ad-8a10-e507d4995f0d,A-cb52fe,anti,T-009-02,🔴 異常系: 他ユーザーの申請詳細へのアクセス拒否,F-009,negative,1,blocked,0,0
cb52fec6-4294-41ad-8a10-e507d4995f0d,A-cb52fe,anti,T-010-01,🟢 正常系: 課長による承認,F-010,normal,1,blocked,0,0
cb52fec6-4294-41ad-8a10-e507d4995f0d,A-cb52fe,anti,T-010-02,🟢 正常系: 部長による承認,F-010,normal,1,blocked,0,0
cb52fec6-4294-41ad-8a10-e507d4995f0d,A-cb52fe,anti,T-010-03,🔴 異常系: 承認権限のないユーザーによる承認不可,F-010,negative,1,blocked,0,0
cb52fec6-4294-41ad-8a10-e507d4995f0d,A-cb52fe,anti,T-011-01,🟢 正常系: 差し戻し処理,F-011,normal,1,blocked,0,0
cb52fec6-4294-41ad-8a10-e507d4995f0d,A-cb52fe,anti,T-011-02,🔴 異常系: 差し戻しコメント未入力エラー,F-011,negative,1,blocked,0,0
cb52fec6-4294-41ad-8a10-e507d4995f0d,A-cb52fe,anti,T-012-01,🟢 正常系: 承認待ち申請の取り消し,F-012,normal,1,blocked,0,0
cb52fec6-4294-41ad-8a10-e507d4995f0d,A-cb52fe,anti,T-012-02,🔴 異常系: 承認済み申請の取り消し不可,F-012,negative,1,blocked,0,0
cb52fec6-4294-41ad-8a10-e507d4995f0d,A-cb52fe,anti,T-013-01,🟢 正常系: 差し戻し申請の再提出,F-013,normal,1,blocked,0,0
cb52fec6-4294-41ad-8a10-e507d4995f0d,A-cb52fe,anti,T-013-02,🔴 異常系: 不正なステータス遷移,F-013,negative,1,blocked,0,0
cb52fec6-4294-41ad-8a10-e507d4995f0d,A-cb52fe,anti,T-014-01,🟢 正常系: 申請提出時の承認者へのメール通知,F-014,normal,1,blocked,0,0
cb52fec6-4294-41ad-8a10-e507d4995f0d,A-cb52fe,anti,T-014-02,🟢 正常系: 承認完了時の申請者へのメール通知,F-014,normal,1,blocked,0,0
cb52fec6-4294-41ad-8a10-e507d4995f0d,A-cb52fe,anti,T-015-01,🟢 正常系: 承認履歴の表示,F-015,normal,1,blocked,0,0
cb52fec6-4294-41ad-8a10-e507d4995f0d,A-cb52fe,anti,T-016-01,🟢 正常系: CSVエクスポート,F-016,normal,1,blocked,0,0
cb52fec6-4294-41ad-8a10-e507d4995f0d,A-cb52fe,anti,T-016-02,🟢 正常系: 検索条件を絞り込んだCSVエクスポート,F-016,normal,1,blocked,0,0
cb52fec6-4294-41ad-8a10-e507d4995f0d,A-cb52fe,anti,T-016-03,🔴 異常系: 一般ユーザーによるCSVエクスポート権限エラー,F-016,negative,1,pass,1,1
cb52fec6-4294-41ad-8a10-e507d4995f0d,A-cb52fe,anti,T-017-01,🟢 正常系: 一般ユーザーのダッシュボード表示,F-017,normal,1,blocked,0,0
cb52fec6-4294-41ad-8a10-e507d4995f0d,A-cb52fe,anti,T-017-02,🟢 正常系: 課長のダッシュボード表示,F-017,normal,1,blocked,0,0
cb52fec6-4294-41ad-8a10-e507d4995f0d,A-cb52fe,anti,T-018-01,🟢 正常系: ユーザー情報編集,F-018,normal,1,pass,1,1
cb52fec6-4294-41ad-8a10-e507d4995f0d,A-cb52fe,anti,T-018-02,🔴 異常系: 自分自身の無効化エラー,F-018,negative,1,pass,1,1
cb52fec6-4294-41ad-8a10-e507d4995f0d,A-cb52fe,anti,T-018-03,🔴 異常系: 一般ユーザーによるユーザー管理アクセス拒否,F-018,negative,1,pass,1,1
cb52fec6-4294-41ad-8a10-e507d4995f0d,A-cb52fe,anti,T-019-01,🟢 正常系: パスワード変更成功,F-019,normal,1,pass,1,1
cb52fec6-4294-41ad-8a10-e507d4995f0d,A-cb52fe,anti,T-019-02,🔴 異常系: 現在のパスワード不一致エラー,F-019,negative,1,pass,1,1
cb52fec6-4294-41ad-8a10-e507d4995f0d,A-cb52fe,anti,T-019-03,🔴 異常系: 同一パスワード設定エラー,F-019,negative,1,pass,1,1
cb52fec6-4294-41ad-8a10-e507d4995f0d,A-cb52fe,anti,T-020-01,🟢 正常系: システム設定の変更,F-020,normal,1,pass,1,1
cb52fec6-4294-41ad-8a10-e507d4995f0d,A-cb52fe,anti,T-020-02,🟢 正常系: SMTPテスト送信,F-020,normal,1,pass,1,1
cb52fec6-4294-41ad-8a10-e507d4995f0d,A-cb52fe,anti,T-020-03,🔴 異常系: セッションタイムアウト範囲外エラー,F-020,negative,1,pass,1,1
cb52fec6-4294-41ad-8a10-e507d4995f0d,A-cb52fe,anti,T-020-04,🔴 異常系: 一般ユーザーによるシステム設定アクセス拒否,F-020,negative,1,pass,1,1
cbbb10c7-8f02-4692-8214-a371b9bcc307,N-cbbb10,normal,T-001-01,🟢 正常系: ユーザー新規登録,F-001,normal,1,pass,1,1
cbbb10c7-8f02-4692-8214-a371b9bcc307,N-cbbb10,normal,T-001-02,🔴 異常系: メールアドレス重複エラー,F-001,negative,1,pass,1,1
cbbb10c7-8f02-4692-8214-a371b9bcc307,N-cbbb10,normal,T-001-03,🔴 異常系: パスワード強度不足エラー,F-001,negative,1,pass,1,1
cbbb10c7-8f02-4692-8214-a371b9bcc307,N-cbbb10,normal,T-001-04,🔴 異常系: パスワード不一致エラー,F-001,negative,1,pass,1,1
cbbb10c7-8f02-4692-8214-a371b9bcc307,N-cbbb10,normal,T-002-01,🟢 正常系: ログイン成功,F-002,normal,1,pass,1,1
cbbb10c7-8f02-4692-8214-a371b9bcc307,N-cbbb10,normal,T-002-02,🟢 正常系: ログアウト成功,F-002,normal,1,fail,0,0
cbbb10c7-8f02-4692-8214-a371b9bcc307,N-cbbb10,normal,T-002-03,🔴 異常系: 認証失敗,F-002,negative,1,pass,1,1
cbbb10c7-8f02-4692-8214-a371b9bcc307,N-cbbb10,normal,T-002-04,🔴 異常系: アカウントロック,F-002,negative,1,pass,1,1
cbbb10c7-8f02-4692-8214-a371b9bcc307,N-cbbb10,normal,T-003-01,🟢 正常系: 申請種別選択と入力フォーム表示,F-003,normal,1,fail,0,0
cbbb10c7-8f02-4692-8214-a371b9bcc307,N-cbbb10,normal,T-003-02,🔴 異常系: 申請種別未選択エラー,F-003,negative,1,fail,0,0
cbbb10c7-8f02-4692-8214-a371b9bcc307,N-cbbb10,normal,T-004-01,🟢 正常系: 申請内容の入力,F-004,normal,1,fail,0,0
cbbb10c7-8f02-4692-8214-a371b9bcc307,N-cbbb10,normal,T-004-02,🔴 異常系: 申請金額範囲外エラー,F-004,negative,1,fail,0,0
cbbb10c7-8f02-4692-8214-a371b9bcc307,N-cbbb10,normal,T-004-03,🔴 異常系: ファイルサイズ超過エラー,F-004,negative,1,fail,0,0
cbbb10c7-8f02-4692-8214-a371b9bcc307,N-cbbb10,normal,T-005-01,🟢 正常系: 下書き保存,F-005,normal,1,fail,0,0
cbbb10c7-8f02-4692-8214-a371b9bcc307,N-cbbb10,normal,T-005-02,🟢 正常系: 下書き再編集,F-005,normal,1,fail,0,0
cbbb10c7-8f02-4692-8214-a371b9bcc307,N-cbbb10,normal,T-006-01,🟢 正常系: 申請提出（課長承認ルート）,F-006,normal,1,fail,0,0
cbbb10c7-8f02-4692-8214-a371b9bcc307,N-cbbb10,normal,T-006-02,🟢 正常系: 申請提出（部長承認ルート）,F-006,normal,1,fail,0,0
cbbb10c7-8f02-4692-8214-a371b9bcc307,N-cbbb10,normal,T-006-03,"🟡 境界値テスト: 承認ルート境界値（999,999円 → 課長）",F-006,boundary,1,fail,0,0
cbbb10c7-8f02-4692-8214-a371b9bcc307,N-cbbb10,normal,T-006-04,"🟡 境界値テスト: 承認ルート境界値（1,000,000円 → 部長）",F-006,boundary,1,fail,0,0
cbbb10c7-8f02-4692-8214-a371b9bcc307,N-cbbb10,normal,T-006-05,"🟡 境界値テスト: 承認ルート境界値（999,998円・1,000,001円）",F-006,boundary,2,fail,0,0
cbbb10c7-8f02-4692-8214-a371b9bcc307,N-cbbb10,normal,T-006-06,🔴 異常系: 必須項目未入力での提出エラー,F-006,negative,1,fail,0,0
cbbb10c7-8f02-4692-8214-a371b9bcc307,N-cbbb10,normal,T-007-01,🟢 正常系: 申請一覧表示（一般ユーザー）,F-007,normal,1,blocked,0,0
cbbb10c7-8f02-4692-8214-a371b9bcc307,N-cbbb10,normal,T-007-02,🟢 正常系: 申請一覧表示（課長）,F-007,normal,1,blocked,0,0
cbbb10c7-8f02-4692-8214-a371b9bcc307,N-cbbb10,normal,T-007-03,🟢 正常系: ページネーション,F-007,normal,1,blocked,0,0
cbbb10c7-8f02-4692-8214-a371b9bcc307,N-cbbb10,normal,T-008-01,🟢 正常系: キーワード検索,F-008,normal,1,blocked,0,0
cbbb10c7-8f02-4692-8214-a371b9bcc307,N-cbbb10,normal,T-008-02,🟢 正常系: ステータスで絞り込み,F-008,normal,1,blocked,0,0
cbbb10c7-8f02-4692-8214-a371b9bcc307,N-cbbb10,normal,T-008-03,🔴 異常系: 日付範囲不正エラー,F-008,negative,1,pass,1,1
cbbb10c7-8f02-4692-8214-a371b9bcc307,N-cbbb10,normal,T-008-04,🟢 正常系: 検索結果0件,F-008,normal,1,pass,1,1
cbbb10c7-8f02-4692-8214-a371b9bcc307,N-cbbb10,normal,T-009-01,🟢 正常系: 申請詳細表示（申請者本人）,F-009,normal,1,fail,0,0
cbbb10c7-8f02-4692-8214-a371b9bcc307,N-cbbb10,normal,T-009-02,🔴 異常系: 他ユーザーの申請詳細へのアクセス拒否,F-009,negative,1,fail,0,0
cbbb10c7-8f02-4692-8214-a371b9bcc307,N-cbbb10,normal,T-010-01,🟢 正常系: 課長による承認,F-010,normal,1,fail,0,0
cbbb10c7-8f02-4692-8214-a371b9bcc307,N-cbbb10,normal,T-010-02,🟢 正常系: 部長による承認,F-010,normal,1,fail,0,0
cbbb10c7-8f02-4692-8214-a371b9bcc307,N-cbbb10,normal,T-010-03,🔴 異常系: 承認権限のないユーザーによる承認不可,F-010,negative,1,fail,0,0
cbbb10c7-8f02-4692-8214-a371b9bcc307,N-cbbb10,normal,T-011-01,🟢 正常系: 差し戻し処理,F-011,normal,1,fail,0,0
cbbb10c7-8f02-4692-8214-a371b9bcc307,N-cbbb10,normal,T-011-02,🔴 異常系: 差し戻しコメント未入力エラー,F-011,negative,1,fail,0,0
cbbb10c7-8f02-4692-8214-a371b9bcc307,N-cbbb10,normal,T-012-01,🟢 正常系: 承認待ち申請の取り消し,F-012,normal,1,fail,0,0
cbbb10c7-8f02-4692-8214-a371b9bcc307,N-cbbb10,normal,T-012-02,🔴 異常系: 承認済み申請の取り消し不可,F-012,negative,1,fail,0,0
cbbb10c7-8f02-4692-8214-a371b9bcc307,N-cbbb10,normal,T-013-01,🟢 正常系: 差し戻し申請の再提出,F-013,normal,1,fail,0,0
cbbb10c7-8f02-4692-8214-a371b9bcc307,N-cbbb10,normal,T-013-02,🔴 異常系: 不正なステータス遷移,F-013,negative,1,fail,0,0
cbbb10c7-8f02-4692-8214-a371b9bcc307,N-cbbb10,normal,T-014-01,🟢 正常系: 申請提出時の承認者へのメール通知,F-014,normal,1,fail,0,0
cbbb10c7-8f02-4692-8214-a371b9bcc307,N-cbbb10,normal,T-014-02,🟢 正常系: 承認完了時の申請者へのメール通知,F-014,normal,1,fail,0,0
cbbb10c7-8f02-4692-8214-a371b9bcc307,N-cbbb10,normal,T-015-01,🟢 正常系: 承認履歴の表示,F-015,normal,1,fail,0,0
cbbb10c7-8f02-4692-8214-a371b9bcc307,N-cbbb10,normal,T-016-01,🟢 正常系: CSVエクスポート,F-016,normal,1,blocked,0,0
cbbb10c7-8f02-4692-8214-a371b9bcc307,N-cbbb10,normal,T-016-02,🟢 正常系: 検索条件を絞り込んだCSVエクスポート,F-016,normal,1,blocked,0,0
cbbb10c7-8f02-4692-8214-a371b9bcc307,N-cbbb10,normal,T-016-03,🔴 異常系: 一般ユーザーによるCSVエクスポート権限エラー,F-016,negative,1,pass,1,1
cbbb10c7-8f02-4692-8214-a371b9bcc307,N-cbbb10,normal,T-017-01,🟢 正常系: 一般ユーザーのダッシュボード表示,F-017,normal,1,fail,0,0
cbbb10c7-8f02-4692-8214-a371b9bcc307,N-cbbb10,normal,T-017-02,🟢 正常系: 課長のダッシュボード表示,F-017,normal,1,blocked,0,0
cbbb10c7-8f02-4692-8214-a371b9bcc307,N-cbbb10,normal,T-018-01,🟢 正常系: ユーザー情報編集,F-018,normal,1,pass,1,1
cbbb10c7-8f02-4692-8214-a371b9bcc307,N-cbbb10,normal,T-018-02,🔴 異常系: 自分自身の無効化エラー,F-018,negative,1,pass,1,1
cbbb10c7-8f02-4692-8214-a371b9bcc307,N-cbbb10,normal,T-018-03,🔴 異常系: 一般ユーザーによるユーザー管理アクセス拒否,F-018,negative,1,pass,1,1
cbbb10c7-8f02-4692-8214-a371b9bcc307,N-cbbb10,normal,T-019-01,🟢 正常系: パスワード変更成功,F-019,normal,1,pass,1,1
cbbb10c7-8f02-4692-8214-a371b9bcc307,N-cbbb10,normal,T-019-02,🔴 異常系: 現在のパスワード不一致エラー,F-019,negative,1,pass,1,1
cbbb10c7-8f02-4692-8214-a371b9bcc307,N-cbbb10,normal,T-019-03,🔴 異常系: 同一パスワード設定エラー,F-019,negative,1,pass,1,1
cbbb10c7-8f02-4692-8214-a371b9bcc307,N-cbbb10,normal,T-020-01,🟢 正常系: システム設定の変更,F-020,normal,1,fail,0,0
cbbb10c7-8f02-4692-8214-a371b9bcc307,N-cbbb10,normal,T-020-02,🟢 正常系: SMTPテスト送信,F-020,normal,1,pass,1,1
cbbb10c7-8f02-4692-8214-a371b9bcc307,N-cbbb10,normal,T-020-03,🔴 異常系: セッションタイムアウト範囲外エラー,F-020,negative,1,fail,0,0
cbbb10c7-8f02-4692-8214-a371b9bcc307,N-cbbb10,normal,T-020-04,🔴 異常系: 一般ユーザーによるシステム設定アクセス拒否,F-020,negative,1,fail,0,0
cc1ad56e-0db0-4187-8d1d-9e89552abe92,N-cc1ad5,normal,T-001-01,🟢 正常系: ユーザー新規登録,F-001,normal,1,pass,1,1
cc1ad56e-0db0-4187-8d1d-9e89552abe92,N-cc1ad5,normal,T-001-02,🔴 異常系: メールアドレス重複エラー,F-001,negative,1,pass,1,1
cc1ad56e-0db0-4187-8d1d-9e89552abe92,N-cc1ad5,normal,T-001-03,🔴 異常系: パスワード強度不足エラー,F-001,negative,1,pass,1,1
cc1ad56e-0db0-4187-8d1d-9e89552abe92,N-cc1ad5,normal,T-001-04,🔴 異常系: パスワード不一致エラー,F-001,negative,1,pass,1,1
cc1ad56e-0db0-4187-8d1d-9e89552abe92,N-cc1ad5,normal,T-002-01,🟢 正常系: ログイン成功,F-002,normal,1,pass,1,1
cc1ad56e-0db0-4187-8d1d-9e89552abe92,N-cc1ad5,normal,T-002-02,🟢 正常系: ログアウト成功,F-002,normal,1,fail,0,0
cc1ad56e-0db0-4187-8d1d-9e89552abe92,N-cc1ad5,normal,T-002-03,🔴 異常系: 認証失敗,F-002,negative,1,pass,1,1
cc1ad56e-0db0-4187-8d1d-9e89552abe92,N-cc1ad5,normal,T-002-04,🔴 異常系: アカウントロック,F-002,negative,1,pass,1,1
cc1ad56e-0db0-4187-8d1d-9e89552abe92,N-cc1ad5,normal,T-003-01,🟢 正常系: 申請種別選択と入力フォーム表示,F-003,normal,1,pass,1,1
cc1ad56e-0db0-4187-8d1d-9e89552abe92,N-cc1ad5,normal,T-003-02,🔴 異常系: 申請種別未選択エラー,F-003,negative,1,pass,1,1
cc1ad56e-0db0-4187-8d1d-9e89552abe92,N-cc1ad5,normal,T-004-01,🟢 正常系: 申請内容の入力,F-004,normal,1,pass,1,1
cc1ad56e-0db0-4187-8d1d-9e89552abe92,N-cc1ad5,normal,T-004-02,🔴 異常系: 申請金額範囲外エラー,F-004,negative,1,pass,1,1
cc1ad56e-0db0-4187-8d1d-9e89552abe92,N-cc1ad5,normal,T-004-03,🔴 異常系: ファイルサイズ超過エラー,F-004,negative,1,fail,0,0
cc1ad56e-0db0-4187-8d1d-9e89552abe92,N-cc1ad5,normal,T-005-01,🟢 正常系: 下書き保存,F-005,normal,1,pass,1,1
cc1ad56e-0db0-4187-8d1d-9e89552abe92,N-cc1ad5,normal,T-005-02,🟢 正常系: 下書き再編集,F-005,normal,1,fail,0,0
cc1ad56e-0db0-4187-8d1d-9e89552abe92,N-cc1ad5,normal,T-006-01,🟢 正常系: 申請提出（課長承認ルート）,F-006,normal,1,pass,1,1
cc1ad56e-0db0-4187-8d1d-9e89552abe92,N-cc1ad5,normal,T-006-02,🟢 正常系: 申請提出（部長承認ルート）,F-006,normal,1,pass,1,1
cc1ad56e-0db0-4187-8d1d-9e89552abe92,N-cc1ad5,normal,T-006-03,"🟡 境界値テスト: 承認ルート境界値（999,999円 → 課長）",F-006,boundary,1,pass,1,1
cc1ad56e-0db0-4187-8d1d-9e89552abe92,N-cc1ad5,normal,T-006-04,"🟡 境界値テスト: 承認ルート境界値（1,000,000円 → 部長）",F-006,boundary,1,pass,1,1
cc1ad56e-0db0-4187-8d1d-9e89552abe92,N-cc1ad5,normal,T-006-05,"🟡 境界値テスト: 承認ルート境界値（999,998円・1,000,001円）",F-006,boundary,2,pass,1,1
cc1ad56e-0db0-4187-8d1d-9e89552abe92,N-cc1ad5,normal,T-006-06,🔴 異常系: 必須項目未入力での提出エラー,F-006,negative,1,pass,1,1
cc1ad56e-0db0-4187-8d1d-9e89552abe92,N-cc1ad5,normal,T-007-01,🟢 正常系: 申請一覧表示（一般ユーザー）,F-007,normal,1,blocked,0,0
cc1ad56e-0db0-4187-8d1d-9e89552abe92,N-cc1ad5,normal,T-007-02,🟢 正常系: 申請一覧表示（課長）,F-007,normal,1,pass,1,1
cc1ad56e-0db0-4187-8d1d-9e89552abe92,N-cc1ad5,normal,T-007-03,🟢 正常系: ページネーション,F-007,normal,1,blocked,0,0
cc1ad56e-0db0-4187-8d1d-9e89552abe92,N-cc1ad5,normal,T-008-01,🟢 正常系: キーワード検索,F-008,normal,1,blocked,0,0
cc1ad56e-0db0-4187-8d1d-9e89552abe92,N-cc1ad5,normal,T-008-02,🟢 正常系: ステータスで絞り込み,F-008,normal,1,blocked,0,0
cc1ad56e-0db0-4187-8d1d-9e89552abe92,N-cc1ad5,normal,T-008-03,🔴 異常系: 日付範囲不正エラー,F-008,negative,1,pass,1,1
cc1ad56e-0db0-4187-8d1d-9e89552abe92,N-cc1ad5,normal,T-008-04,🟢 正常系: 検索結果0件,F-008,normal,1,pass,1,1
cc1ad56e-0db0-4187-8d1d-9e89552abe92,N-cc1ad5,normal,T-009-01,🟢 正常系: 申請詳細表示（申請者本人）,F-009,normal,1,pass,1,1
cc1ad56e-0db0-4187-8d1d-9e89552abe92,N-cc1ad5,normal,T-009-02,🔴 異常系: 他ユーザーの申請詳細へのアクセス拒否,F-009,negative,1,pass,1,1
cc1ad56e-0db0-4187-8d1d-9e89552abe92,N-cc1ad5,normal,T-010-01,🟢 正常系: 課長による承認,F-010,normal,1,fail,0,0
cc1ad56e-0db0-4187-8d1d-9e89552abe92,N-cc1ad5,normal,T-010-02,🟢 正常系: 部長による承認,F-010,normal,1,pass,1,1
cc1ad56e-0db0-4187-8d1d-9e89552abe92,N-cc1ad5,normal,T-010-03,🔴 異常系: 承認権限のないユーザーによる承認不可,F-010,negative,1,pass,1,1
cc1ad56e-0db0-4187-8d1d-9e89552abe92,N-cc1ad5,normal,T-011-01,🟢 正常系: 差し戻し処理,F-011,normal,1,fail,0,0
cc1ad56e-0db0-4187-8d1d-9e89552abe92,N-cc1ad5,normal,T-011-02,🔴 異常系: 差し戻しコメント未入力エラー,F-011,negative,1,pass,1,1
cc1ad56e-0db0-4187-8d1d-9e89552abe92,N-cc1ad5,normal,T-012-01,🟢 正常系: 承認待ち申請の取り消し,F-012,normal,1,pass,1,1
cc1ad56e-0db0-4187-8d1d-9e89552abe92,N-cc1ad5,normal,T-012-02,🔴 異常系: 承認済み申請の取り消し不可,F-012,negative,1,pass,1,1
cc1ad56e-0db0-4187-8d1d-9e89552abe92,N-cc1ad5,normal,T-013-01,🟢 正常系: 差し戻し申請の再提出,F-013,normal,1,fail,0,0
cc1ad56e-0db0-4187-8d1d-9e89552abe92,N-cc1ad5,normal,T-013-02,🔴 異常系: 不正なステータス遷移,F-013,negative,1,pass,1,1
cc1ad56e-0db0-4187-8d1d-9e89552abe92,N-cc1ad5,normal,T-014-01,🟢 正常系: 申請提出時の承認者へのメール通知,F-014,normal,1,pass,1,1
cc1ad56e-0db0-4187-8d1d-9e89552abe92,N-cc1ad5,normal,T-014-02,🟢 正常系: 承認完了時の申請者へのメール通知,F-014,normal,1,pass,1,1
cc1ad56e-0db0-4187-8d1d-9e89552abe92,N-cc1ad5,normal,T-015-01,🟢 正常系: 承認履歴の表示,F-015,normal,1,fail,0,0
cc1ad56e-0db0-4187-8d1d-9e89552abe92,N-cc1ad5,normal,T-016-01,🟢 正常系: CSVエクスポート,F-016,normal,1,blocked,0,0
cc1ad56e-0db0-4187-8d1d-9e89552abe92,N-cc1ad5,normal,T-016-02,🟢 正常系: 検索条件を絞り込んだCSVエクスポート,F-016,normal,1,blocked,0,0
cc1ad56e-0db0-4187-8d1d-9e89552abe92,N-cc1ad5,normal,T-016-03,🔴 異常系: 一般ユーザーによるCSVエクスポート権限エラー,F-016,negative,1,pass,1,1
cc1ad56e-0db0-4187-8d1d-9e89552abe92,N-cc1ad5,normal,T-017-01,🟢 正常系: 一般ユーザーのダッシュボード表示,F-017,normal,1,blocked,0,0
cc1ad56e-0db0-4187-8d1d-9e89552abe92,N-cc1ad5,normal,T-017-02,🟢 正常系: 課長のダッシュボード表示,F-017,normal,1,blocked,0,0
cc1ad56e-0db0-4187-8d1d-9e89552abe92,N-cc1ad5,normal,T-018-01,🟢 正常系: ユーザー情報編集,F-018,normal,1,pass,1,1
cc1ad56e-0db0-4187-8d1d-9e89552abe92,N-cc1ad5,normal,T-018-02,🔴 異常系: 自分自身の無効化エラー,F-018,negative,1,pass,1,1
cc1ad56e-0db0-4187-8d1d-9e89552abe92,N-cc1ad5,normal,T-018-03,🔴 異常系: 一般ユーザーによるユーザー管理アクセス拒否,F-018,negative,1,pass,1,1
cc1ad56e-0db0-4187-8d1d-9e89552abe92,N-cc1ad5,normal,T-019-01,🟢 正常系: パスワード変更成功,F-019,normal,1,fail,0,0
cc1ad56e-0db0-4187-8d1d-9e89552abe92,N-cc1ad5,normal,T-019-02,🔴 異常系: 現在のパスワード不一致エラー,F-019,negative,1,pass,1,1
cc1ad56e-0db0-4187-8d1d-9e89552abe92,N-cc1ad5,normal,T-019-03,🔴 異常系: 同一パスワード設定エラー,F-019,negative,1,pass,1,1
cc1ad56e-0db0-4187-8d1d-9e89552abe92,N-cc1ad5,normal,T-020-01,🟢 正常系: システム設定の変更,F-020,normal,1,pass,1,1
cc1ad56e-0db0-4187-8d1d-9e89552abe92,N-cc1ad5,normal,T-020-02,🟢 正常系: SMTPテスト送信,F-020,normal,1,pass,1,1
cc1ad56e-0db0-4187-8d1d-9e89552abe92,N-cc1ad5,normal,T-020-03,🔴 異常系: セッションタイムアウト範囲外エラー,F-020,negative,1,pass,1,1
cc1ad56e-0db0-4187-8d1d-9e89552abe92,N-cc1ad5,normal,T-020-04,🔴 異常系: 一般ユーザーによるシステム設定アクセス拒否,F-020,negative,1,fail,0,0
ccac6a7d-177d-46df-b4d1-a3a441da6f3a,A-ccac6a,anti,T-001-01,🟢 正常系: ユーザー新規登録,F-001,normal,1,pass,1,1
ccac6a7d-177d-46df-b4d1-a3a441da6f3a,A-ccac6a,anti,T-001-02,🔴 異常系: メールアドレス重複エラー,F-001,negative,1,pass,1,1
ccac6a7d-177d-46df-b4d1-a3a441da6f3a,A-ccac6a,anti,T-001-03,🔴 異常系: パスワード強度不足エラー,F-001,negative,1,pass,1,1
ccac6a7d-177d-46df-b4d1-a3a441da6f3a,A-ccac6a,anti,T-001-04,🔴 異常系: パスワード不一致エラー,F-001,negative,1,pass,1,1
ccac6a7d-177d-46df-b4d1-a3a441da6f3a,A-ccac6a,anti,T-002-01,🟢 正常系: ログイン成功,F-002,normal,1,pass,1,1
ccac6a7d-177d-46df-b4d1-a3a441da6f3a,A-ccac6a,anti,T-002-02,🟢 正常系: ログアウト成功,F-002,normal,1,fail,0,0
ccac6a7d-177d-46df-b4d1-a3a441da6f3a,A-ccac6a,anti,T-002-03,🔴 異常系: 認証失敗,F-002,negative,1,pass,1,1
ccac6a7d-177d-46df-b4d1-a3a441da6f3a,A-ccac6a,anti,T-002-04,🔴 異常系: アカウントロック,F-002,negative,1,pass,1,1
ccac6a7d-177d-46df-b4d1-a3a441da6f3a,A-ccac6a,anti,T-003-01,🟢 正常系: 申請種別選択と入力フォーム表示,F-003,normal,1,pass,1,1
ccac6a7d-177d-46df-b4d1-a3a441da6f3a,A-ccac6a,anti,T-003-02,🔴 異常系: 申請種別未選択エラー,F-003,negative,1,pass,1,1
ccac6a7d-177d-46df-b4d1-a3a441da6f3a,A-ccac6a,anti,T-004-01,🟢 正常系: 申請内容の入力,F-004,normal,1,pass,1,1
ccac6a7d-177d-46df-b4d1-a3a441da6f3a,A-ccac6a,anti,T-004-02,🔴 異常系: 申請金額範囲外エラー,F-004,negative,1,pass,1,1
ccac6a7d-177d-46df-b4d1-a3a441da6f3a,A-ccac6a,anti,T-004-03,🔴 異常系: ファイルサイズ超過エラー,F-004,negative,1,fail,0,0
ccac6a7d-177d-46df-b4d1-a3a441da6f3a,A-ccac6a,anti,T-005-01,🟢 正常系: 下書き保存,F-005,normal,1,pass,1,1
ccac6a7d-177d-46df-b4d1-a3a441da6f3a,A-ccac6a,anti,T-005-02,🟢 正常系: 下書き再編集,F-005,normal,1,fail,0,0
ccac6a7d-177d-46df-b4d1-a3a441da6f3a,A-ccac6a,anti,T-006-01,🟢 正常系: 申請提出（課長承認ルート）,F-006,normal,1,fail,0,0
ccac6a7d-177d-46df-b4d1-a3a441da6f3a,A-ccac6a,anti,T-006-02,🟢 正常系: 申請提出（部長承認ルート）,F-006,normal,1,pass,1,1
ccac6a7d-177d-46df-b4d1-a3a441da6f3a,A-ccac6a,anti,T-006-03,"🟡 境界値テスト: 承認ルート境界値（999,999円 → 課長）",F-006,boundary,1,fail,0,0
ccac6a7d-177d-46df-b4d1-a3a441da6f3a,A-ccac6a,anti,T-006-04,"🟡 境界値テスト: 承認ルート境界値（1,000,000円 → 部長）",F-006,boundary,1,pass,1,1
ccac6a7d-177d-46df-b4d1-a3a441da6f3a,A-ccac6a,anti,T-006-05,"🟡 境界値テスト: 承認ルート境界値（999,998円・1,000,001円）",F-006,boundary,2,fail,0,0
ccac6a7d-177d-46df-b4d1-a3a441da6f3a,A-ccac6a,anti,T-006-06,🔴 異常系: 必須項目未入力での提出エラー,F-006,negative,1,pass,1,1
ccac6a7d-177d-46df-b4d1-a3a441da6f3a,A-ccac6a,anti,T-007-01,🟢 正常系: 申請一覧表示（一般ユーザー）,F-007,normal,1,blocked,0,0
ccac6a7d-177d-46df-b4d1-a3a441da6f3a,A-ccac6a,anti,T-007-02,🟢 正常系: 申請一覧表示（課長）,F-007,normal,1,blocked,0,0
ccac6a7d-177d-46df-b4d1-a3a441da6f3a,A-ccac6a,anti,T-007-03,🟢 正常系: ページネーション,F-007,normal,1,blocked,0,0
ccac6a7d-177d-46df-b4d1-a3a441da6f3a,A-ccac6a,anti,T-008-01,🟢 正常系: キーワード検索,F-008,normal,1,blocked,0,0
ccac6a7d-177d-46df-b4d1-a3a441da6f3a,A-ccac6a,anti,T-008-02,🟢 正常系: ステータスで絞り込み,F-008,normal,1,blocked,0,0
ccac6a7d-177d-46df-b4d1-a3a441da6f3a,A-ccac6a,anti,T-008-03,🔴 異常系: 日付範囲不正エラー,F-008,negative,1,pass,1,1
ccac6a7d-177d-46df-b4d1-a3a441da6f3a,A-ccac6a,anti,T-008-04,🟢 正常系: 検索結果0件,F-008,normal,1,pass,1,1
ccac6a7d-177d-46df-b4d1-a3a441da6f3a,A-ccac6a,anti,T-009-01,🟢 正常系: 申請詳細表示（申請者本人）,F-009,normal,1,pass,1,1
ccac6a7d-177d-46df-b4d1-a3a441da6f3a,A-ccac6a,anti,T-009-02,🔴 異常系: 他ユーザーの申請詳細へのアクセス拒否,F-009,negative,1,pass,1,1
ccac6a7d-177d-46df-b4d1-a3a441da6f3a,A-ccac6a,anti,T-010-01,🟢 正常系: 課長による承認,F-010,normal,1,fail,0,0
ccac6a7d-177d-46df-b4d1-a3a441da6f3a,A-ccac6a,anti,T-010-02,🟢 正常系: 部長による承認,F-010,normal,1,pass,1,1
ccac6a7d-177d-46df-b4d1-a3a441da6f3a,A-ccac6a,anti,T-010-03,🔴 異常系: 承認権限のないユーザーによる承認不可,F-010,negative,1,pass,1,1
ccac6a7d-177d-46df-b4d1-a3a441da6f3a,A-ccac6a,anti,T-011-01,🟢 正常系: 差し戻し処理,F-011,normal,1,fail,0,0
ccac6a7d-177d-46df-b4d1-a3a441da6f3a,A-ccac6a,anti,T-011-02,🔴 異常系: 差し戻しコメント未入力エラー,F-011,negative,1,fail,0,0
ccac6a7d-177d-46df-b4d1-a3a441da6f3a,A-ccac6a,anti,T-012-01,🟢 正常系: 承認待ち申請の取り消し,F-012,normal,1,fail,0,0
ccac6a7d-177d-46df-b4d1-a3a441da6f3a,A-ccac6a,anti,T-012-02,🔴 異常系: 承認済み申請の取り消し不可,F-012,negative,1,fail,0,0
ccac6a7d-177d-46df-b4d1-a3a441da6f3a,A-ccac6a,anti,T-013-01,🟢 正常系: 差し戻し申請の再提出,F-013,normal,1,fail,0,0
ccac6a7d-177d-46df-b4d1-a3a441da6f3a,A-ccac6a,anti,T-013-02,🔴 異常系: 不正なステータス遷移,F-013,negative,1,fail,0,0
ccac6a7d-177d-46df-b4d1-a3a441da6f3a,A-ccac6a,anti,T-014-01,🟢 正常系: 申請提出時の承認者へのメール通知,F-014,normal,1,fail,0,0
ccac6a7d-177d-46df-b4d1-a3a441da6f3a,A-ccac6a,anti,T-014-02,🟢 正常系: 承認完了時の申請者へのメール通知,F-014,normal,1,fail,0,0
ccac6a7d-177d-46df-b4d1-a3a441da6f3a,A-ccac6a,anti,T-015-01,🟢 正常系: 承認履歴の表示,F-015,normal,1,fail,0,0
ccac6a7d-177d-46df-b4d1-a3a441da6f3a,A-ccac6a,anti,T-016-01,🟢 正常系: CSVエクスポート,F-016,normal,1,blocked,0,0
ccac6a7d-177d-46df-b4d1-a3a441da6f3a,A-ccac6a,anti,T-016-02,🟢 正常系: 検索条件を絞り込んだCSVエクスポート,F-016,normal,1,blocked,0,0
ccac6a7d-177d-46df-b4d1-a3a441da6f3a,A-ccac6a,anti,T-016-03,🔴 異常系: 一般ユーザーによるCSVエクスポート権限エラー,F-016,negative,1,pass,1,1
ccac6a7d-177d-46df-b4d1-a3a441da6f3a,A-ccac6a,anti,T-017-01,🟢 正常系: 一般ユーザーのダッシュボード表示,F-017,normal,1,fail,0,0
ccac6a7d-177d-46df-b4d1-a3a441da6f3a,A-ccac6a,anti,T-017-02,🟢 正常系: 課長のダッシュボード表示,F-017,normal,1,blocked,0,0
ccac6a7d-177d-46df-b4d1-a3a441da6f3a,A-ccac6a,anti,T-018-01,🟢 正常系: ユーザー情報編集,F-018,normal,1,pass,1,1
ccac6a7d-177d-46df-b4d1-a3a441da6f3a,A-ccac6a,anti,T-018-02,🔴 異常系: 自分自身の無効化エラー,F-018,negative,1,pass,1,1
ccac6a7d-177d-46df-b4d1-a3a441da6f3a,A-ccac6a,anti,T-018-03,🔴 異常系: 一般ユーザーによるユーザー管理アクセス拒否,F-018,negative,1,pass,1,1
ccac6a7d-177d-46df-b4d1-a3a441da6f3a,A-ccac6a,anti,T-019-01,🟢 正常系: パスワード変更成功,F-019,normal,1,pass,1,1
ccac6a7d-177d-46df-b4d1-a3a441da6f3a,A-ccac6a,anti,T-019-02,🔴 異常系: 現在のパスワード不一致エラー,F-019,negative,1,pass,1,1
ccac6a7d-177d-46df-b4d1-a3a441da6f3a,A-ccac6a,anti,T-019-03,🔴 異常系: 同一パスワード設定エラー,F-019,negative,1,pass,1,1
ccac6a7d-177d-46df-b4d1-a3a441da6f3a,A-ccac6a,anti,T-020-01,🟢 正常系: システム設定の変更,F-020,normal,1,fail,0,0
ccac6a7d-177d-46df-b4d1-a3a441da6f3a,A-ccac6a,anti,T-020-02,🟢 正常系: SMTPテスト送信,F-020,normal,1,pass,1,1
ccac6a7d-177d-46df-b4d1-a3a441da6f3a,A-ccac6a,anti,T-020-03,🔴 異常系: セッションタイムアウト範囲外エラー,F-020,negative,1,fail,0,0
ccac6a7d-177d-46df-b4d1-a3a441da6f3a,A-ccac6a,anti,T-020-04,🔴 異常系: 一般ユーザーによるシステム設定アクセス拒否,F-020,negative,1,pass,1,1
cd059f6d-258d-45e1-a395-eecbda0ac97a,N-cd059f,normal,T-001-01,🟢 正常系: ユーザー新規登録,F-001,normal,1,fail,0,0
cd059f6d-258d-45e1-a395-eecbda0ac97a,N-cd059f,normal,T-001-02,🔴 異常系: メールアドレス重複エラー,F-001,negative,1,fail,0,0
cd059f6d-258d-45e1-a395-eecbda0ac97a,N-cd059f,normal,T-001-03,🔴 異常系: パスワード強度不足エラー,F-001,negative,1,pass,1,1
cd059f6d-258d-45e1-a395-eecbda0ac97a,N-cd059f,normal,T-001-04,🔴 異常系: パスワード不一致エラー,F-001,negative,1,pass,1,1
cd059f6d-258d-45e1-a395-eecbda0ac97a,N-cd059f,normal,T-002-01,🟢 正常系: ログイン成功,F-002,normal,1,blocked,0,0
cd059f6d-258d-45e1-a395-eecbda0ac97a,N-cd059f,normal,T-002-02,🟢 正常系: ログアウト成功,F-002,normal,1,fail,0,0
cd059f6d-258d-45e1-a395-eecbda0ac97a,N-cd059f,normal,T-002-03,🔴 異常系: 認証失敗,F-002,negative,1,pass,1,1
cd059f6d-258d-45e1-a395-eecbda0ac97a,N-cd059f,normal,T-002-04,🔴 異常系: アカウントロック,F-002,negative,1,pass,1,1
cd059f6d-258d-45e1-a395-eecbda0ac97a,N-cd059f,normal,T-003-01,🟢 正常系: 申請種別選択と入力フォーム表示,F-003,normal,1,pass,1,1
cd059f6d-258d-45e1-a395-eecbda0ac97a,N-cd059f,normal,T-003-02,🔴 異常系: 申請種別未選択エラー,F-003,negative,1,pass,1,1
cd059f6d-258d-45e1-a395-eecbda0ac97a,N-cd059f,normal,T-004-01,🟢 正常系: 申請内容の入力,F-004,normal,1,pass,1,1
cd059f6d-258d-45e1-a395-eecbda0ac97a,N-cd059f,normal,T-004-02,🔴 異常系: 申請金額範囲外エラー,F-004,negative,1,pass,1,1
cd059f6d-258d-45e1-a395-eecbda0ac97a,N-cd059f,normal,T-004-03,🔴 異常系: ファイルサイズ超過エラー,F-004,negative,1,fail,0,0
cd059f6d-258d-45e1-a395-eecbda0ac97a,N-cd059f,normal,T-005-01,🟢 正常系: 下書き保存,F-005,normal,1,fail,0,0
cd059f6d-258d-45e1-a395-eecbda0ac97a,N-cd059f,normal,T-005-02,🟢 正常系: 下書き再編集,F-005,normal,1,fail,0,0
cd059f6d-258d-45e1-a395-eecbda0ac97a,N-cd059f,normal,T-006-01,🟢 正常系: 申請提出（課長承認ルート）,F-006,normal,1,blocked,0,0
cd059f6d-258d-45e1-a395-eecbda0ac97a,N-cd059f,normal,T-006-02,🟢 正常系: 申請提出（部長承認ルート）,F-006,normal,1,blocked,0,0
cd059f6d-258d-45e1-a395-eecbda0ac97a,N-cd059f,normal,T-006-03,"🟡 境界値テスト: 承認ルート境界値（999,999円 → 課長）",F-006,boundary,1,blocked,0,0
cd059f6d-258d-45e1-a395-eecbda0ac97a,N-cd059f,normal,T-006-04,"🟡 境界値テスト: 承認ルート境界値（1,000,000円 → 部長）",F-006,boundary,1,blocked,0,0
cd059f6d-258d-45e1-a395-eecbda0ac97a,N-cd059f,normal,T-006-05,"🟡 境界値テスト: 承認ルート境界値（999,998円・1,000,001円）",F-006,boundary,2,blocked,0,0
cd059f6d-258d-45e1-a395-eecbda0ac97a,N-cd059f,normal,T-006-06,🔴 異常系: 必須項目未入力での提出エラー,F-006,negative,1,pass,1,1
cd059f6d-258d-45e1-a395-eecbda0ac97a,N-cd059f,normal,T-007-01,🟢 正常系: 申請一覧表示（一般ユーザー）,F-007,normal,1,blocked,0,0
cd059f6d-258d-45e1-a395-eecbda0ac97a,N-cd059f,normal,T-007-02,🟢 正常系: 申請一覧表示（課長）,F-007,normal,1,blocked,0,0
cd059f6d-258d-45e1-a395-eecbda0ac97a,N-cd059f,normal,T-007-03,🟢 正常系: ページネーション,F-007,normal,1,blocked,0,0
cd059f6d-258d-45e1-a395-eecbda0ac97a,N-cd059f,normal,T-008-01,🟢 正常系: キーワード検索,F-008,normal,1,blocked,0,0
cd059f6d-258d-45e1-a395-eecbda0ac97a,N-cd059f,normal,T-008-02,🟢 正常系: ステータスで絞り込み,F-008,normal,1,blocked,0,0
cd059f6d-258d-45e1-a395-eecbda0ac97a,N-cd059f,normal,T-008-03,🔴 異常系: 日付範囲不正エラー,F-008,negative,1,pass,1,1
cd059f6d-258d-45e1-a395-eecbda0ac97a,N-cd059f,normal,T-008-04,🟢 正常系: 検索結果0件,F-008,normal,1,pass,1,1
cd059f6d-258d-45e1-a395-eecbda0ac97a,N-cd059f,normal,T-009-01,🟢 正常系: 申請詳細表示（申請者本人）,F-009,normal,1,fail,0,0
cd059f6d-258d-45e1-a395-eecbda0ac97a,N-cd059f,normal,T-009-02,🔴 異常系: 他ユーザーの申請詳細へのアクセス拒否,F-009,negative,1,blocked,0,0
cd059f6d-258d-45e1-a395-eecbda0ac97a,N-cd059f,normal,T-010-01,🟢 正常系: 課長による承認,F-010,normal,1,blocked,0,0
cd059f6d-258d-45e1-a395-eecbda0ac97a,N-cd059f,normal,T-010-02,🟢 正常系: 部長による承認,F-010,normal,1,blocked,0,0
cd059f6d-258d-45e1-a395-eecbda0ac97a,N-cd059f,normal,T-010-03,🔴 異常系: 承認権限のないユーザーによる承認不可,F-010,negative,1,blocked,0,0
cd059f6d-258d-45e1-a395-eecbda0ac97a,N-cd059f,normal,T-011-01,🟢 正常系: 差し戻し処理,F-011,normal,1,blocked,0,0
cd059f6d-258d-45e1-a395-eecbda0ac97a,N-cd059f,normal,T-011-02,🔴 異常系: 差し戻しコメント未入力エラー,F-011,negative,1,blocked,0,0
cd059f6d-258d-45e1-a395-eecbda0ac97a,N-cd059f,normal,T-012-01,🟢 正常系: 承認待ち申請の取り消し,F-012,normal,1,blocked,0,0
cd059f6d-258d-45e1-a395-eecbda0ac97a,N-cd059f,normal,T-012-02,🔴 異常系: 承認済み申請の取り消し不可,F-012,negative,1,blocked,0,0
cd059f6d-258d-45e1-a395-eecbda0ac97a,N-cd059f,normal,T-013-01,🟢 正常系: 差し戻し申請の再提出,F-013,normal,1,blocked,0,0
cd059f6d-258d-45e1-a395-eecbda0ac97a,N-cd059f,normal,T-013-02,🔴 異常系: 不正なステータス遷移,F-013,negative,1,blocked,0,0
cd059f6d-258d-45e1-a395-eecbda0ac97a,N-cd059f,normal,T-014-01,🟢 正常系: 申請提出時の承認者へのメール通知,F-014,normal,1,blocked,0,0
cd059f6d-258d-45e1-a395-eecbda0ac97a,N-cd059f,normal,T-014-02,🟢 正常系: 承認完了時の申請者へのメール通知,F-014,normal,1,blocked,0,0
cd059f6d-258d-45e1-a395-eecbda0ac97a,N-cd059f,normal,T-015-01,🟢 正常系: 承認履歴の表示,F-015,normal,1,blocked,0,0
cd059f6d-258d-45e1-a395-eecbda0ac97a,N-cd059f,normal,T-016-01,🟢 正常系: CSVエクスポート,F-016,normal,1,blocked,0,0
cd059f6d-258d-45e1-a395-eecbda0ac97a,N-cd059f,normal,T-016-02,🟢 正常系: 検索条件を絞り込んだCSVエクスポート,F-016,normal,1,blocked,0,0
cd059f6d-258d-45e1-a395-eecbda0ac97a,N-cd059f,normal,T-016-03,🔴 異常系: 一般ユーザーによるCSVエクスポート権限エラー,F-016,negative,1,blocked,0,0
cd059f6d-258d-45e1-a395-eecbda0ac97a,N-cd059f,normal,T-017-01,🟢 正常系: 一般ユーザーのダッシュボード表示,F-017,normal,1,blocked,0,0
cd059f6d-258d-45e1-a395-eecbda0ac97a,N-cd059f,normal,T-017-02,🟢 正常系: 課長のダッシュボード表示,F-017,normal,1,blocked,0,0
cd059f6d-258d-45e1-a395-eecbda0ac97a,N-cd059f,normal,T-018-01,🟢 正常系: ユーザー情報編集,F-018,normal,1,blocked,0,0
cd059f6d-258d-45e1-a395-eecbda0ac97a,N-cd059f,normal,T-018-02,🔴 異常系: 自分自身の無効化エラー,F-018,negative,1,fail,0,0
cd059f6d-258d-45e1-a395-eecbda0ac97a,N-cd059f,normal,T-018-03,🔴 異常系: 一般ユーザーによるユーザー管理アクセス拒否,F-018,negative,1,fail,0,0
cd059f6d-258d-45e1-a395-eecbda0ac97a,N-cd059f,normal,T-019-01,🟢 正常系: パスワード変更成功,F-019,normal,1,pass,1,1
cd059f6d-258d-45e1-a395-eecbda0ac97a,N-cd059f,normal,T-019-02,🔴 異常系: 現在のパスワード不一致エラー,F-019,negative,1,pass,1,1
cd059f6d-258d-45e1-a395-eecbda0ac97a,N-cd059f,normal,T-019-03,🔴 異常系: 同一パスワード設定エラー,F-019,negative,1,pass,1,1
cd059f6d-258d-45e1-a395-eecbda0ac97a,N-cd059f,normal,T-020-01,🟢 正常系: システム設定の変更,F-020,normal,1,fail,0,0
cd059f6d-258d-45e1-a395-eecbda0ac97a,N-cd059f,normal,T-020-02,🟢 正常系: SMTPテスト送信,F-020,normal,1,fail,0,0
cd059f6d-258d-45e1-a395-eecbda0ac97a,N-cd059f,normal,T-020-03,🔴 異常系: セッションタイムアウト範囲外エラー,F-020,negative,1,fail,0,0
cd059f6d-258d-45e1-a395-eecbda0ac97a,N-cd059f,normal,T-020-04,🔴 異常系: 一般ユーザーによるシステム設定アクセス拒否,F-020,negative,1,fail,0,0
cdcf39ea-b857-4b0f-a3e7-75ad0395fd40,A-cdcf39,anti,T-001-01,🟢 正常系: ユーザー新規登録,F-001,normal,1,pass,1,1
cdcf39ea-b857-4b0f-a3e7-75ad0395fd40,A-cdcf39,anti,T-001-02,🔴 異常系: メールアドレス重複エラー,F-001,negative,1,pass,1,1
cdcf39ea-b857-4b0f-a3e7-75ad0395fd40,A-cdcf39,anti,T-001-03,🔴 異常系: パスワード強度不足エラー,F-001,negative,1,pass,1,1
cdcf39ea-b857-4b0f-a3e7-75ad0395fd40,A-cdcf39,anti,T-001-04,🔴 異常系: パスワード不一致エラー,F-001,negative,1,pass,1,1
cdcf39ea-b857-4b0f-a3e7-75ad0395fd40,A-cdcf39,anti,T-002-01,🟢 正常系: ログイン成功,F-002,normal,1,fail,0,0
cdcf39ea-b857-4b0f-a3e7-75ad0395fd40,A-cdcf39,anti,T-002-02,🟢 正常系: ログアウト成功,F-002,normal,1,fail,0,0
cdcf39ea-b857-4b0f-a3e7-75ad0395fd40,A-cdcf39,anti,T-002-03,🔴 異常系: 認証失敗,F-002,negative,1,pass,1,1
cdcf39ea-b857-4b0f-a3e7-75ad0395fd40,A-cdcf39,anti,T-002-04,🔴 異常系: アカウントロック,F-002,negative,1,pass,1,1
cdcf39ea-b857-4b0f-a3e7-75ad0395fd40,A-cdcf39,anti,T-003-01,🟢 正常系: 申請種別選択と入力フォーム表示,F-003,normal,1,fail,0,0
cdcf39ea-b857-4b0f-a3e7-75ad0395fd40,A-cdcf39,anti,T-003-02,🔴 異常系: 申請種別未選択エラー,F-003,negative,1,fail,0,0
cdcf39ea-b857-4b0f-a3e7-75ad0395fd40,A-cdcf39,anti,T-004-01,🟢 正常系: 申請内容の入力,F-004,normal,1,pass,1,1
cdcf39ea-b857-4b0f-a3e7-75ad0395fd40,A-cdcf39,anti,T-004-02,🔴 異常系: 申請金額範囲外エラー,F-004,negative,1,pass,1,1
cdcf39ea-b857-4b0f-a3e7-75ad0395fd40,A-cdcf39,anti,T-004-03,🔴 異常系: ファイルサイズ超過エラー,F-004,negative,1,fail,0,0
cdcf39ea-b857-4b0f-a3e7-75ad0395fd40,A-cdcf39,anti,T-005-01,🟢 正常系: 下書き保存,F-005,normal,1,pass,1,1
cdcf39ea-b857-4b0f-a3e7-75ad0395fd40,A-cdcf39,anti,T-005-02,🟢 正常系: 下書き再編集,F-005,normal,1,pass,1,1
cdcf39ea-b857-4b0f-a3e7-75ad0395fd40,A-cdcf39,anti,T-006-01,🟢 正常系: 申請提出（課長承認ルート）,F-006,normal,1,fail,0,0
cdcf39ea-b857-4b0f-a3e7-75ad0395fd40,A-cdcf39,anti,T-006-02,🟢 正常系: 申請提出（部長承認ルート）,F-006,normal,1,pass,1,1
cdcf39ea-b857-4b0f-a3e7-75ad0395fd40,A-cdcf39,anti,T-006-03,"🟡 境界値テスト: 承認ルート境界値（999,999円 → 課長）",F-006,boundary,1,fail,0,0
cdcf39ea-b857-4b0f-a3e7-75ad0395fd40,A-cdcf39,anti,T-006-04,"🟡 境界値テスト: 承認ルート境界値（1,000,000円 → 部長）",F-006,boundary,1,pass,1,1
cdcf39ea-b857-4b0f-a3e7-75ad0395fd40,A-cdcf39,anti,T-006-05,"🟡 境界値テスト: 承認ルート境界値（999,998円・1,000,001円）",F-006,boundary,2,fail,0,0
cdcf39ea-b857-4b0f-a3e7-75ad0395fd40,A-cdcf39,anti,T-006-06,🔴 異常系: 必須項目未入力での提出エラー,F-006,negative,1,pass,1,1
cdcf39ea-b857-4b0f-a3e7-75ad0395fd40,A-cdcf39,anti,T-007-01,🟢 正常系: 申請一覧表示（一般ユーザー）,F-007,normal,1,pass,1,1
cdcf39ea-b857-4b0f-a3e7-75ad0395fd40,A-cdcf39,anti,T-007-02,🟢 正常系: 申請一覧表示（課長）,F-007,normal,1,pass,1,1
cdcf39ea-b857-4b0f-a3e7-75ad0395fd40,A-cdcf39,anti,T-007-03,🟢 正常系: ページネーション,F-007,normal,1,pass,1,1
cdcf39ea-b857-4b0f-a3e7-75ad0395fd40,A-cdcf39,anti,T-008-01,🟢 正常系: キーワード検索,F-008,normal,1,pass,1,1
cdcf39ea-b857-4b0f-a3e7-75ad0395fd40,A-cdcf39,anti,T-008-02,🟢 正常系: ステータスで絞り込み,F-008,normal,1,pass,1,1
cdcf39ea-b857-4b0f-a3e7-75ad0395fd40,A-cdcf39,anti,T-008-03,🔴 異常系: 日付範囲不正エラー,F-008,negative,1,pass,1,1
cdcf39ea-b857-4b0f-a3e7-75ad0395fd40,A-cdcf39,anti,T-008-04,🟢 正常系: 検索結果0件,F-008,normal,1,pass,1,1
cdcf39ea-b857-4b0f-a3e7-75ad0395fd40,A-cdcf39,anti,T-009-01,🟢 正常系: 申請詳細表示（申請者本人）,F-009,normal,1,pass,1,1
cdcf39ea-b857-4b0f-a3e7-75ad0395fd40,A-cdcf39,anti,T-009-02,🔴 異常系: 他ユーザーの申請詳細へのアクセス拒否,F-009,negative,1,pass,1,1
cdcf39ea-b857-4b0f-a3e7-75ad0395fd40,A-cdcf39,anti,T-010-01,🟢 正常系: 課長による承認,F-010,normal,1,fail,0,0
cdcf39ea-b857-4b0f-a3e7-75ad0395fd40,A-cdcf39,anti,T-010-02,🟢 正常系: 部長による承認,F-010,normal,1,pass,1,1
cdcf39ea-b857-4b0f-a3e7-75ad0395fd40,A-cdcf39,anti,T-010-03,🔴 異常系: 承認権限のないユーザーによる承認不可,F-010,negative,1,pass,1,1
cdcf39ea-b857-4b0f-a3e7-75ad0395fd40,A-cdcf39,anti,T-011-01,🟢 正常系: 差し戻し処理,F-011,normal,1,fail,0,0
cdcf39ea-b857-4b0f-a3e7-75ad0395fd40,A-cdcf39,anti,T-011-02,🔴 異常系: 差し戻しコメント未入力エラー,F-011,negative,1,fail,0,0
cdcf39ea-b857-4b0f-a3e7-75ad0395fd40,A-cdcf39,anti,T-012-01,🟢 正常系: 承認待ち申請の取り消し,F-012,normal,1,fail,0,0
cdcf39ea-b857-4b0f-a3e7-75ad0395fd40,A-cdcf39,anti,T-012-02,🔴 異常系: 承認済み申請の取り消し不可,F-012,negative,1,fail,0,0
cdcf39ea-b857-4b0f-a3e7-75ad0395fd40,A-cdcf39,anti,T-013-01,🟢 正常系: 差し戻し申請の再提出,F-013,normal,1,fail,0,0
cdcf39ea-b857-4b0f-a3e7-75ad0395fd40,A-cdcf39,anti,T-013-02,🔴 異常系: 不正なステータス遷移,F-013,negative,1,fail,0,0
cdcf39ea-b857-4b0f-a3e7-75ad0395fd40,A-cdcf39,anti,T-014-01,🟢 正常系: 申請提出時の承認者へのメール通知,F-014,normal,1,fail,0,0
cdcf39ea-b857-4b0f-a3e7-75ad0395fd40,A-cdcf39,anti,T-014-02,🟢 正常系: 承認完了時の申請者へのメール通知,F-014,normal,1,fail,0,0
cdcf39ea-b857-4b0f-a3e7-75ad0395fd40,A-cdcf39,anti,T-015-01,🟢 正常系: 承認履歴の表示,F-015,normal,1,fail,0,0
cdcf39ea-b857-4b0f-a3e7-75ad0395fd40,A-cdcf39,anti,T-016-01,🟢 正常系: CSVエクスポート,F-016,normal,1,fail,0,0
cdcf39ea-b857-4b0f-a3e7-75ad0395fd40,A-cdcf39,anti,T-016-02,🟢 正常系: 検索条件を絞り込んだCSVエクスポート,F-016,normal,1,pass,1,1
cdcf39ea-b857-4b0f-a3e7-75ad0395fd40,A-cdcf39,anti,T-016-03,🔴 異常系: 一般ユーザーによるCSVエクスポート権限エラー,F-016,negative,1,pass,1,1
cdcf39ea-b857-4b0f-a3e7-75ad0395fd40,A-cdcf39,anti,T-017-01,🟢 正常系: 一般ユーザーのダッシュボード表示,F-017,normal,1,fail,0,0
cdcf39ea-b857-4b0f-a3e7-75ad0395fd40,A-cdcf39,anti,T-017-02,🟢 正常系: 課長のダッシュボード表示,F-017,normal,1,pass,1,1
cdcf39ea-b857-4b0f-a3e7-75ad0395fd40,A-cdcf39,anti,T-018-01,🟢 正常系: ユーザー情報編集,F-018,normal,1,pass,1,1
cdcf39ea-b857-4b0f-a3e7-75ad0395fd40,A-cdcf39,anti,T-018-02,🔴 異常系: 自分自身の無効化エラー,F-018,negative,1,pass,1,1
cdcf39ea-b857-4b0f-a3e7-75ad0395fd40,A-cdcf39,anti,T-018-03,🔴 異常系: 一般ユーザーによるユーザー管理アクセス拒否,F-018,negative,1,pass,1,1
cdcf39ea-b857-4b0f-a3e7-75ad0395fd40,A-cdcf39,anti,T-019-01,🟢 正常系: パスワード変更成功,F-019,normal,1,pass,1,1
cdcf39ea-b857-4b0f-a3e7-75ad0395fd40,A-cdcf39,anti,T-019-02,🔴 異常系: 現在のパスワード不一致エラー,F-019,negative,1,pass,1,1
cdcf39ea-b857-4b0f-a3e7-75ad0395fd40,A-cdcf39,anti,T-019-03,🔴 異常系: 同一パスワード設定エラー,F-019,negative,1,pass,1,1
cdcf39ea-b857-4b0f-a3e7-75ad0395fd40,A-cdcf39,anti,T-020-01,🟢 正常系: システム設定の変更,F-020,normal,1,pass,1,1
cdcf39ea-b857-4b0f-a3e7-75ad0395fd40,A-cdcf39,anti,T-020-02,🟢 正常系: SMTPテスト送信,F-020,normal,1,pass,1,1
cdcf39ea-b857-4b0f-a3e7-75ad0395fd40,A-cdcf39,anti,T-020-03,🔴 異常系: セッションタイムアウト範囲外エラー,F-020,negative,1,pass,1,1
cdcf39ea-b857-4b0f-a3e7-75ad0395fd40,A-cdcf39,anti,T-020-04,🔴 異常系: 一般ユーザーによるシステム設定アクセス拒否,F-020,negative,1,fail,0,0
cf27fbcf-5851-4bb9-8d56-b0fb385878e7,N-cf27fb,normal,T-001-01,🟢 正常系: ユーザー新規登録,F-001,normal,1,pass,1,1
cf27fbcf-5851-4bb9-8d56-b0fb385878e7,N-cf27fb,normal,T-001-02,🔴 異常系: メールアドレス重複エラー,F-001,negative,1,pass,1,1
cf27fbcf-5851-4bb9-8d56-b0fb385878e7,N-cf27fb,normal,T-001-03,🔴 異常系: パスワード強度不足エラー,F-001,negative,1,pass,1,1
cf27fbcf-5851-4bb9-8d56-b0fb385878e7,N-cf27fb,normal,T-001-04,🔴 異常系: パスワード不一致エラー,F-001,negative,1,pass,1,1
cf27fbcf-5851-4bb9-8d56-b0fb385878e7,N-cf27fb,normal,T-002-01,🟢 正常系: ログイン成功,F-002,normal,1,fail,0,0
cf27fbcf-5851-4bb9-8d56-b0fb385878e7,N-cf27fb,normal,T-002-02,🟢 正常系: ログアウト成功,F-002,normal,1,pass,1,1
cf27fbcf-5851-4bb9-8d56-b0fb385878e7,N-cf27fb,normal,T-002-03,🔴 異常系: 認証失敗,F-002,negative,1,pass,1,1
cf27fbcf-5851-4bb9-8d56-b0fb385878e7,N-cf27fb,normal,T-002-04,🔴 異常系: アカウントロック,F-002,negative,1,pass,1,1
cf27fbcf-5851-4bb9-8d56-b0fb385878e7,N-cf27fb,normal,T-003-01,🟢 正常系: 申請種別選択と入力フォーム表示,F-003,normal,1,fail,0,0
cf27fbcf-5851-4bb9-8d56-b0fb385878e7,N-cf27fb,normal,T-003-02,🔴 異常系: 申請種別未選択エラー,F-003,negative,1,fail,0,0
cf27fbcf-5851-4bb9-8d56-b0fb385878e7,N-cf27fb,normal,T-004-01,🟢 正常系: 申請内容の入力,F-004,normal,1,fail,0,0
cf27fbcf-5851-4bb9-8d56-b0fb385878e7,N-cf27fb,normal,T-004-02,🔴 異常系: 申請金額範囲外エラー,F-004,negative,1,fail,0,0
cf27fbcf-5851-4bb9-8d56-b0fb385878e7,N-cf27fb,normal,T-004-03,🔴 異常系: ファイルサイズ超過エラー,F-004,negative,1,fail,0,0
cf27fbcf-5851-4bb9-8d56-b0fb385878e7,N-cf27fb,normal,T-005-01,🟢 正常系: 下書き保存,F-005,normal,1,pass,1,1
cf27fbcf-5851-4bb9-8d56-b0fb385878e7,N-cf27fb,normal,T-005-02,🟢 正常系: 下書き再編集,F-005,normal,1,pass,1,1
cf27fbcf-5851-4bb9-8d56-b0fb385878e7,N-cf27fb,normal,T-006-01,🟢 正常系: 申請提出（課長承認ルート）,F-006,normal,1,pass,1,1
cf27fbcf-5851-4bb9-8d56-b0fb385878e7,N-cf27fb,normal,T-006-02,🟢 正常系: 申請提出（部長承認ルート）,F-006,normal,1,pass,1,1
cf27fbcf-5851-4bb9-8d56-b0fb385878e7,N-cf27fb,normal,T-006-03,"🟡 境界値テスト: 承認ルート境界値（999,999円 → 課長）",F-006,boundary,1,pass,1,1
cf27fbcf-5851-4bb9-8d56-b0fb385878e7,N-cf27fb,normal,T-006-04,"🟡 境界値テスト: 承認ルート境界値（1,000,000円 → 部長）",F-006,boundary,1,pass,1,1
cf27fbcf-5851-4bb9-8d56-b0fb385878e7,N-cf27fb,normal,T-006-05,"🟡 境界値テスト: 承認ルート境界値（999,998円・1,000,001円）",F-006,boundary,2,pass,1,1
cf27fbcf-5851-4bb9-8d56-b0fb385878e7,N-cf27fb,normal,T-006-06,🔴 異常系: 必須項目未入力での提出エラー,F-006,negative,1,pass,1,1
cf27fbcf-5851-4bb9-8d56-b0fb385878e7,N-cf27fb,normal,T-007-01,🟢 正常系: 申請一覧表示（一般ユーザー）,F-007,normal,1,pass,1,1
cf27fbcf-5851-4bb9-8d56-b0fb385878e7,N-cf27fb,normal,T-007-02,🟢 正常系: 申請一覧表示（課長）,F-007,normal,1,pass,1,1
cf27fbcf-5851-4bb9-8d56-b0fb385878e7,N-cf27fb,normal,T-007-03,🟢 正常系: ページネーション,F-007,normal,1,pass,1,1
cf27fbcf-5851-4bb9-8d56-b0fb385878e7,N-cf27fb,normal,T-008-01,🟢 正常系: キーワード検索,F-008,normal,1,pass,1,1
cf27fbcf-5851-4bb9-8d56-b0fb385878e7,N-cf27fb,normal,T-008-02,🟢 正常系: ステータスで絞り込み,F-008,normal,1,pass,1,1
cf27fbcf-5851-4bb9-8d56-b0fb385878e7,N-cf27fb,normal,T-008-03,🔴 異常系: 日付範囲不正エラー,F-008,negative,1,pass,1,1
cf27fbcf-5851-4bb9-8d56-b0fb385878e7,N-cf27fb,normal,T-008-04,🟢 正常系: 検索結果0件,F-008,normal,1,pass,1,1
cf27fbcf-5851-4bb9-8d56-b0fb385878e7,N-cf27fb,normal,T-009-01,🟢 正常系: 申請詳細表示（申請者本人）,F-009,normal,1,fail,0,0
cf27fbcf-5851-4bb9-8d56-b0fb385878e7,N-cf27fb,normal,T-009-02,🔴 異常系: 他ユーザーの申請詳細へのアクセス拒否,F-009,negative,1,pass,1,1
cf27fbcf-5851-4bb9-8d56-b0fb385878e7,N-cf27fb,normal,T-010-01,🟢 正常系: 課長による承認,F-010,normal,1,fail,0,0
cf27fbcf-5851-4bb9-8d56-b0fb385878e7,N-cf27fb,normal,T-010-02,🟢 正常系: 部長による承認,F-010,normal,1,pass,1,1
cf27fbcf-5851-4bb9-8d56-b0fb385878e7,N-cf27fb,normal,T-010-03,🔴 異常系: 承認権限のないユーザーによる承認不可,F-010,negative,1,pass,1,1
cf27fbcf-5851-4bb9-8d56-b0fb385878e7,N-cf27fb,normal,T-011-01,🟢 正常系: 差し戻し処理,F-011,normal,1,fail,0,0
cf27fbcf-5851-4bb9-8d56-b0fb385878e7,N-cf27fb,normal,T-011-02,🔴 異常系: 差し戻しコメント未入力エラー,F-011,negative,1,pass,1,1
cf27fbcf-5851-4bb9-8d56-b0fb385878e7,N-cf27fb,normal,T-012-01,🟢 正常系: 承認待ち申請の取り消し,F-012,normal,1,pass,1,1
cf27fbcf-5851-4bb9-8d56-b0fb385878e7,N-cf27fb,normal,T-012-02,🔴 異常系: 承認済み申請の取り消し不可,F-012,negative,1,pass,1,1
cf27fbcf-5851-4bb9-8d56-b0fb385878e7,N-cf27fb,normal,T-013-01,🟢 正常系: 差し戻し申請の再提出,F-013,normal,1,fail,0,0
cf27fbcf-5851-4bb9-8d56-b0fb385878e7,N-cf27fb,normal,T-013-02,🔴 異常系: 不正なステータス遷移,F-013,negative,1,pass,1,1
cf27fbcf-5851-4bb9-8d56-b0fb385878e7,N-cf27fb,normal,T-014-01,🟢 正常系: 申請提出時の承認者へのメール通知,F-014,normal,1,pass,1,1
cf27fbcf-5851-4bb9-8d56-b0fb385878e7,N-cf27fb,normal,T-014-02,🟢 正常系: 承認完了時の申請者へのメール通知,F-014,normal,1,pass,1,1
cf27fbcf-5851-4bb9-8d56-b0fb385878e7,N-cf27fb,normal,T-015-01,🟢 正常系: 承認履歴の表示,F-015,normal,1,fail,0,0
cf27fbcf-5851-4bb9-8d56-b0fb385878e7,N-cf27fb,normal,T-016-01,🟢 正常系: CSVエクスポート,F-016,normal,1,fail,0,0
cf27fbcf-5851-4bb9-8d56-b0fb385878e7,N-cf27fb,normal,T-016-02,🟢 正常系: 検索条件を絞り込んだCSVエクスポート,F-016,normal,1,pass,1,1
cf27fbcf-5851-4bb9-8d56-b0fb385878e7,N-cf27fb,normal,T-016-03,🔴 異常系: 一般ユーザーによるCSVエクスポート権限エラー,F-016,negative,1,pass,1,1
cf27fbcf-5851-4bb9-8d56-b0fb385878e7,N-cf27fb,normal,T-017-01,🟢 正常系: 一般ユーザーのダッシュボード表示,F-017,normal,1,fail,0,0
cf27fbcf-5851-4bb9-8d56-b0fb385878e7,N-cf27fb,normal,T-017-02,🟢 正常系: 課長のダッシュボード表示,F-017,normal,1,pass,1,1
cf27fbcf-5851-4bb9-8d56-b0fb385878e7,N-cf27fb,normal,T-018-01,🟢 正常系: ユーザー情報編集,F-018,normal,1,pass,1,1
cf27fbcf-5851-4bb9-8d56-b0fb385878e7,N-cf27fb,normal,T-018-02,🔴 異常系: 自分自身の無効化エラー,F-018,negative,1,pass,1,1
cf27fbcf-5851-4bb9-8d56-b0fb385878e7,N-cf27fb,normal,T-018-03,🔴 異常系: 一般ユーザーによるユーザー管理アクセス拒否,F-018,negative,1,pass,1,1
cf27fbcf-5851-4bb9-8d56-b0fb385878e7,N-cf27fb,normal,T-019-01,🟢 正常系: パスワード変更成功,F-019,normal,1,pass,1,1
cf27fbcf-5851-4bb9-8d56-b0fb385878e7,N-cf27fb,normal,T-019-02,🔴 異常系: 現在のパスワード不一致エラー,F-019,negative,1,pass,1,1
cf27fbcf-5851-4bb9-8d56-b0fb385878e7,N-cf27fb,normal,T-019-03,🔴 異常系: 同一パスワード設定エラー,F-019,negative,1,pass,1,1
cf27fbcf-5851-4bb9-8d56-b0fb385878e7,N-cf27fb,normal,T-020-01,🟢 正常系: システム設定の変更,F-020,normal,1,fail,0,0
cf27fbcf-5851-4bb9-8d56-b0fb385878e7,N-cf27fb,normal,T-020-02,🟢 正常系: SMTPテスト送信,F-020,normal,1,pass,1,1
cf27fbcf-5851-4bb9-8d56-b0fb385878e7,N-cf27fb,normal,T-020-03,🔴 異常系: セッションタイムアウト範囲外エラー,F-020,negative,1,fail,0,0
cf27fbcf-5851-4bb9-8d56-b0fb385878e7,N-cf27fb,normal,T-020-04,🔴 異常系: 一般ユーザーによるシステム設定アクセス拒否,F-020,negative,1,pass,1,1
cf61291c-7b69-4c30-880e-0d7c8a036a2f,N-cf6129,normal,T-001-01,🟢 正常系: ユーザー新規登録,F-001,normal,1,blocked,0,
cf61291c-7b69-4c30-880e-0d7c8a036a2f,N-cf6129,normal,T-001-02,🔴 異常系: メールアドレス重複エラー,F-001,negative,1,blocked,0,
cf61291c-7b69-4c30-880e-0d7c8a036a2f,N-cf6129,normal,T-001-03,🔴 異常系: パスワード強度不足エラー,F-001,negative,1,blocked,0,
cf61291c-7b69-4c30-880e-0d7c8a036a2f,N-cf6129,normal,T-001-04,🔴 異常系: パスワード不一致エラー,F-001,negative,1,blocked,0,
cf61291c-7b69-4c30-880e-0d7c8a036a2f,N-cf6129,normal,T-002-01,🟢 正常系: ログイン成功,F-002,normal,1,blocked,0,
cf61291c-7b69-4c30-880e-0d7c8a036a2f,N-cf6129,normal,T-002-02,🟢 正常系: ログアウト成功,F-002,normal,1,blocked,0,
cf61291c-7b69-4c30-880e-0d7c8a036a2f,N-cf6129,normal,T-002-03,🔴 異常系: 認証失敗,F-002,negative,1,blocked,0,
cf61291c-7b69-4c30-880e-0d7c8a036a2f,N-cf6129,normal,T-002-04,🔴 異常系: アカウントロック,F-002,negative,1,blocked,0,
cf61291c-7b69-4c30-880e-0d7c8a036a2f,N-cf6129,normal,T-003-01,🟢 正常系: 申請種別選択と入力フォーム表示,F-003,normal,1,blocked,0,
cf61291c-7b69-4c30-880e-0d7c8a036a2f,N-cf6129,normal,T-003-02,🔴 異常系: 申請種別未選択エラー,F-003,negative,1,blocked,0,
cf61291c-7b69-4c30-880e-0d7c8a036a2f,N-cf6129,normal,T-004-01,🟢 正常系: 申請内容の入力,F-004,normal,1,blocked,0,
cf61291c-7b69-4c30-880e-0d7c8a036a2f,N-cf6129,normal,T-004-02,🔴 異常系: 申請金額範囲外エラー,F-004,negative,1,blocked,0,
cf61291c-7b69-4c30-880e-0d7c8a036a2f,N-cf6129,normal,T-004-03,🔴 異常系: ファイルサイズ超過エラー,F-004,negative,1,blocked,0,
cf61291c-7b69-4c30-880e-0d7c8a036a2f,N-cf6129,normal,T-005-01,🟢 正常系: 下書き保存,F-005,normal,1,blocked,0,
cf61291c-7b69-4c30-880e-0d7c8a036a2f,N-cf6129,normal,T-005-02,🟢 正常系: 下書き再編集,F-005,normal,1,blocked,0,
cf61291c-7b69-4c30-880e-0d7c8a036a2f,N-cf6129,normal,T-006-01,🟢 正常系: 申請提出（課長承認ルート）,F-006,normal,1,blocked,0,
cf61291c-7b69-4c30-880e-0d7c8a036a2f,N-cf6129,normal,T-006-02,🟢 正常系: 申請提出（部長承認ルート）,F-006,normal,1,blocked,0,
cf61291c-7b69-4c30-880e-0d7c8a036a2f,N-cf6129,normal,T-006-03,"🟡 境界値テスト: 承認ルート境界値（999,999円 → 課長）",F-006,boundary,1,blocked,0,
cf61291c-7b69-4c30-880e-0d7c8a036a2f,N-cf6129,normal,T-006-04,"🟡 境界値テスト: 承認ルート境界値（1,000,000円 → 部長）",F-006,boundary,1,blocked,0,
cf61291c-7b69-4c30-880e-0d7c8a036a2f,N-cf6129,normal,T-006-05,"🟡 境界値テスト: 承認ルート境界値（999,998円・1,000,001円）",F-006,boundary,2,blocked,0,
cf61291c-7b69-4c30-880e-0d7c8a036a2f,N-cf6129,normal,T-006-06,🔴 異常系: 必須項目未入力での提出エラー,F-006,negative,1,blocked,0,
cf61291c-7b69-4c30-880e-0d7c8a036a2f,N-cf6129,normal,T-007-01,🟢 正常系: 申請一覧表示（一般ユーザー）,F-007,normal,1,blocked,0,
cf61291c-7b69-4c30-880e-0d7c8a036a2f,N-cf6129,normal,T-007-02,🟢 正常系: 申請一覧表示（課長）,F-007,normal,1,blocked,0,
cf61291c-7b69-4c30-880e-0d7c8a036a2f,N-cf6129,normal,T-007-03,🟢 正常系: ページネーション,F-007,normal,1,blocked,0,
cf61291c-7b69-4c30-880e-0d7c8a036a2f,N-cf6129,normal,T-008-01,🟢 正常系: キーワード検索,F-008,normal,1,blocked,0,
cf61291c-7b69-4c30-880e-0d7c8a036a2f,N-cf6129,normal,T-008-02,🟢 正常系: ステータスで絞り込み,F-008,normal,1,blocked,0,
cf61291c-7b69-4c30-880e-0d7c8a036a2f,N-cf6129,normal,T-008-03,🔴 異常系: 日付範囲不正エラー,F-008,negative,1,blocked,0,
cf61291c-7b69-4c30-880e-0d7c8a036a2f,N-cf6129,normal,T-008-04,🟢 正常系: 検索結果0件,F-008,normal,1,blocked,0,
cf61291c-7b69-4c30-880e-0d7c8a036a2f,N-cf6129,normal,T-009-01,🟢 正常系: 申請詳細表示（申請者本人）,F-009,normal,1,blocked,0,
cf61291c-7b69-4c30-880e-0d7c8a036a2f,N-cf6129,normal,T-009-02,🔴 異常系: 他ユーザーの申請詳細へのアクセス拒否,F-009,negative,1,blocked,0,
cf61291c-7b69-4c30-880e-0d7c8a036a2f,N-cf6129,normal,T-010-01,🟢 正常系: 課長による承認,F-010,normal,1,blocked,0,
cf61291c-7b69-4c30-880e-0d7c8a036a2f,N-cf6129,normal,T-010-02,🟢 正常系: 部長による承認,F-010,normal,1,blocked,0,
cf61291c-7b69-4c30-880e-0d7c8a036a2f,N-cf6129,normal,T-010-03,🔴 異常系: 承認権限のないユーザーによる承認不可,F-010,negative,1,blocked,0,
cf61291c-7b69-4c30-880e-0d7c8a036a2f,N-cf6129,normal,T-011-01,🟢 正常系: 差し戻し処理,F-011,normal,1,blocked,0,
cf61291c-7b69-4c30-880e-0d7c8a036a2f,N-cf6129,normal,T-011-02,🔴 異常系: 差し戻しコメント未入力エラー,F-011,negative,1,blocked,0,
cf61291c-7b69-4c30-880e-0d7c8a036a2f,N-cf6129,normal,T-012-01,🟢 正常系: 承認待ち申請の取り消し,F-012,normal,1,blocked,0,
cf61291c-7b69-4c30-880e-0d7c8a036a2f,N-cf6129,normal,T-012-02,🔴 異常系: 承認済み申請の取り消し不可,F-012,negative,1,blocked,0,
cf61291c-7b69-4c30-880e-0d7c8a036a2f,N-cf6129,normal,T-013-01,🟢 正常系: 差し戻し申請の再提出,F-013,normal,1,blocked,0,
cf61291c-7b69-4c30-880e-0d7c8a036a2f,N-cf6129,normal,T-013-02,🔴 異常系: 不正なステータス遷移,F-013,negative,1,blocked,0,
cf61291c-7b69-4c30-880e-0d7c8a036a2f,N-cf6129,normal,T-014-01,🟢 正常系: 申請提出時の承認者へのメール通知,F-014,normal,1,blocked,0,
cf61291c-7b69-4c30-880e-0d7c8a036a2f,N-cf6129,normal,T-014-02,🟢 正常系: 承認完了時の申請者へのメール通知,F-014,normal,1,blocked,0,
cf61291c-7b69-4c30-880e-0d7c8a036a2f,N-cf6129,normal,T-015-01,🟢 正常系: 承認履歴の表示,F-015,normal,1,blocked,0,
cf61291c-7b69-4c30-880e-0d7c8a036a2f,N-cf6129,normal,T-016-01,🟢 正常系: CSVエクスポート,F-016,normal,1,blocked,0,
cf61291c-7b69-4c30-880e-0d7c8a036a2f,N-cf6129,normal,T-016-02,🟢 正常系: 検索条件を絞り込んだCSVエクスポート,F-016,normal,1,blocked,0,
cf61291c-7b69-4c30-880e-0d7c8a036a2f,N-cf6129,normal,T-016-03,🔴 異常系: 一般ユーザーによるCSVエクスポート権限エラー,F-016,negative,1,blocked,0,
cf61291c-7b69-4c30-880e-0d7c8a036a2f,N-cf6129,normal,T-017-01,🟢 正常系: 一般ユーザーのダッシュボード表示,F-017,normal,1,blocked,0,
cf61291c-7b69-4c30-880e-0d7c8a036a2f,N-cf6129,normal,T-017-02,🟢 正常系: 課長のダッシュボード表示,F-017,normal,1,blocked,0,
cf61291c-7b69-4c30-880e-0d7c8a036a2f,N-cf6129,normal,T-018-01,🟢 正常系: ユーザー情報編集,F-018,normal,1,blocked,0,
cf61291c-7b69-4c30-880e-0d7c8a036a2f,N-cf6129,normal,T-018-02,🔴 異常系: 自分自身の無効化エラー,F-018,negative,1,blocked,0,
cf61291c-7b69-4c30-880e-0d7c8a036a2f,N-cf6129,normal,T-018-03,🔴 異常系: 一般ユーザーによるユーザー管理アクセス拒否,F-018,negative,1,blocked,0,
cf61291c-7b69-4c30-880e-0d7c8a036a2f,N-cf6129,normal,T-019-01,🟢 正常系: パスワード変更成功,F-019,normal,1,blocked,0,
cf61291c-7b69-4c30-880e-0d7c8a036a2f,N-cf6129,normal,T-019-02,🔴 異常系: 現在のパスワード不一致エラー,F-019,negative,1,blocked,0,
cf61291c-7b69-4c30-880e-0d7c8a036a2f,N-cf6129,normal,T-019-03,🔴 異常系: 同一パスワード設定エラー,F-019,negative,1,blocked,0,
cf61291c-7b69-4c30-880e-0d7c8a036a2f,N-cf6129,normal,T-020-01,🟢 正常系: システム設定の変更,F-020,normal,1,blocked,0,
cf61291c-7b69-4c30-880e-0d7c8a036a2f,N-cf6129,normal,T-020-02,🟢 正常系: SMTPテスト送信,F-020,normal,1,blocked,0,
cf61291c-7b69-4c30-880e-0d7c8a036a2f,N-cf6129,normal,T-020-03,🔴 異常系: セッションタイムアウト範囲外エラー,F-020,negative,1,blocked,0,
cf61291c-7b69-4c30-880e-0d7c8a036a2f,N-cf6129,normal,T-020-04,🔴 異常系: 一般ユーザーによるシステム設定アクセス拒否,F-020,negative,1,blocked,0,
daedcc21-8243-4234-8df7-945db1b684c0,N-daedcc,normal,T-001-01,🟢 正常系: ユーザー新規登録,F-001,normal,1,fail,0,0
daedcc21-8243-4234-8df7-945db1b684c0,N-daedcc,normal,T-001-02,🔴 異常系: メールアドレス重複エラー,F-001,negative,1,fail,0,0
daedcc21-8243-4234-8df7-945db1b684c0,N-daedcc,normal,T-001-03,🔴 異常系: パスワード強度不足エラー,F-001,negative,1,fail,0,0
daedcc21-8243-4234-8df7-945db1b684c0,N-daedcc,normal,T-001-04,🔴 異常系: パスワード不一致エラー,F-001,negative,1,fail,0,0
daedcc21-8243-4234-8df7-945db1b684c0,N-daedcc,normal,T-002-01,🟢 正常系: ログイン成功,F-002,normal,1,blocked,0,0
daedcc21-8243-4234-8df7-945db1b684c0,N-daedcc,normal,T-002-02,🟢 正常系: ログアウト成功,F-002,normal,1,fail,0,0
daedcc21-8243-4234-8df7-945db1b684c0,N-daedcc,normal,T-002-03,🔴 異常系: 認証失敗,F-002,negative,1,pass,1,1
daedcc21-8243-4234-8df7-945db1b684c0,N-daedcc,normal,T-002-04,🔴 異常系: アカウントロック,F-002,negative,1,pass,1,1
daedcc21-8243-4234-8df7-945db1b684c0,N-daedcc,normal,T-003-01,🟢 正常系: 申請種別選択と入力フォーム表示,F-003,normal,1,pass,1,1
daedcc21-8243-4234-8df7-945db1b684c0,N-daedcc,normal,T-003-02,🔴 異常系: 申請種別未選択エラー,F-003,negative,1,fail,0,0
daedcc21-8243-4234-8df7-945db1b684c0,N-daedcc,normal,T-004-01,🟢 正常系: 申請内容の入力,F-004,normal,1,pass,1,1
daedcc21-8243-4234-8df7-945db1b684c0,N-daedcc,normal,T-004-02,🔴 異常系: 申請金額範囲外エラー,F-004,negative,1,fail,0,0
daedcc21-8243-4234-8df7-945db1b684c0,N-daedcc,normal,T-004-03,🔴 異常系: ファイルサイズ超過エラー,F-004,negative,1,fail,0,0
daedcc21-8243-4234-8df7-945db1b684c0,N-daedcc,normal,T-005-01,🟢 正常系: 下書き保存,F-005,normal,1,pass,1,1
daedcc21-8243-4234-8df7-945db1b684c0,N-daedcc,normal,T-005-02,🟢 正常系: 下書き再編集,F-005,normal,1,pass,1,1
daedcc21-8243-4234-8df7-945db1b684c0,N-daedcc,normal,T-006-01,🟢 正常系: 申請提出（課長承認ルート）,F-006,normal,1,pass,1,1
daedcc21-8243-4234-8df7-945db1b684c0,N-daedcc,normal,T-006-02,🟢 正常系: 申請提出（部長承認ルート）,F-006,normal,1,pass,1,1
daedcc21-8243-4234-8df7-945db1b684c0,N-daedcc,normal,T-006-03,"🟡 境界値テスト: 承認ルート境界値（999,999円 → 課長）",F-006,boundary,1,pass,1,1
daedcc21-8243-4234-8df7-945db1b684c0,N-daedcc,normal,T-006-04,"🟡 境界値テスト: 承認ルート境界値（1,000,000円 → 部長）",F-006,boundary,1,pass,1,1
daedcc21-8243-4234-8df7-945db1b684c0,N-daedcc,normal,T-006-05,"🟡 境界値テスト: 承認ルート境界値（999,998円・1,000,001円）",F-006,boundary,2,pass,1,1
daedcc21-8243-4234-8df7-945db1b684c0,N-daedcc,normal,T-006-06,🔴 異常系: 必須項目未入力での提出エラー,F-006,negative,1,pass,1,1
daedcc21-8243-4234-8df7-945db1b684c0,N-daedcc,normal,T-007-01,🟢 正常系: 申請一覧表示（一般ユーザー）,F-007,normal,1,blocked,0,0
daedcc21-8243-4234-8df7-945db1b684c0,N-daedcc,normal,T-007-02,🟢 正常系: 申請一覧表示（課長）,F-007,normal,1,blocked,0,0
daedcc21-8243-4234-8df7-945db1b684c0,N-daedcc,normal,T-007-03,🟢 正常系: ページネーション,F-007,normal,1,blocked,0,0
daedcc21-8243-4234-8df7-945db1b684c0,N-daedcc,normal,T-008-01,🟢 正常系: キーワード検索,F-008,normal,1,blocked,0,0
daedcc21-8243-4234-8df7-945db1b684c0,N-daedcc,normal,T-008-02,🟢 正常系: ステータスで絞り込み,F-008,normal,1,pass,1,1
daedcc21-8243-4234-8df7-945db1b684c0,N-daedcc,normal,T-008-03,🔴 異常系: 日付範囲不正エラー,F-008,negative,1,pass,1,1
daedcc21-8243-4234-8df7-945db1b684c0,N-daedcc,normal,T-008-04,🟢 正常系: 検索結果0件,F-008,normal,1,pass,1,1
daedcc21-8243-4234-8df7-945db1b684c0,N-daedcc,normal,T-009-01,🟢 正常系: 申請詳細表示（申請者本人）,F-009,normal,1,fail,0,0
daedcc21-8243-4234-8df7-945db1b684c0,N-daedcc,normal,T-009-02,🔴 異常系: 他ユーザーの申請詳細へのアクセス拒否,F-009,negative,1,blocked,0,0
daedcc21-8243-4234-8df7-945db1b684c0,N-daedcc,normal,T-010-01,🟢 正常系: 課長による承認,F-010,normal,1,fail,0,0
daedcc21-8243-4234-8df7-945db1b684c0,N-daedcc,normal,T-010-02,🟢 正常系: 部長による承認,F-010,normal,1,pass,1,1
daedcc21-8243-4234-8df7-945db1b684c0,N-daedcc,normal,T-010-03,🔴 異常系: 承認権限のないユーザーによる承認不可,F-010,negative,1,pass,1,1
daedcc21-8243-4234-8df7-945db1b684c0,N-daedcc,normal,T-011-01,🟢 正常系: 差し戻し処理,F-011,normal,1,fail,0,0
daedcc21-8243-4234-8df7-945db1b684c0,N-daedcc,normal,T-011-02,🔴 異常系: 差し戻しコメント未入力エラー,F-011,negative,1,pass,1,1
daedcc21-8243-4234-8df7-945db1b684c0,N-daedcc,normal,T-012-01,🟢 正常系: 承認待ち申請の取り消し,F-012,normal,1,pass,1,1
daedcc21-8243-4234-8df7-945db1b684c0,N-daedcc,normal,T-012-02,🔴 異常系: 承認済み申請の取り消し不可,F-012,negative,1,pass,1,1
daedcc21-8243-4234-8df7-945db1b684c0,N-daedcc,normal,T-013-01,🟢 正常系: 差し戻し申請の再提出,F-013,normal,1,fail,0,0
daedcc21-8243-4234-8df7-945db1b684c0,N-daedcc,normal,T-013-02,🔴 異常系: 不正なステータス遷移,F-013,negative,1,pass,1,1
daedcc21-8243-4234-8df7-945db1b684c0,N-daedcc,normal,T-014-01,🟢 正常系: 申請提出時の承認者へのメール通知,F-014,normal,1,pass,1,1
daedcc21-8243-4234-8df7-945db1b684c0,N-daedcc,normal,T-014-02,🟢 正常系: 承認完了時の申請者へのメール通知,F-014,normal,1,pass,1,1
daedcc21-8243-4234-8df7-945db1b684c0,N-daedcc,normal,T-015-01,🟢 正常系: 承認履歴の表示,F-015,normal,1,fail,0,0
daedcc21-8243-4234-8df7-945db1b684c0,N-daedcc,normal,T-016-01,🟢 正常系: CSVエクスポート,F-016,normal,1,blocked,0,0
daedcc21-8243-4234-8df7-945db1b684c0,N-daedcc,normal,T-016-02,🟢 正常系: 検索条件を絞り込んだCSVエクスポート,F-016,normal,1,blocked,0,0
daedcc21-8243-4234-8df7-945db1b684c0,N-daedcc,normal,T-016-03,🔴 異常系: 一般ユーザーによるCSVエクスポート権限エラー,F-016,negative,1,pass,1,1
daedcc21-8243-4234-8df7-945db1b684c0,N-daedcc,normal,T-017-01,🟢 正常系: 一般ユーザーのダッシュボード表示,F-017,normal,1,blocked,0,0
daedcc21-8243-4234-8df7-945db1b684c0,N-daedcc,normal,T-017-02,🟢 正常系: 課長のダッシュボード表示,F-017,normal,1,blocked,0,0
daedcc21-8243-4234-8df7-945db1b684c0,N-daedcc,normal,T-018-01,🟢 正常系: ユーザー情報編集,F-018,normal,1,blocked,0,0
daedcc21-8243-4234-8df7-945db1b684c0,N-daedcc,normal,T-018-02,🔴 異常系: 自分自身の無効化エラー,F-018,negative,1,pass,1,1
daedcc21-8243-4234-8df7-945db1b684c0,N-daedcc,normal,T-018-03,🔴 異常系: 一般ユーザーによるユーザー管理アクセス拒否,F-018,negative,1,pass,1,1
daedcc21-8243-4234-8df7-945db1b684c0,N-daedcc,normal,T-019-01,🟢 正常系: パスワード変更成功,F-019,normal,1,fail,0,0
daedcc21-8243-4234-8df7-945db1b684c0,N-daedcc,normal,T-019-02,🔴 異常系: 現在のパスワード不一致エラー,F-019,negative,1,pass,1,1
daedcc21-8243-4234-8df7-945db1b684c0,N-daedcc,normal,T-019-03,🔴 異常系: 同一パスワード設定エラー,F-019,negative,1,pass,1,1
daedcc21-8243-4234-8df7-945db1b684c0,N-daedcc,normal,T-020-01,🟢 正常系: システム設定の変更,F-020,normal,1,pass,1,1
daedcc21-8243-4234-8df7-945db1b684c0,N-daedcc,normal,T-020-02,🟢 正常系: SMTPテスト送信,F-020,normal,1,pass,1,1
daedcc21-8243-4234-8df7-945db1b684c0,N-daedcc,normal,T-020-03,🔴 異常系: セッションタイムアウト範囲外エラー,F-020,negative,1,pass,1,1
daedcc21-8243-4234-8df7-945db1b684c0,N-daedcc,normal,T-020-04,🔴 異常系: 一般ユーザーによるシステム設定アクセス拒否,F-020,negative,1,fail,0,0
dc4b4eaa-b0e8-4bf9-abbd-f777a2008ee6,A-dc4b4e,anti,T-001-01,🟢 正常系: ユーザー新規登録,F-001,normal,1,pass,1,1
dc4b4eaa-b0e8-4bf9-abbd-f777a2008ee6,A-dc4b4e,anti,T-001-02,🔴 異常系: メールアドレス重複エラー,F-001,negative,1,pass,1,1
dc4b4eaa-b0e8-4bf9-abbd-f777a2008ee6,A-dc4b4e,anti,T-001-03,🔴 異常系: パスワード強度不足エラー,F-001,negative,1,pass,1,1
dc4b4eaa-b0e8-4bf9-abbd-f777a2008ee6,A-dc4b4e,anti,T-001-04,🔴 異常系: パスワード不一致エラー,F-001,negative,1,pass,1,1
dc4b4eaa-b0e8-4bf9-abbd-f777a2008ee6,A-dc4b4e,anti,T-002-01,🟢 正常系: ログイン成功,F-002,normal,1,pass,1,1
dc4b4eaa-b0e8-4bf9-abbd-f777a2008ee6,A-dc4b4e,anti,T-002-02,🟢 正常系: ログアウト成功,F-002,normal,1,fail,0,0
dc4b4eaa-b0e8-4bf9-abbd-f777a2008ee6,A-dc4b4e,anti,T-002-03,🔴 異常系: 認証失敗,F-002,negative,1,pass,1,1
dc4b4eaa-b0e8-4bf9-abbd-f777a2008ee6,A-dc4b4e,anti,T-002-04,🔴 異常系: アカウントロック,F-002,negative,1,pass,1,1
dc4b4eaa-b0e8-4bf9-abbd-f777a2008ee6,A-dc4b4e,anti,T-003-01,🟢 正常系: 申請種別選択と入力フォーム表示,F-003,normal,1,pass,1,1
dc4b4eaa-b0e8-4bf9-abbd-f777a2008ee6,A-dc4b4e,anti,T-003-02,🔴 異常系: 申請種別未選択エラー,F-003,negative,1,pass,1,1
dc4b4eaa-b0e8-4bf9-abbd-f777a2008ee6,A-dc4b4e,anti,T-004-01,🟢 正常系: 申請内容の入力,F-004,normal,1,pass,1,1
dc4b4eaa-b0e8-4bf9-abbd-f777a2008ee6,A-dc4b4e,anti,T-004-02,🔴 異常系: 申請金額範囲外エラー,F-004,negative,1,fail,0,0
dc4b4eaa-b0e8-4bf9-abbd-f777a2008ee6,A-dc4b4e,anti,T-004-03,🔴 異常系: ファイルサイズ超過エラー,F-004,negative,1,fail,0,0
dc4b4eaa-b0e8-4bf9-abbd-f777a2008ee6,A-dc4b4e,anti,T-005-01,🟢 正常系: 下書き保存,F-005,normal,1,fail,0,0
dc4b4eaa-b0e8-4bf9-abbd-f777a2008ee6,A-dc4b4e,anti,T-005-02,🟢 正常系: 下書き再編集,F-005,normal,1,pass,1,1
dc4b4eaa-b0e8-4bf9-abbd-f777a2008ee6,A-dc4b4e,anti,T-006-01,🟢 正常系: 申請提出（課長承認ルート）,F-006,normal,1,fail,0,0
dc4b4eaa-b0e8-4bf9-abbd-f777a2008ee6,A-dc4b4e,anti,T-006-02,🟢 正常系: 申請提出（部長承認ルート）,F-006,normal,1,pass,1,1
dc4b4eaa-b0e8-4bf9-abbd-f777a2008ee6,A-dc4b4e,anti,T-006-03,"🟡 境界値テスト: 承認ルート境界値（999,999円 → 課長）",F-006,boundary,1,fail,0,0
dc4b4eaa-b0e8-4bf9-abbd-f777a2008ee6,A-dc4b4e,anti,T-006-04,"🟡 境界値テスト: 承認ルート境界値（1,000,000円 → 部長）",F-006,boundary,1,pass,1,1
dc4b4eaa-b0e8-4bf9-abbd-f777a2008ee6,A-dc4b4e,anti,T-006-05,"🟡 境界値テスト: 承認ルート境界値（999,998円・1,000,001円）",F-006,boundary,2,fail,0,0
dc4b4eaa-b0e8-4bf9-abbd-f777a2008ee6,A-dc4b4e,anti,T-006-06,🔴 異常系: 必須項目未入力での提出エラー,F-006,negative,1,pass,1,1
dc4b4eaa-b0e8-4bf9-abbd-f777a2008ee6,A-dc4b4e,anti,T-007-01,🟢 正常系: 申請一覧表示（一般ユーザー）,F-007,normal,1,pass,1,1
dc4b4eaa-b0e8-4bf9-abbd-f777a2008ee6,A-dc4b4e,anti,T-007-02,🟢 正常系: 申請一覧表示（課長）,F-007,normal,1,pass,1,1
dc4b4eaa-b0e8-4bf9-abbd-f777a2008ee6,A-dc4b4e,anti,T-007-03,🟢 正常系: ページネーション,F-007,normal,1,pass,1,1
dc4b4eaa-b0e8-4bf9-abbd-f777a2008ee6,A-dc4b4e,anti,T-008-01,🟢 正常系: キーワード検索,F-008,normal,1,pass,1,1
dc4b4eaa-b0e8-4bf9-abbd-f777a2008ee6,A-dc4b4e,anti,T-008-02,🟢 正常系: ステータスで絞り込み,F-008,normal,1,pass,1,1
dc4b4eaa-b0e8-4bf9-abbd-f777a2008ee6,A-dc4b4e,anti,T-008-03,🔴 異常系: 日付範囲不正エラー,F-008,negative,1,pass,1,1
dc4b4eaa-b0e8-4bf9-abbd-f777a2008ee6,A-dc4b4e,anti,T-008-04,🟢 正常系: 検索結果0件,F-008,normal,1,pass,1,1
dc4b4eaa-b0e8-4bf9-abbd-f777a2008ee6,A-dc4b4e,anti,T-009-01,🟢 正常系: 申請詳細表示（申請者本人）,F-009,normal,1,fail,0,0
dc4b4eaa-b0e8-4bf9-abbd-f777a2008ee6,A-dc4b4e,anti,T-009-02,🔴 異常系: 他ユーザーの申請詳細へのアクセス拒否,F-009,negative,1,pass,1,1
dc4b4eaa-b0e8-4bf9-abbd-f777a2008ee6,A-dc4b4e,anti,T-010-01,🟢 正常系: 課長による承認,F-010,normal,1,fail,0,0
dc4b4eaa-b0e8-4bf9-abbd-f777a2008ee6,A-dc4b4e,anti,T-010-02,🟢 正常系: 部長による承認,F-010,normal,1,pass,1,1
dc4b4eaa-b0e8-4bf9-abbd-f777a2008ee6,A-dc4b4e,anti,T-010-03,🔴 異常系: 承認権限のないユーザーによる承認不可,F-010,negative,1,pass,1,1
dc4b4eaa-b0e8-4bf9-abbd-f777a2008ee6,A-dc4b4e,anti,T-011-01,🟢 正常系: 差し戻し処理,F-011,normal,1,fail,0,0
dc4b4eaa-b0e8-4bf9-abbd-f777a2008ee6,A-dc4b4e,anti,T-011-02,🔴 異常系: 差し戻しコメント未入力エラー,F-011,negative,1,pass,1,1
dc4b4eaa-b0e8-4bf9-abbd-f777a2008ee6,A-dc4b4e,anti,T-012-01,🟢 正常系: 承認待ち申請の取り消し,F-012,normal,1,fail,0,0
dc4b4eaa-b0e8-4bf9-abbd-f777a2008ee6,A-dc4b4e,anti,T-012-02,🔴 異常系: 承認済み申請の取り消し不可,F-012,negative,1,fail,0,0
dc4b4eaa-b0e8-4bf9-abbd-f777a2008ee6,A-dc4b4e,anti,T-013-01,🟢 正常系: 差し戻し申請の再提出,F-013,normal,1,fail,0,0
dc4b4eaa-b0e8-4bf9-abbd-f777a2008ee6,A-dc4b4e,anti,T-013-02,🔴 異常系: 不正なステータス遷移,F-013,negative,1,fail,0,0
dc4b4eaa-b0e8-4bf9-abbd-f777a2008ee6,A-dc4b4e,anti,T-014-01,🟢 正常系: 申請提出時の承認者へのメール通知,F-014,normal,1,fail,0,0
dc4b4eaa-b0e8-4bf9-abbd-f777a2008ee6,A-dc4b4e,anti,T-014-02,🟢 正常系: 承認完了時の申請者へのメール通知,F-014,normal,1,fail,0,0
dc4b4eaa-b0e8-4bf9-abbd-f777a2008ee6,A-dc4b4e,anti,T-015-01,🟢 正常系: 承認履歴の表示,F-015,normal,1,fail,0,0
dc4b4eaa-b0e8-4bf9-abbd-f777a2008ee6,A-dc4b4e,anti,T-016-01,🟢 正常系: CSVエクスポート,F-016,normal,1,fail,0,0
dc4b4eaa-b0e8-4bf9-abbd-f777a2008ee6,A-dc4b4e,anti,T-016-02,🟢 正常系: 検索条件を絞り込んだCSVエクスポート,F-016,normal,1,pass,1,1
dc4b4eaa-b0e8-4bf9-abbd-f777a2008ee6,A-dc4b4e,anti,T-016-03,🔴 異常系: 一般ユーザーによるCSVエクスポート権限エラー,F-016,negative,1,pass,1,1
dc4b4eaa-b0e8-4bf9-abbd-f777a2008ee6,A-dc4b4e,anti,T-017-01,🟢 正常系: 一般ユーザーのダッシュボード表示,F-017,normal,1,pass,1,1
dc4b4eaa-b0e8-4bf9-abbd-f777a2008ee6,A-dc4b4e,anti,T-017-02,🟢 正常系: 課長のダッシュボード表示,F-017,normal,1,pass,1,1
dc4b4eaa-b0e8-4bf9-abbd-f777a2008ee6,A-dc4b4e,anti,T-018-01,🟢 正常系: ユーザー情報編集,F-018,normal,1,pass,1,1
dc4b4eaa-b0e8-4bf9-abbd-f777a2008ee6,A-dc4b4e,anti,T-018-02,🔴 異常系: 自分自身の無効化エラー,F-018,negative,1,pass,1,1
dc4b4eaa-b0e8-4bf9-abbd-f777a2008ee6,A-dc4b4e,anti,T-018-03,🔴 異常系: 一般ユーザーによるユーザー管理アクセス拒否,F-018,negative,1,pass,1,1
dc4b4eaa-b0e8-4bf9-abbd-f777a2008ee6,A-dc4b4e,anti,T-019-01,🟢 正常系: パスワード変更成功,F-019,normal,1,pass,1,1
dc4b4eaa-b0e8-4bf9-abbd-f777a2008ee6,A-dc4b4e,anti,T-019-02,🔴 異常系: 現在のパスワード不一致エラー,F-019,negative,1,pass,1,1
dc4b4eaa-b0e8-4bf9-abbd-f777a2008ee6,A-dc4b4e,anti,T-019-03,🔴 異常系: 同一パスワード設定エラー,F-019,negative,1,pass,1,1
dc4b4eaa-b0e8-4bf9-abbd-f777a2008ee6,A-dc4b4e,anti,T-020-01,🟢 正常系: システム設定の変更,F-020,normal,1,pass,1,1
dc4b4eaa-b0e8-4bf9-abbd-f777a2008ee6,A-dc4b4e,anti,T-020-02,🟢 正常系: SMTPテスト送信,F-020,normal,1,pass,1,1
dc4b4eaa-b0e8-4bf9-abbd-f777a2008ee6,A-dc4b4e,anti,T-020-03,🔴 異常系: セッションタイムアウト範囲外エラー,F-020,negative,1,pass,1,1
dc4b4eaa-b0e8-4bf9-abbd-f777a2008ee6,A-dc4b4e,anti,T-020-04,🔴 異常系: 一般ユーザーによるシステム設定アクセス拒否,F-020,negative,1,pass,1,1
ea871692-692b-4028-8456-126aba55dac8,A-ea8716,anti,T-001-01,🟢 正常系: ユーザー新規登録,F-001,normal,1,pass,1,1
ea871692-692b-4028-8456-126aba55dac8,A-ea8716,anti,T-001-02,🔴 異常系: メールアドレス重複エラー,F-001,negative,1,pass,1,1
ea871692-692b-4028-8456-126aba55dac8,A-ea8716,anti,T-001-03,🔴 異常系: パスワード強度不足エラー,F-001,negative,1,pass,1,1
ea871692-692b-4028-8456-126aba55dac8,A-ea8716,anti,T-001-04,🔴 異常系: パスワード不一致エラー,F-001,negative,1,pass,1,1
ea871692-692b-4028-8456-126aba55dac8,A-ea8716,anti,T-002-01,🟢 正常系: ログイン成功,F-002,normal,1,pass,1,1
ea871692-692b-4028-8456-126aba55dac8,A-ea8716,anti,T-002-02,🟢 正常系: ログアウト成功,F-002,normal,1,pass,1,1
ea871692-692b-4028-8456-126aba55dac8,A-ea8716,anti,T-002-03,🔴 異常系: 認証失敗,F-002,negative,1,pass,1,1
ea871692-692b-4028-8456-126aba55dac8,A-ea8716,anti,T-002-04,🔴 異常系: アカウントロック,F-002,negative,1,pass,1,1
ea871692-692b-4028-8456-126aba55dac8,A-ea8716,anti,T-003-01,🟢 正常系: 申請種別選択と入力フォーム表示,F-003,normal,1,pass,1,1
ea871692-692b-4028-8456-126aba55dac8,A-ea8716,anti,T-003-02,🔴 異常系: 申請種別未選択エラー,F-003,negative,1,pass,1,1
ea871692-692b-4028-8456-126aba55dac8,A-ea8716,anti,T-004-01,🟢 正常系: 申請内容の入力,F-004,normal,1,pass,1,1
ea871692-692b-4028-8456-126aba55dac8,A-ea8716,anti,T-004-02,🔴 異常系: 申請金額範囲外エラー,F-004,negative,1,fail,0,0
ea871692-692b-4028-8456-126aba55dac8,A-ea8716,anti,T-004-03,🔴 異常系: ファイルサイズ超過エラー,F-004,negative,1,fail,0,0
ea871692-692b-4028-8456-126aba55dac8,A-ea8716,anti,T-005-01,🟢 正常系: 下書き保存,F-005,normal,1,pass,1,1
ea871692-692b-4028-8456-126aba55dac8,A-ea8716,anti,T-005-02,🟢 正常系: 下書き再編集,F-005,normal,1,fail,0,0
ea871692-692b-4028-8456-126aba55dac8,A-ea8716,anti,T-006-01,🟢 正常系: 申請提出（課長承認ルート）,F-006,normal,1,fail,0,0
ea871692-692b-4028-8456-126aba55dac8,A-ea8716,anti,T-006-02,🟢 正常系: 申請提出（部長承認ルート）,F-006,normal,1,pass,1,1
ea871692-692b-4028-8456-126aba55dac8,A-ea8716,anti,T-006-03,"🟡 境界値テスト: 承認ルート境界値（999,999円 → 課長）",F-006,boundary,1,fail,0,0
ea871692-692b-4028-8456-126aba55dac8,A-ea8716,anti,T-006-04,"🟡 境界値テスト: 承認ルート境界値（1,000,000円 → 部長）",F-006,boundary,1,pass,1,1
ea871692-692b-4028-8456-126aba55dac8,A-ea8716,anti,T-006-05,"🟡 境界値テスト: 承認ルート境界値（999,998円・1,000,001円）",F-006,boundary,2,fail,0,0
ea871692-692b-4028-8456-126aba55dac8,A-ea8716,anti,T-006-06,🔴 異常系: 必須項目未入力での提出エラー,F-006,negative,1,pass,1,1
ea871692-692b-4028-8456-126aba55dac8,A-ea8716,anti,T-007-01,🟢 正常系: 申請一覧表示（一般ユーザー）,F-007,normal,1,pass,1,1
ea871692-692b-4028-8456-126aba55dac8,A-ea8716,anti,T-007-02,🟢 正常系: 申請一覧表示（課長）,F-007,normal,1,blocked,0,0
ea871692-692b-4028-8456-126aba55dac8,A-ea8716,anti,T-007-03,🟢 正常系: ページネーション,F-007,normal,1,blocked,0,0
ea871692-692b-4028-8456-126aba55dac8,A-ea8716,anti,T-008-01,🟢 正常系: キーワード検索,F-008,normal,1,blocked,0,0
ea871692-692b-4028-8456-126aba55dac8,A-ea8716,anti,T-008-02,🟢 正常系: ステータスで絞り込み,F-008,normal,1,blocked,0,0
ea871692-692b-4028-8456-126aba55dac8,A-ea8716,anti,T-008-03,🔴 異常系: 日付範囲不正エラー,F-008,negative,1,pass,1,1
ea871692-692b-4028-8456-126aba55dac8,A-ea8716,anti,T-008-04,🟢 正常系: 検索結果0件,F-008,normal,1,pass,1,1
ea871692-692b-4028-8456-126aba55dac8,A-ea8716,anti,T-009-01,🟢 正常系: 申請詳細表示（申請者本人）,F-009,normal,1,pass,1,1
ea871692-692b-4028-8456-126aba55dac8,A-ea8716,anti,T-009-02,🔴 異常系: 他ユーザーの申請詳細へのアクセス拒否,F-009,negative,1,pass,1,1
ea871692-692b-4028-8456-126aba55dac8,A-ea8716,anti,T-010-01,🟢 正常系: 課長による承認,F-010,normal,1,fail,0,0
ea871692-692b-4028-8456-126aba55dac8,A-ea8716,anti,T-010-02,🟢 正常系: 部長による承認,F-010,normal,1,pass,1,1
ea871692-692b-4028-8456-126aba55dac8,A-ea8716,anti,T-010-03,🔴 異常系: 承認権限のないユーザーによる承認不可,F-010,negative,1,pass,1,1
ea871692-692b-4028-8456-126aba55dac8,A-ea8716,anti,T-011-01,🟢 正常系: 差し戻し処理,F-011,normal,1,fail,0,0
ea871692-692b-4028-8456-126aba55dac8,A-ea8716,anti,T-011-02,🔴 異常系: 差し戻しコメント未入力エラー,F-011,negative,1,fail,0,0
ea871692-692b-4028-8456-126aba55dac8,A-ea8716,anti,T-012-01,🟢 正常系: 承認待ち申請の取り消し,F-012,normal,1,fail,0,0
ea871692-692b-4028-8456-126aba55dac8,A-ea8716,anti,T-012-02,🔴 異常系: 承認済み申請の取り消し不可,F-012,negative,1,fail,0,0
ea871692-692b-4028-8456-126aba55dac8,A-ea8716,anti,T-013-01,🟢 正常系: 差し戻し申請の再提出,F-013,normal,1,fail,0,0
ea871692-692b-4028-8456-126aba55dac8,A-ea8716,anti,T-013-02,🔴 異常系: 不正なステータス遷移,F-013,negative,1,fail,0,0
ea871692-692b-4028-8456-126aba55dac8,A-ea8716,anti,T-014-01,🟢 正常系: 申請提出時の承認者へのメール通知,F-014,normal,1,fail,0,0
ea871692-692b-4028-8456-126aba55dac8,A-ea8716,anti,T-014-02,🟢 正常系: 承認完了時の申請者へのメール通知,F-014,normal,1,fail,0,0
ea871692-692b-4028-8456-126aba55dac8,A-ea8716,anti,T-015-01,🟢 正常系: 承認履歴の表示,F-015,normal,1,fail,0,0
ea871692-692b-4028-8456-126aba55dac8,A-ea8716,anti,T-016-01,🟢 正常系: CSVエクスポート,F-016,normal,1,blocked,0,0
ea871692-692b-4028-8456-126aba55dac8,A-ea8716,anti,T-016-02,🟢 正常系: 検索条件を絞り込んだCSVエクスポート,F-016,normal,1,blocked,0,0
ea871692-692b-4028-8456-126aba55dac8,A-ea8716,anti,T-016-03,🔴 異常系: 一般ユーザーによるCSVエクスポート権限エラー,F-016,negative,1,pass,1,1
ea871692-692b-4028-8456-126aba55dac8,A-ea8716,anti,T-017-01,🟢 正常系: 一般ユーザーのダッシュボード表示,F-017,normal,1,blocked,0,0
ea871692-692b-4028-8456-126aba55dac8,A-ea8716,anti,T-017-02,🟢 正常系: 課長のダッシュボード表示,F-017,normal,1,blocked,0,0
ea871692-692b-4028-8456-126aba55dac8,A-ea8716,anti,T-018-01,🟢 正常系: ユーザー情報編集,F-018,normal,1,pass,1,1
ea871692-692b-4028-8456-126aba55dac8,A-ea8716,anti,T-018-02,🔴 異常系: 自分自身の無効化エラー,F-018,negative,1,pass,1,1
ea871692-692b-4028-8456-126aba55dac8,A-ea8716,anti,T-018-03,🔴 異常系: 一般ユーザーによるユーザー管理アクセス拒否,F-018,negative,1,pass,1,1
ea871692-692b-4028-8456-126aba55dac8,A-ea8716,anti,T-019-01,🟢 正常系: パスワード変更成功,F-019,normal,1,pass,1,1
ea871692-692b-4028-8456-126aba55dac8,A-ea8716,anti,T-019-02,🔴 異常系: 現在のパスワード不一致エラー,F-019,negative,1,pass,1,1
ea871692-692b-4028-8456-126aba55dac8,A-ea8716,anti,T-019-03,🔴 異常系: 同一パスワード設定エラー,F-019,negative,1,pass,1,1
ea871692-692b-4028-8456-126aba55dac8,A-ea8716,anti,T-020-01,🟢 正常系: システム設定の変更,F-020,normal,1,pass,1,1
ea871692-692b-4028-8456-126aba55dac8,A-ea8716,anti,T-020-02,🟢 正常系: SMTPテスト送信,F-020,normal,1,pass,1,1
ea871692-692b-4028-8456-126aba55dac8,A-ea8716,anti,T-020-03,🔴 異常系: セッションタイムアウト範囲外エラー,F-020,negative,1,pass,1,1
ea871692-692b-4028-8456-126aba55dac8,A-ea8716,anti,T-020-04,🔴 異常系: 一般ユーザーによるシステム設定アクセス拒否,F-020,negative,1,pass,1,1
ee1408e4-2eaa-49ef-a4d9-61c77eef7ab9,N-ee1408,normal,T-001-01,🟢 正常系: ユーザー新規登録,F-001,normal,1,blocked,0,
ee1408e4-2eaa-49ef-a4d9-61c77eef7ab9,N-ee1408,normal,T-001-02,🔴 異常系: メールアドレス重複エラー,F-001,negative,1,blocked,0,
ee1408e4-2eaa-49ef-a4d9-61c77eef7ab9,N-ee1408,normal,T-001-03,🔴 異常系: パスワード強度不足エラー,F-001,negative,1,blocked,0,
ee1408e4-2eaa-49ef-a4d9-61c77eef7ab9,N-ee1408,normal,T-001-04,🔴 異常系: パスワード不一致エラー,F-001,negative,1,blocked,0,
ee1408e4-2eaa-49ef-a4d9-61c77eef7ab9,N-ee1408,normal,T-002-01,🟢 正常系: ログイン成功,F-002,normal,1,blocked,0,
ee1408e4-2eaa-49ef-a4d9-61c77eef7ab9,N-ee1408,normal,T-002-02,🟢 正常系: ログアウト成功,F-002,normal,1,blocked,0,
ee1408e4-2eaa-49ef-a4d9-61c77eef7ab9,N-ee1408,normal,T-002-03,🔴 異常系: 認証失敗,F-002,negative,1,blocked,0,
ee1408e4-2eaa-49ef-a4d9-61c77eef7ab9,N-ee1408,normal,T-002-04,🔴 異常系: アカウントロック,F-002,negative,1,blocked,0,
ee1408e4-2eaa-49ef-a4d9-61c77eef7ab9,N-ee1408,normal,T-003-01,🟢 正常系: 申請種別選択と入力フォーム表示,F-003,normal,1,blocked,0,
ee1408e4-2eaa-49ef-a4d9-61c77eef7ab9,N-ee1408,normal,T-003-02,🔴 異常系: 申請種別未選択エラー,F-003,negative,1,blocked,0,
ee1408e4-2eaa-49ef-a4d9-61c77eef7ab9,N-ee1408,normal,T-004-01,🟢 正常系: 申請内容の入力,F-004,normal,1,blocked,0,
ee1408e4-2eaa-49ef-a4d9-61c77eef7ab9,N-ee1408,normal,T-004-02,🔴 異常系: 申請金額範囲外エラー,F-004,negative,1,blocked,0,
ee1408e4-2eaa-49ef-a4d9-61c77eef7ab9,N-ee1408,normal,T-004-03,🔴 異常系: ファイルサイズ超過エラー,F-004,negative,1,blocked,0,
ee1408e4-2eaa-49ef-a4d9-61c77eef7ab9,N-ee1408,normal,T-005-01,🟢 正常系: 下書き保存,F-005,normal,1,blocked,0,
ee1408e4-2eaa-49ef-a4d9-61c77eef7ab9,N-ee1408,normal,T-005-02,🟢 正常系: 下書き再編集,F-005,normal,1,blocked,0,
ee1408e4-2eaa-49ef-a4d9-61c77eef7ab9,N-ee1408,normal,T-006-01,🟢 正常系: 申請提出（課長承認ルート）,F-006,normal,1,blocked,0,
ee1408e4-2eaa-49ef-a4d9-61c77eef7ab9,N-ee1408,normal,T-006-02,🟢 正常系: 申請提出（部長承認ルート）,F-006,normal,1,blocked,0,
ee1408e4-2eaa-49ef-a4d9-61c77eef7ab9,N-ee1408,normal,T-006-03,"🟡 境界値テスト: 承認ルート境界値（999,999円 → 課長）",F-006,boundary,1,blocked,0,
ee1408e4-2eaa-49ef-a4d9-61c77eef7ab9,N-ee1408,normal,T-006-04,"🟡 境界値テスト: 承認ルート境界値（1,000,000円 → 部長）",F-006,boundary,1,blocked,0,
ee1408e4-2eaa-49ef-a4d9-61c77eef7ab9,N-ee1408,normal,T-006-05,"🟡 境界値テスト: 承認ルート境界値（999,998円・1,000,001円）",F-006,boundary,2,blocked,0,
ee1408e4-2eaa-49ef-a4d9-61c77eef7ab9,N-ee1408,normal,T-006-06,🔴 異常系: 必須項目未入力での提出エラー,F-006,negative,1,blocked,0,
ee1408e4-2eaa-49ef-a4d9-61c77eef7ab9,N-ee1408,normal,T-007-01,🟢 正常系: 申請一覧表示（一般ユーザー）,F-007,normal,1,blocked,0,
ee1408e4-2eaa-49ef-a4d9-61c77eef7ab9,N-ee1408,normal,T-007-02,🟢 正常系: 申請一覧表示（課長）,F-007,normal,1,blocked,0,
ee1408e4-2eaa-49ef-a4d9-61c77eef7ab9,N-ee1408,normal,T-007-03,🟢 正常系: ページネーション,F-007,normal,1,blocked,0,
ee1408e4-2eaa-49ef-a4d9-61c77eef7ab9,N-ee1408,normal,T-008-01,🟢 正常系: キーワード検索,F-008,normal,1,blocked,0,
ee1408e4-2eaa-49ef-a4d9-61c77eef7ab9,N-ee1408,normal,T-008-02,🟢 正常系: ステータスで絞り込み,F-008,normal,1,blocked,0,
ee1408e4-2eaa-49ef-a4d9-61c77eef7ab9,N-ee1408,normal,T-008-03,🔴 異常系: 日付範囲不正エラー,F-008,negative,1,blocked,0,
ee1408e4-2eaa-49ef-a4d9-61c77eef7ab9,N-ee1408,normal,T-008-04,🟢 正常系: 検索結果0件,F-008,normal,1,blocked,0,
ee1408e4-2eaa-49ef-a4d9-61c77eef7ab9,N-ee1408,normal,T-009-01,🟢 正常系: 申請詳細表示（申請者本人）,F-009,normal,1,blocked,0,
ee1408e4-2eaa-49ef-a4d9-61c77eef7ab9,N-ee1408,normal,T-009-02,🔴 異常系: 他ユーザーの申請詳細へのアクセス拒否,F-009,negative,1,blocked,0,
ee1408e4-2eaa-49ef-a4d9-61c77eef7ab9,N-ee1408,normal,T-010-01,🟢 正常系: 課長による承認,F-010,normal,1,blocked,0,
ee1408e4-2eaa-49ef-a4d9-61c77eef7ab9,N-ee1408,normal,T-010-02,🟢 正常系: 部長による承認,F-010,normal,1,blocked,0,
ee1408e4-2eaa-49ef-a4d9-61c77eef7ab9,N-ee1408,normal,T-010-03,🔴 異常系: 承認権限のないユーザーによる承認不可,F-010,negative,1,blocked,0,
ee1408e4-2eaa-49ef-a4d9-61c77eef7ab9,N-ee1408,normal,T-011-01,🟢 正常系: 差し戻し処理,F-011,normal,1,blocked,0,
ee1408e4-2eaa-49ef-a4d9-61c77eef7ab9,N-ee1408,normal,T-011-02,🔴 異常系: 差し戻しコメント未入力エラー,F-011,negative,1,blocked,0,
ee1408e4-2eaa-49ef-a4d9-61c77eef7ab9,N-ee1408,normal,T-012-01,🟢 正常系: 承認待ち申請の取り消し,F-012,normal,1,blocked,0,
ee1408e4-2eaa-49ef-a4d9-61c77eef7ab9,N-ee1408,normal,T-012-02,🔴 異常系: 承認済み申請の取り消し不可,F-012,negative,1,blocked,0,
ee1408e4-2eaa-49ef-a4d9-61c77eef7ab9,N-ee1408,normal,T-013-01,🟢 正常系: 差し戻し申請の再提出,F-013,normal,1,blocked,0,
ee1408e4-2eaa-49ef-a4d9-61c77eef7ab9,N-ee1408,normal,T-013-02,🔴 異常系: 不正なステータス遷移,F-013,negative,1,blocked,0,
ee1408e4-2eaa-49ef-a4d9-61c77eef7ab9,N-ee1408,normal,T-014-01,🟢 正常系: 申請提出時の承認者へのメール通知,F-014,normal,1,blocked,0,
ee1408e4-2eaa-49ef-a4d9-61c77eef7ab9,N-ee1408,normal,T-014-02,🟢 正常系: 承認完了時の申請者へのメール通知,F-014,normal,1,blocked,0,
ee1408e4-2eaa-49ef-a4d9-61c77eef7ab9,N-ee1408,normal,T-015-01,🟢 正常系: 承認履歴の表示,F-015,normal,1,blocked,0,
ee1408e4-2eaa-49ef-a4d9-61c77eef7ab9,N-ee1408,normal,T-016-01,🟢 正常系: CSVエクスポート,F-016,normal,1,blocked,0,
ee1408e4-2eaa-49ef-a4d9-61c77eef7ab9,N-ee1408,normal,T-016-02,🟢 正常系: 検索条件を絞り込んだCSVエクスポート,F-016,normal,1,blocked,0,
ee1408e4-2eaa-49ef-a4d9-61c77eef7ab9,N-ee1408,normal,T-016-03,🔴 異常系: 一般ユーザーによるCSVエクスポート権限エラー,F-016,negative,1,blocked,0,
ee1408e4-2eaa-49ef-a4d9-61c77eef7ab9,N-ee1408,normal,T-017-01,🟢 正常系: 一般ユーザーのダッシュボード表示,F-017,normal,1,blocked,0,
ee1408e4-2eaa-49ef-a4d9-61c77eef7ab9,N-ee1408,normal,T-017-02,🟢 正常系: 課長のダッシュボード表示,F-017,normal,1,blocked,0,
ee1408e4-2eaa-49ef-a4d9-61c77eef7ab9,N-ee1408,normal,T-018-01,🟢 正常系: ユーザー情報編集,F-018,normal,1,blocked,0,
ee1408e4-2eaa-49ef-a4d9-61c77eef7ab9,N-ee1408,normal,T-018-02,🔴 異常系: 自分自身の無効化エラー,F-018,negative,1,blocked,0,
ee1408e4-2eaa-49ef-a4d9-61c77eef7ab9,N-ee1408,normal,T-018-03,🔴 異常系: 一般ユーザーによるユーザー管理アクセス拒否,F-018,negative,1,blocked,0,
ee1408e4-2eaa-49ef-a4d9-61c77eef7ab9,N-ee1408,normal,T-019-01,🟢 正常系: パスワード変更成功,F-019,normal,1,blocked,0,
ee1408e4-2eaa-49ef-a4d9-61c77eef7ab9,N-ee1408,normal,T-019-02,🔴 異常系: 現在のパスワード不一致エラー,F-019,negative,1,blocked,0,
ee1408e4-2eaa-49ef-a4d9-61c77eef7ab9,N-ee1408,normal,T-019-03,🔴 異常系: 同一パスワード設定エラー,F-019,negative,1,blocked,0,
ee1408e4-2eaa-49ef-a4d9-61c77eef7ab9,N-ee1408,normal,T-020-01,🟢 正常系: システム設定の変更,F-020,normal,1,blocked,0,
ee1408e4-2eaa-49ef-a4d9-61c77eef7ab9,N-ee1408,normal,T-020-02,🟢 正常系: SMTPテスト送信,F-020,normal,1,blocked,0,
ee1408e4-2eaa-49ef-a4d9-61c77eef7ab9,N-ee1408,normal,T-020-03,🔴 異常系: セッションタイムアウト範囲外エラー,F-020,negative,1,blocked,0,
ee1408e4-2eaa-49ef-a4d9-61c77eef7ab9,N-ee1408,normal,T-020-04,🔴 異常系: 一般ユーザーによるシステム設定アクセス拒否,F-020,negative,1,blocked,0,
f7474040-55b4-40da-b89d-a9a016139246,N-f74740,normal,T-001-01,🟢 正常系: ユーザー新規登録,F-001,normal,1,pass,1,1
f7474040-55b4-40da-b89d-a9a016139246,N-f74740,normal,T-001-02,🔴 異常系: メールアドレス重複エラー,F-001,negative,1,pass,1,1
f7474040-55b4-40da-b89d-a9a016139246,N-f74740,normal,T-001-03,🔴 異常系: パスワード強度不足エラー,F-001,negative,1,pass,1,1
f7474040-55b4-40da-b89d-a9a016139246,N-f74740,normal,T-001-04,🔴 異常系: パスワード不一致エラー,F-001,negative,1,pass,1,1
f7474040-55b4-40da-b89d-a9a016139246,N-f74740,normal,T-002-01,🟢 正常系: ログイン成功,F-002,normal,1,fail,0,0
f7474040-55b4-40da-b89d-a9a016139246,N-f74740,normal,T-002-02,🟢 正常系: ログアウト成功,F-002,normal,1,fail,0,0
f7474040-55b4-40da-b89d-a9a016139246,N-f74740,normal,T-002-03,🔴 異常系: 認証失敗,F-002,negative,1,pass,1,1
f7474040-55b4-40da-b89d-a9a016139246,N-f74740,normal,T-002-04,🔴 異常系: アカウントロック,F-002,negative,1,pass,1,1
f7474040-55b4-40da-b89d-a9a016139246,N-f74740,normal,T-003-01,🟢 正常系: 申請種別選択と入力フォーム表示,F-003,normal,1,pass,1,1
f7474040-55b4-40da-b89d-a9a016139246,N-f74740,normal,T-003-02,🔴 異常系: 申請種別未選択エラー,F-003,negative,1,pass,1,1
f7474040-55b4-40da-b89d-a9a016139246,N-f74740,normal,T-004-01,🟢 正常系: 申請内容の入力,F-004,normal,1,pass,1,1
f7474040-55b4-40da-b89d-a9a016139246,N-f74740,normal,T-004-02,🔴 異常系: 申請金額範囲外エラー,F-004,negative,1,pass,1,1
f7474040-55b4-40da-b89d-a9a016139246,N-f74740,normal,T-004-03,🔴 異常系: ファイルサイズ超過エラー,F-004,negative,1,fail,0,0
f7474040-55b4-40da-b89d-a9a016139246,N-f74740,normal,T-005-01,🟢 正常系: 下書き保存,F-005,normal,1,fail,0,0
f7474040-55b4-40da-b89d-a9a016139246,N-f74740,normal,T-005-02,🟢 正常系: 下書き再編集,F-005,normal,1,pass,1,1
f7474040-55b4-40da-b89d-a9a016139246,N-f74740,normal,T-006-01,🟢 正常系: 申請提出（課長承認ルート）,F-006,normal,1,pass,1,1
f7474040-55b4-40da-b89d-a9a016139246,N-f74740,normal,T-006-02,🟢 正常系: 申請提出（部長承認ルート）,F-006,normal,1,pass,1,1
f7474040-55b4-40da-b89d-a9a016139246,N-f74740,normal,T-006-03,"🟡 境界値テスト: 承認ルート境界値（999,999円 → 課長）",F-006,boundary,1,pass,1,1
f7474040-55b4-40da-b89d-a9a016139246,N-f74740,normal,T-006-04,"🟡 境界値テスト: 承認ルート境界値（1,000,000円 → 部長）",F-006,boundary,1,pass,1,1
f7474040-55b4-40da-b89d-a9a016139246,N-f74740,normal,T-006-05,"🟡 境界値テスト: 承認ルート境界値（999,998円・1,000,001円）",F-006,boundary,2,pass,1,1
f7474040-55b4-40da-b89d-a9a016139246,N-f74740,normal,T-006-06,🔴 異常系: 必須項目未入力での提出エラー,F-006,negative,1,pass,1,1
f7474040-55b4-40da-b89d-a9a016139246,N-f74740,normal,T-007-01,🟢 正常系: 申請一覧表示（一般ユーザー）,F-007,normal,1,pass,1,1
f7474040-55b4-40da-b89d-a9a016139246,N-f74740,normal,T-007-02,🟢 正常系: 申請一覧表示（課長）,F-007,normal,1,pass,1,1
f7474040-55b4-40da-b89d-a9a016139246,N-f74740,normal,T-007-03,🟢 正常系: ページネーション,F-007,normal,1,pass,1,1
f7474040-55b4-40da-b89d-a9a016139246,N-f74740,normal,T-008-01,🟢 正常系: キーワード検索,F-008,normal,1,pass,1,1
f7474040-55b4-40da-b89d-a9a016139246,N-f74740,normal,T-008-02,🟢 正常系: ステータスで絞り込み,F-008,normal,1,pass,1,1
f7474040-55b4-40da-b89d-a9a016139246,N-f74740,normal,T-008-03,🔴 異常系: 日付範囲不正エラー,F-008,negative,1,pass,1,1
f7474040-55b4-40da-b89d-a9a016139246,N-f74740,normal,T-008-04,🟢 正常系: 検索結果0件,F-008,normal,1,pass,1,1
f7474040-55b4-40da-b89d-a9a016139246,N-f74740,normal,T-009-01,🟢 正常系: 申請詳細表示（申請者本人）,F-009,normal,1,fail,0,0
f7474040-55b4-40da-b89d-a9a016139246,N-f74740,normal,T-009-02,🔴 異常系: 他ユーザーの申請詳細へのアクセス拒否,F-009,negative,1,pass,1,1
f7474040-55b4-40da-b89d-a9a016139246,N-f74740,normal,T-010-01,🟢 正常系: 課長による承認,F-010,normal,1,pass,1,1
f7474040-55b4-40da-b89d-a9a016139246,N-f74740,normal,T-010-02,🟢 正常系: 部長による承認,F-010,normal,1,pass,1,1
f7474040-55b4-40da-b89d-a9a016139246,N-f74740,normal,T-010-03,🔴 異常系: 承認権限のないユーザーによる承認不可,F-010,negative,1,pass,1,1
f7474040-55b4-40da-b89d-a9a016139246,N-f74740,normal,T-011-01,🟢 正常系: 差し戻し処理,F-011,normal,1,pass,1,1
f7474040-55b4-40da-b89d-a9a016139246,N-f74740,normal,T-011-02,🔴 異常系: 差し戻しコメント未入力エラー,F-011,negative,1,pass,1,1
f7474040-55b4-40da-b89d-a9a016139246,N-f74740,normal,T-012-01,🟢 正常系: 承認待ち申請の取り消し,F-012,normal,1,fail,0,0
f7474040-55b4-40da-b89d-a9a016139246,N-f74740,normal,T-012-02,🔴 異常系: 承認済み申請の取り消し不可,F-012,negative,1,pass,1,1
f7474040-55b4-40da-b89d-a9a016139246,N-f74740,normal,T-013-01,🟢 正常系: 差し戻し申請の再提出,F-013,normal,1,pass,1,1
f7474040-55b4-40da-b89d-a9a016139246,N-f74740,normal,T-013-02,🔴 異常系: 不正なステータス遷移,F-013,negative,1,pass,1,1
f7474040-55b4-40da-b89d-a9a016139246,N-f74740,normal,T-014-01,🟢 正常系: 申請提出時の承認者へのメール通知,F-014,normal,1,fail,0,0
f7474040-55b4-40da-b89d-a9a016139246,N-f74740,normal,T-014-02,🟢 正常系: 承認完了時の申請者へのメール通知,F-014,normal,1,pass,1,1
f7474040-55b4-40da-b89d-a9a016139246,N-f74740,normal,T-015-01,🟢 正常系: 承認履歴の表示,F-015,normal,1,pass,1,1
f7474040-55b4-40da-b89d-a9a016139246,N-f74740,normal,T-016-01,🟢 正常系: CSVエクスポート,F-016,normal,1,fail,0,0
f7474040-55b4-40da-b89d-a9a016139246,N-f74740,normal,T-016-02,🟢 正常系: 検索条件を絞り込んだCSVエクスポート,F-016,normal,1,pass,1,1
f7474040-55b4-40da-b89d-a9a016139246,N-f74740,normal,T-016-03,🔴 異常系: 一般ユーザーによるCSVエクスポート権限エラー,F-016,negative,1,pass,1,1
f7474040-55b4-40da-b89d-a9a016139246,N-f74740,normal,T-017-01,🟢 正常系: 一般ユーザーのダッシュボード表示,F-017,normal,1,fail,0,0
f7474040-55b4-40da-b89d-a9a016139246,N-f74740,normal,T-017-02,🟢 正常系: 課長のダッシュボード表示,F-017,normal,1,fail,0,0
f7474040-55b4-40da-b89d-a9a016139246,N-f74740,normal,T-018-01,🟢 正常系: ユーザー情報編集,F-018,normal,1,pass,1,1
f7474040-55b4-40da-b89d-a9a016139246,N-f74740,normal,T-018-02,🔴 異常系: 自分自身の無効化エラー,F-018,negative,1,pass,1,1
f7474040-55b4-40da-b89d-a9a016139246,N-f74740,normal,T-018-03,🔴 異常系: 一般ユーザーによるユーザー管理アクセス拒否,F-018,negative,1,pass,1,1
f7474040-55b4-40da-b89d-a9a016139246,N-f74740,normal,T-019-01,🟢 正常系: パスワード変更成功,F-019,normal,1,fail,0,0
f7474040-55b4-40da-b89d-a9a016139246,N-f74740,normal,T-019-02,🔴 異常系: 現在のパスワード不一致エラー,F-019,negative,1,pass,1,1
f7474040-55b4-40da-b89d-a9a016139246,N-f74740,normal,T-019-03,🔴 異常系: 同一パスワード設定エラー,F-019,negative,1,pass,1,1
f7474040-55b4-40da-b89d-a9a016139246,N-f74740,normal,T-020-01,🟢 正常系: システム設定の変更,F-020,normal,1,pass,1,1
f7474040-55b4-40da-b89d-a9a016139246,N-f74740,normal,T-020-02,🟢 正常系: SMTPテスト送信,F-020,normal,1,pass,1,1
f7474040-55b4-40da-b89d-a9a016139246,N-f74740,normal,T-020-03,🔴 異常系: セッションタイムアウト範囲外エラー,F-020,negative,1,pass,1,1
f7474040-55b4-40da-b89d-a9a016139246,N-f74740,normal,T-020-04,🔴 異常系: 一般ユーザーによるシステム設定アクセス拒否,F-020,negative,1,fail,0,0
