label,run_id,recorded_request,input_tokens,output_tokens,cached_input_tokens,total_tokens,cumulative_tokens,event_id,timestamp,source_line
N-cf6129,cf61291c-7b69-4c30-880e-0d7c8a036a2f,1,6263,124,0,6387,6387,c5ee1fbb-4ca8-4eb4-9c0c-3dd7c438ba90,2026-09-10T16:08:06.813671+00:00,1
N-cf6129,cf61291c-7b69-4c30-880e-0d7c8a036a2f,2,8326,46,6257,8372,14759,f62b5926-fe82-4057-93f6-8fe34ae7ea0e,2026-09-10T16:08:08.825442+00:00,2
N-cf6129,cf61291c-7b69-4c30-880e-0d7c8a036a2f,3,8426,88,8305,8514,23273,ea5e5988-352a-4124-ba48-2c14de805cc1,2026-09-10T16:08:10.230495+00:00,3
N-cf6129,cf61291c-7b69-4c30-880e-0d7c8a036a2f,4,8581,64,8305,8645,31918,b20a232d-dfe1-45e5-98d5-ca56591d4f86,2026-09-10T16:08:11.857395+00:00,4
N-cf6129,cf61291c-7b69-4c30-880e-0d7c8a036a2f,5,10390,64,8561,10454,42372,96087244-6d5a-435f-887b-c491afe66461,2026-09-10T16:08:13.201388+00:00,5
N-cf6129,cf61291c-7b69-4c30-880e-0d7c8a036a2f,6,12144,64,10353,12208,54580,7e94b930-890e-45b6-baeb-9c039ce586a8,2026-09-10T16:08:14.732723+00:00,6
N-cf6129,cf61291c-7b69-4c30-880e-0d7c8a036a2f,7,14005,64,12017,14069,68649,32552770-1152-4b07-a6a0-a71103f82443,2026-09-10T16:08:16.065622+00:00,7
N-cf6129,cf61291c-7b69-4c30-880e-0d7c8a036a2f,8,16078,249,13937,16327,84976,3db1c7d2-ed4b-4b3c-b8a0-4c1f51014c92,2026-09-10T16:08:17.494604+00:00,8
N-cf6129,cf61291c-7b69-4c30-880e-0d7c8a036a2f,9,16359,82,15985,16441,101417,6178c9d3-00fa-4775-8d1e-be2e05d0fe20,2026-09-10T16:08:21.439358+00:00,9
N-cf6129,cf61291c-7b69-4c30-880e-0d7c8a036a2f,10,16495,92,16241,16587,118004,6862df15-d037-455b-bfd6-a2b8e80a7e1b,2026-09-10T16:08:23.579358+00:00,10
N-cf6129,cf61291c-7b69-4c30-880e-0d7c8a036a2f,11,16619,104,16369,16723,134727,3c438f6c-f3e0-4c19-ada3-4d16637c6ccc,2026-09-10T16:08:25.311442+00:00,11
N-cf6129,cf61291c-7b69-4c30-880e-0d7c8a036a2f,12,16755,1803,16497,18558,153285,fcea7850-a21b-45bd-9c75-400f74655c62,2026-09-10T16:08:27.514358+00:00,12
N-cf6129,cf61291c-7b69-4c30-880e-0d7c8a036a2f,13,18641,97,16753,18738,172023,f9899bb8-df58-4692-ab73-875ac4c501f5,2026-09-10T16:08:49.891844+00:00,13
N-cf6129,cf61291c-7b69-4c30-880e-0d7c8a036a2f,14,18890,48,18545,18938,190961,85800390-04e3-4311-a9bd-f085f82df6c1,2026-09-10T16:08:59.021978+00:00,14
N-cf6129,cf61291c-7b69-4c30-880e-0d7c8a036a2f,15,19081,75,18801,19156,210117,8838a38f-bd86-476f-8a3e-c3b4f69dd169,2026-09-10T16:09:00.405896+00:00,15
N-cf6129,cf61291c-7b69-4c30-880e-0d7c8a036a2f,16,19534,227,19057,19761,229878,1c926547-a53f-4e6c-9564-2adbfe78017a,2026-09-10T16:09:02.173543+00:00,16
N-cf6129,cf61291c-7b69-4c30-880e-0d7c8a036a2f,17,20533,155,19441,20688,250566,7fe665b5-bdfa-429f-955f-69cdaf309f36,2026-09-10T16:09:31.655669+00:00,17
N-cf6129,cf61291c-7b69-4c30-880e-0d7c8a036a2f,18,21370,131,20465,21501,272067,508cd34f-4e5e-41ec-8e10-ea63896a0862,2026-09-10T16:09:34.768143+00:00,18
N-cf6129,cf61291c-7b69-4c30-880e-0d7c8a036a2f,19,21533,122,21361,21655,293722,ed228e93-bf4e-48d8-9504-21ec9c97a160,2026-09-10T16:09:36.946406+00:00,19
N-cf6129,cf61291c-7b69-4c30-880e-0d7c8a036a2f,20,21971,225,21489,22196,315918,fd92ffc8-528e-4b31-8bfb-b0d547e65fd6,2026-09-10T16:09:39.903913+00:00,20
N-cf6129,cf61291c-7b69-4c30-880e-0d7c8a036a2f,21,22640,171,21873,22811,338729,9c6fecaa-7720-4609-b26e-d7edb606fc84,2026-09-10T16:09:43.994839+00:00,21
N-cf6129,cf61291c-7b69-4c30-880e-0d7c8a036a2f,22,22885,304,22513,23189,361918,d2b226f7-1407-4eea-af69-4bc0f60e3f4c,2026-09-10T16:09:46.019287+00:00,22
N-cf6129,cf61291c-7b69-4c30-880e-0d7c8a036a2f,23,23252,48,22769,23300,385218,3c0db0e0-efdb-4f10-8900-0fbff590a55b,2026-09-10T16:09:49.100927+00:00,23
N-cf6129,cf61291c-7b69-4c30-880e-0d7c8a036a2f,24,23443,440,23153,23883,409101,a2d7b4a5-92f9-46f6-90fe-a7e1b084a0b7,2026-09-10T16:09:50.656568+00:00,24
N-cf6129,cf61291c-7b69-4c30-880e-0d7c8a036a2f,25,23920,101,23409,24021,433122,72d2c57f-e3d7-4e74-aa59-8e6659241a10,2026-09-10T16:09:57.733904+00:00,25
N-cf6129,cf61291c-7b69-4c30-880e-0d7c8a036a2f,26,24094,382,23793,24476,457598,6a433934-75ff-451e-bc2d-60a19fd6db37,2026-09-10T16:09:59.776388+00:00,26
N-cf6129,cf61291c-7b69-4c30-880e-0d7c8a036a2f,27,24507,85,24049,24592,482190,05fdcf96-3275-40ff-a694-bad88051fa73,2026-09-10T16:10:03.510731+00:00,27
N-cf6129,cf61291c-7b69-4c30-880e-0d7c8a036a2f,28,24881,249,24433,25130,507320,cc5bca79-e099-427c-a877-131bdba92898,2026-09-10T16:10:23.585245+00:00,28
N-cf6129,cf61291c-7b69-4c30-880e-0d7c8a036a2f,29,25231,444,24817,25675,532995,c0ef026b-1a0a-4ca7-8fed-5ea5680733ee,2026-09-10T16:10:27.318876+00:00,29
N-cf6129,cf61291c-7b69-4c30-880e-0d7c8a036a2f,30,25706,83,25201,25789,558784,eec3d17d-49d2-437d-beed-c4b7c7dc51f3,2026-09-10T16:10:30.617288+00:00,30
N-cf6129,cf61291c-7b69-4c30-880e-0d7c8a036a2f,31,25885,579,25585,26464,585248,d2e6e7c7-a6e3-4e99-994d-79a5d4c98b75,2026-09-10T16:10:38.837648+00:00,31
N-cf6129,cf61291c-7b69-4c30-880e-0d7c8a036a2f,32,26760,131,25841,26891,612139,50f8b12c-aa4c-4be5-8832-0400d39449bd,2026-09-10T16:10:48.083652+00:00,32
N-cf6129,cf61291c-7b69-4c30-880e-0d7c8a036a2f,33,26963,726,26737,27689,639828,f9f743a5-03c1-466e-84f5-51eb503e4718,2026-09-10T16:10:50.838520+00:00,33
N-cf6129,cf61291c-7b69-4c30-880e-0d7c8a036a2f,34,27723,334,26865,28057,667885,519cc4ae-ef41-4a27-8c3d-10fa9ad1525c,2026-09-10T16:10:56.376559+00:00,34
N-cf6129,cf61291c-7b69-4c30-880e-0d7c8a036a2f,35,28092,169,27633,28261,696146,fa7cc2fa-070a-46f7-8393-e9373efc8e4b,2026-09-10T16:10:59.474429+00:00,35
N-cf6129,cf61291c-7b69-4c30-880e-0d7c8a036a2f,36,28296,181,28017,28477,724623,a4937f93-2873-441d-aec2-06aa21e0fb62,2026-09-10T16:11:03.004918+00:00,36
N-cf6129,cf61291c-7b69-4c30-880e-0d7c8a036a2f,37,28513,205,28273,28718,753341,e8ce6f74-6ff9-481d-8a48-a5b8d5202a7f,2026-09-10T16:11:07.215180+00:00,37
N-cf6129,cf61291c-7b69-4c30-880e-0d7c8a036a2f,38,28753,157,28401,28910,782251,f494c575-4c72-46a6-a0b8-7495d1de9ccd,2026-09-10T16:11:11.392791+00:00,38
N-cf6129,cf61291c-7b69-4c30-880e-0d7c8a036a2f,39,28945,262,28657,29207,811458,5590d045-231f-46e6-b39f-7d385572b8ac,2026-09-10T16:11:15.340877+00:00,39
N-cf6129,cf61291c-7b69-4c30-880e-0d7c8a036a2f,40,29242,333,28913,29575,841033,fec6770f-8c6a-41c6-948d-a83c5ae471c0,2026-09-10T16:11:19.745341+00:00,40
N-cf6129,cf61291c-7b69-4c30-880e-0d7c8a036a2f,41,29612,330,29169,29942,870975,7f19772c-54d8-4a11-8ea6-cdb01abe686f,2026-09-10T16:11:23.059152+00:00,41
N-cf6129,cf61291c-7b69-4c30-880e-0d7c8a036a2f,42,29978,450,29553,30428,901403,372cc5db-439d-4428-9b31-ad20dd53129e,2026-09-10T16:11:26.243509+00:00,42
N-cf6129,cf61291c-7b69-4c30-880e-0d7c8a036a2f,43,30464,239,29937,30703,932106,a476844c-cffe-4c92-9d3c-d2abfcfbc9d4,2026-09-10T16:11:30.725397+00:00,43
N-cf6129,cf61291c-7b69-4c30-880e-0d7c8a036a2f,44,30739,2127,30449,32866,964972,781a5807-4659-40c4-8477-c44d936cb72d,2026-09-10T16:11:33.170819+00:00,44
N-cf6129,cf61291c-7b69-4c30-880e-0d7c8a036a2f,45,32902,1557,30705,34459,999431,30f014fc-2850-49d0-9f59-6facd4aa8c25,2026-09-10T16:11:45.417377+00:00,45
N-cf6129,cf61291c-7b69-4c30-880e-0d7c8a036a2f,46,34495,1005,32881,35500,1034931,3e43b5a8-bd6c-430c-864d-0b6e5ba17834,2026-09-10T16:11:53.861032+00:00,46
N-cf6129,cf61291c-7b69-4c30-880e-0d7c8a036a2f,47,35537,761,34417,36298,1071229,d1bce892-5063-4a98-931d-6fe379861471,2026-09-10T16:11:59.594832+00:00,47
N-cf6129,cf61291c-7b69-4c30-880e-0d7c8a036a2f,48,36335,765,35441,37100,1108329,5684a967-59ae-4fad-9fed-5945663eb052,2026-09-10T16:12:05.333565+00:00,48
N-cf6129,cf61291c-7b69-4c30-880e-0d7c8a036a2f,49,37137,7928,36209,45065,1153394,60d8d1e1-9832-4bd7-9061-abf5f68ecbae,2026-09-10T16:12:10.584892+00:00,49
N-cf6129,cf61291c-7b69-4c30-880e-0d7c8a036a2f,50,45102,61,37105,45163,1198557,92bd26da-5470-4611-978f-4ac3323d2275,2026-09-10T16:12:48.955020+00:00,50
N-cf6129,cf61291c-7b69-4c30-880e-0d7c8a036a2f,51,45233,400,45041,45633,1244190,20388163-4685-4247-9be7-14561e92aa23,2026-09-10T16:12:50.802896+00:00,51
N-cf6129,cf61291c-7b69-4c30-880e-0d7c8a036a2f,52,45668,82,45169,45750,1289940,b56288ba-53c0-4863-a96e-18bc6f2062cb,2026-09-10T16:12:54.676259+00:00,52
N-cf6129,cf61291c-7b69-4c30-880e-0d7c8a036a2f,53,46122,88,45553,46210,1336150,cb4b4670-3ebd-47a9-a5bf-ab6cf46d771b,2026-09-10T16:12:57.230676+00:00,53
N-cf6129,cf61291c-7b69-4c30-880e-0d7c8a036a2f,54,46745,133,46065,46878,1383028,b57fe89b-461e-4023-a2e5-3f80bee7861a,2026-09-10T16:13:02.312842+00:00,54
N-cf6129,cf61291c-7b69-4c30-880e-0d7c8a036a2f,55,46912,77,46705,46989,1430017,bcd2c543-64bd-43c0-81b4-7942dc03d3f6,2026-09-10T16:13:04.673004+00:00,55
N-cf6129,cf61291c-7b69-4c30-880e-0d7c8a036a2f,56,47236,169,46833,47405,1477422,3fdc7df1-acff-4703-a7ea-caa904bc3ae4,2026-09-10T16:13:10.963510+00:00,56
N-cf6129,cf61291c-7b69-4c30-880e-0d7c8a036a2f,57,47812,128,47217,47940,1525362,bdc5beff-ed5f-4753-80bd-6975114813e3,2026-09-10T16:13:13.658105+00:00,57
N-cf6129,cf61291c-7b69-4c30-880e-0d7c8a036a2f,58,47972,123,47729,48095,1573457,c549d3d4-9590-470d-b100-8b6f067c7c4b,2026-09-10T16:13:16.420102+00:00,58
N-cf6129,cf61291c-7b69-4c30-880e-0d7c8a036a2f,59,48178,135,47857,48313,1621770,8f4a12d6-7efd-4f4a-a285-b64e7785ebd4,2026-09-10T16:13:18.764431+00:00,59
N-cf6129,cf61291c-7b69-4c30-880e-0d7c8a036a2f,60,48345,183,48113,48528,1670298,9e6e9262-faa8-4c2b-bde4-166b4cb0bcf5,2026-09-10T16:13:21.763751+00:00,60
N-cf6129,cf61291c-7b69-4c30-880e-0d7c8a036a2f,61,48751,171,48241,48922,1719220,2c885682-4eb1-4af8-9ffd-4c7d51ef7d8f,2026-09-10T16:13:25.210198+00:00,61
N-cf6129,cf61291c-7b69-4c30-880e-0d7c8a036a2f,62,49006,510,48625,49516,1768736,66c89f05-da0d-4d3e-a029-5a1e6653a9bc,2026-09-10T16:13:28.122369+00:00,62
N-cf6129,cf61291c-7b69-4c30-880e-0d7c8a036a2f,63,49744,83,48881,49827,1818563,db8cf4e8-f2d0-4ff8-a9ba-911e32bdd49f,2026-09-10T16:13:34.435963+00:00,63
N-cf6129,cf61291c-7b69-4c30-880e-0d7c8a036a2f,64,49943,167,49649,50110,1868673,1775be00-f371-4845-a2b8-ca9225a3b2ee,2026-09-10T16:13:37.138961+00:00,64
N-cf6129,cf61291c-7b69-4c30-880e-0d7c8a036a2f,65,52181,162,49905,52343,1921016,0fe92d37-4e42-4965-9f6c-15e8803f99a2,2026-09-10T16:13:39.868801+00:00,65
N-cf6129,cf61291c-7b69-4c30-880e-0d7c8a036a2f,66,52431,109,52081,52540,1973556,550b90f5-2ef8-4d5c-b61e-134d947a4463,2026-09-10T16:14:13.245322+00:00,66
N-cf6129,cf61291c-7b69-4c30-880e-0d7c8a036a2f,67,52572,109,52337,52681,2026237,90c0fa60-3780-4745-8bf0-b9372c306b55,2026-09-10T16:14:15.830244+00:00,67
N-cf6129,cf61291c-7b69-4c30-880e-0d7c8a036a2f,68,52735,115,52465,52850,2079087,997a0d17-ac87-4c8c-9a22-e3caae309a16,2026-09-10T16:14:20.806349+00:00,68
N-cf6129,cf61291c-7b69-4c30-880e-0d7c8a036a2f,69,55016,126,52721,55142,2134229,3851a482-0401-41c6-bb47-77cb02047168,2026-09-10T16:14:23.270424+00:00,69
N-cf6129,cf61291c-7b69-4c30-880e-0d7c8a036a2f,70,55266,100,54897,55366,2189595,1f9b6d8a-e8d9-4394-9b72-665d2aa95d9e,2026-09-10T16:14:26.047153+00:00,70
N-cf6129,cf61291c-7b69-4c30-880e-0d7c8a036a2f,71,55398,155,55153,55553,2245148,2f047be3-8492-4dc0-b2f9-2e218d670d6c,2026-09-10T16:14:28.318840+00:00,71
N-cf6129,cf61291c-7b69-4c30-880e-0d7c8a036a2f,72,55593,112,55281,55705,2300853,147a2548-6e2f-4b76-803a-067222a3f7a6,2026-09-10T16:14:42.095841+00:00,72
N-cf6129,cf61291c-7b69-4c30-880e-0d7c8a036a2f,73,56008,167,55537,56175,2357028,f05f77af-deb1-4a14-a7c5-313a1c383b93,2026-09-10T16:14:44.820854+00:00,73
N-cf6129,cf61291c-7b69-4c30-880e-0d7c8a036a2f,74,56770,149,55921,56919,2413947,1c87e74d-920d-4b49-8aef-540ecac9718b,2026-09-10T16:14:49.600534+00:00,74
N-cf6129,cf61291c-7b69-4c30-880e-0d7c8a036a2f,75,57007,104,56689,57111,2471058,514816ef-cca1-42fc-8cc2-80195bb8ed78,2026-09-10T16:15:22.257600+00:00,75
N-cf6129,cf61291c-7b69-4c30-880e-0d7c8a036a2f,76,57199,92,56945,57291,2528349,ecd5192c-b05d-4327-a3a2-a96241313d6e,2026-09-10T16:15:55.002339+00:00,76
N-cf6129,cf61291c-7b69-4c30-880e-0d7c8a036a2f,77,57478,127,57073,57605,2585954,37f5e2c6-9617-4075-a824-a9cda3d60bc8,2026-09-10T16:15:57.505811+00:00,77
N-cf6129,cf61291c-7b69-4c30-880e-0d7c8a036a2f,78,57642,421,57457,58063,2644017,f05224dc-5eec-4e16-ae70-b17e8253b07b,2026-09-10T16:16:00.262777+00:00,78
N-cf6129,cf61291c-7b69-4c30-880e-0d7c8a036a2f,79,58095,142,57585,58237,2702254,a43fba4e-c84e-4a43-a572-4a3fa820ce0f,2026-09-10T16:16:08.180569+00:00,79
N-cf6129,cf61291c-7b69-4c30-880e-0d7c8a036a2f,80,58282,261,57969,58543,2760797,3dc9856b-8f4b-4a90-bb82-2d796ba4d210,2026-09-10T16:16:11.299638+00:00,80
N-cf6129,cf61291c-7b69-4c30-880e-0d7c8a036a2f,81,58580,212,58225,58792,2819589,bd1b19a9-cdc8-42f2-8aa3-ff80ea8419ce,2026-09-10T16:16:18.508189+00:00,81
N-cf6129,cf61291c-7b69-4c30-880e-0d7c8a036a2f,82,58826,231,58481,59057,2878646,c92bc95a-d43a-426a-9959-fa8205e68405,2026-09-10T16:16:21.838605+00:00,82
N-cf6129,cf61291c-7b69-4c30-880e-0d7c8a036a2f,83,59135,135,58737,59270,2937916,07c93e78-9a7b-478b-8212-ab88811f6e94,2026-09-10T16:16:25.801091+00:00,83
N-cf6129,cf61291c-7b69-4c30-880e-0d7c8a036a2f,84,59304,154,59121,59458,2997374,71d012a4-a216-4b38-a198-fbb30675b9cf,2026-09-10T16:16:27.897024+00:00,84
N-cf6129,cf61291c-7b69-4c30-880e-0d7c8a036a2f,85,59490,119,59249,59609,3056983,851be388-a1a5-4a94-a48e-f3c547ce9183,2026-09-10T16:16:30.929774+00:00,85
N-cf6129,cf61291c-7b69-4c30-880e-0d7c8a036a2f,86,59672,360,59377,60032,3117015,91bea966-b652-403f-865b-892fa42c1367,2026-09-10T16:16:33.926051+00:00,86
N-cf6129,cf61291c-7b69-4c30-880e-0d7c8a036a2f,87,60186,113,59633,60299,3177314,357600f7-0d85-4fc5-81fb-bac36ba89587,2026-09-10T16:16:40.148779+00:00,87
N-cf6129,cf61291c-7b69-4c30-880e-0d7c8a036a2f,88,60336,289,60145,60625,3237939,ca309ae9-53b2-4508-9cd7-49a56052e18e,2026-09-10T16:16:43.205316+00:00,88
N-cf6129,cf61291c-7b69-4c30-880e-0d7c8a036a2f,89,60658,141,60273,60799,3298738,7cc17d65-54fe-4d9f-ba4e-5f2e669eafde,2026-09-10T16:16:46.989026+00:00,89
N-cf6129,cf61291c-7b69-4c30-880e-0d7c8a036a2f,90,60832,706,60657,61538,3360276,54fec274-3ba8-4aff-8dc9-046def992a50,2026-09-10T16:16:49.281360+00:00,90
N-cf6129,cf61291c-7b69-4c30-880e-0d7c8a036a2f,91,61572,1070,60785,62642,3422918,0504c87b-d105-466b-9aeb-b9f0db86557e,2026-09-10T16:16:56.017124+00:00,91
N-cf6129,cf61291c-7b69-4c30-880e-0d7c8a036a2f,92,62676,503,61553,63179,3486097,ee8e907c-9d29-4f5e-833d-2e4cd22448d9,2026-09-10T16:17:03.580098+00:00,92
N-cf6129,cf61291c-7b69-4c30-880e-0d7c8a036a2f,93,63214,738,62577,63952,3550049,f5e8bcbc-4fda-4995-8aed-bc3476052ad7,2026-09-10T16:17:07.758986+00:00,93
N-cf6129,cf61291c-7b69-4c30-880e-0d7c8a036a2f,94,63987,654,63089,64641,3614690,2cd53d97-8128-4ec1-bae6-aec0bd0ff06e,2026-09-10T16:17:13.034406+00:00,94
N-cf6129,cf61291c-7b69-4c30-880e-0d7c8a036a2f,95,64677,1904,63985,66581,3681271,a6d407ce-c0a6-4882-bb7a-d889f2f76fc2,2026-09-10T16:17:17.860167+00:00,95
N-cf6129,cf61291c-7b69-4c30-880e-0d7c8a036a2f,96,66617,544,64625,67161,3748432,1b2ad9a4-bd1c-4d28-96ea-5b88b07b7f89,2026-09-10T16:17:29.062689+00:00,96
N-cf6129,cf61291c-7b69-4c30-880e-0d7c8a036a2f,97,67197,1692,66545,68889,3817321,15c97675-79ba-4efe-8c43-9e048cdcc2ce,2026-09-10T16:17:33.671376+00:00,97
N-cf6129,cf61291c-7b69-4c30-880e-0d7c8a036a2f,98,68925,1359,67185,70284,3887605,e2a287a5-6afb-40e0-bf7b-8b3d78c3a18b,2026-09-10T16:17:47.482460+00:00,98
N-cf6129,cf61291c-7b69-4c30-880e-0d7c8a036a2f,99,70320,955,68849,71275,3958880,2995d8ef-feb8-4555-8f76-c60e3b0a4ec3,2026-09-10T16:17:54.976044+00:00,99
N-cf6129,cf61291c-7b69-4c30-880e-0d7c8a036a2f,100,71310,922,70257,72232,4031112,a8701806-dafc-4a73-8cbd-12f85923927c,2026-09-10T16:18:02.506728+00:00,100
N-cf6129,cf61291c-7b69-4c30-880e-0d7c8a036a2f,101,72268,540,71281,72808,4103920,069d8cbf-6701-49dc-8346-caf2a9e271a1,2026-09-10T16:18:07.745824+00:00,101
N-cf6129,cf61291c-7b69-4c30-880e-0d7c8a036a2f,102,72845,345,72177,73190,4177110,8f09f3a3-81dc-4ad6-8edf-5de01bd1b32c,2026-09-10T16:18:12.247851+00:00,102
N-cf6129,cf61291c-7b69-4c30-880e-0d7c8a036a2f,103,73278,300,72817,73578,4250688,bf7b322a-e6e0-42e8-95c8-effbdb4020e1,2026-09-10T16:18:49.167042+00:00,103
N-cf6129,cf61291c-7b69-4c30-880e-0d7c8a036a2f,104,73760,457,73201,74217,4324905,a84c0962-e43a-4c67-91fe-a362f844ea09,2026-09-10T16:18:53.999704+00:00,104
N-cf6129,cf61291c-7b69-4c30-880e-0d7c8a036a2f,105,74249,1004,73713,75253,4400158,a4c2e368-84e0-4126-9bea-966b53402487,2026-09-10T16:18:58.699581+00:00,105
N-cf6129,cf61291c-7b69-4c30-880e-0d7c8a036a2f,106,75288,166,74225,75454,4475612,e722a96e-b978-4539-b579-c2d0c4c6e470,2026-09-10T16:19:15.269457+00:00,106
N-cf6129,cf61291c-7b69-4c30-880e-0d7c8a036a2f,107,75701,173,75249,75874,4551486,fdc47847-b94a-4a54-bc07-9be7f4b17d49,2026-09-10T16:19:21.479185+00:00,107
N-cf6129,cf61291c-7b69-4c30-880e-0d7c8a036a2f,108,79684,228,75633,79912,4631398,cf4d2b2c-e5b8-4edc-a425-d380e44b6102,2026-09-10T16:19:31.083305+00:00,108
N-cf6129,cf61291c-7b69-4c30-880e-0d7c8a036a2f,109,80094,324,79601,80418,4711816,c91e1aaf-b0f1-4568-8d4a-f3565628384c,2026-09-10T16:19:35.310971+00:00,109
N-cf6129,cf61291c-7b69-4c30-880e-0d7c8a036a2f,110,81176,264,79985,81440,4793256,dc598f59-f96c-4d49-92a2-e5b2ec16cb91,2026-09-10T16:19:39.424081+00:00,110
N-cf6129,cf61291c-7b69-4c30-880e-0d7c8a036a2f,111,81715,195,81137,81910,4875166,fffdb009-5db6-481c-8611-900b7afb0101,2026-09-10T16:19:43.030562+00:00,111
N-cf6129,cf61291c-7b69-4c30-880e-0d7c8a036a2f,112,81980,304,81649,82284,4957450,17bf30ce-224d-43e2-a712-ad6e44c1b2bd,2026-09-10T16:19:47.044264+00:00,112
N-cf6129,cf61291c-7b69-4c30-880e-0d7c8a036a2f,113,82743,176,81905,82919,5040369,bf34deca-4e1a-4c7e-be83-44558aada3bb,2026-09-10T16:19:52.591101+00:00,113
N-cf6129,cf61291c-7b69-4c30-880e-0d7c8a036a2f,114,83135,142,82673,83277,5123646,1fcb721c-d217-4490-8a63-4b245f57c5ad,2026-09-10T16:19:56.161757+00:00,114
N-cf6129,cf61291c-7b69-4c30-880e-0d7c8a036a2f,115,83365,120,83057,83485,5207131,00fb5d35-5d6e-4347-bf64-843c5e1656d0,2026-09-10T16:20:29.905842+00:00,115
N-cf6129,cf61291c-7b69-4c30-880e-0d7c8a036a2f,116,83549,511,83313,84060,5291191,87b560d8-dafd-4b69-a549-50925fec0dd9,2026-09-10T16:20:45.565759+00:00,116
N-cf6129,cf61291c-7b69-4c30-880e-0d7c8a036a2f,117,84123,210,83441,84333,5375524,0bfece36-be4b-4c05-8a20-8069ab13bdb8,2026-09-10T16:20:54.832683+00:00,117
N-cf6129,cf61291c-7b69-4c30-880e-0d7c8a036a2f,118,84471,351,84081,84822,5460346,9c302ba5-247b-4c04-9f00-f410a1519876,2026-09-10T16:20:59.291202+00:00,118
N-cf6129,cf61291c-7b69-4c30-880e-0d7c8a036a2f,119,84910,238,84465,85148,5545494,23c6b340-00fb-40aa-9f4b-0a75c88c36a9,2026-09-10T16:21:36.653779+00:00,119
N-cf6129,cf61291c-7b69-4c30-880e-0d7c8a036a2f,120,85185,352,84849,85537,5631031,a0db21dc-8210-4d84-a926-982693a48f26,2026-09-10T16:21:42.641747+00:00,120
N-cf6129,cf61291c-7b69-4c30-880e-0d7c8a036a2f,121,85799,278,85105,86077,5717108,52bd75e5-5f7c-4698-8212-9bf277e7b960,2026-09-10T16:21:49.322661+00:00,121
N-cf6129,cf61291c-7b69-4c30-880e-0d7c8a036a2f,122,86342,210,85745,86552,5803660,1e1bb796-0992-4070-bff4-c86c110e42bf,2026-09-10T16:21:53.684952+00:00,122
N-cf6129,cf61291c-7b69-4c30-880e-0d7c8a036a2f,123,86608,276,86257,86884,5890544,dedadd28-074d-4104-8cf1-aebd0bbcf562,2026-09-10T16:21:57.701611+00:00,123
N-cf6129,cf61291c-7b69-4c30-880e-0d7c8a036a2f,124,87064,143,86513,87207,5977751,02d9fd30-0f85-4157-869d-fc0f41d388fc,2026-09-10T16:22:32.015192+00:00,124
N-cf6129,cf61291c-7b69-4c30-880e-0d7c8a036a2f,125,87275,221,87025,87496,6065247,64fa3cba-8542-40e7-a767-5b45e29320bd,2026-09-10T16:22:34.413149+00:00,125
N-cf6129,cf61291c-7b69-4c30-880e-0d7c8a036a2f,126,87773,322,87153,88095,6153342,dc7a859e-689a-4632-8ded-e47b86c62523,2026-09-10T16:22:37.809815+00:00,126
N-cf6129,cf61291c-7b69-4c30-880e-0d7c8a036a2f,127,88183,1705,87665,89888,6243230,dff5ce50-facf-4ea8-8f4c-948c9e2276da,2026-09-10T16:23:13.626405+00:00,127
N-cf6129,cf61291c-7b69-4c30-880e-0d7c8a036a2f,128,89899,278,88177,90177,6333407,ceaf436c-3349-43a1-a872-87ddc0a7bbc3,2026-09-10T16:23:42.882514+00:00,130
N-cf6129,cf61291c-7b69-4c30-880e-0d7c8a036a2f,129,90693,156,89841,90849,6424256,4b9161e0-0cb1-4dca-8952-654a21e79476,2026-09-10T16:23:48.753544+00:00,131
N-cf6129,cf61291c-7b69-4c30-880e-0d7c8a036a2f,130,91301,170,90609,91471,6515727,7fbd2e7c-d59e-4748-9fa1-9ca29f244114,2026-09-10T16:23:52.661644+00:00,132
N-cf6129,cf61291c-7b69-4c30-880e-0d7c8a036a2f,131,91646,135,91249,91781,6607508,78e94bd0-6fcc-4080-b5a5-dd6bb9231757,2026-09-10T16:23:55.331921+00:00,133
N-cf6129,cf61291c-7b69-4c30-880e-0d7c8a036a2f,132,91853,252,91633,92105,6699613,15989d0c-afb2-4f19-a579-a5e26f1ef660,2026-09-10T16:23:58.139582+00:00,134
N-cf6129,cf61291c-7b69-4c30-880e-0d7c8a036a2f,133,92385,529,91761,92914,6792527,9756db38-238b-4a48-8266-f313f188851f,2026-09-10T16:24:01.905996+00:00,135
N-cf6129,cf61291c-7b69-4c30-880e-0d7c8a036a2f,134,93002,1322,92273,94324,6886851,105ea8ce-0fd7-45e8-92ce-c036d8553623,2026-09-10T16:24:38.709237+00:00,136
N-cf6129,cf61291c-7b69-4c30-880e-0d7c8a036a2f,135,94520,433,92913,94953,6981804,17bb2060-335b-4fef-9e5b-5320dd045744,2026-09-10T16:24:55.125376+00:00,137
N-cf6129,cf61291c-7b69-4c30-880e-0d7c8a036a2f,136,94987,93,94449,95080,7076884,e6120573-01e6-4f81-9a98-e0c2f9e63896,2026-09-10T16:25:01.304445+00:00,138
N-cf6129,cf61291c-7b69-4c30-880e-0d7c8a036a2f,137,95602,106,94961,95708,7172592,de9e1c9f-21ad-49ed-b30e-935bb90d7e70,2026-09-10T16:25:05.391824+00:00,139
N-cf6129,cf61291c-7b69-4c30-880e-0d7c8a036a2f,138,96448,519,95601,96967,7269559,2651aba0-9f6d-461e-955f-29c3306a1f0a,2026-09-10T16:25:08.189914+00:00,140
N-cf6129,cf61291c-7b69-4c30-880e-0d7c8a036a2f,139,97001,229,96369,97230,7366789,ab1f4e9e-8877-4ef5-9c6a-7fd7304988f1,2026-09-10T16:25:12.164494+00:00,141
N-cf6129,cf61291c-7b69-4c30-880e-0d7c8a036a2f,140,97375,346,96881,97721,7464510,76001ca1-4aed-4b1b-9822-4bbd44b8c786,2026-09-10T16:25:15.782822+00:00,142
N-cf6129,cf61291c-7b69-4c30-880e-0d7c8a036a2f,141,98747,1414,97265,100161,7564671,6f7b19f9-311a-457e-9b07-fb5c913c2b22,2026-09-10T16:25:21.654804+00:00,143
N-cf6129,cf61291c-7b69-4c30-880e-0d7c8a036a2f,142,100198,136,98673,100334,7665005,bf6fae0b-25e4-4348-9f3c-d2121438de07,2026-09-10T16:25:33.831095+00:00,144
N-cf6129,cf61291c-7b69-4c30-880e-0d7c8a036a2f,143,100378,69,100081,100447,7765452,635c5694-da4b-4609-8e26-a2c64b1ff9e7,2026-09-10T16:25:37.692544+00:00,145
N-cf6129,cf61291c-7b69-4c30-880e-0d7c8a036a2f,144,101158,727,100337,101885,7867337,e60fbea0-95cd-4180-b910-16daecf4b1c8,2026-09-10T16:25:40.111482+00:00,146
N-cf6129,cf61291c-7b69-4c30-880e-0d7c8a036a2f,145,101983,115,101105,102098,7969435,76bc1b12-8a06-4b0d-828d-fd903f271114,2026-09-10T16:25:46.587681+00:00,147
N-cf6129,cf61291c-7b69-4c30-880e-0d7c8a036a2f,146,102479,90,101873,102569,8072004,a201e42c-6ae0-40ec-a3b3-b5fc88fc9ef0,2026-09-10T16:25:52.578599+00:00,148
N-cf6129,cf61291c-7b69-4c30-880e-0d7c8a036a2f,147,103451,350,102385,103801,8175805,11b3c5e3-bdb2-4305-94e8-dffb366b64a3,2026-09-10T16:25:54.775988+00:00,149
N-cf6129,cf61291c-7b69-4c30-880e-0d7c8a036a2f,148,103835,186,103409,104021,8279826,a6663929-c5e1-4a6a-bb6f-9dab8f3e8530,2026-09-10T16:25:58.518318+00:00,150
N-cf6129,cf61291c-7b69-4c30-880e-0d7c8a036a2f,149,104491,112,103793,104603,8384429,40350236-9606-4271-9e98-b78c16e0df09,2026-09-10T16:26:02.211152+00:00,151
N-cf6129,cf61291c-7b69-4c30-880e-0d7c8a036a2f,150,104850,257,104433,105107,8489536,ace6fa1a-4fe9-470d-a58f-43e1f03515ff,2026-09-10T16:26:07.721179+00:00,152
N-cf6129,cf61291c-7b69-4c30-880e-0d7c8a036a2f,151,105343,166,104817,105509,8595045,d32d6360-e589-4001-9896-fea9bde5235e,2026-09-10T16:26:13.035538+00:00,153
N-cf6129,cf61291c-7b69-4c30-880e-0d7c8a036a2f,152,105716,182,105329,105898,8700943,318dc5db-2b11-436e-a561-22432a9824fa,2026-09-10T16:26:15.940854+00:00,154
N-cf6129,cf61291c-7b69-4c30-880e-0d7c8a036a2f,153,105950,175,105713,106125,8807068,ea956021-0078-4430-9863-0efed1c960cb,2026-09-10T16:26:19.570805+00:00,155
N-cf6129,cf61291c-7b69-4c30-880e-0d7c8a036a2f,154,106444,327,105841,106771,8913839,021a7a12-f9ab-4d63-a939-0df575c1076f,2026-09-10T16:26:28.015986+00:00,156
N-cf6129,cf61291c-7b69-4c30-880e-0d7c8a036a2f,155,107019,474,106353,107493,9021332,76e18e9a-f452-4b07-8263-0e03fa7f2af9,2026-09-10T16:26:32.918088+00:00,157
N-cf6129,cf61291c-7b69-4c30-880e-0d7c8a036a2f,156,107565,565,106993,108130,9129462,eabff106-0290-464a-af06-9f3210ec9b25,2026-09-10T16:26:40.693647+00:00,158
N-cf6129,cf61291c-7b69-4c30-880e-0d7c8a036a2f,157,108355,602,107505,108957,9238419,9a95f81c-20de-4d28-86e5-1462fc386625,2026-09-10T16:26:52.109823+00:00,159
N-cf6129,cf61291c-7b69-4c30-880e-0d7c8a036a2f,158,109029,143,108273,109172,9347591,66234fad-92ea-4f37-80c0-79774d36436c,2026-09-10T16:27:01.693477+00:00,160
N-cf6129,cf61291c-7b69-4c30-880e-0d7c8a036a2f,159,109260,214,108913,109474,9457065,9fbc1c3e-88b8-49c7-b93a-0b1d1772e0d5,2026-09-10T16:27:34.070402+00:00,161
N-cf6129,cf61291c-7b69-4c30-880e-0d7c8a036a2f,160,109537,450,109169,109987,9567052,b3efc14c-5816-4640-ba81-64aee87dfed4,2026-09-10T16:27:38.430807+00:00,162
N-cf6129,cf61291c-7b69-4c30-880e-0d7c8a036a2f,161,110053,370,0,110423,9677475,276c836f-3ad7-42b9-9b52-01b2419144f7,2026-09-10T16:28:15.970734+00:00,163
N-cf6129,cf61291c-7b69-4c30-880e-0d7c8a036a2f,162,110438,543,109937,110981,9788456,67268ca3-dfd2-45c6-9910-fd4af876dc70,2026-09-10T16:28:24.599159+00:00,164
N-cf6129,cf61291c-7b69-4c30-880e-0d7c8a036a2f,163,111183,129,110321,111312,9899768,b87006da-2f6f-48f4-84b5-8a1467a4d2fd,2026-09-10T16:29:03.906815+00:00,165
N-cf6129,cf61291c-7b69-4c30-880e-0d7c8a036a2f,164,111818,212,111089,112030,10011798,6e956d7e-162c-4104-bc00-39158f91cfe5,2026-09-10T16:29:06.485156+00:00,166
N-cf6129,cf61291c-7b69-4c30-880e-0d7c8a036a2f,165,112110,179,111729,112289,10124087,d9d996cc-6a28-4a13-a79d-d6746f514d9e,2026-09-10T16:29:09.966074+00:00,167
N-cf6129,cf61291c-7b69-4c30-880e-0d7c8a036a2f,166,113069,127,111985,113196,10237283,2560a8d1-93cc-4306-83ff-b2799fe19b9f,2026-09-10T16:29:14.231874+00:00,169
N-cf6129,cf61291c-7b69-4c30-880e-0d7c8a036a2f,167,113661,888,113009,114549,10351832,ef5591a3-7e2e-435a-9a37-2fac06bef362,2026-09-10T16:29:17.845288+00:00,170
N-cf6129,cf61291c-7b69-4c30-880e-0d7c8a036a2f,168,114626,180,113649,114806,10466638,9014a8d4-5ffb-4e6b-8319-ed9cf79e0a66,2026-09-10T16:29:31.541559+00:00,172
N-cf6129,cf61291c-7b69-4c30-880e-0d7c8a036a2f,169,114894,508,114545,115402,10582040,53124c23-eb92-441b-836d-bf5c5de1a7f3,2026-09-10T16:30:05.381247+00:00,173
N-cf6129,cf61291c-7b69-4c30-880e-0d7c8a036a2f,170,115434,114,114801,115548,10697588,284fd67c-ff05-41a5-883e-5be4995ad398,2026-09-10T16:30:13.231770+00:00,175
N-cf6129,cf61291c-7b69-4c30-880e-0d7c8a036a2f,171,115604,210,115313,115814,10813402,aed8284f-42ea-4683-9bbb-0c3f6f66579e,2026-09-10T16:30:16.507891+00:00,176
N-cf6129,cf61291c-7b69-4c30-880e-0d7c8a036a2f,172,115947,123,115569,116070,10929472,3ad9ee47-149e-4b57-a574-e442118e8fcb,2026-09-10T16:30:50.071513+00:00,178
N-cf6129,cf61291c-7b69-4c30-880e-0d7c8a036a2f,173,116128,675,115825,116803,11046275,deaf51d2-c0f0-4bc7-b1e5-9bc897b4457e,2026-09-10T16:30:53.013809+00:00,179
N-cf6129,cf61291c-7b69-4c30-880e-0d7c8a036a2f,174,116938,149,116081,117087,11163362,cbe35364-0a92-4f90-a3fa-079a9ca7e621,2026-09-10T16:31:33.034306+00:00,181
N-cf6129,cf61291c-7b69-4c30-880e-0d7c8a036a2f,175,117357,272,116849,117629,11280991,65c16be8-974c-4c39-9d99-6b4f97532e9a,2026-09-10T16:31:37.147832+00:00,182
N-cf6129,cf61291c-7b69-4c30-880e-0d7c8a036a2f,176,117661,246,117233,117907,11398898,9c4ce282-bca7-4ea1-a7c8-cb2327ac92ab,2026-09-10T16:31:41.640283+00:00,184
N-cf6129,cf61291c-7b69-4c30-880e-0d7c8a036a2f,177,118253,209,117617,118462,11517360,9d8eb453-da4c-4910-bdcf-8d27813619ac,2026-09-10T16:31:46.268312+00:00,185
N-cf6129,cf61291c-7b69-4c30-880e-0d7c8a036a2f,178,119980,625,118129,120605,11637965,af084146-05b0-47c7-b075-4d9189b0b9c7,2026-09-10T16:31:50.606338+00:00,187
N-cf6129,cf61291c-7b69-4c30-880e-0d7c8a036a2f,179,120613,421,119921,121034,11758999,4a77918b-0436-40e9-a6b8-dc95efa680e1,2026-09-10T16:31:58.954758+00:00,188
N-cf6129,cf61291c-7b69-4c30-880e-0d7c8a036a2f,180,121167,122,120561,121289,11880288,5467f872-8af1-45b3-9652-c07af2f51f98,2026-09-10T16:32:37.043558+00:00,190
N-cf6129,cf61291c-7b69-4c30-880e-0d7c8a036a2f,181,121360,1437,121073,122797,12003085,09f31b16-8f65-4f11-a8d0-49c9110f34c6,2026-09-10T16:32:40.348552+00:00,191
N-cf6129,cf61291c-7b69-4c30-880e-0d7c8a036a2f,182,122944,965,121329,123909,12126994,6932d259-31a2-4821-9af9-a1966416a41f,2026-09-10T16:32:59.106946+00:00,193
N-cf6129,cf61291c-7b69-4c30-880e-0d7c8a036a2f,183,124001,347,122865,124348,12251342,c11c44b1-743e-436a-8023-f4395023c198,2026-09-10T16:33:11.728828+00:00,194
N-cf6129,cf61291c-7b69-4c30-880e-0d7c8a036a2f,184,124436,830,123889,125266,12376608,8be20a0d-124a-4fa9-85c3-c6415af25449,2026-09-10T16:33:48.277316+00:00,196
N-cf6129,cf61291c-7b69-4c30-880e-0d7c8a036a2f,185,125268,553,124401,125821,12502429,43403317-d6c4-4bd9-ad2d-0c7e0d833fbb,2026-09-10T16:33:58.640077+00:00,197
N-cf6129,cf61291c-7b69-4c30-880e-0d7c8a036a2f,186,125985,255,125169,126240,12628669,d201ddc4-6d7b-4709-9e9e-cc701fd58f82,2026-09-10T16:34:07.548741+00:00,199
N-cf6129,cf61291c-7b69-4c30-880e-0d7c8a036a2f,187,126658,302,125937,126960,12755629,92f10851-c328-4966-88c3-577dc4ac31c7,2026-09-10T16:34:13.391950+00:00,200
N-cf6129,cf61291c-7b69-4c30-880e-0d7c8a036a2f,188,127032,190,126577,127222,12882851,7bb8d124-8cc0-44d9-94df-9ad4e34d0fc7,2026-09-10T16:34:20.351825+00:00,202
N-cf6129,cf61291c-7b69-4c30-880e-0d7c8a036a2f,189,127272,374,126961,127646,13010497,cd5d3596-cbc1-421a-9551-821c44f83376,2026-09-10T16:34:23.754643+00:00,203
N-cf6129,cf61291c-7b69-4c30-880e-0d7c8a036a2f,190,128608,166,127217,128774,13139271,4373a1d5-8ecb-4573-8afc-66ab53cc5113,2026-09-10T16:34:30.625936+00:00,205
N-cf6129,cf61291c-7b69-4c30-880e-0d7c8a036a2f,191,128844,721,128497,129565,13268836,39575bf0-894a-44b0-875f-e4b3058c5346,2026-09-10T16:34:34.576875+00:00,206
N-cf6129,cf61291c-7b69-4c30-880e-0d7c8a036a2f,192,129575,152,128753,129727,13398563,4397a8ad-e29f-411a-8690-e61df3469247,2026-09-10T16:34:42.338411+00:00,208
N-cf6129,cf61291c-7b69-4c30-880e-0d7c8a036a2f,193,129764,195,129521,129959,13528522,863e4dfd-f81c-4121-8d17-e2a54405b49c,2026-09-10T16:34:46.494759+00:00,209
N-cf6129,cf61291c-7b69-4c30-880e-0d7c8a036a2f,194,130002,385,129649,130387,13658909,6cfe2edf-932e-486d-9ce7-5f661c577d3f,2026-09-10T16:34:50.578368+00:00,211
N-cf6129,cf61291c-7b69-4c30-880e-0d7c8a036a2f,195,130423,167,129905,130590,13789499,3c5f624d-0320-4365-b170-c556054d34e9,2026-09-10T16:34:56.829560+00:00,212
N-cf6129,cf61291c-7b69-4c30-880e-0d7c8a036a2f,196,130750,405,130417,131155,13920654,c5610b3c-1ce1-4f25-95d9-e1fcead3edd6,2026-09-10T16:35:00.455842+00:00,214
N-cf6129,cf61291c-7b69-4c30-880e-0d7c8a036a2f,197,131932,199,130673,132131,14052785,83fa8c34-d390-42d4-b71d-87f7f029b90b,2026-09-10T16:35:06.575445+00:00,215
N-cf6129,cf61291c-7b69-4c30-880e-0d7c8a036a2f,198,132183,274,131825,132457,14185242,1176c584-1d5e-485a-b3e2-e9816248aabe,2026-09-10T16:35:10.366900+00:00,217
N-cf6129,cf61291c-7b69-4c30-880e-0d7c8a036a2f,199,133495,179,132081,133674,14318916,ca23e17c-0e55-4b89-a28a-481a55a9dca2,2026-09-10T16:35:16.461364+00:00,218
N-cf6129,cf61291c-7b69-4c30-880e-0d7c8a036a2f,200,133831,199,133489,134030,14452946,e54cf11e-5104-4565-b80e-823174105c88,2026-09-10T16:35:23.400999+00:00,220
N-cf6129,cf61291c-7b69-4c30-880e-0d7c8a036a2f,201,134134,163,133745,134297,14587243,fd6e4eff-d2a9-4d77-a54d-0cec93194e08,2026-09-10T16:35:27.051806+00:00,221
N-cf6129,cf61291c-7b69-4c30-880e-0d7c8a036a2f,202,134597,192,134129,134789,14722032,a98a8668-0a6a-41ea-9df2-e124bca16550,2026-09-10T16:35:30.165785+00:00,223
N-cf6129,cf61291c-7b69-4c30-880e-0d7c8a036a2f,203,134832,132,134513,134964,14856996,72e5bd61-2ec6-4408-b1a2-5bb00b91feeb,2026-09-10T16:35:35.817363+00:00,224
N-cf6129,cf61291c-7b69-4c30-880e-0d7c8a036a2f,204,135010,164,134769,135174,14992170,85895285-d782-4699-a61f-07e089124825,2026-09-10T16:35:44.544501+00:00,225
N-cf6129,cf61291c-7b69-4c30-880e-0d7c8a036a2f,205,135230,134,134897,135364,15127534,fad2d6a3-c1e3-4cf1-a702-83862aff610d,2026-09-10T16:35:48.574709+00:00,227
N-cf6129,cf61291c-7b69-4c30-880e-0d7c8a036a2f,206,135480,168,135153,135648,15263182,c05cf7ed-b49a-4e44-b337-bd6a1f78a7c7,2026-09-10T16:35:51.621048+00:00,228
N-cf6129,cf61291c-7b69-4c30-880e-0d7c8a036a2f,207,135698,167,135409,135865,15399047,1a6d83e9-8e96-4574-a0f1-4a05d6fdbacd,2026-09-10T16:35:55.571857+00:00,230
N-cf6129,cf61291c-7b69-4c30-880e-0d7c8a036a2f,208,135919,145,135665,136064,15535111,64b17783-a81a-4c82-b67d-424433649760,2026-09-10T16:35:59.240436+00:00,231
N-cf6129,cf61291c-7b69-4c30-880e-0d7c8a036a2f,209,137250,229,135793,137479,15672590,e39f990c-f90f-4161-93ee-08505f2c1424,2026-09-10T16:36:02.215341+00:00,233
N-cf6129,cf61291c-7b69-4c30-880e-0d7c8a036a2f,210,137552,122,137201,137674,15810264,c9278524-49d6-457c-81be-12b323b8dd5f,2026-09-10T16:36:06.764293+00:00,234
N-cf6129,cf61291c-7b69-4c30-880e-0d7c8a036a2f,211,138134,156,137457,138290,15948554,0cc49d23-3678-40a3-a7bb-38088e8fcd55,2026-09-10T16:36:10.113033+00:00,236
N-cf6129,cf61291c-7b69-4c30-880e-0d7c8a036a2f,212,138391,174,138097,138565,16087119,da09f421-986e-4968-bba3-67a9b1e6ccca,2026-09-10T16:36:13.766793+00:00,237
N-cf6129,cf61291c-7b69-4c30-880e-0d7c8a036a2f,213,138983,405,138353,139388,16226507,b13c33ab-b6be-4562-ac6d-e1cbe487c544,2026-09-10T16:36:17.223502+00:00,239
N-cf6129,cf61291c-7b69-4c30-880e-0d7c8a036a2f,214,139489,138,138865,139627,16366134,bae80124-851e-4c8a-9e5e-c44c311397ea,2026-09-10T16:36:23.906240+00:00,240
N-cf6129,cf61291c-7b69-4c30-880e-0d7c8a036a2f,215,139897,508,139377,140405,16506539,48c0001c-b6f2-4c19-88b9-84cafd5bf691,2026-09-10T16:36:27.439516+00:00,242
N-cf6129,cf61291c-7b69-4c30-880e-0d7c8a036a2f,216,140493,304,139889,140797,16647336,9b43a9fc-4f35-432c-b1c1-38d09de7c63d,2026-09-10T16:37:03.723920+00:00,243
N-cf6129,cf61291c-7b69-4c30-880e-0d7c8a036a2f,217,142657,157,140401,142814,16790150,3f4de136-80ca-4196-b973-77069ace7b72,2026-09-10T16:37:08.902738+00:00,245
N-cf6129,cf61291c-7b69-4c30-880e-0d7c8a036a2f,218,142867,111,142577,142978,16933128,59eacf77-a5f5-4fd4-b8f7-ebb2f1e1c384,2026-09-10T16:37:13.386372+00:00,246
N-cf6129,cf61291c-7b69-4c30-880e-0d7c8a036a2f,219,143034,241,142833,143275,17076403,4f79e41c-3543-4af9-967e-716a2f5ab834,2026-09-10T16:37:17.131610+00:00,248
N-cf6129,cf61291c-7b69-4c30-880e-0d7c8a036a2f,220,143323,233,142961,143556,17219959,921f0020-9b86-492c-ac13-3cabf21d4f44,2026-09-10T16:37:22.286458+00:00,249
N-cf6129,cf61291c-7b69-4c30-880e-0d7c8a036a2f,221,144434,92,143217,144526,17364485,7baa5c9c-dcc6-431e-899a-a46d8e6ff322,2026-09-10T16:37:26.233997+00:00,251
N-cf6129,cf61291c-7b69-4c30-880e-0d7c8a036a2f,222,144578,238,144369,144816,17509301,81db6012-de3b-48d3-823d-1e01f4463dbc,2026-09-10T16:37:29.341139+00:00,252
N-cf6129,cf61291c-7b69-4c30-880e-0d7c8a036a2f,223,144890,95,144497,144985,17654286,2f5c9a95-c060-4856-a3e9-f3c2dabccb8f,2026-09-10T16:37:33.185861+00:00,254
N-cf6129,cf61291c-7b69-4c30-880e-0d7c8a036a2f,224,145038,181,144881,145219,17799505,abc081b1-0715-478f-b806-fb0c41b67dda,2026-09-10T16:37:35.973021+00:00,255
N-cf6129,cf61291c-7b69-4c30-880e-0d7c8a036a2f,225,145266,161,145009,145427,17944932,036d03f9-466f-4769-8b41-2e8c0a0d2e0c,2026-09-10T16:37:39.679263+00:00,257
N-cf6129,cf61291c-7b69-4c30-880e-0d7c8a036a2f,226,145500,269,145265,145769,18090701,c866eeb8-e513-4cef-ad65-5a17b075db2e,2026-09-10T16:37:43.640419+00:00,258
N-cf6129,cf61291c-7b69-4c30-880e-0d7c8a036a2f,227,145816,103,145393,145919,18236620,ba92a7d9-05db-4d4e-99ef-4c6680837643,2026-09-10T16:37:48.831848+00:00,260
N-cf6129,cf61291c-7b69-4c30-880e-0d7c8a036a2f,228,146583,105,145777,146688,18383308,0f09e08c-1faa-4bdd-b3e3-269dcffed0ac,2026-09-10T16:37:52.010288+00:00,261
N-cf6129,cf61291c-7b69-4c30-880e-0d7c8a036a2f,229,146740,212,146545,146952,18530260,98345132-726b-4986-ac76-d3e4e17d8ebc,2026-09-10T16:37:54.865411+00:00,263
N-cf6129,cf61291c-7b69-4c30-880e-0d7c8a036a2f,230,147025,109,146673,147134,18677394,cf717d16-1918-4bd1-a89e-5265dc7f0b45,2026-09-10T16:37:59.048712+00:00,264
N-cf6129,cf61291c-7b69-4c30-880e-0d7c8a036a2f,231,147491,93,146929,147584,18824978,d6034207-fd69-44d3-ba95-e170ddcfcc3c,2026-09-10T16:38:02.422600+00:00,266
N-cf6129,cf61291c-7b69-4c30-880e-0d7c8a036a2f,232,147638,265,147441,147903,18972881,01e3901a-daef-48a3-8bbd-66a408aabf7a,2026-09-10T16:38:05.589644+00:00,267
N-cf6129,cf61291c-7b69-4c30-880e-0d7c8a036a2f,233,147948,69,147569,148017,19120898,e844b8f4-23b9-49f0-a4f5-38f6c7d5b429,2026-09-10T16:38:09.155045+00:00,269
N-cf6129,cf61291c-7b69-4c30-880e-0d7c8a036a2f,234,148929,91,147825,149020,19269918,f4fd5cc8-d40f-4eca-856c-aabc986d9010,2026-09-10T16:38:12.146463+00:00,270
N-cf6129,cf61291c-7b69-4c30-880e-0d7c8a036a2f,235,143191,242,6257,143433,19413351,24545a0e-88d5-4642-9da8-cb0a2a613288,2026-09-10T16:38:14.845901+00:00,272
N-cf6129,cf61291c-7b69-4c30-880e-0d7c8a036a2f,236,143489,160,143089,143649,19557000,473262ad-30dd-4984-a402-e5542cd2f537,2026-09-10T16:38:21.344107+00:00,273
N-cf6129,cf61291c-7b69-4c30-880e-0d7c8a036a2f,237,143696,108,143473,143804,19700804,3fdc6642-cac0-422e-844c-d05c2f9a38a7,2026-09-10T16:38:25.618724+00:00,275
N-cf6129,cf61291c-7b69-4c30-880e-0d7c8a036a2f,238,143909,89,143601,143998,19844802,d1c47e33-c560-4446-a270-c041021f4b49,2026-09-10T16:38:29.241290+00:00,276
N-cf6129,cf61291c-7b69-4c30-880e-0d7c8a036a2f,239,144050,213,143857,144263,19989065,f1044239-fb2f-4fbb-8bbf-760b102a9ee2,2026-09-10T16:38:32.469367+00:00,278
N-cf6129,cf61291c-7b69-4c30-880e-0d7c8a036a2f,240,144336,176,143985,144512,20133577,234495da-691b-4afb-b04d-3d2890a14980,2026-09-10T16:38:36.580208+00:00,279
N-cf6129,cf61291c-7b69-4c30-880e-0d7c8a036a2f,241,144565,69,144241,144634,20278211,8882cffe-1131-4037-895f-1b4dd83af65e,2026-09-10T16:38:40.218622+00:00,281
N-cf6129,cf61291c-7b69-4c30-880e-0d7c8a036a2f,242,145820,91,144497,145911,20424122,161dc2c0-6f72-4bfd-a12d-f2678c649580,2026-09-10T16:38:43.706829+00:00,282
N-cf6129,cf61291c-7b69-4c30-880e-0d7c8a036a2f,243,145963,108,145777,146071,20570193,bdfd7d08-4300-4ebe-99cc-69cc6fb7f484,2026-09-10T16:38:46.461228+00:00,284
N-cf6129,cf61291c-7b69-4c30-880e-0d7c8a036a2f,244,146566,124,145905,146690,20716883,0de90b38-c831-4ef1-820d-511db4f94d26,2026-09-10T16:38:50.135525+00:00,285
N-cf6129,cf61291c-7b69-4c30-880e-0d7c8a036a2f,245,146763,114,146545,146877,20863760,1e3eecf6-f61d-4a64-9c52-4c243572a553,2026-09-10T16:38:53.208720+00:00,287
N-cf6129,cf61291c-7b69-4c30-880e-0d7c8a036a2f,246,147038,91,146673,147129,21010889,26103fdc-124d-40c0-b323-a51b183340b0,2026-09-10T16:38:56.411348+00:00,288
N-cf6129,cf61291c-7b69-4c30-880e-0d7c8a036a2f,247,147181,105,146929,147286,21158175,e65363e7-46d2-48d3-891e-2fd9405d6ccf,2026-09-10T16:38:58.856206+00:00,290
N-cf6129,cf61291c-7b69-4c30-880e-0d7c8a036a2f,248,147533,105,147057,147638,21305813,a8614fea-7148-4c84-9efc-eaf9d35fd693,2026-09-10T16:39:02.526220+00:00,291
N-cf6129,cf61291c-7b69-4c30-880e-0d7c8a036a2f,249,147690,139,147441,147829,21453642,ab15bd95-f577-4f7d-b2dc-4412f61ae4c1,2026-09-10T16:39:05.475410+00:00,293
N-cf6129,cf61291c-7b69-4c30-880e-0d7c8a036a2f,250,147902,65,147569,147967,21601609,06812e97-4e21-48b5-99be-6165e2d18d08,2026-09-10T16:39:08.974960+00:00,294
N-cf6129,cf61291c-7b69-4c30-880e-0d7c8a036a2f,251,148385,91,147825,148476,21750085,6acc0790-025a-4336-8201-d79b9d082e56,2026-09-10T16:39:11.714920+00:00,296
N-cf6129,cf61291c-7b69-4c30-880e-0d7c8a036a2f,252,148528,195,148337,148723,21898808,fb54b3d2-74b4-45bc-88ec-8c015498b10d,2026-09-10T16:39:13.950627+00:00,297
N-cf6129,cf61291c-7b69-4c30-880e-0d7c8a036a2f,253,148768,117,148465,148885,22047693,c715a722-9394-43b5-b3eb-3d8cdc32506d,2026-09-10T16:39:17.000596+00:00,299
N-cf6129,cf61291c-7b69-4c30-880e-0d7c8a036a2f,254,148937,101,148721,149038,22196731,ee302493-566b-411d-85bd-ec84d675c64a,2026-09-10T16:39:21.387309+00:00,300
N-cf6129,cf61291c-7b69-4c30-880e-0d7c8a036a2f,255,149094,109,148849,149203,22345934,da0cb2cb-e8ce-482e-8ee7-d60aa042fd16,2026-09-10T16:39:25.029851+00:00,302
N-cf6129,cf61291c-7b69-4c30-880e-0d7c8a036a2f,256,149813,106,148977,149919,22495853,ff02fa45-7111-40e2-a3f3-51314d5d3088,2026-09-10T16:39:28.323150+00:00,303
N-cf6129,cf61291c-7b69-4c30-880e-0d7c8a036a2f,257,149971,126,149745,150097,22645950,244fb507-fe80-428d-861b-c40dc06e4fac,2026-09-10T16:39:30.810158+00:00,305
N-cf6129,cf61291c-7b69-4c30-880e-0d7c8a036a2f,258,142186,91,6257,142277,22788227,b22ea30c-3f49-4dee-8432-90ae1257f4fe,2026-09-10T16:39:35.173423+00:00,306
N-cf6129,cf61291c-7b69-4c30-880e-0d7c8a036a2f,259,142329,107,142065,142436,22930663,6771661b-0380-4840-8008-3e30e50f9fa0,2026-09-10T16:39:40.446390+00:00,308
N-cf6129,cf61291c-7b69-4c30-880e-0d7c8a036a2f,260,144084,106,142321,144190,23074853,583f8e79-b9b7-492a-8e0d-e74b669fffa3,2026-09-10T16:39:43.404546+00:00,309
N-cf6129,cf61291c-7b69-4c30-880e-0d7c8a036a2f,261,144242,123,143985,144365,23219218,c86b5adf-1bc9-4fb1-b29f-ffba40bf578f,2026-09-10T16:39:46.274544+00:00,311
N-cf6129,cf61291c-7b69-4c30-880e-0d7c8a036a2f,262,144421,68,144241,144489,23363707,9534b0da-32e9-455c-9167-da0c27150bff,2026-09-10T16:39:49.555383+00:00,312
N-cf6129,cf61291c-7b69-4c30-880e-0d7c8a036a2f,263,145184,91,144369,145275,23508982,e8acd344-3ad7-496b-bfd9-d21bcffc29c6,2026-09-10T16:39:52.437493+00:00,314
N-cf6129,cf61291c-7b69-4c30-880e-0d7c8a036a2f,264,145327,194,145137,145521,23654503,100923de-244d-4e5e-b3a4-eed737c720e5,2026-09-10T16:39:55.502674+00:00,315
N-cf6129,cf61291c-7b69-4c30-880e-0d7c8a036a2f,265,145566,119,145265,145685,23800188,d10d610b-66ce-44ad-ae8c-5a646a510f9e,2026-09-10T16:40:00.829170+00:00,317
N-cf6129,cf61291c-7b69-4c30-880e-0d7c8a036a2f,266,145737,67,145521,145804,23945992,21354e5f-b528-4089-b3f8-57d0c84144c7,2026-09-10T16:40:04.406432+00:00,318
N-cf6129,cf61291c-7b69-4c30-880e-0d7c8a036a2f,267,146581,91,145649,146672,24092664,cd76f49a-ad31-4154-8dd4-9a43d35f1e45,2026-09-10T16:40:06.897637+00:00,320
N-cf6129,cf61291c-7b69-4c30-880e-0d7c8a036a2f,268,146724,136,146545,146860,24239524,1d719043-8b1b-4239-b075-2ef004a01546,2026-09-10T16:40:09.939107+00:00,321
N-cf6129,cf61291c-7b69-4c30-880e-0d7c8a036a2f,269,146916,87,146673,147003,24386527,51c6f7a4-e855-41ea-89a0-ee7f84d1b493,2026-09-10T16:40:12.820717+00:00,323
N-cf6129,cf61291c-7b69-4c30-880e-0d7c8a036a2f,270,147165,91,146801,147256,24533783,191c3acc-a243-4dca-bc5d-bc0628af6b7a,2026-09-10T16:40:16.293453+00:00,324
N-cf6129,cf61291c-7b69-4c30-880e-0d7c8a036a2f,271,147308,168,147057,147476,24681259,bfeddf30-d549-4b2e-add7-61416efd8ce0,2026-09-10T16:40:18.484060+00:00,326
N-cf6129,cf61291c-7b69-4c30-880e-0d7c8a036a2f,272,147894,108,147185,148002,24829261,b2963f60-6fab-4f19-9034-199c00171c1b,2026-09-10T16:40:23.148754+00:00,327
N-cf6129,cf61291c-7b69-4c30-880e-0d7c8a036a2f,273,148054,123,147825,148177,24977438,e1d53995-cdd7-44be-83e5-2eafa85d2dfc,2026-09-10T16:40:26.690328+00:00,329
N-cf6129,cf61291c-7b69-4c30-880e-0d7c8a036a2f,274,148233,67,147953,148300,25125738,51251cd6-6484-4003-b4bf-2d2ccb336da4,2026-09-10T16:40:30.736721+00:00,330
N-cf6129,cf61291c-7b69-4c30-880e-0d7c8a036a2f,275,148399,91,148209,148490,25274228,6d0844f9-2686-46d5-8fbf-17be1d9e8e40,2026-09-10T16:40:33.857424+00:00,332
N-cf6129,cf61291c-7b69-4c30-880e-0d7c8a036a2f,276,148542,119,148337,148661,25422889,001b649e-9fc5-4bf0-8c12-55063951e204,2026-09-10T16:40:37.022431+00:00,333
N-cf6129,cf61291c-7b69-4c30-880e-0d7c8a036a2f,277,148908,91,148465,148999,25571888,7bb7160a-a141-4487-84bd-29a4c353f840,2026-09-10T16:40:40.236945+00:00,335
N-cf6129,cf61291c-7b69-4c30-880e-0d7c8a036a2f,278,149051,123,148849,149174,25721062,131fd899-469f-410c-ba4e-cb738d1bef1d,2026-09-10T16:40:43.499531+00:00,336
N-cf6129,cf61291c-7b69-4c30-880e-0d7c8a036a2f,279,149230,66,148977,149296,25870358,856e2a8a-bc8e-4d94-b8a8-abdf69dcf3de,2026-09-10T16:40:45.984160+00:00,338
N-cf6129,cf61291c-7b69-4c30-880e-0d7c8a036a2f,280,149509,106,149105,149615,26019973,2a6752ef-497b-4145-a731-aee9bd102129,2026-09-10T16:40:48.739592+00:00,339
N-cf6129,cf61291c-7b69-4c30-880e-0d7c8a036a2f,281,149667,174,149489,149841,26169814,58c25dd7-a85d-45c7-8479-c257161793f0,2026-09-10T16:40:51.567406+00:00,341
N-cf6129,cf61291c-7b69-4c30-880e-0d7c8a036a2f,282,149886,135,149617,150021,26319835,2c8016e9-06d7-4435-8ee5-adec5cb9cd39,2026-09-10T16:40:55.724521+00:00,342
N-cf6129,cf61291c-7b69-4c30-880e-0d7c8a036a2f,283,150073,109,149873,150182,26470017,639e7dc2-067a-4055-8c22-5f10eb2d3a77,2026-09-10T16:41:00.460061+00:00,344
N-cf6129,cf61291c-7b69-4c30-880e-0d7c8a036a2f,284,150255,103,150001,150358,26620375,46fa8d13-daa5-471a-8c81-7bd65c8efd4a,2026-09-10T16:41:04.292115+00:00,345
N-cf6129,cf61291c-7b69-4c30-880e-0d7c8a036a2f,285,150426,91,150129,150517,26770892,cdf9fcde-df99-4e7a-ac62-5edbba63beaf,2026-09-10T16:41:06.989363+00:00,347
N-cf6129,cf61291c-7b69-4c30-880e-0d7c8a036a2f,286,150569,93,150385,150662,26921554,d5894243-a5b3-43fb-a77d-b438b83d1c2f,2026-09-10T16:41:10.725215+00:00,348
N-cf6129,cf61291c-7b69-4c30-880e-0d7c8a036a2f,287,151080,91,150513,151171,27072725,7c45b49c-5735-4b07-83eb-c04ac4f6f7c7,2026-09-10T16:41:14.598746+00:00,350
N-cf6129,cf61291c-7b69-4c30-880e-0d7c8a036a2f,288,151223,120,151025,151343,27224068,ca55c445-19e5-4636-beb8-d9b497b912dc,2026-09-10T16:41:17.398054+00:00,351
N-cf6129,cf61291c-7b69-4c30-880e-0d7c8a036a2f,289,120588,249,6257,120837,27344905,31c2fecc-5caf-4967-85b7-b926e5acfa24,2026-09-10T16:41:21.325162+00:00,353
N-cf6129,cf61291c-7b69-4c30-880e-0d7c8a036a2f,290,120891,90,120561,120981,27465886,fd415b63-69f9-4b9e-80c5-1d76985dddc2,2026-09-10T16:41:29.244423+00:00,354
N-cf6129,cf61291c-7b69-4c30-880e-0d7c8a036a2f,291,121194,109,120817,121303,27587189,e50970b1-7974-48f7-bf5b-247182e97665,2026-09-10T16:41:31.823876+00:00,355
N-cf6129,cf61291c-7b69-4c30-880e-0d7c8a036a2f,292,121424,159,121073,121583,27708772,a3f062e4-da62-4b10-9db7-286ca7c938d1,2026-09-10T16:41:34.794396+00:00,356
N-cf6129,cf61291c-7b69-4c30-880e-0d7c8a036a2f,293,121853,373,121329,122226,27830998,c354db46-99d6-4d95-9b48-b6f6c12ab7b3,2026-09-10T16:41:38.685374+00:00,357
N-cf6129,cf61291c-7b69-4c30-880e-0d7c8a036a2f,294,122314,209,121841,122523,27953521,660e7637-5b1e-4d91-b32d-50644958f339,2026-09-10T16:42:13.692936+00:00,358
N-cf6129,cf61291c-7b69-4c30-880e-0d7c8a036a2f,295,122685,95,122225,122780,28076301,45a4bbc1-8948-4423-a875-87fc8194aac5,2026-09-10T16:42:17.680873+00:00,359
N-cf6129,cf61291c-7b69-4c30-880e-0d7c8a036a2f,296,122835,115,122609,122950,28199251,2095afdd-edf8-4d17-892f-8336ad724d67,2026-09-10T16:42:20.285463+00:00,360
N-cf6129,cf61291c-7b69-4c30-880e-0d7c8a036a2f,297,123002,109,122737,123111,28322362,2e7970a4-ae46-4751-9b2a-9076726bb0ee,2026-09-10T16:42:23.213514+00:00,361
N-cf6129,cf61291c-7b69-4c30-880e-0d7c8a036a2f,298,123529,109,122993,123638,28446000,bbde70b8-cc45-4629-9623-4d115bb0ebd2,2026-09-10T16:42:26.212442+00:00,362
N-cf6129,cf61291c-7b69-4c30-880e-0d7c8a036a2f,299,123711,163,123505,123874,28569874,e18961b1-742e-4e7c-9396-cb04bc0d0159,2026-09-10T16:42:29.606472+00:00,363
N-cf6129,cf61291c-7b69-4c30-880e-0d7c8a036a2f,300,123919,158,123633,124077,28693951,5d072f24-3e32-4ed2-9a1a-7470d9c415a5,2026-09-10T16:42:33.604419+00:00,364
N-cf6129,cf61291c-7b69-4c30-880e-0d7c8a036a2f,301,124537,91,123889,124628,28818579,d8ac3ea5-387d-4efb-9791-6e4e495a979f,2026-09-10T16:42:36.393335+00:00,365
N-cf6129,cf61291c-7b69-4c30-880e-0d7c8a036a2f,302,124680,100,124529,124780,28943359,eb2beae2-2f97-4ccc-95cd-cde016343a48,2026-09-10T16:42:39.332864+00:00,366
N-cf6129,cf61291c-7b69-4c30-880e-0d7c8a036a2f,303,124836,87,124657,124923,29068282,17b9cbb3-22c1-4bba-be33-02dbda9dea18,2026-09-10T16:42:42.512155+00:00,367
N-cf6129,cf61291c-7b69-4c30-880e-0d7c8a036a2f,304,124991,104,124785,125095,29193377,ded96c6f-3220-4353-af06-6ec1bee96b99,2026-09-10T16:42:45.203302+00:00,368
N-cf6129,cf61291c-7b69-4c30-880e-0d7c8a036a2f,305,125147,173,124913,125320,29318697,924724ef-7975-4647-8e7c-3893392fbdf1,2026-09-10T16:42:47.750755+00:00,369
N-cf6129,cf61291c-7b69-4c30-880e-0d7c8a036a2f,306,125930,91,125041,126021,29444718,34b59042-5d3d-46a3-b30b-2bfa1786aab2,2026-09-10T16:42:50.560926+00:00,371
N-cf6129,cf61291c-7b69-4c30-880e-0d7c8a036a2f,307,126073,107,125809,126180,29570898,dce490aa-58e8-47de-a8af-45d00b191386,2026-09-10T16:42:53.650401+00:00,372
N-cf6129,cf61291c-7b69-4c30-880e-0d7c8a036a2f,308,126253,144,126065,126397,29697295,603dc98c-850f-4e22-ba1c-7cfa0b6f510b,2026-09-10T16:42:56.265186+00:00,374
N-cf6129,cf61291c-7b69-4c30-880e-0d7c8a036a2f,309,127275,91,126193,127366,29824661,db70ff28-148b-464d-91fd-a7e30bcd89d7,2026-09-10T16:43:00.543388+00:00,375
N-cf6129,cf61291c-7b69-4c30-880e-0d7c8a036a2f,310,127418,143,127217,127561,29952222,2ab11a6e-cdd4-437c-9401-2169fbc6964f,2026-09-10T16:43:02.775776+00:00,377
N-cf6129,cf61291c-7b69-4c30-880e-0d7c8a036a2f,311,127606,107,127345,127713,30079935,6300d850-c3d1-44f4-8b14-c17a3e68760f,2026-09-10T16:43:06.094307+00:00,378
N-cf6129,cf61291c-7b69-4c30-880e-0d7c8a036a2f,312,128208,105,127601,128313,30208248,d6f2d09e-96fe-4fab-9801-64242b57a634,2026-09-10T16:43:09.097700+00:00,380
N-cf6129,cf61291c-7b69-4c30-880e-0d7c8a036a2f,313,128365,92,128113,128457,30336705,01244725-1cc8-4b9f-85ad-00b097a2c809,2026-09-10T16:43:13.292456+00:00,381
N-cf6129,cf61291c-7b69-4c30-880e-0d7c8a036a2f,314,128513,91,128241,128604,30465309,e8778073-d8b2-4d8f-80bc-70b41f3605ff,2026-09-10T16:43:15.825373+00:00,383
N-cf6129,cf61291c-7b69-4c30-880e-0d7c8a036a2f,315,128656,185,128497,128841,30594150,92626c38-decf-4d91-aebe-5dc102957208,2026-09-10T16:43:18.765358+00:00,384
N-cf6129,cf61291c-7b69-4c30-880e-0d7c8a036a2f,316,129505,104,128625,129609,30723759,ccaf55c9-b8dc-4327-b07a-eb6be2772ea9,2026-09-10T16:43:22.384771+00:00,386
N-cf6129,cf61291c-7b69-4c30-880e-0d7c8a036a2f,317,129661,67,129393,129728,30853487,5212ef63-a6ae-4a64-96a4-b4e963a0724f,2026-09-10T16:43:25.419534+00:00,387
N-cf6129,cf61291c-7b69-4c30-880e-0d7c8a036a2f,318,130505,91,129649,130596,30984083,5c8f4f02-eac9-46b1-b772-8ea2b5b36f35,2026-09-10T16:43:28.135831+00:00,389
N-cf6129,cf61291c-7b69-4c30-880e-0d7c8a036a2f,319,130648,110,130417,130758,31114841,4b6167f1-f407-4592-8819-be09f2888a3a,2026-09-10T16:43:31.546460+00:00,390
N-cf6129,cf61291c-7b69-4c30-880e-0d7c8a036a2f,320,131258,105,130545,131363,31246204,afb9e791-34dd-4233-84d9-f7326bd7f4c7,2026-09-10T16:43:34.702763+00:00,392
N-cf6129,cf61291c-7b69-4c30-880e-0d7c8a036a2f,321,131415,96,131185,131511,31377715,a581c59c-4540-4fad-b9e8-08a42d2870e1,2026-09-10T16:43:38.244014+00:00,393
N-cf6129,cf61291c-7b69-4c30-880e-0d7c8a036a2f,322,131632,91,131313,131723,31509438,70cf46f6-d0ed-4321-a411-c1f775348366,2026-09-10T16:43:40.684287+00:00,395
N-cf6129,cf61291c-7b69-4c30-880e-0d7c8a036a2f,323,131775,130,131569,131905,31641343,dc476b53-595f-4a28-bdc1-78e15679f897,2026-09-10T16:43:43.720507+00:00,396
N-cf6129,cf61291c-7b69-4c30-880e-0d7c8a036a2f,324,131973,103,131697,132076,31773419,c6c06875-b1eb-44c9-8798-5b18a4042282,2026-09-10T16:43:46.335749+00:00,398
N-cf6129,cf61291c-7b69-4c30-880e-0d7c8a036a2f,325,132128,78,131953,132206,31905625,09d01bc0-413c-4683-9f6d-4f693909e9fa,2026-09-10T16:43:49.331528+00:00,399
N-cf6129,cf61291c-7b69-4c30-880e-0d7c8a036a2f,326,132816,91,132081,132907,32038532,64d7e27f-a7b1-484d-a528-11e37613283f,2026-09-10T16:43:53.206545+00:00,401
N-cf6129,cf61291c-7b69-4c30-880e-0d7c8a036a2f,327,132959,111,132721,133070,32171602,6de557a8-60ee-4cd2-9a40-3e8e9fb6ac28,2026-09-10T16:43:56.577235+00:00,402
N-cf6129,cf61291c-7b69-4c30-880e-0d7c8a036a2f,328,133982,105,132849,134087,32305689,528a405d-18aa-4ebe-bdf0-02c0589da352,2026-09-10T16:43:58.943477+00:00,404
N-cf6129,cf61291c-7b69-4c30-880e-0d7c8a036a2f,329,134139,112,133873,134251,32439940,f83448f0-9443-4492-97d8-7b8ea7e2622c,2026-09-10T16:44:01.643688+00:00,405
N-cf6129,cf61291c-7b69-4c30-880e-0d7c8a036a2f,330,135129,91,134129,135220,32575160,0904ed13-a316-420f-a0c2-37271edb2b26,2026-09-10T16:44:04.431524+00:00,407
N-cf6129,cf61291c-7b69-4c30-880e-0d7c8a036a2f,331,135272,113,135025,135385,32710545,4b44cfda-156b-4dde-9325-55d7c4307854,2026-09-10T16:44:07.347059+00:00,408
N-cf6129,cf61291c-7b69-4c30-880e-0d7c8a036a2f,332,135880,107,135153,135987,32846532,3f970b72-f7e8-4c95-8d1c-b732cc5fd8c9,2026-09-10T16:44:10.449256+00:00,410
N-cf6129,cf61291c-7b69-4c30-880e-0d7c8a036a2f,333,136039,76,135793,136115,32982647,0852b3b1-ef51-4133-9657-eec200da4e1d,2026-09-10T16:44:14.256458+00:00,411
N-cf6129,cf61291c-7b69-4c30-880e-0d7c8a036a2f,334,136362,91,135921,136453,33119100,8acc4e01-2c29-4567-9889-254d28f3c034,2026-09-10T16:44:17.234374+00:00,413
N-cf6129,cf61291c-7b69-4c30-880e-0d7c8a036a2f,335,136505,108,136305,136613,33255713,b862a528-ebdf-4366-9144-2d40ad7bf309,2026-09-10T16:44:20.388176+00:00,414
N-cf6129,cf61291c-7b69-4c30-880e-0d7c8a036a2f,336,137277,104,136433,137381,33393094,907546c6-3f1d-4243-96a6-ee44f2004d2f,2026-09-10T16:44:23.685922+00:00,416
N-cf6129,cf61291c-7b69-4c30-880e-0d7c8a036a2f,337,137433,76,137201,137509,33530603,be2f7d30-6fe5-4f11-9c9b-dc4aa17a1dfe,2026-09-10T16:44:27.049263+00:00,417
N-cf6129,cf61291c-7b69-4c30-880e-0d7c8a036a2f,338,137608,91,137329,137699,33668302,ce56694a-fdbb-4450-b3f1-e222aea5d683,2026-09-10T16:44:29.595482+00:00,419
N-cf6129,cf61291c-7b69-4c30-880e-0d7c8a036a2f,339,137751,109,137585,137860,33806162,1a23b405-4255-4544-8523-349ca251f155,2026-09-10T16:44:33.477279+00:00,420
N-cf6129,cf61291c-7b69-4c30-880e-0d7c8a036a2f,340,137965,108,137713,138073,33944235,9a139e91-77e0-4dec-a46d-d70c487f84de,2026-09-10T16:44:36.145207+00:00,422
N-cf6129,cf61291c-7b69-4c30-880e-0d7c8a036a2f,341,138125,78,137841,138203,34082438,ad768af5-a735-4b36-aafd-fdf08ed3ab6d,2026-09-10T16:44:39.077326+00:00,423
N-cf6129,cf61291c-7b69-4c30-880e-0d7c8a036a2f,342,138703,91,138097,138794,34221232,a8d7c09e-c08b-42bf-9204-094b24e8785c,2026-09-10T16:44:41.810646+00:00,425
N-cf6129,cf61291c-7b69-4c30-880e-0d7c8a036a2f,343,138846,130,138609,138976,34360208,53544ee8-e9f4-4fd7-a892-57a8f06af159,2026-09-10T16:44:44.628238+00:00,426
N-cf6129,cf61291c-7b69-4c30-880e-0d7c8a036a2f,344,139097,103,138737,139200,34499408,60287416-a04e-4cc6-ba58-c369a055f9b5,2026-09-10T16:44:47.443067+00:00,428
N-cf6129,cf61291c-7b69-4c30-880e-0d7c8a036a2f,345,139252,96,138993,139348,34638756,4707888d-abd7-4df4-a77b-1e2c674cbe64,2026-09-10T16:44:50.655828+00:00,429
N-cf6129,cf61291c-7b69-4c30-880e-0d7c8a036a2f,346,139416,91,139249,139507,34778263,3b813fe4-1a95-4437-96f0-fb2d2e870056,2026-09-10T16:44:53.203811+00:00,431
N-cf6129,cf61291c-7b69-4c30-880e-0d7c8a036a2f,347,139559,112,139377,139671,34917934,516de025-7945-48a9-85c5-f3754fbf288e,2026-09-10T16:44:59.900118+00:00,432
N-cf6129,cf61291c-7b69-4c30-880e-0d7c8a036a2f,348,140281,106,139505,140387,35058321,56027975-b0eb-4d26-b52c-6402883b35b7,2026-09-10T16:45:02.456264+00:00,434
N-cf6129,cf61291c-7b69-4c30-880e-0d7c8a036a2f,349,140439,77,140273,140516,35198837,7448bb7a-9084-4b14-8075-b9126c56d742,2026-09-10T16:45:05.648761+00:00,435
N-cf6129,cf61291c-7b69-4c30-880e-0d7c8a036a2f,350,141428,91,140401,141519,35340356,7e67ff20-943a-47cf-8aee-4e9b4b3873c8,2026-09-10T16:45:08.281006+00:00,437
N-cf6129,cf61291c-7b69-4c30-880e-0d7c8a036a2f,351,141571,78,141425,141649,35482005,adacc835-9ad3-465a-9d37-0f117ff2fb49,2026-09-10T16:45:13.648881+00:00,438
N-cf6129,cf61291c-7b69-4c30-880e-0d7c8a036a2f,352,142527,104,141553,142631,35624636,f66eb363-5e01-4183-909e-4e03443bde41,2026-09-10T16:45:16.691250+00:00,440
N-cf6129,cf61291c-7b69-4c30-880e-0d7c8a036a2f,353,142683,111,142449,142794,35767430,689fbf70-99b6-41ce-b85c-20aaa0a977c5,2026-09-10T16:45:20.239158+00:00,441
N-cf6129,cf61291c-7b69-4c30-880e-0d7c8a036a2f,354,143289,91,142577,143380,35910810,5a33bc26-b5c2-4ee1-80df-e5b43133c1da,2026-09-10T16:45:23.399904+00:00,443
N-cf6129,cf61291c-7b69-4c30-880e-0d7c8a036a2f,355,143432,76,143217,143508,36054318,8aa25df8-9325-4917-b825-23fd5504f69a,2026-09-10T16:45:25.688248+00:00,444
N-cf6129,cf61291c-7b69-4c30-880e-0d7c8a036a2f,356,143755,103,143345,143858,36198176,84cae2ca-802b-4b51-a145-d32207552e45,2026-09-10T16:45:29.547988+00:00,446
N-cf6129,cf61291c-7b69-4c30-880e-0d7c8a036a2f,357,143910,108,143729,144018,36342194,1ddb949a-e997-41b2-8b77-910e28362634,2026-09-10T16:45:33.505059+00:00,447
N-cf6129,cf61291c-7b69-4c30-880e-0d7c8a036a2f,358,144682,91,143857,144773,36486967,68e642d3-92d8-4a00-93d2-7ad94a937f2c,2026-09-10T16:45:36.206219+00:00,449
N-cf6129,cf61291c-7b69-4c30-880e-0d7c8a036a2f,359,144825,76,144625,144901,36631868,b1a27446-d5a8-4ca5-aa05-2612c23ef3e2,2026-09-10T16:45:39.310201+00:00,450
N-cf6129,cf61291c-7b69-4c30-880e-0d7c8a036a2f,360,145000,102,144753,145102,36776970,1e228e11-fbf7-4889-8446-87b2feae6f64,2026-09-10T16:45:41.912263+00:00,452
N-cf6129,cf61291c-7b69-4c30-880e-0d7c8a036a2f,361,145154,111,144881,145265,36922235,3e6ed072-b6e2-4299-87bd-277a3a037af7,2026-09-10T16:45:44.521440+00:00,453
N-cf6129,cf61291c-7b69-4c30-880e-0d7c8a036a2f,362,145370,91,145137,145461,37067696,0e3b7ff9-d04b-4031-a642-fb2fe37142aa,2026-09-10T16:45:47.564708+00:00,455
N-cf6129,cf61291c-7b69-4c30-880e-0d7c8a036a2f,363,145513,78,145265,145591,37213287,4e16f272-e0c2-4857-a0ff-d7065867f9ca,2026-09-10T16:45:51.911842+00:00,456
N-cf6129,cf61291c-7b69-4c30-880e-0d7c8a036a2f,364,146091,105,145393,146196,37359483,4ead436e-5c8e-4a6c-8541-47da2a574f14,2026-09-10T16:45:55.038140+00:00,458
N-cf6129,cf61291c-7b69-4c30-880e-0d7c8a036a2f,365,146248,130,146033,146378,37505861,dd862884-4a4e-4329-b07b-b037a3a70172,2026-09-10T16:45:58.682777+00:00,459
N-cf6129,cf61291c-7b69-4c30-880e-0d7c8a036a2f,366,146499,91,146161,146590,37652451,6caaacce-d4a7-41fa-8434-815b5f7ba990,2026-09-10T16:46:02.129484+00:00,461
N-cf6129,cf61291c-7b69-4c30-880e-0d7c8a036a2f,367,146642,96,146417,146738,37799189,b71c5863-871a-4fdf-9984-482887f7906e,2026-09-10T16:46:05.476905+00:00,462
N-cf6129,cf61291c-7b69-4c30-880e-0d7c8a036a2f,368,146806,104,146545,146910,37946099,559539b4-f1fa-457a-a39a-9b2ce131316e,2026-09-10T16:46:08.652578+00:00,464
N-cf6129,cf61291c-7b69-4c30-880e-0d7c8a036a2f,369,146962,110,146801,147072,38093171,3c8b7a3f-ab90-424f-a736-f6f3ba07e736,2026-09-10T16:46:11.647450+00:00,465
N-cf6129,cf61291c-7b69-4c30-880e-0d7c8a036a2f,370,147682,91,146929,147773,38240944,c4a2e9d1-1421-419a-88fb-87f997b1a9fa,2026-09-10T16:46:15.107971+00:00,467
N-cf6129,cf61291c-7b69-4c30-880e-0d7c8a036a2f,371,147825,77,147569,147902,38388846,5e9bbdb0-09e4-42f2-a10b-abfec5c4dd74,2026-09-10T16:46:18.549908+00:00,468
N-cf6129,cf61291c-7b69-4c30-880e-0d7c8a036a2f,372,148814,102,147825,148916,38537762,706639ee-c9cb-499e-b28b-93dcc929593d,2026-09-10T16:46:22.302763+00:00,470
N-cf6129,cf61291c-7b69-4c30-880e-0d7c8a036a2f,373,148968,110,148721,149078,38686840,2a8fd2fd-79df-4f55-80c9-827c4c17fffc,2026-09-10T16:46:25.603359+00:00,471
N-cf6129,cf61291c-7b69-4c30-880e-0d7c8a036a2f,374,149956,91,148849,150047,38836887,8895dd4c-b2a8-4829-8074-4cd0fe94be7c,2026-09-10T16:46:27.968224+00:00,473
N-cf6129,cf61291c-7b69-4c30-880e-0d7c8a036a2f,375,150099,79,149873,150178,38987065,0d7d9e01-9d11-48bb-a3c5-425cef0d0b7a,2026-09-10T16:46:34.829650+00:00,474
N-cf6129,cf61291c-7b69-4c30-880e-0d7c8a036a2f,376,150673,104,150001,150777,39137842,958d9ff8-4e4f-4298-9c68-42bb8e909748,2026-09-10T16:46:38.119771+00:00,476
N-cf6129,cf61291c-7b69-4c30-880e-0d7c8a036a2f,377,150829,110,150641,150939,39288781,3ec9ad55-2170-4072-a13e-23e9acac4274,2026-09-10T16:46:42.871303+00:00,477
N-cf6129,cf61291c-7b69-4c30-880e-0d7c8a036a2f,378,151186,91,150769,151277,39440058,0efb608f-35b4-4a42-91a6-ba2a1b3272bc,2026-09-10T16:46:45.785272+00:00,478
N-cf6129,cf61291c-7b69-4c30-880e-0d7c8a036a2f,379,151329,76,151153,151405,39591463,cc0ab41f-58fe-44d8-b944-cb71c65193d4,2026-09-10T16:46:49.817487+00:00,480
N-cf6129,cf61291c-7b69-4c30-880e-0d7c8a036a2f,380,152069,106,151281,152175,39743638,cf98a077-17e2-49ec-bfd2-8271f16d59c2,2026-09-10T16:46:53.220167+00:00,482
N-cf6129,cf61291c-7b69-4c30-880e-0d7c8a036a2f,381,152227,110,152049,152337,39895975,6110faa6-f8ba-4550-9eda-4125db11407c,2026-09-10T16:46:56.821798+00:00,483
N-cf6129,cf61291c-7b69-4c30-880e-0d7c8a036a2f,382,152436,91,152177,152527,40048502,80b7be88-fcba-47db-8ff7-73d3ab84a0c3,2026-09-10T16:47:00.413049+00:00,484
N-cf6129,cf61291c-7b69-4c30-880e-0d7c8a036a2f,383,152579,77,152433,152656,40201158,d4daf66b-30c4-4d09-a5ce-65ef91451cb9,2026-09-10T16:47:05.120722+00:00,486
N-cf6129,cf61291c-7b69-4c30-880e-0d7c8a036a2f,384,152761,104,152561,152865,40354023,c4e92f85-7fea-499a-bf3f-e73561c6e330,2026-09-10T16:47:07.581715+00:00,488
N-cf6129,cf61291c-7b69-4c30-880e-0d7c8a036a2f,385,152917,110,152689,153027,40507050,ab84ef4e-951c-4a1a-9bdd-25ba5c71490c,2026-09-10T16:47:11.353102+00:00,489
N-cf6129,cf61291c-7b69-4c30-880e-0d7c8a036a2f,386,153527,91,152817,153618,40660668,177614b8-6ffd-4d0d-9717-31dd885ae62a,2026-09-10T16:47:15.300206+00:00,491
N-cf6129,cf61291c-7b69-4c30-880e-0d7c8a036a2f,387,153670,96,153457,153766,40814434,51155390-8ebf-479f-93c9-485e5ebf9fab,2026-09-10T16:47:18.431719+00:00,492
N-cf6129,cf61291c-7b69-4c30-880e-0d7c8a036a2f,388,153887,104,153585,153991,40968425,c0fd15ce-6b5b-4ac7-b603-eadbf872bdf5,2026-09-10T16:47:21.542302+00:00,494
N-cf6129,cf61291c-7b69-4c30-880e-0d7c8a036a2f,389,154043,128,153841,154171,41122596,e8f2d06a-9055-4f5a-af52-5fcb8fe23ca0,2026-09-10T16:47:24.550975+00:00,495
N-cf6129,cf61291c-7b69-4c30-880e-0d7c8a036a2f,390,154239,91,153969,154330,41276926,828e05bb-f749-4758-8590-afb7f186e5f1,2026-09-10T16:47:27.295069+00:00,497
N-cf6129,cf61291c-7b69-4c30-880e-0d7c8a036a2f,391,154382,78,154225,154460,41431386,4b4166fe-db9a-448d-a37e-1e778746975b,2026-09-10T16:47:33.245054+00:00,498
N-cf6129,cf61291c-7b69-4c30-880e-0d7c8a036a2f,392,127612,106,6257,127718,41559104,95c9ce35-d9a2-45c9-a1e4-2a3580e74fb4,2026-09-10T16:47:36.599649+00:00,500
N-cf6129,cf61291c-7b69-4c30-880e-0d7c8a036a2f,393,127770,111,127601,127881,41686985,dbe7ae64-cad8-4b86-b622-1450e3ddc901,2026-09-10T16:47:41.826550+00:00,501
N-cf6129,cf61291c-7b69-4c30-880e-0d7c8a036a2f,394,128793,91,127729,128884,41815869,0d544be5-0b2c-4f58-ad62-1aa450f225e3,2026-09-10T16:47:44.392130+00:00,503
N-cf6129,cf61291c-7b69-4c30-880e-0d7c8a036a2f,395,128936,78,128753,129014,41944883,f30da0d2-eee5-4ffc-8805-cdaf2dde341a,2026-09-10T16:47:48.409688+00:00,504
N-cf6129,cf61291c-7b69-4c30-880e-0d7c8a036a2f,396,129892,106,128881,129998,42074881,e5f4b78f-4ec8-4b2d-800a-28c41c73c1c2,2026-09-10T16:47:51.896250+00:00,506
N-cf6129,cf61291c-7b69-4c30-880e-0d7c8a036a2f,397,130050,113,129777,130163,42205044,c5516f49-7392-4bdd-bc7a-01fa92ce66c6,2026-09-10T16:47:55.127402+00:00,507
N-cf6129,cf61291c-7b69-4c30-880e-0d7c8a036a2f,398,130658,91,130033,130749,42335793,1c01412e-f6a7-4f0e-b9d7-ba7d7ca05ee4,2026-09-10T16:47:59.932690+00:00,509
N-cf6129,cf61291c-7b69-4c30-880e-0d7c8a036a2f,399,130801,76,130545,130877,42466670,badb0f3f-7adb-4fb0-ad27-60f5c3ded4f6,2026-09-10T16:48:03.949892+00:00,510
N-cf6129,cf61291c-7b69-4c30-880e-0d7c8a036a2f,400,131124,104,130801,131228,42597898,7b5fbce2-5aab-418a-b272-570310cf2775,2026-09-10T16:48:06.727643+00:00,512
N-cf6129,cf61291c-7b69-4c30-880e-0d7c8a036a2f,401,131280,108,131057,131388,42729286,527037f0-8189-4fce-9861-56d5379bd9c2,2026-09-10T16:48:10.293103+00:00,513
N-cf6129,cf61291c-7b69-4c30-880e-0d7c8a036a2f,402,132052,91,131185,132143,42861429,377d4eac-f143-45bd-960a-4f716de8ad12,2026-09-10T16:48:12.728913+00:00,515
N-cf6129,cf61291c-7b69-4c30-880e-0d7c8a036a2f,403,132195,76,131953,132271,42993700,651d4169-6147-4d28-882e-d4c1e179193c,2026-09-10T16:48:16.321927+00:00,516
N-cf6129,cf61291c-7b69-4c30-880e-0d7c8a036a2f,404,132370,106,132081,132476,43126176,2e0835b3-9e66-4ab9-b518-aebed380189a,2026-09-10T16:48:19.598701+00:00,518
N-cf6129,cf61291c-7b69-4c30-880e-0d7c8a036a2f,405,132528,109,132337,132637,43258813,9aa6fcde-0006-4829-9858-bb694c34650e,2026-09-10T16:48:25.890191+00:00,519
N-cf6129,cf61291c-7b69-4c30-880e-0d7c8a036a2f,406,132742,91,132465,132833,43391646,fce594df-8487-492b-b462-6e75bad1af3b,2026-09-10T16:48:28.949150+00:00,521
N-cf6129,cf61291c-7b69-4c30-880e-0d7c8a036a2f,407,132885,78,132721,132963,43524609,f759eabe-e350-4ba7-9b66-83eadc32b16d,2026-09-10T16:48:32.029781+00:00,522
N-cf6129,cf61291c-7b69-4c30-880e-0d7c8a036a2f,408,133463,107,132849,133570,43658179,b8a31070-f309-4281-a3ec-4aff04870a17,2026-09-10T16:48:34.291502+00:00,524
N-cf6129,cf61291c-7b69-4c30-880e-0d7c8a036a2f,409,133622,130,133361,133752,43791931,c8d951b5-f512-4c13-9315-fb477c2d99aa,2026-09-10T16:48:37.564344+00:00,525
N-cf6129,cf61291c-7b69-4c30-880e-0d7c8a036a2f,410,133873,91,133617,133964,43925895,c519ab18-3c2f-4cc6-a941-afa7cbb18c67,2026-09-10T16:48:40.262806+00:00,527
N-cf6129,cf61291c-7b69-4c30-880e-0d7c8a036a2f,411,134016,96,133873,134112,44060007,ac849ab6-e3bb-4d12-bc8d-36108c1ef9cd,2026-09-10T16:48:42.981998+00:00,528
N-cf6129,cf61291c-7b69-4c30-880e-0d7c8a036a2f,412,134180,105,134001,134285,44194292,cbf54ebd-0b9d-4f36-93ff-31548ecb3274,2026-09-10T16:48:45.777957+00:00,530
N-cf6129,cf61291c-7b69-4c30-880e-0d7c8a036a2f,413,134337,112,134129,134449,44328741,04a682d5-b6b4-4b7b-bf41-de8f35f53b0c,2026-09-10T16:48:48.779319+00:00,531
N-cf6129,cf61291c-7b69-4c30-880e-0d7c8a036a2f,414,135059,91,134257,135150,44463891,f917a53f-5163-41c9-b7d3-f09030b55c8d,2026-09-10T16:48:51.207455+00:00,533
N-cf6129,cf61291c-7b69-4c30-880e-0d7c8a036a2f,415,135202,77,135025,135279,44599170,aa002f6a-9efa-418f-8e76-70f5f1399f22,2026-09-10T16:48:56.625006+00:00,534
N-cf6129,cf61291c-7b69-4c30-880e-0d7c8a036a2f,416,136191,106,135153,136297,44735467,f3d0238b-fc3b-42dd-8593-63b6ccb95a06,2026-09-10T16:49:00.369623+00:00,536
N-cf6129,cf61291c-7b69-4c30-880e-0d7c8a036a2f,417,136349,112,136177,136461,44871928,c26fca94-560b-4c59-9f98-b860b132fcaf,2026-09-10T16:49:03.781561+00:00,537
N-cf6129,cf61291c-7b69-4c30-880e-0d7c8a036a2f,418,137339,91,136305,137430,45009358,30d9210e-053a-4d9b-91c9-d07f0005196c,2026-09-10T16:49:06.622682+00:00,539
N-cf6129,cf61291c-7b69-4c30-880e-0d7c8a036a2f,419,137482,79,137329,137561,45146919,91429fed-1909-45d9-859e-08e28992d5b4,2026-09-10T16:49:09.455433+00:00,540
N-cf6129,cf61291c-7b69-4c30-880e-0d7c8a036a2f,420,138056,104,137457,138160,45285079,1e075aee-b893-4751-b4fc-87692f5a1c6b,2026-09-10T16:49:12.455455+00:00,542
N-cf6129,cf61291c-7b69-4c30-880e-0d7c8a036a2f,421,138212,108,137969,138320,45423399,b6ef2609-13f7-44a3-a5d0-fa6470539145,2026-09-10T16:49:16.936120+00:00,543
N-cf6129,cf61291c-7b69-4c30-880e-0d7c8a036a2f,422,138567,91,138097,138658,45562057,24299354-d7dd-4f28-93a3-da3a642aa1be,2026-09-10T16:49:19.613982+00:00,545
N-cf6129,cf61291c-7b69-4c30-880e-0d7c8a036a2f,423,138710,76,138481,138786,45700843,8d5ed391-d06d-4a19-bb81-109586c3f622,2026-09-10T16:49:22.718279+00:00,546
N-cf6129,cf61291c-7b69-4c30-880e-0d7c8a036a2f,424,139450,104,138609,139554,45840397,9957b176-5705-4c06-89f7-566c82ac6425,2026-09-10T16:49:25.457782+00:00,548
N-cf6129,cf61291c-7b69-4c30-880e-0d7c8a036a2f,425,139606,108,139377,139714,45980111,a98c6088-246b-458a-aab1-cb0a3df9778b,2026-09-10T16:49:29.119399+00:00,549
N-cf6129,cf61291c-7b69-4c30-880e-0d7c8a036a2f,426,139813,91,139505,139904,46120015,fe56fa46-c15e-4a3e-8bee-8ee0357d7872,2026-09-10T16:49:31.525812+00:00,551
N-cf6129,cf61291c-7b69-4c30-880e-0d7c8a036a2f,427,139956,77,139761,140033,46260048,f55fbb60-a548-4fee-88e4-6718c0618a0a,2026-09-10T16:49:34.211036+00:00,552
N-cf6129,cf61291c-7b69-4c30-880e-0d7c8a036a2f,428,140138,106,139889,140244,46400292,aa0e00f0-246a-4312-acad-b06ebe557ad9,2026-09-10T16:49:36.389521+00:00,554
N-cf6129,cf61291c-7b69-4c30-880e-0d7c8a036a2f,429,140296,112,140017,140408,46540700,34d364d4-f65f-4aa0-bce8-adf5160f1d79,2026-09-10T16:49:39.725022+00:00,555
N-cf6129,cf61291c-7b69-4c30-880e-0d7c8a036a2f,430,140908,91,140273,140999,46681699,3ac18488-5c07-493a-8759-b011615ee3a1,2026-09-10T16:49:43.212956+00:00,557
N-cf6129,cf61291c-7b69-4c30-880e-0d7c8a036a2f,431,141051,96,140785,141147,46822846,c2e0c538-0cfc-414a-9de9-2fd432ee128f,2026-09-10T16:49:46.222247+00:00,558
N-cf6129,cf61291c-7b69-4c30-880e-0d7c8a036a2f,432,141268,104,141041,141372,46964218,57c7abf0-af8d-4156-a0c4-dac4e1abf1c3,2026-09-10T16:49:48.741702+00:00,560
N-cf6129,cf61291c-7b69-4c30-880e-0d7c8a036a2f,433,141424,130,141169,141554,47105772,f7d83b29-17c7-4394-a1a3-7e037ea0b108,2026-09-10T16:49:53.241625+00:00,561
N-cf6129,cf61291c-7b69-4c30-880e-0d7c8a036a2f,434,141622,91,141297,141713,47247485,c8984ea2-f04c-484b-a9f0-68c246089cf7,2026-09-10T16:49:55.870497+00:00,563
N-cf6129,cf61291c-7b69-4c30-880e-0d7c8a036a2f,435,141765,78,141553,141843,47389328,d315a225-eceb-4abe-81ba-08639e97f63c,2026-09-10T16:49:59.822738+00:00,564
N-cf6129,cf61291c-7b69-4c30-880e-0d7c8a036a2f,436,142453,103,141681,142556,47531884,12cddadc-e11f-4d72-9999-bbf993ca1807,2026-09-10T16:50:02.360295+00:00,566
N-cf6129,cf61291c-7b69-4c30-880e-0d7c8a036a2f,437,142608,111,142449,142719,47674603,03ca218d-ca4d-423b-b6cc-e9b1ff35691c,2026-09-10T16:50:05.494440+00:00,567
N-cf6129,cf61291c-7b69-4c30-880e-0d7c8a036a2f,438,143631,91,142577,143722,47818325,58918f25-1a35-4c90-b7d6-dd607ec3f945,2026-09-10T16:50:08.211155+00:00,569
N-cf6129,cf61291c-7b69-4c30-880e-0d7c8a036a2f,439,143774,78,143601,143852,47962177,bc1ff59e-95c5-4429-b54a-bcc6a87182bd,2026-09-10T16:50:11.783000+00:00,570
N-cf6129,cf61291c-7b69-4c30-880e-0d7c8a036a2f,440,144730,104,143729,144834,48107011,b22f016a-6c78-4f86-ae56-c6ac58fa82da,2026-09-10T16:50:14.515324+00:00,572
N-cf6129,cf61291c-7b69-4c30-880e-0d7c8a036a2f,441,144886,111,144625,144997,48252008,7fa8973f-c0f5-4e08-8ea2-a0c3bdb78251,2026-09-10T16:50:17.342160+00:00,573
N-cf6129,cf61291c-7b69-4c30-880e-0d7c8a036a2f,442,145492,91,144881,145583,48397591,d7ee9ece-bb1a-4136-8c00-b644d5fac871,2026-09-10T16:50:20.194156+00:00,575
N-cf6129,cf61291c-7b69-4c30-880e-0d7c8a036a2f,443,145635,76,145393,145711,48543302,b89c5aeb-25d7-451f-a75f-7ed3613af9f4,2026-09-10T16:50:23.598500+00:00,576
N-cf6129,cf61291c-7b69-4c30-880e-0d7c8a036a2f,444,145958,105,145521,146063,48689365,b982147a-e08f-464c-bbb2-77e3473b43c9,2026-09-10T16:50:26.552945+00:00,578
N-cf6129,cf61291c-7b69-4c30-880e-0d7c8a036a2f,445,146115,108,145905,146223,48835588,8cc80db6-dc64-484c-9c1f-7cfb6378fa44,2026-09-10T16:50:30.196857+00:00,579
N-cf6129,cf61291c-7b69-4c30-880e-0d7c8a036a2f,446,146887,91,146033,146978,48982566,1c0b2fe5-95e5-46be-8aa4-06d864f97366,2026-09-10T16:50:32.708131+00:00,581
N-cf6129,cf61291c-7b69-4c30-880e-0d7c8a036a2f,447,147030,76,146801,147106,49129672,998f851b-5200-4b4c-a515-9070083013b0,2026-09-10T16:50:36.415970+00:00,582
N-cf6129,cf61291c-7b69-4c30-880e-0d7c8a036a2f,448,147205,105,146929,147310,49276982,09b34e90-74f8-4c25-bd14-6f047f7223a9,2026-09-10T16:50:39.173167+00:00,584
N-cf6129,cf61291c-7b69-4c30-880e-0d7c8a036a2f,449,147362,109,147185,147471,49424453,70e51130-9b5b-45a2-a660-6f2975f6e609,2026-09-10T16:50:41.843773+00:00,585
N-cf6129,cf61291c-7b69-4c30-880e-0d7c8a036a2f,450,147576,91,147313,147667,49572120,3d3d563d-0cc3-4481-a813-fdcd795c6bf0,2026-09-10T16:50:47.125302+00:00,587
N-cf6129,cf61291c-7b69-4c30-880e-0d7c8a036a2f,451,147719,78,147569,147797,49719917,bacf6db2-322e-4985-a013-1d8b01fc4350,2026-09-10T16:50:50.922583+00:00,588
N-cf6129,cf61291c-7b69-4c30-880e-0d7c8a036a2f,452,148297,102,147697,148399,49868316,8fd90687-ca7c-4902-818e-4cea06e3a8f2,2026-09-10T16:50:54.148120+00:00,590
N-cf6129,cf61291c-7b69-4c30-880e-0d7c8a036a2f,453,148451,128,148209,148579,50016895,25633bca-ab67-45de-ac4f-1f3473e14b06,2026-09-10T16:50:57.482930+00:00,591
N-cf6129,cf61291c-7b69-4c30-880e-0d7c8a036a2f,454,148700,91,148337,148791,50165686,8e5e28c5-5e31-48bd-9684-334717ccfb4b,2026-09-10T16:51:00.724153+00:00,593
N-cf6129,cf61291c-7b69-4c30-880e-0d7c8a036a2f,455,148843,125,148593,148968,50314654,510785ff-f3f7-490e-a747-8be8d7a09647,2026-09-10T16:51:04.512581+00:00,594
N-cf6129,cf61291c-7b69-4c30-880e-0d7c8a036a2f,456,149036,108,148721,149144,50463798,ed3d4d5a-d866-4af8-bea7-2eb5166b0e9f,2026-09-10T16:51:07.501134+00:00,596
N-cf6129,cf61291c-7b69-4c30-880e-0d7c8a036a2f,457,149196,107,148977,149303,50613101,11c3708f-bedc-4258-bda5-006a58251b61,2026-09-10T16:51:10.492468+00:00,597
N-cf6129,cf61291c-7b69-4c30-880e-0d7c8a036a2f,458,149913,91,149105,150004,50763105,f7441958-5532-4948-a41b-5cb8f6859d84,2026-09-10T16:51:13.661154+00:00,599
N-cf6129,cf61291c-7b69-4c30-880e-0d7c8a036a2f,459,150056,99,149873,150155,50913260,20607bc6-2d57-4c0b-8df0-ab51912e5da8,2026-09-10T16:51:17.337054+00:00,600
N-cf6129,cf61291c-7b69-4c30-880e-0d7c8a036a2f,460,151067,124,150001,151191,51064451,d760bcb9-1a42-4fbd-ac77-d340b86412f7,2026-09-10T16:51:20.049038+00:00,602
N-cf6129,cf61291c-7b69-4c30-880e-0d7c8a036a2f,461,151264,99,151025,151363,51215814,48698140-7c44-4e19-9c2d-c6eaeb3a6cc9,2026-09-10T16:51:23.723690+00:00,603
N-cf6129,cf61291c-7b69-4c30-880e-0d7c8a036a2f,462,152241,91,151153,152332,51368146,327a8bd9-2442-4446-ae1c-e2cdd96aa9c1,2026-09-10T16:51:26.737084+00:00,605
N-cf6129,cf61291c-7b69-4c30-880e-0d7c8a036a2f,463,152384,145,152177,152529,51520675,234f72fb-5163-4875-a78f-87d4b23468ab,2026-09-10T16:51:31.449782+00:00,606
N-cf6129,cf61291c-7b69-4c30-880e-0d7c8a036a2f,464,152783,982,152305,153765,51674440,e89f5a33-1118-4533-937f-c3852cb015a3,2026-09-10T16:51:34.464064+00:00,608
N-cf6129,cf61291c-7b69-4c30-880e-0d7c8a036a2f,465,153859,169,152689,154028,51828468,f5f46436-b195-4cfd-a97c-5ea87278f8c8,2026-09-10T16:52:16.922846+00:00,609
N-cf6129,cf61291c-7b69-4c30-880e-0d7c8a036a2f,466,154083,143,153841,154226,51982694,0adbf2d1-0ad5-477b-a498-113a015fb33d,2026-09-10T16:52:21.455588+00:00,611
N-cf6129,cf61291c-7b69-4c30-880e-0d7c8a036a2f,467,155541,94,153969,155635,52138329,7c0d2553-701f-4b39-840b-f8e1a35fe413,2026-09-10T16:52:25.438312+00:00,612
N-cf6129,cf61291c-7b69-4c30-880e-0d7c8a036a2f,468,155687,138,155505,155825,52294154,fe9c02f3-cd5d-457b-831d-1d12852392a3,2026-09-10T16:52:28.711640+00:00,614
N-cf6129,cf61291c-7b69-4c30-880e-0d7c8a036a2f,469,155881,70,155633,155951,52450105,a6871d31-9412-43ec-b3a1-a89e22a79af6,2026-09-10T16:52:32.877091+00:00,615
N-cf6129,cf61291c-7b69-4c30-880e-0d7c8a036a2f,470,141290,92,6257,141382,52591487,9401f560-b691-42e7-bb92-86642b0783cc,2026-09-10T16:52:36.747994+00:00,617
N-cf6129,cf61291c-7b69-4c30-880e-0d7c8a036a2f,471,141434,184,141169,141618,52733105,02612532-5b60-4560-9c05-6b7487ce72f8,2026-09-10T16:52:42.253463+00:00,618
N-cf6129,cf61291c-7b69-4c30-880e-0d7c8a036a2f,472,142228,105,141425,142333,52875438,37849d05-e5be-49d9-a0d3-3d07dbdaec7f,2026-09-10T16:52:45.107554+00:00,620
N-cf6129,cf61291c-7b69-4c30-880e-0d7c8a036a2f,473,142385,69,142193,142454,53017892,ce1bd1c8-ad90-4e93-b8a1-a716b627edb2,2026-09-10T16:52:48.611604+00:00,621
N-cf6129,cf61291c-7b69-4c30-880e-0d7c8a036a2f,474,143366,92,142321,143458,53161350,28cf9e61-752c-4bca-924d-a05d3de24a80,2026-09-10T16:52:51.240953+00:00,623
N-cf6129,cf61291c-7b69-4c30-880e-0d7c8a036a2f,475,143510,111,143345,143621,53304971,33e9fb42-d230-45fb-bba3-1eae147c4ce0,2026-09-10T16:52:56.210495+00:00,624
N-cf6129,cf61291c-7b69-4c30-880e-0d7c8a036a2f,476,144499,107,143473,144606,53449577,59e0872a-4ff1-405c-be9c-d0d5dcd6ca16,2026-09-10T16:52:58.863764+00:00,626
N-cf6129,cf61291c-7b69-4c30-880e-0d7c8a036a2f,477,144658,77,144497,144735,53594312,aa382c51-e2f6-4834-bece-136529e0a1b8,2026-09-10T16:53:02.729563+00:00,627
N-cf6129,cf61291c-7b69-4c30-880e-0d7c8a036a2f,478,145230,92,144625,145322,53739634,aca7b12d-f33a-42e8-b716-f5006c95672d,2026-09-10T16:53:06.430087+00:00,628
N-cf6129,cf61291c-7b69-4c30-880e-0d7c8a036a2f,479,145374,111,145137,145485,53885119,225095de-2e1f-42ba-bfdf-af742f0461c6,2026-09-10T16:53:09.806337+00:00,629
N-cf6129,cf61291c-7b69-4c30-880e-0d7c8a036a2f,480,145732,105,145265,145837,54030956,3b89050a-213f-4f4b-b1b0-81d7d23a3cf0,2026-09-10T16:53:13.207721+00:00,631
N-cf6129,cf61291c-7b69-4c30-880e-0d7c8a036a2f,481,145889,74,145649,145963,54176919,80e92173-31e6-4f00-8d46-30b9becdc5d8,2026-09-10T16:53:17.633430+00:00,632
N-cf6129,cf61291c-7b69-4c30-880e-0d7c8a036a2f,482,146627,92,145777,146719,54323638,68e04829-d172-4fa9-a787-d904045f9e17,2026-09-10T16:53:21.422825+00:00,634
N-cf6129,cf61291c-7b69-4c30-880e-0d7c8a036a2f,483,146771,111,146545,146882,54470520,dff17748-6156-4aed-b86f-d85e96326d0f,2026-09-10T16:53:25.371783+00:00,635
N-cf6129,cf61291c-7b69-4c30-880e-0d7c8a036a2f,484,146981,106,146673,147087,54617607,f576a33b-963f-4a3e-9554-2a3e522bc80f,2026-09-10T16:53:28.018288+00:00,637
N-cf6129,cf61291c-7b69-4c30-880e-0d7c8a036a2f,485,147139,75,146929,147214,54764821,e6697fff-e660-4af3-89c5-549d5cc4248a,2026-09-10T16:53:32.306198+00:00,638
N-cf6129,cf61291c-7b69-4c30-880e-0d7c8a036a2f,486,147319,92,147057,147411,54912232,d03b2cea-d4ea-403d-9900-3011c65da7ab,2026-09-10T16:53:35.818213+00:00,640
N-cf6129,cf61291c-7b69-4c30-880e-0d7c8a036a2f,487,147463,79,147313,147542,55059774,78c21d1c-b88c-4eb6-b0b6-5d962932ded6,2026-09-10T16:53:39.918769+00:00,641
N-cf6129,cf61291c-7b69-4c30-880e-0d7c8a036a2f,488,148042,105,147441,148147,55207921,ce2885d4-2fa0-41ca-a558-0b1cbbaa6015,2026-09-10T16:53:42.295369+00:00,643
N-cf6129,cf61291c-7b69-4c30-880e-0d7c8a036a2f,489,148199,129,147953,148328,55356249,0553c6a1-68d3-4a9f-8a97-f20af8d667e3,2026-09-10T16:53:46.324712+00:00,644
N-cf6129,cf61291c-7b69-4c30-880e-0d7c8a036a2f,490,148449,92,148081,148541,55504790,3f80b9c0-804f-4d87-b479-ddc0d4ae4d57,2026-09-10T16:53:49.075528+00:00,646
N-cf6129,cf61291c-7b69-4c30-880e-0d7c8a036a2f,491,148593,94,148337,148687,55653477,d9f548f3-8d33-4857-8693-0cc4762dd3f5,2026-09-10T16:53:51.868519+00:00,647
N-cf6129,cf61291c-7b69-4c30-880e-0d7c8a036a2f,492,148755,106,148593,148861,55802338,6d05002f-43b7-4579-bdcd-7215704120cb,2026-09-10T16:53:54.227132+00:00,649
N-cf6129,cf61291c-7b69-4c30-880e-0d7c8a036a2f,493,148913,111,148721,149024,55951362,84073dc3-3cd9-4fce-9d4f-cdc3f9d450c6,2026-09-10T16:53:58.205733+00:00,650
N-cf6129,cf61291c-7b69-4c30-880e-0d7c8a036a2f,494,149634,92,148849,149726,56101088,5596a869-dcfb-44ad-9402-19a1f24241b4,2026-09-10T16:54:00.960841+00:00,652
N-cf6129,cf61291c-7b69-4c30-880e-0d7c8a036a2f,495,149778,75,149617,149853,56250941,df2df34b-cdd6-44bb-ae90-c96fc477f3ce,2026-09-10T16:54:03.894383+00:00,653
N-cf6129,cf61291c-7b69-4c30-880e-0d7c8a036a2f,496,150765,105,149745,150870,56401811,f7b9763f-bd94-4d5f-879c-c12f14daa98e,2026-09-10T16:54:06.740371+00:00,655
N-cf6129,cf61291c-7b69-4c30-880e-0d7c8a036a2f,497,150922,113,150641,151035,56552846,88a74a6c-81cc-43d8-8556-9cc0cb1627c9,2026-09-10T16:54:10.422293+00:00,656
N-cf6129,cf61291c-7b69-4c30-880e-0d7c8a036a2f,498,151913,92,150897,152005,56704851,14688e50-e960-4794-802e-f0fa3ea60460,2026-09-10T16:54:13.325686+00:00,658
N-cf6129,cf61291c-7b69-4c30-880e-0d7c8a036a2f,499,152057,77,151793,152134,56856985,c7b5bb7a-763c-40ab-a381-ca63bc4550fc,2026-09-10T16:54:17.475846+00:00,659
N-cf6129,cf61291c-7b69-4c30-880e-0d7c8a036a2f,500,152629,106,152049,152735,57009720,1eaf7bc9-3713-47d7-8dc0-2020ceae51df,2026-09-10T16:54:21.059768+00:00,661
N-cf6129,cf61291c-7b69-4c30-880e-0d7c8a036a2f,501,152787,111,152561,152898,57162618,0a10f889-a5f9-4285-bbd8-1a2ffec88caa,2026-09-10T16:54:24.710593+00:00,662
N-cf6129,cf61291c-7b69-4c30-880e-0d7c8a036a2f,502,153145,92,152689,153237,57315855,6d2e2d51-6100-43d2-8f38-86c05fdd0f8f,2026-09-10T16:54:27.413709+00:00,664
N-cf6129,cf61291c-7b69-4c30-880e-0d7c8a036a2f,503,153289,74,153073,153363,57469218,e8f836a3-c345-4162-89f7-bccdd2a29ecd,2026-09-10T16:54:30.817764+00:00,665
N-cf6129,cf61291c-7b69-4c30-880e-0d7c8a036a2f,504,154027,105,153201,154132,57623350,782617e0-9a9f-41e0-b339-0268566e94db,2026-09-10T16:54:35.012078+00:00,667
N-cf6129,cf61291c-7b69-4c30-880e-0d7c8a036a2f,505,154184,109,153969,154293,57777643,acdf6ab2-c924-485f-b886-4b145b278a27,2026-09-10T16:54:39.118445+00:00,668
N-cf6129,cf61291c-7b69-4c30-880e-0d7c8a036a2f,506,154392,92,154097,154484,57932127,94bc1ef5-2eef-4e39-987b-469bcd36b3a6,2026-09-10T16:54:43.440143+00:00,670
N-cf6129,cf61291c-7b69-4c30-880e-0d7c8a036a2f,507,154536,75,154353,154611,58086738,8744d8d0-7e11-4ba0-9e0e-d82c00790f00,2026-09-10T16:54:46.658935+00:00,671
N-cf6129,cf61291c-7b69-4c30-880e-0d7c8a036a2f,508,154716,106,154481,154822,58241560,408cab0d-3486-4471-9833-41532579d9b0,2026-09-10T16:54:55.381165+00:00,673
N-cf6129,cf61291c-7b69-4c30-880e-0d7c8a036a2f,509,139737,111,6513,139848,58381408,f26adab3-810b-47d5-97e9-0552a8f14aa0,2026-09-10T16:54:58.838655+00:00,674
N-cf6129,cf61291c-7b69-4c30-880e-0d7c8a036a2f,510,140348,92,139633,140440,58521848,37df71e5-d0ff-40b1-b3df-fa51a7df7cac,2026-09-10T16:55:05.120085+00:00,676
N-cf6129,cf61291c-7b69-4c30-880e-0d7c8a036a2f,511,140492,94,140273,140586,58662434,d33a50dc-2eb1-4f4c-9ad9-e33f7dce0a24,2026-09-10T16:55:08.818882+00:00,677
N-cf6129,cf61291c-7b69-4c30-880e-0d7c8a036a2f,512,140707,107,140401,140814,58803248,a281f87b-cdbc-4ade-a7b5-68c2c1f9983c,2026-09-10T16:55:12.212352+00:00,679
N-cf6129,cf61291c-7b69-4c30-880e-0d7c8a036a2f,513,140866,131,140657,140997,58944245,fc9f4ef7-3780-47f4-b087-751759f4bc8c,2026-09-10T16:55:22.272195+00:00,680
N-cf6129,cf61291c-7b69-4c30-880e-0d7c8a036a2f,514,141065,92,140785,141157,59085402,ce9e364a-3e9d-4dfe-84f6-3aa38d8c59f4,2026-09-10T16:55:26.008165+00:00,682
N-cf6129,cf61291c-7b69-4c30-880e-0d7c8a036a2f,515,141209,76,141041,141285,59226687,41340008-443c-43cb-adaa-3bd1b1f1ae2c,2026-09-10T16:55:29.694046+00:00,683
N-cf6129,cf61291c-7b69-4c30-880e-0d7c8a036a2f,516,141895,104,141169,141999,59368686,f512e257-8ce1-48ee-b9fd-1bdb33a89d76,2026-09-10T16:55:32.240369+00:00,685
N-cf6129,cf61291c-7b69-4c30-880e-0d7c8a036a2f,517,142051,112,141809,142163,59510849,db4f9cbb-54cd-4dc0-916e-92b2e7c5236b,2026-09-10T16:55:37.190517+00:00,686
N-cf6129,cf61291c-7b69-4c30-880e-0d7c8a036a2f,518,143075,92,141937,143167,59654016,0f48962f-d0d9-4180-9cc8-a051226d2a14,2026-09-10T16:55:39.916781+00:00,688
N-cf6129,cf61291c-7b69-4c30-880e-0d7c8a036a2f,519,143219,76,142961,143295,59797311,0d56cb11-be79-4a93-94cd-b88ee562bf27,2026-09-10T16:55:44.133473+00:00,689
N-cf6129,cf61291c-7b69-4c30-880e-0d7c8a036a2f,520,144173,106,143217,144279,59941590,b97d3bf6-6cb2-404b-878a-32e24e649a4b,2026-09-10T16:55:47.578273+00:00,690
N-cf6129,cf61291c-7b69-4c30-880e-0d7c8a036a2f,521,144331,112,144113,144443,60086033,37657f64-733e-47f3-833a-277b5970478d,2026-09-10T16:55:50.618334+00:00,692
N-cf6129,cf61291c-7b69-4c30-880e-0d7c8a036a2f,522,144938,92,144241,145030,60231063,5245753e-f1c6-486e-b649-69a06f1e8f0f,2026-09-10T16:55:53.897896+00:00,693
N-cf6129,cf61291c-7b69-4c30-880e-0d7c8a036a2f,523,145082,74,144881,145156,60376219,9977b057-267a-4eb7-a4c9-624a22c3b153,2026-09-10T16:55:56.649740+00:00,695
N-cf6129,cf61291c-7b69-4c30-880e-0d7c8a036a2f,524,145403,106,145009,145509,60521728,b85c0a5a-f869-4f5d-8457-2a1352c1834f,2026-09-10T16:55:59.643107+00:00,696
N-cf6129,cf61291c-7b69-4c30-880e-0d7c8a036a2f,525,145561,109,145393,145670,60667398,456124fa-532c-42cd-bcd3-cd8911856269,2026-09-10T16:56:02.451103+00:00,698
N-cf6129,cf61291c-7b69-4c30-880e-0d7c8a036a2f,526,146334,92,145521,146426,60813824,89577235-3a76-45cf-9044-289cdc3686db,2026-09-10T16:56:06.634075+00:00,699
N-cf6129,cf61291c-7b69-4c30-880e-0d7c8a036a2f,527,146478,74,146289,146552,60960376,91303d11-b824-49bf-bc93-438cbc3b6024,2026-09-10T16:56:10.350726+00:00,701
N-cf6129,cf61291c-7b69-4c30-880e-0d7c8a036a2f,528,146651,105,146417,146756,61107132,7123d323-6e34-4bbc-a48a-c5e58f23c464,2026-09-10T16:56:13.131094+00:00,702
N-cf6129,cf61291c-7b69-4c30-880e-0d7c8a036a2f,529,146808,110,146545,146918,61254050,519cbe40-f043-448e-acac-3b5d8c8db4c8,2026-09-10T16:56:15.901893+00:00,704
N-cf6129,cf61291c-7b69-4c30-880e-0d7c8a036a2f,530,147023,92,146801,147115,61401165,29305a6b-d21e-4cf6-81c9-01b00904627b,2026-09-10T16:56:19.342932+00:00,705
N-cf6129,cf61291c-7b69-4c30-880e-0d7c8a036a2f,531,147167,105,146929,147272,61548437,eafa8b06-7870-47a6-a314-77968c88342c,2026-09-10T16:56:21.837611+00:00,707
N-cf6129,cf61291c-7b69-4c30-880e-0d7c8a036a2f,532,147772,103,147057,147875,61696312,ca0aaf0c-a50d-4c7c-a1de-d0bcc492d237,2026-09-10T16:56:25.712851+00:00,708
N-cf6129,cf61291c-7b69-4c30-880e-0d7c8a036a2f,533,147927,113,147697,148040,61844352,4c907444-6d1a-4bd5-8054-d58a0cbea941,2026-09-10T16:56:28.095634+00:00,710
N-cf6129,cf61291c-7b69-4c30-880e-0d7c8a036a2f,534,148161,92,147825,148253,61992605,a6d5ba47-2ec1-4786-a300-3d1e5e1a63b8,2026-09-10T16:56:31.533546+00:00,711
N-cf6129,cf61291c-7b69-4c30-880e-0d7c8a036a2f,535,148305,113,148081,148418,62141023,10b0a98d-7eda-4e0b-814a-e537b9adb436,2026-09-10T16:56:34.015999+00:00,713
N-cf6129,cf61291c-7b69-4c30-880e-0d7c8a036a2f,536,148486,105,148209,148591,62289614,10d6cf66-5fc5-4681-b00c-24a74064e9c6,2026-09-10T16:56:37.218850+00:00,714
N-cf6129,cf61291c-7b69-4c30-880e-0d7c8a036a2f,537,148643,95,148465,148738,62438352,58cbc0eb-199e-4f56-bea5-527835987390,2026-09-10T16:56:40.473867+00:00,716
N-cf6129,cf61291c-7b69-4c30-880e-0d7c8a036a2f,538,149393,151,148593,149544,62587896,803fba78-f6f0-4d00-b364-b37a994a9efc,2026-09-10T16:56:43.823532+00:00,717
N-cf6129,cf61291c-7b69-4c30-880e-0d7c8a036a2f,539,149814,2578,149361,152392,62740288,9eb74127-a5da-42a9-9ca8-11bd1f55552b,2026-09-10T16:56:47.167748+00:00,719
N-cf6129,cf61291c-7b69-4c30-880e-0d7c8a036a2f,540,152385,578,149745,152963,62893251,057ab426-d61b-4e1d-9b65-d6ee71d65f8b,2026-09-10T16:57:13.387298+00:00,720
N-cf6129,cf61291c-7b69-4c30-880e-0d7c8a036a2f,541,152995,327,152305,153322,63046573,59a256fc-3667-4c6d-8660-b21351546760,2026-09-10T16:57:21.970799+00:00,722
N-cf6129,cf61291c-7b69-4c30-880e-0d7c8a036a2f,542,153359,368,152945,153727,63200300,d90c92cd-4169-4486-b190-5717eb39cfcb,2026-09-10T16:57:28.415806+00:00,723
N-cf6129,cf61291c-7b69-4c30-880e-0d7c8a036a2f,543,153799,181,153329,153980,63354280,82f46154-0a7d-4f76-b31b-331f34956768,2026-09-10T16:57:34.165357+00:00,725
N-cf6129,cf61291c-7b69-4c30-880e-0d7c8a036a2f,544,135283,196,6769,135479,63489759,04eaf4c5-4113-4fb7-9822-fcbe5058e18e,2026-09-10T16:57:38.495207+00:00,726
N-cf6129,cf61291c-7b69-4c30-880e-0d7c8a036a2f,545,135803,453,135281,136256,63626015,805b0288-e1b0-4464-bbb3-e9e13bb1964c,2026-09-10T16:57:46.191244+00:00,728
N-cf6129,cf61291c-7b69-4c30-880e-0d7c8a036a2f,546,136323,326,135793,136649,63762664,893091e3-1542-4f31-8ae7-7f989ad4aeed,2026-09-10T16:57:55.221780+00:00,729
N-cf6129,cf61291c-7b69-4c30-880e-0d7c8a036a2f,547,137019,300,136305,137319,63899983,0a48c24b-7b95-4f64-b930-639cb3b70982,2026-09-10T16:58:01.698363+00:00,731
N-cf6129,cf61291c-7b69-4c30-880e-0d7c8a036a2f,548,137351,107,136945,137458,64037441,27d990b1-577c-4378-bf86-a6495876f8ad,2026-09-10T16:58:10.649153+00:00,732
N-cf6129,cf61291c-7b69-4c30-880e-0d7c8a036a2f,549,137524,223,137329,137747,64175188,8356b94e-cee4-40bd-9fb2-b09d568c1247,2026-09-10T16:58:14.965073+00:00,734
N-b81827,b8182790-1837-4290-b467-47ac1231783b,1,6255,179,0,6434,6434,771d8e6a-881b-44a1-80d3-89c210468ff0,2026-09-10T17:45:23.980039+00:00,1
N-b81827,b8182790-1837-4290-b467-47ac1231783b,2,8399,46,6129,8445,14879,fd5cc991-8c3b-4199-b0d9-5256fdbb5440,2026-09-10T17:45:25.389687+00:00,2
N-b81827,b8182790-1837-4290-b467-47ac1231783b,3,8499,73,8305,8572,23451,332d281e-910d-4a61-b6bb-6c346f737800,2026-09-10T17:45:26.804290+00:00,3
N-b81827,b8182790-1837-4290-b467-47ac1231783b,4,8629,133,8433,8762,32213,7011a92b-9691-4a1a-b3e9-e52a943e74a6,2026-09-10T17:45:28.323476+00:00,4
N-b81827,b8182790-1837-4290-b467-47ac1231783b,5,12392,64,8561,12456,44669,5ce6e5f7-d0be-4c65-9a8c-19da0e0cc8cc,2026-09-10T17:45:30.144926+00:00,5
N-b81827,b8182790-1837-4290-b467-47ac1231783b,6,14146,64,12273,14210,58879,cb82bd1c-e212-4a7c-b397-49468d9425fd,2026-09-10T17:45:31.706798+00:00,6
N-b81827,b8182790-1837-4290-b467-47ac1231783b,7,16007,64,14065,16071,74950,6d531b0f-68ae-4266-8e12-7aa5fa0bde3e,2026-09-10T17:45:33.120690+00:00,7
N-b81827,b8182790-1837-4290-b467-47ac1231783b,8,18080,958,15985,19038,93988,b2c084a1-002a-473c-8f30-64c28b970d2a,2026-09-10T17:45:35.096354+00:00,8
N-b81827,b8182790-1837-4290-b467-47ac1231783b,9,19070,63,18033,19133,113121,8e851fdb-ed98-4bb0-b359-03e782a78549,2026-09-10T17:45:47.950280+00:00,9
N-b81827,b8182790-1837-4290-b467-47ac1231783b,10,19174,70,19057,19244,132365,d0301c95-850d-4631-a741-5e83e9ed0205,2026-09-10T17:45:49.545192+00:00,10
N-b81827,b8182790-1837-4290-b467-47ac1231783b,11,19301,96,19057,19397,151762,23728ba9-1544-4941-9571-e9dcd6b71235,2026-09-10T17:45:51.206310+00:00,11
N-b81827,b8182790-1837-4290-b467-47ac1231783b,12,19429,109,19185,19538,171300,39cad16b-9107-473c-8c61-78595ca43064,2026-09-10T17:45:53.420720+00:00,12
N-b81827,b8182790-1837-4290-b467-47ac1231783b,13,19570,119,19313,19689,190989,236bfcf5-7bbe-49ff-824a-80040c391df4,2026-09-10T17:45:55.759836+00:00,13
N-b81827,b8182790-1837-4290-b467-47ac1231783b,14,19931,94,19569,20025,211014,20880127-3695-4b96-a26d-b5d7e4088851,2026-09-10T17:45:57.628870+00:00,14
N-b81827,b8182790-1837-4290-b467-47ac1231783b,15,20220,110,19825,20330,231344,02932481-42e3-4b08-8ca2-ac5b9371474c,2026-09-10T17:45:59.677907+00:00,15
N-b81827,b8182790-1837-4290-b467-47ac1231783b,16,20362,124,20209,20486,251830,4601e2a8-7e96-4b6c-a207-4fa83f82af97,2026-09-10T17:46:01.289937+00:00,16
N-b81827,b8182790-1837-4290-b467-47ac1231783b,17,20732,115,20337,20847,272677,0f1e6652-98ad-4e55-b39e-9b4caea083d6,2026-09-10T17:46:03.593166+00:00,17
N-b81827,b8182790-1837-4290-b467-47ac1231783b,18,20901,117,20721,21018,293695,2133a211-d9e8-4146-9a21-a4a72c11d2b0,2026-09-10T17:46:05.484118+00:00,18
N-b81827,b8182790-1837-4290-b467-47ac1231783b,19,21273,98,20849,21371,315066,34d3d0be-a29d-468b-bd2e-1bb8d3d60515,2026-09-10T17:46:07.608360+00:00,19
N-b81827,b8182790-1837-4290-b467-47ac1231783b,20,21423,122,21233,21545,336611,a3bd62be-e44e-4853-96d3-c100a16668ea,2026-09-10T17:46:09.344895+00:00,20
N-b81827,b8182790-1837-4290-b467-47ac1231783b,21,21644,1093,21361,22737,359348,ab995833-567e-4806-b667-e6ad3d3a0e80,2026-09-10T17:46:15.554377+00:00,21
N-b81827,b8182790-1837-4290-b467-47ac1231783b,22,23026,98,21617,23124,382472,7cc69411-1733-4ff0-8eea-1a29efc67ad8,2026-09-10T17:46:28.619653+00:00,22
N-b81827,b8182790-1837-4290-b467-47ac1231783b,23,23260,156,23025,23416,405888,fd32c548-c5d1-4ee8-8eb7-b47858330809,2026-09-10T17:46:30.494323+00:00,23
N-b81827,b8182790-1837-4290-b467-47ac1231783b,24,23512,153,23153,23665,429553,f7db6fb3-1f80-4515-a855-08c5fbf326e7,2026-09-10T17:46:32.986271+00:00,24
N-b81827,b8182790-1837-4290-b467-47ac1231783b,25,23735,86,23409,23821,453374,b3e36715-f8c2-4462-a614-90dec794cd49,2026-09-10T17:46:37.073316+00:00,25
N-b81827,b8182790-1837-4290-b467-47ac1231783b,26,23944,111,23665,24055,477429,e0a58397-c7f1-4406-872b-6d8a5f8dd54c,2026-09-10T17:46:39.063550+00:00,26
N-b81827,b8182790-1837-4290-b467-47ac1231783b,27,24088,278,23921,24366,501795,b24ca385-3a81-48d1-b1ad-6412f23dad8d,2026-09-10T17:46:41.251716+00:00,27
N-b81827,b8182790-1837-4290-b467-47ac1231783b,28,24397,71,24049,24468,526263,a8d86cc1-80ec-4bb7-b853-5093dfe913d3,2026-09-10T17:46:43.762447+00:00,28
N-b81827,b8182790-1837-4290-b467-47ac1231783b,29,24531,77,24305,24608,550871,3780a633-e3b6-47a5-8fcf-97b2d12db273,2026-09-10T17:46:45.561560+00:00,29
N-b81827,b8182790-1837-4290-b467-47ac1231783b,30,24663,274,24433,24937,575808,f0a6addb-b6bf-4939-918a-76a44a28201d,2026-09-10T17:46:48.521195+00:00,30
N-b81827,b8182790-1837-4290-b467-47ac1231783b,31,24972,258,24561,25230,601038,3bb3d4ba-af00-4a16-bc05-3b494503e0ab,2026-09-10T17:46:53.358464+00:00,31
N-b81827,b8182790-1837-4290-b467-47ac1231783b,32,25264,506,24945,25770,626808,1dbc682f-c243-46aa-8661-edc1e1cf3cd5,2026-09-10T17:46:55.654227+00:00,32
N-b81827,b8182790-1837-4290-b467-47ac1231783b,33,25805,201,25201,26006,652814,e7f75e89-84b5-4800-abc3-790a18bd5894,2026-09-10T17:46:59.047872+00:00,33
N-b81827,b8182790-1837-4290-b467-47ac1231783b,34,26041,211,25713,26252,679066,9cf76604-85ff-4b40-a61c-fddd78fe781c,2026-09-10T17:47:00.598221+00:00,34
N-b81827,b8182790-1837-4290-b467-47ac1231783b,35,26287,287,25969,26574,705640,5abdfd84-8f89-4695-be19-50c0f5309d71,2026-09-10T17:47:02.667619+00:00,35
N-b81827,b8182790-1837-4290-b467-47ac1231783b,36,26611,717,26225,27328,732968,a6dd8e72-924e-4248-a4e6-7274a1fb3608,2026-09-10T17:47:05.556577+00:00,36
N-b81827,b8182790-1837-4290-b467-47ac1231783b,37,27332,51,26609,27383,760351,83f7ba9f-a2bd-4603-8530-dae916323c8d,2026-09-10T17:47:15.771531+00:00,37
N-b81827,b8182790-1837-4290-b467-47ac1231783b,38,27621,16205,27249,43826,804177,61b66f01-d341-47fe-8a4a-88cc0ed750c7,2026-09-10T17:47:17.574041+00:00,38
N-b81827,b8182790-1837-4290-b467-47ac1231783b,39,43861,91,27505,43952,848129,74c5f628-1d5b-4956-898f-f12e72592528,2026-09-10T17:48:35.232088+00:00,39
N-b81827,b8182790-1837-4290-b467-47ac1231783b,40,44281,75,43761,44356,892485,fa45f13e-d902-41c0-af60-027558be0df5,2026-09-10T17:48:37.369636+00:00,40
N-b81827,b8182790-1837-4290-b467-47ac1231783b,41,44704,66,44273,44770,937255,22e3ed10-defd-45f2-9af4-9e73fcc0597f,2026-09-10T17:48:42.853221+00:00,41
N-b81827,b8182790-1837-4290-b467-47ac1231783b,42,45405,66,44657,45471,982726,096a610f-9021-485f-b754-06b762014f02,2026-09-10T17:48:45.127564+00:00,42
N-b81827,b8182790-1837-4290-b467-47ac1231783b,43,46690,495,45297,47185,1029911,316421b3-682d-4844-9d46-af7a52285086,2026-09-10T17:48:46.778583+00:00,43
N-b81827,b8182790-1837-4290-b467-47ac1231783b,44,48449,67,46577,48516,1078427,12ab9802-eac1-4f67-9c4f-fc478dab570b,2026-09-10T17:48:54.829815+00:00,44
N-b81827,b8182790-1837-4290-b467-47ac1231783b,45,49918,68,48369,49986,1128413,a8e4fa14-ebe6-492f-8ad9-813230a5a235,2026-09-10T17:48:57.446179+00:00,45
N-b81827,b8182790-1837-4290-b467-47ac1231783b,46,51745,812,49905,52557,1180970,3a8100cf-8858-4f93-9888-80474a7abc12,2026-09-10T17:48:59.400166+00:00,46
N-b81827,b8182790-1837-4290-b467-47ac1231783b,47,52588,526,51697,53114,1234084,f34c23fd-7b92-4f58-95c3-9f6600f6d15a,2026-09-10T17:49:05.041692+00:00,47
N-b81827,b8182790-1837-4290-b467-47ac1231783b,48,53145,1783,52465,54928,1289012,b9d503cd-ed1a-45dc-ae87-858a5a219b13,2026-09-10T17:49:07.864714+00:00,48
N-b81827,b8182790-1837-4290-b467-47ac1231783b,49,54959,75,53105,55034,1344046,f7251024-4add-48a2-93bd-581ea526b6ae,2026-09-10T17:49:15.552512+00:00,49
N-b81827,b8182790-1837-4290-b467-47ac1231783b,50,55328,557,54897,55885,1399931,c4e022ef-d8ae-435b-b6e4-428ffff3c875,2026-09-10T17:49:20.511268+00:00,50
N-b81827,b8182790-1837-4290-b467-47ac1231783b,51,56089,94,55281,56183,1456114,089b6d34-2a05-435a-90ab-52359755e408,2026-09-10T17:49:28.610798+00:00,51
N-b81827,b8182790-1837-4290-b467-47ac1231783b,52,56549,85,56049,56634,1512748,3ad79d63-9c2c-4264-84a5-0c0db03d26d8,2026-09-10T17:49:30.936938+00:00,52
N-b81827,b8182790-1837-4290-b467-47ac1231783b,53,56792,89,56433,56881,1569629,842e2960-04c0-4e70-bedd-5be2c0d8a80a,2026-09-10T17:49:33.497192+00:00,53
N-b81827,b8182790-1837-4290-b467-47ac1231783b,54,57003,300,56689,57303,1626932,14ddc4af-6ff9-4315-b1e5-df89c998934c,2026-09-10T17:49:35.712688+00:00,54
N-b81827,b8182790-1837-4290-b467-47ac1231783b,55,57640,137,56945,57777,1684709,4b27b9b8-428a-4290-860d-0c049d46f115,2026-09-10T17:49:41.579921+00:00,55
N-b81827,b8182790-1837-4290-b467-47ac1231783b,56,57864,103,57585,57967,1742676,0fe8f6bb-6b0a-4a38-88d0-19e29eb833af,2026-09-10T17:49:44.300039+00:00,56
N-b81827,b8182790-1837-4290-b467-47ac1231783b,57,59975,106,57841,60081,1802757,ddc1c3e1-a0ad-4c06-a3c5-f7d16ff8b01a,2026-09-10T17:49:47.596514+00:00,57
N-b81827,b8182790-1837-4290-b467-47ac1231783b,58,60466,158,59889,60624,1863381,4e87f0d5-5139-4f24-a53a-e656ac9f8940,2026-09-10T17:49:50.842950+00:00,58
N-b81827,b8182790-1837-4290-b467-47ac1231783b,59,64602,187,60401,64789,1928170,cf855172-a25b-4243-8372-df3ebd576bb5,2026-09-10T17:49:53.454405+00:00,59
N-b81827,b8182790-1837-4290-b467-47ac1231783b,60,64843,104,64497,64947,1993117,49a42d71-6601-4184-af71-f2bb69e5f65b,2026-09-10T17:50:12.237930+00:00,60
N-b81827,b8182790-1837-4290-b467-47ac1231783b,61,64982,108,64753,65090,2058207,b564d9f1-e455-4bd3-9537-ae656bfc4655,2026-09-10T17:50:15.187577+00:00,61
N-b81827,b8182790-1837-4290-b467-47ac1231783b,62,65557,129,64881,65686,2123893,c0b8206b-5d10-4c11-bf25-1e9202aec9f3,2026-09-10T17:50:18.416115+00:00,62
N-b81827,b8182790-1837-4290-b467-47ac1231783b,63,66223,247,65521,66470,2190363,388f4bb1-480f-4e00-b461-eb19da6d8e0a,2026-09-10T17:50:21.140922+00:00,63
N-b81827,b8182790-1837-4290-b467-47ac1231783b,64,67288,179,66161,67467,2257830,16a8eaa9-08e3-4ae2-bcaa-43c27e8cee43,2026-09-10T17:50:23.896952+00:00,64
N-b81827,b8182790-1837-4290-b467-47ac1231783b,65,68025,151,67185,68176,2326006,e09906bd-4eac-43b2-aead-53b6c885362c,2026-09-10T17:50:26.120490+00:00,65
N-b81827,b8182790-1837-4290-b467-47ac1231783b,66,69926,100,67953,70026,2396032,b433936e-e129-4ab8-97e7-9fb49b956cef,2026-09-10T17:50:29.759389+00:00,66
N-b81827,b8182790-1837-4290-b467-47ac1231783b,67,72117,107,69873,72224,2468256,962e2e3c-d905-4242-b430-2b4fcc599fe0,2026-09-10T17:50:31.726293+00:00,67
N-b81827,b8182790-1837-4290-b467-47ac1231783b,68,73407,551,72049,73958,2542214,8f4bba13-ba91-43db-9b65-413b44e01141,2026-09-10T17:50:34.108304+00:00,68
N-b81827,b8182790-1837-4290-b467-47ac1231783b,69,73988,91,73329,74079,2616293,3ec56ba1-0380-45e8-9d91-9535a88eddff,2026-09-10T17:50:40.545153+00:00,69
N-b81827,b8182790-1837-4290-b467-47ac1231783b,70,74378,157,73969,74535,2690828,f2c5d078-3bd6-4cde-82c6-42c4e649dade,2026-09-10T17:50:43.128498+00:00,70
N-b81827,b8182790-1837-4290-b467-47ac1231783b,71,77945,204,74353,78149,2768977,4dfb248a-3bd3-4723-8fb8-0b5d23cf30c9,2026-09-10T17:50:45.772015+00:00,71
N-b81827,b8182790-1837-4290-b467-47ac1231783b,72,78234,210,77937,78444,2847421,6a009f44-71b8-4d09-915f-8f402521bf0d,2026-09-10T17:50:49.443258+00:00,72
N-b81827,b8182790-1837-4290-b467-47ac1231783b,73,80083,158,78193,80241,2927662,5499eb12-459e-4199-a009-2d8c0779f3a1,2026-09-10T17:50:52.487916+00:00,73
N-b81827,b8182790-1837-4290-b467-47ac1231783b,74,80372,222,79985,80594,3008256,dd7d649e-22a0-420f-9ed6-d275e0b0c3d6,2026-09-10T17:50:55.706416+00:00,74
N-b81827,b8182790-1837-4290-b467-47ac1231783b,75,80730,211,80369,80941,3089197,d09434f5-b4d1-4d50-aa6a-cdcadd382b47,2026-09-10T17:50:58.509331+00:00,75
N-b81827,b8182790-1837-4290-b467-47ac1231783b,76,80971,88,80625,81059,3170256,a9f7eb88-687b-4061-b4e7-92701fcc58fc,2026-09-10T17:51:56.348913+00:00,76
N-b81827,b8182790-1837-4290-b467-47ac1231783b,77,81175,190,80881,81365,3251621,fac89582-b028-434b-8f07-adffad633663,2026-09-10T17:51:59.493779+00:00,77
N-b81827,b8182790-1837-4290-b467-47ac1231783b,78,81400,121,81137,81521,3333142,8d84e6f6-d08c-4efe-bbd3-b8671d458de9,2026-09-10T17:52:01.926703+00:00,78
N-b81827,b8182790-1837-4290-b467-47ac1231783b,79,81823,98,81393,81921,3415063,0b8147d8-3c02-4fc8-bd4d-692cace55118,2026-09-10T17:52:04.775036+00:00,79
N-b81827,b8182790-1837-4290-b467-47ac1231783b,80,81956,591,81777,82547,3497610,7e1f7c3a-189a-42f6-ab6a-b7c80e05a6d2,2026-09-10T17:52:07.595784+00:00,80
N-b81827,b8182790-1837-4290-b467-47ac1231783b,81,82577,89,81905,82666,3580276,58035a71-c284-4eb8-af45-f17ff134e7f6,2026-09-10T17:52:14.746208+00:00,81
N-b81827,b8182790-1837-4290-b467-47ac1231783b,82,82787,322,82545,83109,3663385,d1e43674-dea9-41e4-9bee-270143f85386,2026-09-10T17:52:20.801965+00:00,82
N-b81827,b8182790-1837-4290-b467-47ac1231783b,83,83139,88,82673,83227,3746612,8ec05d21-f2dc-4b91-a195-659e47192f72,2026-09-10T17:52:25.752508+00:00,83
N-b81827,b8182790-1837-4290-b467-47ac1231783b,84,83287,116,83057,83403,3830015,9da39547-bf76-4667-a47c-da5540f06f34,2026-09-10T17:52:32.859950+00:00,84
N-b81827,b8182790-1837-4290-b467-47ac1231783b,85,83675,1599,83185,85274,3915289,a02b8303-283f-4367-ad4c-8193c99efbd5,2026-09-10T17:52:35.535448+00:00,85
N-b81827,b8182790-1837-4290-b467-47ac1231783b,86,85282,148,83569,85430,4000719,2be5384d-e017-4689-9496-cbe0579f034e,2026-09-10T17:52:50.437824+00:00,86
N-b81827,b8182790-1837-4290-b467-47ac1231783b,87,85464,222,85233,85686,4086405,398f103f-30ed-49f3-bb57-442e2b65f3fb,2026-09-10T17:52:54.803064+00:00,87
N-b81827,b8182790-1837-4290-b467-47ac1231783b,88,85719,123,85361,85842,4172247,f9f3f96d-c05a-477c-961e-3d901bd1a063,2026-09-10T17:52:57.485869+00:00,88
N-b81827,b8182790-1837-4290-b467-47ac1231783b,89,85876,593,85617,86469,4258716,c44b4251-125e-4ad1-b84e-1f48f7bd9bfa,2026-09-10T17:52:59.947317+00:00,89
N-b81827,b8182790-1837-4290-b467-47ac1231783b,90,86503,258,85873,86761,4345477,240b4e48-4218-4dd6-b418-7c29378b3f31,2026-09-10T17:53:05.399937+00:00,90
N-b81827,b8182790-1837-4290-b467-47ac1231783b,91,86794,120,86385,86914,4432391,49cb5915-6857-4f18-aea1-934cd33e1d24,2026-09-10T17:53:10.976903+00:00,91
N-b81827,b8182790-1837-4290-b467-47ac1231783b,92,86947,557,86769,87504,4519895,953c9b0c-a8d3-4aa6-aa2b-3136c3c3bb8e,2026-09-10T17:53:13.310843+00:00,92
N-b81827,b8182790-1837-4290-b467-47ac1231783b,93,87538,372,86897,87910,4607805,69fd6710-881f-4f1d-bd0a-114a48642865,2026-09-10T17:53:18.913631+00:00,93
N-b81827,b8182790-1837-4290-b467-47ac1231783b,94,87951,68,87537,88019,4695824,c0e9f86d-f2b6-41fa-824d-f8e024c04330,2026-09-10T17:53:22.416840+00:00,94
N-b81827,b8182790-1837-4290-b467-47ac1231783b,95,88054,372,87921,88426,4784250,c4774f93-34a5-4ad1-8ea3-e3eeecf06564,2026-09-10T17:53:28.565443+00:00,95
N-b81827,b8182790-1837-4290-b467-47ac1231783b,96,88461,492,88049,88953,4873203,c29adfde-361d-4cf8-bad9-8040939e88c1,2026-09-10T17:53:31.618182+00:00,96
N-b81827,b8182790-1837-4290-b467-47ac1231783b,97,88988,674,88433,89662,4962865,8158b1ba-4356-4648-bfe6-6afd89d0c4bc,2026-09-10T17:53:36.296993+00:00,97
N-b81827,b8182790-1837-4290-b467-47ac1231783b,98,89697,907,88945,90604,5053469,cbb2470f-b060-4a4b-ab63-08855b877968,2026-09-10T17:53:42.058860+00:00,98
N-b81827,b8182790-1837-4290-b467-47ac1231783b,99,90640,1799,89585,92439,5145908,e21d6e8e-081a-449e-bda1-c07bbb637702,2026-09-10T17:53:47.570321+00:00,99
N-b81827,b8182790-1837-4290-b467-47ac1231783b,100,92475,1739,90609,94214,5240122,00f59005-61a5-4491-980c-eadfe9bc31ee,2026-09-10T17:53:57.994664+00:00,100
N-b81827,b8182790-1837-4290-b467-47ac1231783b,101,94250,1824,92401,96074,5336196,9faddf25-f97f-43e4-8651-314d7033faa5,2026-09-10T17:54:08.881855+00:00,101
N-b81827,b8182790-1837-4290-b467-47ac1231783b,102,96110,1195,94193,97305,5433501,777772e6-eb9a-47da-ae12-734804d5f1b4,2026-09-10T17:54:19.340702+00:00,102
N-b81827,b8182790-1837-4290-b467-47ac1231783b,103,97341,850,95985,98191,5531692,5013a1fc-689b-41a8-a53a-2abd53d1d413,2026-09-10T17:54:25.695277+00:00,103
N-b81827,b8182790-1837-4290-b467-47ac1231783b,104,98227,807,97265,99034,5630726,a1f08116-c52e-4204-9bc8-a76e72b4e859,2026-09-10T17:54:31.612578+00:00,104
N-b81827,b8182790-1837-4290-b467-47ac1231783b,105,99070,499,98161,99569,5730295,5159c05b-b8a3-477b-9c3e-6a4e41164e84,2026-09-10T17:54:36.362079+00:00,105
N-b81827,b8182790-1837-4290-b467-47ac1231783b,106,99606,131,99057,99737,5830032,e75d2301-eef0-4c73-b835-7dc9d204b47e,2026-09-10T17:54:41.318009+00:00,106
N-b81827,b8182790-1837-4290-b467-47ac1231783b,107,99986,127,99569,100113,5930145,fd0c2f6d-2833-43f7-8e07-1f51793f26cf,2026-09-10T17:54:44.198413+00:00,107
N-b81827,b8182790-1837-4290-b467-47ac1231783b,108,100273,189,99953,100462,6030607,9c762d28-134f-4596-996e-55ea2e33893d,2026-09-10T17:54:48.988137+00:00,108
N-b81827,b8182790-1837-4290-b467-47ac1231783b,109,101986,155,100209,102141,6132748,8a0382ac-5039-4b01-888c-ad6c099a057c,2026-09-10T17:55:22.999142+00:00,109
N-b81827,b8182790-1837-4290-b467-47ac1231783b,110,102226,283,101873,102509,6235257,44ae9e53-a0cf-4702-af16-aed12b6aa3da,2026-09-10T17:55:26.702352+00:00,110
N-b81827,b8182790-1837-4290-b467-47ac1231783b,111,102563,125,102129,102688,6337945,37648e2d-cf1e-4df7-9465-ee34bd89b115,2026-09-10T17:55:30.553296+00:00,111
N-b81827,b8182790-1837-4290-b467-47ac1231783b,112,102765,144,102513,102909,6440854,71d47c97-b132-45cc-b604-8f5b29d7abc2,2026-09-10T17:55:33.916565+00:00,112
N-b81827,b8182790-1837-4290-b467-47ac1231783b,113,102964,153,102641,103117,6543971,98cbb0e3-4f48-4685-8de5-8555db193c19,2026-09-10T17:55:37.058682+00:00,113
N-b81827,b8182790-1837-4290-b467-47ac1231783b,114,103366,259,102897,103625,6647596,7cc3c1a6-2bbb-490d-8f95-196ccd275fb1,2026-09-10T17:55:40.640557+00:00,115
N-b81827,b8182790-1837-4290-b467-47ac1231783b,115,104453,576,103281,105029,6752625,674499f0-f098-4def-b9d6-b39bd1c9cd6f,2026-09-10T17:55:44.472027+00:00,116
N-b81827,b8182790-1837-4290-b467-47ac1231783b,116,105295,240,104433,105535,6858160,536a4fea-9f9f-4230-949b-62efb43ff74f,2026-09-10T17:55:55.244317+00:00,118
N-b81827,b8182790-1837-4290-b467-47ac1231783b,117,105865,151,105201,106016,6964176,adbc0e42-c9ae-4c35-b19e-de1a923e0b6a,2026-09-10T17:55:59.048607+00:00,119
N-b81827,b8182790-1837-4290-b467-47ac1231783b,118,106351,336,105841,106687,7070863,3e853e47-61cb-4295-993d-ceb88dad6b8b,2026-09-10T17:56:01.983515+00:00,121
N-b81827,b8182790-1837-4290-b467-47ac1231783b,119,107926,325,106225,108251,7179114,ece84ebb-4cae-4946-9253-9c1d2af67180,2026-09-10T17:56:06.031865+00:00,122
N-b81827,b8182790-1837-4290-b467-47ac1231783b,120,108339,62,107889,108401,7287515,c80a4c8f-10ca-4dbb-ab2a-7f0d67f154ba,2026-09-10T17:56:40.458356+00:00,124
N-b81827,b8182790-1837-4290-b467-47ac1231783b,121,108493,82,108273,108575,7396090,55025433-7355-45a7-833d-b4f010dfffeb,2026-09-10T17:56:47.530564+00:00,125
N-b81827,b8182790-1837-4290-b467-47ac1231783b,122,108769,266,108401,109035,7505125,4ae1dbc8-13ed-41e8-81b8-0cd3c748378a,2026-09-10T17:56:50.029607+00:00,127
N-b81827,b8182790-1837-4290-b467-47ac1231783b,123,109277,109,108657,109386,7614511,72fc58b0-4e1f-4c1c-9172-e8e186166196,2026-09-10T17:56:55.543718+00:00,128
N-b81827,b8182790-1837-4290-b467-47ac1231783b,124,109420,147,109169,109567,7724078,28d878eb-b979-4903-9705-6a1b11dd7b20,2026-09-10T17:57:00.085554+00:00,130
N-b81827,b8182790-1837-4290-b467-47ac1231783b,125,109601,512,109297,110113,7834191,6a1257a8-0fc6-48de-acbb-593246bab353,2026-09-10T17:57:02.970971+00:00,131
N-b81827,b8182790-1837-4290-b467-47ac1231783b,126,110133,33,109553,110166,7944357,7c0d3ef2-4e59-4dfc-8ad7-5a672e9ebd06,2026-09-10T17:57:11.798815+00:00,133
N-b81827,b8182790-1837-4290-b467-47ac1231783b,127,110466,73,110065,110539,8054896,658e8a32-11ce-41b3-a4b5-5c4b355b9f6d,2026-09-10T17:57:14.699181+00:00,134
N-b81827,b8182790-1837-4290-b467-47ac1231783b,128,110576,158,110449,110734,8165630,f0529e83-cde4-40fe-81e1-8348de93b567,2026-09-10T17:57:16.358367+00:00,136
N-b81827,b8182790-1837-4290-b467-47ac1231783b,129,110943,107,110449,111050,8276680,35bdbc5d-60d3-43e3-81ed-c8c099979661,2026-09-10T17:57:20.330791+00:00,137
N-b81827,b8182790-1837-4290-b467-47ac1231783b,130,111083,78,110833,111161,8387841,f67407b7-9f7e-4efe-80de-57cb2d37cd50,2026-09-10T17:57:23.066347+00:00,139
N-b81827,b8182790-1837-4290-b467-47ac1231783b,131,111455,104,110961,111559,8499400,752223cc-6189-46ae-b8b8-37e161245076,2026-09-10T17:57:28.335721+00:00,140
N-b81827,b8182790-1837-4290-b467-47ac1231783b,132,111593,97,111345,111690,8611090,e1630e29-f62e-4d2a-b2b4-1094a940f7b7,2026-09-10T17:57:30.856507+00:00,142
N-b81827,b8182790-1837-4290-b467-47ac1231783b,133,111757,386,111473,112143,8723233,64c9c21c-ee9d-4f7b-a281-65e0cde9a720,2026-09-10T17:57:36.868984+00:00,143
N-b81827,b8182790-1837-4290-b467-47ac1231783b,134,112280,468,111729,112748,8835981,1927566f-f99b-4d53-bf99-8a16ab05b399,2026-09-10T17:57:42.871949+00:00,145
N-b81827,b8182790-1837-4290-b467-47ac1231783b,135,113924,487,112241,114411,8950392,dfc80c63-030a-461d-8b5b-e12b13cc0455,2026-09-10T17:57:50.171461+00:00,146
N-b81827,b8182790-1837-4290-b467-47ac1231783b,136,114852,123,113905,114975,9065367,7beeee38-789a-4403-af34-4e3e1a669066,2026-09-10T17:57:59.499480+00:00,148
N-b81827,b8182790-1837-4290-b467-47ac1231783b,137,115007,167,114801,115174,9180541,c085e156-03e9-415e-89e8-a182c8e82d36,2026-09-10T17:58:02.509125+00:00,149
N-b81827,b8182790-1837-4290-b467-47ac1231783b,138,115950,236,114929,116186,9296727,57b91df1-de91-4c10-881e-4f13a7af3db5,2026-09-10T17:58:07.621170+00:00,151
N-b81827,b8182790-1837-4290-b467-47ac1231783b,139,116894,119,115825,117013,9413740,6049b454-b491-4d2a-b33f-ed6240a99c9c,2026-09-10T17:58:13.092273+00:00,152
N-b81827,b8182790-1837-4290-b467-47ac1231783b,140,117044,66,116849,117110,9530850,a9817a38-4ab1-4bbc-80f1-bd05f07117a1,2026-09-10T17:58:15.851181+00:00,154
N-b81827,b8182790-1837-4290-b467-47ac1231783b,141,117354,162,116977,117516,9648366,68d8221f-2ad0-4bd0-a08d-79d74bda4f09,2026-09-10T17:58:18.239829+00:00,155
N-b81827,b8182790-1837-4290-b467-47ac1231783b,142,118359,273,117233,118632,9766998,c6b50ab4-5684-420e-87df-6a196faa234f,2026-09-10T17:58:20.942435+00:00,157
N-b81827,b8182790-1837-4290-b467-47ac1231783b,143,118663,79,118257,118742,9885740,990c7b9c-1df2-4af3-a1fd-dca3a79eca19,2026-09-10T17:58:24.176258+00:00,158
N-b81827,b8182790-1837-4290-b467-47ac1231783b,144,119179,149,118641,119328,10005068,b9701b92-ec31-4c59-ad40-5c34ad060702,2026-09-10T17:58:26.395941+00:00,160
N-b81827,b8182790-1837-4290-b467-47ac1231783b,145,119359,83,119153,119442,10124510,b3487355-3dad-41d8-9d24-e7d5c2f44629,2026-09-10T17:58:29.416429+00:00,161
N-b81827,b8182790-1837-4290-b467-47ac1231783b,146,119899,153,119281,120052,10244562,a6e6d80a-c6fc-4d2c-a84d-eb2785c952be,2026-09-10T17:58:32.277214+00:00,163
N-b81827,b8182790-1837-4290-b467-47ac1231783b,147,120083,188,119793,120271,10364833,8f3c4ac2-6456-43e6-be2f-ebd5aa6708f2,2026-09-10T17:58:35.376459+00:00,164
N-b81827,b8182790-1837-4290-b467-47ac1231783b,148,120306,78,120049,120384,10485217,c98fc643-4dba-44b6-9a18-02b70f71f964,2026-09-10T17:58:39.945998+00:00,166
N-b81827,b8182790-1837-4290-b467-47ac1231783b,149,120740,128,120305,120868,10606085,b949e328-8c45-40a1-8fbb-e79102658775,2026-09-10T17:58:45.545848+00:00,167
N-b81827,b8182790-1837-4290-b467-47ac1231783b,150,120901,106,120689,121007,10727092,07aa7f4a-0b9f-42a7-b42c-ed5afc6048b9,2026-09-10T17:58:49.479339+00:00,169
N-b81827,b8182790-1837-4290-b467-47ac1231783b,151,121041,359,120817,121400,10848492,c0d8ad54-ea0f-43ba-a21f-e5495e0ed901,2026-09-10T17:58:52.299151+00:00,170
N-b81827,b8182790-1837-4290-b467-47ac1231783b,152,121660,254,120945,121914,10970406,ae6d89e3-eb72-463f-8422-b9f3ddcc2a68,2026-09-10T17:59:01.551948+00:00,172
N-b81827,b8182790-1837-4290-b467-47ac1231783b,153,122357,523,121585,122880,11093286,c5b05b7b-f3ec-49cb-b862-35fb2e6ed9a3,2026-09-10T17:59:05.725891+00:00,173
N-b81827,b8182790-1837-4290-b467-47ac1231783b,154,123049,350,122353,123399,11216685,126dff51-02de-4cd0-9fef-857f74aa042a,2026-09-10T17:59:14.619485+00:00,175
N-b81827,b8182790-1837-4290-b467-47ac1231783b,155,123600,214,122993,123814,11340499,284232cb-0bee-4076-a4df-3375fce39246,2026-09-10T17:59:21.555215+00:00,176
N-b81827,b8182790-1837-4290-b467-47ac1231783b,156,124143,136,123505,124279,11464778,798f5ab4-3538-473b-abb9-86373e29e965,2026-09-10T17:59:26.946003+00:00,178
N-b81827,b8182790-1837-4290-b467-47ac1231783b,157,124311,807,124017,125118,11589896,b8b661db-1bd6-44c6-9020-78b0f4017d2b,2026-09-10T17:59:30.329834+00:00,179
N-b81827,b8182790-1837-4290-b467-47ac1231783b,158,125150,1263,124273,126413,11716309,1f6d93f2-c1a3-4534-bb1c-53f1cc01c83a,2026-09-10T17:59:40.138391+00:00,181
N-b81827,b8182790-1837-4290-b467-47ac1231783b,159,126449,977,125041,127426,11843735,5e8f7490-a72a-4172-8349-13f6cea5335c,2026-09-10T17:59:58.280505+00:00,182
N-b81827,b8182790-1837-4290-b467-47ac1231783b,160,127461,168,126449,127629,11971364,d7966dc9-b256-489a-8f2e-3508cef34752,2026-09-10T18:00:10.427851+00:00,184
N-b81827,b8182790-1837-4290-b467-47ac1231783b,161,128082,226,127345,128308,12099672,265190e5-5121-44bc-92ac-f4e947bc4c81,2026-09-10T18:00:15.302700+00:00,185
N-b81827,b8182790-1837-4290-b467-47ac1231783b,162,128423,96,127985,128519,12228191,b44259c3-42c0-4012-928b-80525949290e,2026-09-10T18:00:19.598373+00:00,187
N-b81827,b8182790-1837-4290-b467-47ac1231783b,163,129023,89,128369,129112,12357303,982404bb-4085-4c9f-a115-fbc8ac96da64,2026-09-10T18:00:22.944976+00:00,188
N-b81827,b8182790-1837-4290-b467-47ac1231783b,164,129415,126,129009,129541,12486844,fe01dd5b-7e47-43a3-b706-d6a74da0af57,2026-09-10T18:00:26.111827+00:00,190
N-b81827,b8182790-1837-4290-b467-47ac1231783b,165,129795,342,129393,130137,12616981,9a32eae8-1790-4df6-8ecd-faf3c0d17dc0,2026-09-10T18:00:29.316803+00:00,191
N-b81827,b8182790-1837-4290-b467-47ac1231783b,166,130195,151,129777,130346,12747327,3417f546-fa34-4eea-95e1-3f8237c08633,2026-09-10T18:00:35.939530+00:00,193
N-b81827,b8182790-1837-4290-b467-47ac1231783b,167,130879,344,130161,131223,12878550,f77f8337-3de3-4abd-b1df-9ffb69cd2975,2026-09-10T18:00:50.237007+00:00,194
N-b81827,b8182790-1837-4290-b467-47ac1231783b,168,131256,48,130801,131304,13009854,1c299edb-779d-40d3-838d-636802ad8acd,2026-09-10T18:00:56.464266+00:00,196
N-b81827,b8182790-1837-4290-b467-47ac1231783b,169,131337,130,131185,131467,13141321,1974d3be-5617-4f2b-a36c-b852096959fb,2026-09-10T18:00:58.777645+00:00,197
N-b81827,b8182790-1837-4290-b467-47ac1231783b,170,131511,151,131313,131662,13272983,ba89d65f-a6af-4101-a9f3-fa83abe0d9e3,2026-09-10T18:01:01.569936+00:00,199
A-41824f,41824f90-f8f8-45bc-b801-1762e265cd0f,1,6258,131,0,6389,6389,7a555f85-6563-4482-8ed4-b49ffab2777d,2026-09-10T16:18:22.701875+00:00,1
A-41824f,41824f90-f8f8-45bc-b801-1762e265cd0f,2,8328,46,6257,8374,14763,035c6ff0-9611-42cd-9742-79c3146caebf,2026-09-10T16:18:24.525095+00:00,2
A-41824f,41824f90-f8f8-45bc-b801-1762e265cd0f,3,8428,88,8305,8516,23279,1705e27c-0d11-4d8f-bb2a-2840e9cb92ec,2026-09-10T16:18:25.886403+00:00,3
A-41824f,41824f90-f8f8-45bc-b801-1762e265cd0f,4,8583,64,8305,8647,31926,3c784059-a651-4081-bd35-b82bb492a8f7,2026-09-10T16:18:27.609180+00:00,4
A-41824f,41824f90-f8f8-45bc-b801-1762e265cd0f,5,10392,64,8561,10456,42382,90543fa5-29cc-4621-8f3d-6f9ee5106a76,2026-09-10T16:18:28.830562+00:00,5
A-41824f,41824f90-f8f8-45bc-b801-1762e265cd0f,6,12567,64,10353,12631,55013,635484d8-08f4-4173-8d6f-79f93a4fb3a4,2026-09-10T16:18:31.503367+00:00,6
A-41824f,41824f90-f8f8-45bc-b801-1762e265cd0f,7,14341,64,12529,14405,69418,03575e30-a7ec-4680-8114-594fefbb0dc6,2026-09-10T16:18:32.956953+00:00,7
A-41824f,41824f90-f8f8-45bc-b801-1762e265cd0f,8,16076,2144,14321,18220,87638,71b26137-1a42-4b1f-84cf-b50283e0df20,2026-09-10T16:18:34.830944+00:00,8
A-41824f,41824f90-f8f8-45bc-b801-1762e265cd0f,9,18202,91,15985,18293,105931,ee7b38b1-2e0b-466d-abd0-8e8c9878170f,2026-09-10T16:18:54.273688+00:00,9
A-41824f,41824f90-f8f8-45bc-b801-1762e265cd0f,10,18356,100,18161,18456,124387,0dda04e1-20cd-41f1-80d0-e5c1e1d941a1,2026-09-10T16:18:56.150316+00:00,10
A-41824f,41824f90-f8f8-45bc-b801-1762e265cd0f,11,18488,86,18289,18574,142961,8b42d33e-6cf4-4968-a449-2cd915435db5,2026-09-10T16:18:57.796450+00:00,11
A-41824f,41824f90-f8f8-45bc-b801-1762e265cd0f,12,18745,95,18417,18840,161801,047fd9f6-9696-4df8-8955-72358ca5094b,2026-09-10T16:18:59.485395+00:00,12
A-41824f,41824f90-f8f8-45bc-b801-1762e265cd0f,13,18872,124,18673,18996,180797,6ad69114-91d8-4d25-9b7b-1f4956d839ea,2026-09-10T16:19:01.328906+00:00,13
A-41824f,41824f90-f8f8-45bc-b801-1762e265cd0f,14,19519,141,18801,19660,200457,d9fa092a-d6b7-42e9-9bf4-b4468692be29,2026-09-10T16:19:04.143356+00:00,14
A-41824f,41824f90-f8f8-45bc-b801-1762e265cd0f,15,19692,226,19441,19918,220375,4cd1af1d-d691-4d51-aeb2-209e0b3f255f,2026-09-10T16:19:06.281645+00:00,15
A-41824f,41824f90-f8f8-45bc-b801-1762e265cd0f,16,19950,75,19569,20025,240400,b93f3016-caa9-46dd-ba45-977ce578117c,2026-09-10T16:19:10.162390+00:00,16
A-41824f,41824f90-f8f8-45bc-b801-1762e265cd0f,17,20072,75,19825,20147,260547,7aff23b5-08ee-44f8-98d0-a8d80724ba3e,2026-09-10T16:19:12.049551+00:00,17
A-41824f,41824f90-f8f8-45bc-b801-1762e265cd0f,18,20660,78,19953,20738,281285,f6bf332d-c697-4ecc-ad43-431c968b64ee,2026-09-10T16:19:14.129448+00:00,18
A-41824f,41824f90-f8f8-45bc-b801-1762e265cd0f,19,20818,114,20593,20932,302217,446de2f1-307f-4624-a840-c107208cd55b,2026-09-10T16:19:16.034053+00:00,19
A-41824f,41824f90-f8f8-45bc-b801-1762e265cd0f,20,21462,293,20721,21755,323972,93ec9b0a-a4c9-45a5-a11a-0d02d3024f8a,2026-09-10T16:19:18.316106+00:00,20
A-41824f,41824f90-f8f8-45bc-b801-1762e265cd0f,21,21935,93,21361,22028,346000,f20a7e6a-80e6-4abc-8bb9-fafb94da714c,2026-09-10T16:19:23.928723+00:00,21
A-41824f,41824f90-f8f8-45bc-b801-1762e265cd0f,22,22180,48,21873,22228,368228,f3258651-22ff-4cfa-bdfd-c27e049256a9,2026-09-10T16:19:33.525230+00:00,22
A-41824f,41824f90-f8f8-45bc-b801-1762e265cd0f,23,22371,67,22129,22438,390666,1c8381e2-2f53-4d2c-8843-8bc180a7f34a,2026-09-10T16:19:35.053308+00:00,23
A-41824f,41824f90-f8f8-45bc-b801-1762e265cd0f,24,22775,187,22257,22962,413628,77cc741e-1b03-4705-9232-a5eacf14c380,2026-09-10T16:19:36.570939+00:00,24
A-41824f,41824f90-f8f8-45bc-b801-1762e265cd0f,25,23182,214,22769,23396,437024,b622054d-5a4d-4f20-92b0-2e92089f598c,2026-09-10T16:19:47.402474+00:00,25
A-41824f,41824f90-f8f8-45bc-b801-1762e265cd0f,26,23451,124,23153,23575,460599,ba34c803-c7e6-4bc6-baec-6c3b004dc152,2026-09-10T16:19:50.987598+00:00,26
A-41824f,41824f90-f8f8-45bc-b801-1762e265cd0f,27,24313,238,23409,24551,485150,b671ffaf-d72b-4edc-8ea9-0f2e07e75c56,2026-09-10T16:19:52.881247+00:00,27
A-41824f,41824f90-f8f8-45bc-b801-1762e265cd0f,28,24621,398,24305,25019,510169,397876be-8fce-4796-b9dc-b386ad0b0c63,2026-09-10T16:19:55.333203+00:00,28
A-41824f,41824f90-f8f8-45bc-b801-1762e265cd0f,29,25073,156,24561,25229,535398,6a826412-ce09-44b7-ad05-6789dac9e5ac,2026-09-10T16:19:59.567675+00:00,29
A-41824f,41824f90-f8f8-45bc-b801-1762e265cd0f,30,25446,144,25073,25590,560988,7f846768-c852-4904-a8d1-2c99757247ca,2026-09-10T16:20:02.028965+00:00,30
A-41824f,41824f90-f8f8-45bc-b801-1762e265cd0f,31,25644,79,25329,25723,586711,4c28ecde-d4df-46c0-8356-c0588255d684,2026-09-10T16:20:04.207864+00:00,31
A-41824f,41824f90-f8f8-45bc-b801-1762e265cd0f,32,25755,91,25585,25846,612557,bb8f2f58-a276-477c-ba7a-9643efe520e4,2026-09-10T16:20:05.782174+00:00,32
A-41824f,41824f90-f8f8-45bc-b801-1762e265cd0f,33,25940,258,25713,26198,638755,876a4983-e76e-4f4b-a052-61797fad4aca,2026-09-10T16:20:08.982904+00:00,33
A-41824f,41824f90-f8f8-45bc-b801-1762e265cd0f,34,26254,290,25841,26544,665299,e503a304-496c-43a2-9d84-e3c1891526cf,2026-09-10T16:20:12.790583+00:00,34
A-41824f,41824f90-f8f8-45bc-b801-1762e265cd0f,35,26607,269,26225,26876,692175,55a59a22-e231-43a4-9ee3-72b13308eeef,2026-09-10T16:20:18.133659+00:00,35
A-41824f,41824f90-f8f8-45bc-b801-1762e265cd0f,36,27200,298,26481,27498,719673,530be5ab-bcd7-4ffe-a11f-6984d512384c,2026-09-10T16:20:20.518658+00:00,36
A-41824f,41824f90-f8f8-45bc-b801-1762e265cd0f,37,27728,75,27121,27803,747476,c971cf1d-8e34-46cf-a8fd-0dc0a5644113,2026-09-10T16:20:23.186394+00:00,37
A-41824f,41824f90-f8f8-45bc-b801-1762e265cd0f,38,27899,1284,27633,29183,776659,053613d2-bfea-4680-957a-1d26953cc12a,2026-09-10T16:20:32.445832+00:00,38
A-41824f,41824f90-f8f8-45bc-b801-1762e265cd0f,39,29208,230,27889,29438,806097,66aff279-0c22-4d9c-abc3-1e5e99fcadf1,2026-09-10T16:20:51.628873+00:00,39
A-41824f,41824f90-f8f8-45bc-b801-1762e265cd0f,40,29476,976,29169,30452,836549,4e76a48d-4d54-4595-b5c2-abd6f15868f2,2026-09-10T16:20:54.539102+00:00,40
A-41824f,41824f90-f8f8-45bc-b801-1762e265cd0f,41,30490,412,29425,30902,867451,73c1faac-7556-4104-a9b4-e4662c554584,2026-09-10T16:20:59.876477+00:00,41
A-41824f,41824f90-f8f8-45bc-b801-1762e265cd0f,42,30945,593,30449,31538,898989,2aae0d14-2f6c-4fb9-bb68-7c2359475f9a,2026-09-10T16:21:04.593961+00:00,42
A-41824f,41824f90-f8f8-45bc-b801-1762e265cd0f,43,31577,985,30833,32562,931551,4ae27a3a-bbe4-4754-b4db-986257cf2376,2026-09-10T16:21:09.370440+00:00,43
A-41824f,41824f90-f8f8-45bc-b801-1762e265cd0f,44,32600,1283,31473,33883,965434,8639d866-d17c-4ad0-a210-645a914b815e,2026-09-10T16:21:18.043667+00:00,44
A-41824f,41824f90-f8f8-45bc-b801-1762e265cd0f,45,33922,1379,32497,35301,1000735,75ced934-0996-4f5f-aad4-552ec273ab01,2026-09-10T16:21:25.239781+00:00,45
A-41824f,41824f90-f8f8-45bc-b801-1762e265cd0f,46,35340,7546,33905,42886,1043621,06d5a308-378d-4a63-aee1-8c1a2b7e050a,2026-09-10T16:21:33.020092+00:00,46
A-41824f,41824f90-f8f8-45bc-b801-1762e265cd0f,47,42925,2228,35313,45153,1088774,957b6188-5f08-4c88-b41d-1d8b5e1ec53f,2026-09-10T16:22:12.270733+00:00,47
A-41824f,41824f90-f8f8-45bc-b801-1762e265cd0f,48,45195,553,42865,45748,1134522,ed554b8f-7288-48ae-947e-7a310ea8f7a7,2026-09-10T16:22:24.888768+00:00,48
A-41824f,41824f90-f8f8-45bc-b801-1762e265cd0f,49,46145,75,45169,46220,1180742,34a7f860-89e6-428b-b007-1a8892fb9c21,2026-09-10T16:22:30.118797+00:00,49
A-41824f,41824f90-f8f8-45bc-b801-1762e265cd0f,50,46467,469,46065,46936,1227678,41dee110-196f-4ca2-8f29-b2389fddfdbf,2026-09-10T16:22:36.210564+00:00,50
A-41824f,41824f90-f8f8-45bc-b801-1762e265cd0f,51,47020,295,46449,47315,1274993,1b0a95f8-05c3-4597-be55-11704c4cc556,2026-09-10T16:22:42.700877+00:00,51
A-41824f,41824f90-f8f8-45bc-b801-1762e265cd0f,52,47389,637,46961,48026,1323019,963c614d-13d6-4e80-b56f-26aa305185b9,2026-09-10T16:22:47.626329+00:00,52
A-41824f,41824f90-f8f8-45bc-b801-1762e265cd0f,53,48039,200,47345,48239,1371258,f559d2cd-2ee5-4ffb-adc9-fa2580ab82c1,2026-09-10T16:22:56.631560+00:00,53
A-41824f,41824f90-f8f8-45bc-b801-1762e265cd0f,54,48274,241,47985,48515,1419773,b92aff4c-35bc-4609-adac-92a63ce9ea79,2026-09-10T16:23:00.844214+00:00,54
A-41824f,41824f90-f8f8-45bc-b801-1762e265cd0f,55,48589,146,48241,48735,1468508,c420dcc5-47b8-498c-aa98-fef9725d7ae2,2026-09-10T16:23:04.543654+00:00,55
A-41824f,41824f90-f8f8-45bc-b801-1762e265cd0f,56,48820,164,48497,48984,1517492,951596b7-6c13-4819-8e57-5c08e36b31bf,2026-09-10T16:23:07.438463+00:00,56
A-41824f,41824f90-f8f8-45bc-b801-1762e265cd0f,57,49039,155,48753,49194,1566686,fb4d0083-767e-4788-94b4-25ac7a75a0eb,2026-09-10T16:23:10.028527+00:00,57
A-41824f,41824f90-f8f8-45bc-b801-1762e265cd0f,58,49493,368,49009,49861,1616547,8b710ed0-b986-4ff2-9e21-a262fdca542b,2026-09-10T16:23:14.576290+00:00,58
A-41824f,41824f90-f8f8-45bc-b801-1762e265cd0f,59,50610,330,49393,50940,1667487,72c9f97e-a575-4799-b2a5-df54d178beb7,2026-09-10T16:23:18.423629+00:00,59
A-41824f,41824f90-f8f8-45bc-b801-1762e265cd0f,60,51225,484,50545,51709,1719196,79f35517-3862-49c4-8f00-4f7288cd1cc9,2026-09-10T16:23:22.132659+00:00,60
A-41824f,41824f90-f8f8-45bc-b801-1762e265cd0f,61,51801,170,51185,51971,1771167,47abb4f6-4086-4f28-b5e9-5b91e30d67cb,2026-09-10T16:23:45.039851+00:00,64
A-41824f,41824f90-f8f8-45bc-b801-1762e265cd0f,62,52003,149,51697,52152,1823319,5f0d83a2-4463-42b9-a160-af0a13621117,2026-09-10T16:23:49.389612+00:00,65
A-41824f,41824f90-f8f8-45bc-b801-1762e265cd0f,63,52269,557,51953,52826,1876145,64da3ec9-1f28-407a-91c1-82a9af2d4ecc,2026-09-10T16:23:52.331909+00:00,66
A-41824f,41824f90-f8f8-45bc-b801-1762e265cd0f,64,53030,356,52209,53386,1929531,3b7ad0b4-a94a-4e04-8c63-f2a354a5747c,2026-09-10T16:23:58.988566+00:00,67
A-41824f,41824f90-f8f8-45bc-b801-1762e265cd0f,65,53571,362,52977,53933,1983464,44ca9ef3-ba03-40af-b660-159bfab45541,2026-09-10T16:24:03.191896+00:00,68
A-41824f,41824f90-f8f8-45bc-b801-1762e265cd0f,66,54185,664,53489,54849,2038313,466bea64-59db-4c92-9f34-70372007b2c1,2026-09-10T16:24:07.221081+00:00,69
A-41824f,41824f90-f8f8-45bc-b801-1762e265cd0f,67,55502,1290,54129,56792,2095105,20339cc6-1a1f-40b9-b287-c3f9a85d7866,2026-09-10T16:24:12.283031+00:00,70
A-41824f,41824f90-f8f8-45bc-b801-1762e265cd0f,68,56903,405,55409,57308,2152413,26b84aa6-6e5b-45c9-a5d8-443ef87583bd,2026-09-10T16:24:28.840691+00:00,71
A-41824f,41824f90-f8f8-45bc-b801-1762e265cd0f,69,57510,477,56817,57987,2210400,f4d8a81f-06af-46d2-84d4-49e9d2617c52,2026-09-10T16:24:33.295231+00:00,72
A-41824f,41824f90-f8f8-45bc-b801-1762e265cd0f,70,58038,1217,57457,59255,2269655,02fc6ba4-d31e-43f9-b866-ff167680b3c8,2026-09-10T16:24:38.053115+00:00,73
A-41824f,41824f90-f8f8-45bc-b801-1762e265cd0f,71,59433,87,57969,59520,2329175,49e156c0-de8d-4964-b1bc-3f424791bc73,2026-09-10T16:24:49.932666+00:00,74
A-41824f,41824f90-f8f8-45bc-b801-1762e265cd0f,72,59644,703,59377,60347,2389522,a82670ac-655d-40d8-9add-55e4f9bfadf7,2026-09-10T16:24:53.043641+00:00,75
A-41824f,41824f90-f8f8-45bc-b801-1762e265cd0f,73,60471,155,59633,60626,2450148,3f9614fc-a825-4ff7-9b77-ce16d3e3296c,2026-09-10T16:25:03.455552+00:00,76
A-41824f,41824f90-f8f8-45bc-b801-1762e265cd0f,74,60714,64,60401,60778,2510926,9ada6b8e-b73a-45b7-b9c5-cb8a2ecfa19c,2026-09-10T16:25:35.917286+00:00,77
A-41824f,41824f90-f8f8-45bc-b801-1762e265cd0f,75,60815,49,60657,60864,2571790,7fae87c3-9d99-4e3e-9ef8-80153a539124,2026-09-10T16:25:38.050775+00:00,78
A-41824f,41824f90-f8f8-45bc-b801-1762e265cd0f,76,61154,99,60785,61253,2633043,0e00f2c5-9c29-4b99-81e3-e652f82ea569,2026-09-10T16:25:39.842168+00:00,79
A-41824f,41824f90-f8f8-45bc-b801-1762e265cd0f,77,62482,72,61041,62554,2695597,5cbc36bf-eb7d-4861-9dbd-e73086045df2,2026-09-10T16:25:41.800287+00:00,80
A-41824f,41824f90-f8f8-45bc-b801-1762e265cd0f,78,62603,62,62449,62665,2758262,9ad131d2-84c1-4122-a7e7-aa894eba0044,2026-09-10T16:25:43.879791+00:00,81
A-41824f,41824f90-f8f8-45bc-b801-1762e265cd0f,79,62757,1009,62577,63766,2822028,de53723b-65cb-42e4-9627-d59f560635f9,2026-09-10T16:25:55.707235+00:00,82
A-41824f,41824f90-f8f8-45bc-b801-1762e265cd0f,80,63785,413,62705,64198,2886226,643dde2c-fce6-49e3-8ebb-8a5ed32d61e9,2026-09-10T16:26:06.955266+00:00,83
A-41824f,41824f90-f8f8-45bc-b801-1762e265cd0f,81,64538,519,63729,65057,2951283,15c5d6c8-35fa-4b2b-8f89-f414eca71cab,2026-09-10T16:26:11.427090+00:00,84
A-41824f,41824f90-f8f8-45bc-b801-1762e265cd0f,82,65096,488,64497,65584,3016867,82cfb52e-5d89-495d-9085-fb5447626f01,2026-09-10T16:26:16.734266+00:00,85
A-41824f,41824f90-f8f8-45bc-b801-1762e265cd0f,83,65859,967,65009,66826,3083693,76ec77b6-8275-44eb-9bfa-e8cd98c21eec,2026-09-10T16:26:21.323899+00:00,86
A-41824f,41824f90-f8f8-45bc-b801-1762e265cd0f,84,66889,654,65777,67543,3151236,16ca74ae-0fc1-451a-8ba3-598ddbfcb99f,2026-09-10T16:26:30.037241+00:00,87
A-41824f,41824f90-f8f8-45bc-b801-1762e265cd0f,85,67779,203,66801,67982,3219218,f71fdd1d-a20d-42ad-9125-a1c99f11e4f7,2026-09-10T16:26:37.612143+00:00,88
A-41824f,41824f90-f8f8-45bc-b801-1762e265cd0f,86,68015,164,67697,68179,3287397,f8acd295-a178-4957-8a4f-659cfc5a3a44,2026-09-10T16:26:41.464234+00:00,89
A-41824f,41824f90-f8f8-45bc-b801-1762e265cd0f,87,68297,345,67953,68642,3356039,514fc182-3bf4-4a54-98ec-91301c62685c,2026-09-10T16:26:52.627632+00:00,90
A-41824f,41824f90-f8f8-45bc-b801-1762e265cd0f,88,69785,923,68209,70708,3426747,03f5e66e-b366-47fe-9440-f4fa1d35033f,2026-09-10T16:26:57.398674+00:00,91
A-41824f,41824f90-f8f8-45bc-b801-1762e265cd0f,89,70754,1381,69745,72135,3498882,99279e57-a0e1-459a-84e0-675972befba6,2026-09-10T16:27:07.729154+00:00,92
A-41824f,41824f90-f8f8-45bc-b801-1762e265cd0f,90,72976,593,70641,73569,3572451,54bc7856-a387-4196-92f8-55fa83147aa7,2026-09-10T16:27:22.874689+00:00,93
A-41824f,41824f90-f8f8-45bc-b801-1762e265cd0f,91,74020,338,72945,74358,3646809,141f4f13-d8a2-44e1-991d-9f4d0dd6b986,2026-09-10T16:27:29.884189+00:00,94
A-41824f,41824f90-f8f8-45bc-b801-1762e265cd0f,92,74442,722,73969,75164,3721973,62e2454f-0472-4084-8182-43108dc515ac,2026-09-10T16:27:33.885890+00:00,95
A-41824f,41824f90-f8f8-45bc-b801-1762e265cd0f,93,75321,861,74353,76182,3798155,09eb228d-9c28-4026-a03f-3b156e54d309,2026-09-10T16:27:41.432051+00:00,96
A-41824f,41824f90-f8f8-45bc-b801-1762e265cd0f,94,76351,547,75249,76898,3875053,1079979a-b277-4dae-8e1c-e97a236f8681,2026-09-10T16:27:53.071985+00:00,97
A-41824f,41824f90-f8f8-45bc-b801-1762e265cd0f,95,77018,254,76273,77272,3952325,e8c8e1cc-ec0e-47c1-b4fe-3ba1f839b4a6,2026-09-10T16:27:58.948936+00:00,98
A-41824f,41824f90-f8f8-45bc-b801-1762e265cd0f,96,77399,1794,76913,79193,4031518,1e9287b7-f461-40fd-bf97-7319a5bbbd84,2026-09-10T16:28:02.739261+00:00,99
A-41824f,41824f90-f8f8-45bc-b801-1762e265cd0f,97,79480,190,77297,79670,4111188,48e22bcd-2e5e-478d-bc27-f4079bcc3810,2026-09-10T16:28:24.595829+00:00,100
A-41824f,41824f90-f8f8-45bc-b801-1762e265cd0f,98,79788,1056,79473,80844,4192032,6dea4b91-3da3-4847-8c44-e4d66926caf1,2026-09-10T16:28:28.533999+00:00,101
A-41824f,41824f90-f8f8-45bc-b801-1762e265cd0f,99,80886,684,79729,81570,4273602,e650da02-c6a0-43dd-8133-58e08f2603e7,2026-09-10T16:28:38.375318+00:00,102
A-41824f,41824f90-f8f8-45bc-b801-1762e265cd0f,100,81722,1759,80881,83481,4357083,0789a861-9720-4e7a-975e-65a10a3e0678,2026-09-10T16:28:46.289165+00:00,103
A-41824f,41824f90-f8f8-45bc-b801-1762e265cd0f,101,83584,302,81649,83886,4440969,964fe599-11b0-424e-a9d6-1783f50884ad,2026-09-10T16:29:06.155942+00:00,104
A-41824f,41824f90-f8f8-45bc-b801-1762e265cd0f,102,83924,216,83569,84140,4525109,74384a4d-b2df-4c0c-9a8a-0d3e87cd1956,2026-09-10T16:29:10.584816+00:00,105
A-41824f,41824f90-f8f8-45bc-b801-1762e265cd0f,103,84258,146,83825,84404,4609513,35b9bcdb-499f-48d5-9556-8d80fa000122,2026-09-10T16:29:15.647366+00:00,106
A-41824f,41824f90-f8f8-45bc-b801-1762e265cd0f,104,85547,825,84209,86372,4695885,09c3afff-fa1d-423d-b538-dee93423e0a9,2026-09-10T16:29:18.976788+00:00,107
A-41824f,41824f90-f8f8-45bc-b801-1762e265cd0f,105,86437,358,85489,86795,4782680,f098297e-80ec-4104-8785-ce8e0033b9c1,2026-09-10T16:29:27.311414+00:00,108
A-41824f,41824f90-f8f8-45bc-b801-1762e265cd0f,106,87130,2098,86385,89228,4871908,694e24b6-5fb9-4e5b-8675-4cff304c3c30,2026-09-10T16:29:32.190127+00:00,109
A-41824f,41824f90-f8f8-45bc-b801-1762e265cd0f,107,89282,149,87025,89431,4961339,8a8a74a1-5ef1-4c7a-b896-88b303aff6b0,2026-09-10T16:29:55.145024+00:00,110
A-41824f,41824f90-f8f8-45bc-b801-1762e265cd0f,108,89549,1074,89201,90623,5051962,fb573107-578d-4218-bb4b-c055f2318290,2026-09-10T16:29:59.629254+00:00,111
A-41824f,41824f90-f8f8-45bc-b801-1762e265cd0f,109,90991,1765,89457,92756,5144718,a0b21bc0-3ba0-47bf-be9d-57bdd4262870,2026-09-10T16:30:10.878181+00:00,112
A-41824f,41824f90-f8f8-45bc-b801-1762e265cd0f,110,93266,834,90865,94100,5238818,87475427-e7b9-44bb-ade3-260bda184779,2026-09-10T16:30:28.730007+00:00,113
A-41824f,41824f90-f8f8-45bc-b801-1762e265cd0f,111,94271,73,93169,94344,5333162,c68edb0d-d9e9-4111-951f-a8ed5c165009,2026-09-10T16:30:42.344170+00:00,114
A-41824f,41824f90-f8f8-45bc-b801-1762e265cd0f,112,94418,610,94193,95028,5428190,2cd07bd1-51d8-4704-93a7-142982ddc7f4,2026-09-10T16:30:45.539940+00:00,115
A-41824f,41824f90-f8f8-45bc-b801-1762e265cd0f,113,95065,76,94321,95141,5523331,1daee6e8-2237-491e-a70b-1f6bf9adfc83,2026-09-10T16:30:54.649030+00:00,116
A-41824f,41824f90-f8f8-45bc-b801-1762e265cd0f,114,95574,1128,94961,96702,5620033,5eb88d52-dcdb-4a95-987e-0a92cd465cb3,2026-09-10T16:30:57.053365+00:00,117
A-41824f,41824f90-f8f8-45bc-b801-1762e265cd0f,115,96864,170,95473,97034,5717067,79baf5d7-4747-484e-a2fe-488385f1b844,2026-09-10T16:31:08.048177+00:00,118
A-41824f,41824f90-f8f8-45bc-b801-1762e265cd0f,116,97108,643,96753,97751,5814818,48320f45-1fbf-4878-92ed-f6125cb98f98,2026-09-10T16:31:13.153313+00:00,119
A-41824f,41824f90-f8f8-45bc-b801-1762e265cd0f,117,98197,486,97009,98683,5913501,d6034a34-fbe9-4164-a78f-16ba3270a6d3,2026-09-10T16:31:22.516418+00:00,120
A-41824f,41824f90-f8f8-45bc-b801-1762e265cd0f,118,99437,107,98161,99544,6013045,e8ef7ab5-aa7d-4aec-b4cb-55cf97cab7b9,2026-09-10T16:31:29.916967+00:00,121
A-41824f,41824f90-f8f8-45bc-b801-1762e265cd0f,119,100255,151,99313,100406,6113451,767c5222-7eb2-4703-a9f4-0310a88ef7a7,2026-09-10T16:31:38.410636+00:00,122
A-41824f,41824f90-f8f8-45bc-b801-1762e265cd0f,120,100547,692,100209,101239,6214690,4057cfa9-0e14-46ff-9706-d745a9f63eab,2026-09-10T16:31:42.424080+00:00,123
A-41824f,41824f90-f8f8-45bc-b801-1762e265cd0f,121,101254,70,100465,101324,6316014,a7234334-5fda-4a0c-a935-616f1b7768a5,2026-09-10T16:31:51.241676+00:00,124
A-41824f,41824f90-f8f8-45bc-b801-1762e265cd0f,122,101427,1171,101233,102598,6418612,18f8ca07-fe56-457d-8d1b-6d9a2ae67a8c,2026-09-10T16:31:54.881615+00:00,125
A-41824f,41824f90-f8f8-45bc-b801-1762e265cd0f,123,103551,1128,101361,104679,6523291,27106706-7277-4059-88dd-cbb6100bcc35,2026-09-10T16:32:09.343298+00:00,126
A-41824f,41824f90-f8f8-45bc-b801-1762e265cd0f,124,106572,1475,103537,108047,6631338,79b72d35-090f-4069-8d8b-e31e79314d51,2026-09-10T16:32:21.450378+00:00,127
A-41824f,41824f90-f8f8-45bc-b801-1762e265cd0f,125,109303,332,106481,109635,6740973,75554e27-38a5-4019-bbc3-bcca941932f0,2026-09-10T16:32:51.087467+00:00,128
A-41824f,41824f90-f8f8-45bc-b801-1762e265cd0f,126,109907,499,109297,110406,6851379,ad3cbcc4-c677-46fe-b603-87b9409ab0b5,2026-09-10T16:32:56.736069+00:00,129
A-41824f,41824f90-f8f8-45bc-b801-1762e265cd0f,127,110477,2012,109809,112489,6963868,b6c416cb-f6fd-48b2-a3a5-727f881be48d,2026-09-10T16:33:04.881172+00:00,130
A-41824f,41824f90-f8f8-45bc-b801-1762e265cd0f,128,112499,2988,110449,115487,7079355,af2f9ee4-19b9-4c9b-931d-495657d94b79,2026-09-10T16:33:22.599837+00:00,131
A-41824f,41824f90-f8f8-45bc-b801-1762e265cd0f,129,115526,4535,112497,120061,7199416,1f587453-d990-4c1d-b831-5f2bb6e79c79,2026-09-10T16:33:43.501609+00:00,132
A-41824f,41824f90-f8f8-45bc-b801-1762e265cd0f,130,120100,580,115441,120680,7320096,25f7e022-d798-40e8-a125-89d7ea8e2427,2026-09-10T16:34:11.646549+00:00,134
A-41824f,41824f90-f8f8-45bc-b801-1762e265cd0f,131,121049,476,120049,121525,7441621,978fc0e2-66fb-4e90-87bd-a5f5ff4efdc5,2026-09-10T16:34:20.060836+00:00,135
A-41824f,41824f90-f8f8-45bc-b801-1762e265cd0f,132,121936,1337,120945,123273,7564894,652bf994-151c-4038-821a-b463197605c8,2026-09-10T16:34:23.979323+00:00,137
A-41824f,41824f90-f8f8-45bc-b801-1762e265cd0f,133,124269,1495,121841,125764,7690658,d6208217-0c20-48c0-9e7f-299a4d810b6c,2026-09-10T16:34:40.156291+00:00,138
A-41824f,41824f90-f8f8-45bc-b801-1762e265cd0f,134,126061,2665,124145,128726,7819384,41acce6e-3d4f-4c75-a707-65ae58336f86,2026-09-10T16:34:55.411665+00:00,140
A-41824f,41824f90-f8f8-45bc-b801-1762e265cd0f,135,128976,220,125937,129196,7948580,542cae01-e5aa-4efd-a7be-7aa9ea274363,2026-09-10T16:35:22.735429+00:00,141
A-41824f,41824f90-f8f8-45bc-b801-1762e265cd0f,136,129308,1909,128881,131217,8079797,265c9181-1ea6-4859-af9c-f952d47f94a2,2026-09-10T16:35:27.300752+00:00,143
A-41824f,41824f90-f8f8-45bc-b801-1762e265cd0f,137,131227,77,129265,131304,8211101,16bb903c-fe03-439a-a4ab-deac6f016f01,2026-09-10T16:35:53.733836+00:00,144
A-41824f,41824f90-f8f8-45bc-b801-1762e265cd0f,138,131367,797,131185,132164,8343265,4e313153-de81-4744-aea7-744e4c20daca,2026-09-10T16:35:56.131080+00:00,146
A-41824f,41824f90-f8f8-45bc-b801-1762e265cd0f,139,132554,928,131313,133482,8476747,b0a8c5a8-afb5-4ff0-9567-22570b0d3ff0,2026-09-10T16:36:04.080235+00:00,147
A-41824f,41824f90-f8f8-45bc-b801-1762e265cd0f,140,133621,990,132465,134611,8611358,4e8cb322-84fc-49f8-ae4d-39439ddf225a,2026-09-10T16:36:12.404965+00:00,149
A-41824f,41824f90-f8f8-45bc-b801-1762e265cd0f,141,134694,1636,133617,136330,8747688,c37549f9-3be0-4542-9a70-ea3b9c0717c6,2026-09-10T16:36:21.339849+00:00,150
A-41824f,41824f90-f8f8-45bc-b801-1762e265cd0f,142,136320,2203,134641,138523,8886211,5c652a99-fc69-473a-a8f4-f096f4134117,2026-09-10T16:36:38.448845+00:00,152
A-41824f,41824f90-f8f8-45bc-b801-1762e265cd0f,143,138943,230,136305,139173,9025384,6978f221-14d7-46f4-8bcc-ea388aab4e8b,2026-09-10T16:36:56.043989+00:00,153
A-41824f,41824f90-f8f8-45bc-b801-1762e265cd0f,144,139285,2375,138865,141660,9167044,66d20700-6a92-4745-b492-d75ea72702d6,2026-09-10T16:37:00.937047+00:00,155
A-41824f,41824f90-f8f8-45bc-b801-1762e265cd0f,145,142771,378,139249,143149,9310193,801c4db8-97bb-4d60-8d64-d8311a0e3fa3,2026-09-10T16:37:23.229258+00:00,156
A-41824f,41824f90-f8f8-45bc-b801-1762e265cd0f,146,143193,265,142705,143458,9453651,6014309e-ab1b-431c-8063-dae3c62792ce,2026-09-10T16:37:33.664131+00:00,158
A-41824f,41824f90-f8f8-45bc-b801-1762e265cd0f,147,144414,693,143089,145107,9598758,776d4c73-6420-4127-8140-81756c293d1d,2026-09-10T16:37:38.310250+00:00,159
A-41824f,41824f90-f8f8-45bc-b801-1762e265cd0f,148,145995,628,144369,146623,9745381,4c87cd1b-4ef8-4dbe-81ea-5cea413d5848,2026-09-10T16:37:47.221018+00:00,161
A-41824f,41824f90-f8f8-45bc-b801-1762e265cd0f,149,146736,866,145905,147602,9892983,85f49a44-7ff0-492e-bba2-954991cd9243,2026-09-10T16:38:01.128725+00:00,162
A-41824f,41824f90-f8f8-45bc-b801-1762e265cd0f,150,148052,192,146673,148244,10041227,56069500-3d67-4c5e-91b6-0c6902960e47,2026-09-10T16:38:11.308565+00:00,164
A-41824f,41824f90-f8f8-45bc-b801-1762e265cd0f,151,149055,2127,147953,151182,10192409,db21aa09-f774-4d51-8266-5c03a589ca00,2026-09-10T16:38:16.464136+00:00,165
A-41824f,41824f90-f8f8-45bc-b801-1762e265cd0f,152,151367,1639,148977,153006,10345415,c4c16289-2e45-4abb-9ffb-94761b386fcc,2026-09-10T16:38:38.660819+00:00,167
A-41824f,41824f90-f8f8-45bc-b801-1762e265cd0f,153,153302,1013,151281,154315,10499730,5e8eece2-5c31-4ea5-8866-22d479a39a9d,2026-09-10T16:38:55.308051+00:00,168
A-41824f,41824f90-f8f8-45bc-b801-1762e265cd0f,154,154352,78,153201,154430,10654160,b6009830-cea1-4e73-847e-e0e59ee0addf,2026-09-10T16:39:03.851241+00:00,170
A-41824f,41824f90-f8f8-45bc-b801-1762e265cd0f,155,155281,1100,154225,156381,10810541,f0b58fe5-b862-4d8a-a300-0a63b5e6e7ee,2026-09-10T16:39:07.107599+00:00,171
A-41824f,41824f90-f8f8-45bc-b801-1762e265cd0f,156,156418,80,155249,156498,10967039,a0c1f72a-db44-4274-a405-0e575c228d61,2026-09-10T16:39:17.044553+00:00,173
A-41824f,41824f90-f8f8-45bc-b801-1762e265cd0f,157,157221,1496,156401,158717,11125756,cc2ca007-27e6-4340-900c-a7e306bfcc42,2026-09-10T16:39:21.420958+00:00,174
A-41824f,41824f90-f8f8-45bc-b801-1762e265cd0f,158,151624,77,0,151701,11277457,4ff218d5-de47-4da9-94de-5f86040c3cbd,2026-09-10T16:39:34.338539+00:00,176
A-41824f,41824f90-f8f8-45bc-b801-1762e265cd0f,159,153829,487,151537,154316,11431773,05dec57c-4a07-4215-82e4-77a1bafad2ae,2026-09-10T16:39:41.013698+00:00,177
A-41824f,41824f90-f8f8-45bc-b801-1762e265cd0f,160,154519,150,153713,154669,11586442,c5d3ada0-0c17-4fc3-aea0-120547613410,2026-09-10T16:39:48.326849+00:00,179
A-41824f,41824f90-f8f8-45bc-b801-1762e265cd0f,161,154830,340,154481,155170,11741612,661deefd-6ccc-4577-8491-595be3c6eb86,2026-09-10T16:39:58.109980+00:00,180
A-41824f,41824f90-f8f8-45bc-b801-1762e265cd0f,162,155241,107,154737,155348,11896960,9e9d67e9-66ed-4e90-bfa4-2e50331226a7,2026-09-10T16:40:09.095699+00:00,182
A-41824f,41824f90-f8f8-45bc-b801-1762e265cd0f,163,155595,1234,155121,156829,12053789,3013ed61-8153-46ed-915d-5eec99dee354,2026-09-10T16:40:16.127994+00:00,183
A-41824f,41824f90-f8f8-45bc-b801-1762e265cd0f,164,157647,1097,155505,158744,12212533,a66c0b49-76c3-4d2c-864e-b9aaf3f916f3,2026-09-10T16:40:33.385766+00:00,185
A-41824f,41824f90-f8f8-45bc-b801-1762e265cd0f,165,158962,191,157553,159153,12371686,55c57f0d-ea35-4171-9e73-00aea4631eb9,2026-09-10T16:40:45.523399+00:00,186
A-41824f,41824f90-f8f8-45bc-b801-1762e265cd0f,166,160573,364,158961,160937,12532623,609c54e3-de0f-493e-9ad1-b7f30ae46e44,2026-09-10T16:41:19.589388+00:00,188
A-41824f,41824f90-f8f8-45bc-b801-1762e265cd0f,167,150951,177,6257,151128,12683751,f1793045-92d3-48af-bebe-2d176a04ef59,2026-09-10T16:41:25.539728+00:00,189
A-41824f,41824f90-f8f8-45bc-b801-1762e265cd0f,168,151207,316,150897,151523,12835274,c11bac96-5285-492f-8658-556b04b81a7a,2026-09-10T16:41:31.802486+00:00,191
A-41824f,41824f90-f8f8-45bc-b801-1762e265cd0f,169,151677,306,151153,151983,12987257,bc276a42-b733-41a9-b7f0-233317ae2058,2026-09-10T16:41:38.528300+00:00,192
A-41824f,41824f90-f8f8-45bc-b801-1762e265cd0f,170,152017,64,151665,152081,13139338,1b7848d5-1c35-4a93-8cd1-9c8ca2f27d3c,2026-09-10T16:41:42.658226+00:00,194
A-41824f,41824f90-f8f8-45bc-b801-1762e265cd0f,171,152149,64,151921,152213,13291551,c6c06215-acb3-4409-b535-eb0240d81124,2026-09-10T16:41:55.647473+00:00,195
A-41824f,41824f90-f8f8-45bc-b801-1762e265cd0f,172,152281,408,152049,152689,13444240,f2f2ab84-5f25-4304-984d-bf0c8d4dbe6b,2026-09-10T16:42:08.115861+00:00,197
A-41824f,41824f90-f8f8-45bc-b801-1762e265cd0f,173,152886,1078,152177,153964,13598204,53e06b8d-06fc-4837-88bc-88fd21bf975a,2026-09-10T16:42:14.421323+00:00,198
A-41824f,41824f90-f8f8-45bc-b801-1762e265cd0f,174,154458,526,152817,154984,13753188,52f3a322-19cf-4854-9813-aa86c72b9cdf,2026-09-10T16:42:27.102203+00:00,200
A-41824f,41824f90-f8f8-45bc-b801-1762e265cd0f,175,155415,262,154353,155677,13908865,13b9b639-c931-4e9b-872f-050272ca7b7c,2026-09-10T16:42:35.966176+00:00,201
A-41824f,41824f90-f8f8-45bc-b801-1762e265cd0f,176,157197,448,155377,157645,14066510,2910fada-9864-4974-9105-165e4c35845d,2026-09-10T16:42:42.533160+00:00,203
A-41824f,41824f90-f8f8-45bc-b801-1762e265cd0f,177,157682,196,157169,157878,14224388,0fc49116-a262-4c52-bf40-5a3843410bf5,2026-09-10T16:42:48.768110+00:00,204
A-41824f,41824f90-f8f8-45bc-b801-1762e265cd0f,178,158049,591,157681,158640,14383028,48caacc3-4c67-4917-bdf5-0ef74c440aa8,2026-09-10T16:42:53.939256+00:00,206
A-41824f,41824f90-f8f8-45bc-b801-1762e265cd0f,179,159512,705,157937,160217,14543245,c10bc452-886d-42b8-b6c5-223d78e29bef,2026-09-10T16:43:02.454588+00:00,207
A-41824f,41824f90-f8f8-45bc-b801-1762e265cd0f,180,160250,48,159473,160298,14703543,c70f4259-f4a5-45f2-b91c-13ead8ff2394,2026-09-10T16:43:12.092007+00:00,209
A-41824f,41824f90-f8f8-45bc-b801-1762e265cd0f,181,160331,265,160241,160596,14864139,7b54c9de-7460-4874-94b9-abb3d75445da,2026-09-10T16:43:16.261150+00:00,210
