run_id,batch,condition,model_id,feature_id,feature_title,ids,passed_ids,recorded_pass_rate,business_assertion_reached,prerequisite_blocked,evaluation_unresolved
256a2bf5-a8db-4a43-81bc-17bc38eda0d3,previous,anti,muse-spark-1.2-contributor,F-001,ユーザー登録,4,4,100.0,4,0,0
256a2bf5-a8db-4a43-81bc-17bc38eda0d3,previous,anti,muse-spark-1.2-contributor,F-002,ログイン・ログアウト,4,3,75.0,4,0,1
256a2bf5-a8db-4a43-81bc-17bc38eda0d3,previous,anti,muse-spark-1.2-contributor,F-003,申請書の新規作成,2,2,100.0,2,0,0
256a2bf5-a8db-4a43-81bc-17bc38eda0d3,previous,anti,muse-spark-1.2-contributor,F-004,申請内容の入力・編集,3,2,66.66666666666667,3,0,1
256a2bf5-a8db-4a43-81bc-17bc38eda0d3,previous,anti,muse-spark-1.2-contributor,F-005,申請の下書き保存,2,2,100.0,2,0,0
256a2bf5-a8db-4a43-81bc-17bc38eda0d3,previous,anti,muse-spark-1.2-contributor,F-006,申請の提出（申請番号採番・承認者決定）,6,3,50.0,7,0,0
256a2bf5-a8db-4a43-81bc-17bc38eda0d3,previous,anti,muse-spark-1.2-contributor,F-007,申請一覧表示,3,0,0.0,0,3,3
256a2bf5-a8db-4a43-81bc-17bc38eda0d3,previous,anti,muse-spark-1.2-contributor,F-008,申請の検索・絞り込み,4,2,50.0,2,2,2
256a2bf5-a8db-4a43-81bc-17bc38eda0d3,previous,anti,muse-spark-1.2-contributor,F-009,申請詳細表示,2,1,50.0,2,0,0
256a2bf5-a8db-4a43-81bc-17bc38eda0d3,previous,anti,muse-spark-1.2-contributor,F-010,承認者による承認処理,3,2,66.66666666666667,2,0,1
256a2bf5-a8db-4a43-81bc-17bc38eda0d3,previous,anti,muse-spark-1.2-contributor,F-011,承認者による差し戻し処理,2,0,0.0,0,0,2
256a2bf5-a8db-4a43-81bc-17bc38eda0d3,previous,anti,muse-spark-1.2-contributor,F-012,申請者による申請取り消し,2,0,0.0,1,0,1
256a2bf5-a8db-4a43-81bc-17bc38eda0d3,previous,anti,muse-spark-1.2-contributor,F-013,申請ステータス管理（遷移定義）,2,0,0.0,0,0,2
256a2bf5-a8db-4a43-81bc-17bc38eda0d3,previous,anti,muse-spark-1.2-contributor,F-014,メール通知,2,0,0.0,1,0,1
256a2bf5-a8db-4a43-81bc-17bc38eda0d3,previous,anti,muse-spark-1.2-contributor,F-015,承認履歴表示,1,0,0.0,0,0,1
256a2bf5-a8db-4a43-81bc-17bc38eda0d3,previous,anti,muse-spark-1.2-contributor,F-016,CSVエクスポート,3,1,33.333333333333336,1,2,2
256a2bf5-a8db-4a43-81bc-17bc38eda0d3,previous,anti,muse-spark-1.2-contributor,F-017,ダッシュボード,2,0,0.0,0,1,2
256a2bf5-a8db-4a43-81bc-17bc38eda0d3,previous,anti,muse-spark-1.2-contributor,F-018,ユーザー一覧・編集（管理者機能）,3,3,100.0,3,0,0
256a2bf5-a8db-4a43-81bc-17bc38eda0d3,previous,anti,muse-spark-1.2-contributor,F-019,パスワード変更,3,3,100.0,3,0,0
256a2bf5-a8db-4a43-81bc-17bc38eda0d3,previous,anti,muse-spark-1.2-contributor,F-020,システム設定（管理者機能）,4,4,100.0,4,0,0
daedcc21-8243-4234-8df7-945db1b684c0,previous,normal,muse-spark-1.2-contributor,F-001,ユーザー登録,4,0,0.0,0,0,4
daedcc21-8243-4234-8df7-945db1b684c0,previous,normal,muse-spark-1.2-contributor,F-002,ログイン・ログアウト,4,2,50.0,3,1,1
daedcc21-8243-4234-8df7-945db1b684c0,previous,normal,muse-spark-1.2-contributor,F-003,申請書の新規作成,2,1,50.0,2,0,0
daedcc21-8243-4234-8df7-945db1b684c0,previous,normal,muse-spark-1.2-contributor,F-004,申請内容の入力・編集,3,1,33.333333333333336,3,0,0
daedcc21-8243-4234-8df7-945db1b684c0,previous,normal,muse-spark-1.2-contributor,F-005,申請の下書き保存,2,2,100.0,2,0,0
daedcc21-8243-4234-8df7-945db1b684c0,previous,normal,muse-spark-1.2-contributor,F-006,申請の提出（申請番号採番・承認者決定）,6,6,100.0,7,0,0
daedcc21-8243-4234-8df7-945db1b684c0,previous,normal,muse-spark-1.2-contributor,F-007,申請一覧表示,3,0,0.0,0,3,3
daedcc21-8243-4234-8df7-945db1b684c0,previous,normal,muse-spark-1.2-contributor,F-008,申請の検索・絞り込み,4,3,75.0,3,1,1
daedcc21-8243-4234-8df7-945db1b684c0,previous,normal,muse-spark-1.2-contributor,F-009,申請詳細表示,2,0,0.0,1,1,1
daedcc21-8243-4234-8df7-945db1b684c0,previous,normal,muse-spark-1.2-contributor,F-010,承認者による承認処理,3,2,66.66666666666667,3,0,0
daedcc21-8243-4234-8df7-945db1b684c0,previous,normal,muse-spark-1.2-contributor,F-011,承認者による差し戻し処理,2,1,50.0,2,0,0
daedcc21-8243-4234-8df7-945db1b684c0,previous,normal,muse-spark-1.2-contributor,F-012,申請者による申請取り消し,2,2,100.0,2,0,0
daedcc21-8243-4234-8df7-945db1b684c0,previous,normal,muse-spark-1.2-contributor,F-013,申請ステータス管理（遷移定義）,2,1,50.0,1,0,1
daedcc21-8243-4234-8df7-945db1b684c0,previous,normal,muse-spark-1.2-contributor,F-014,メール通知,2,2,100.0,2,0,0
daedcc21-8243-4234-8df7-945db1b684c0,previous,normal,muse-spark-1.2-contributor,F-015,承認履歴表示,1,0,0.0,0,0,1
daedcc21-8243-4234-8df7-945db1b684c0,previous,normal,muse-spark-1.2-contributor,F-016,CSVエクスポート,3,1,33.333333333333336,1,2,2
daedcc21-8243-4234-8df7-945db1b684c0,previous,normal,muse-spark-1.2-contributor,F-017,ダッシュボード,2,0,0.0,0,1,2
daedcc21-8243-4234-8df7-945db1b684c0,previous,normal,muse-spark-1.2-contributor,F-018,ユーザー一覧・編集（管理者機能）,3,2,66.66666666666667,2,1,1
daedcc21-8243-4234-8df7-945db1b684c0,previous,normal,muse-spark-1.2-contributor,F-019,パスワード変更,3,2,66.66666666666667,3,0,0
daedcc21-8243-4234-8df7-945db1b684c0,previous,normal,muse-spark-1.2-contributor,F-020,システム設定（管理者機能）,4,3,75.0,4,0,0
6a301665-ffc6-40e3-918a-d7fad37e8d29,previous,normal,muse-spark-1.2-contributor,F-001,ユーザー登録,4,4,100.0,4,0,0
6a301665-ffc6-40e3-918a-d7fad37e8d29,previous,normal,muse-spark-1.2-contributor,F-002,ログイン・ログアウト,4,3,75.0,4,0,0
6a301665-ffc6-40e3-918a-d7fad37e8d29,previous,normal,muse-spark-1.2-contributor,F-003,申請書の新規作成,2,2,100.0,2,0,0
6a301665-ffc6-40e3-918a-d7fad37e8d29,previous,normal,muse-spark-1.2-contributor,F-004,申請内容の入力・編集,3,1,33.333333333333336,3,0,0
6a301665-ffc6-40e3-918a-d7fad37e8d29,previous,normal,muse-spark-1.2-contributor,F-005,申請の下書き保存,2,2,100.0,2,0,0
6a301665-ffc6-40e3-918a-d7fad37e8d29,previous,normal,muse-spark-1.2-contributor,F-006,申請の提出（申請番号採番・承認者決定）,6,6,100.0,7,0,0
6a301665-ffc6-40e3-918a-d7fad37e8d29,previous,normal,muse-spark-1.2-contributor,F-007,申請一覧表示,3,3,100.0,3,0,0
6a301665-ffc6-40e3-918a-d7fad37e8d29,previous,normal,muse-spark-1.2-contributor,F-008,申請の検索・絞り込み,4,4,100.0,4,0,0
6a301665-ffc6-40e3-918a-d7fad37e8d29,previous,normal,muse-spark-1.2-contributor,F-009,申請詳細表示,2,2,100.0,2,0,0
6a301665-ffc6-40e3-918a-d7fad37e8d29,previous,normal,muse-spark-1.2-contributor,F-010,承認者による承認処理,3,3,100.0,3,0,0
6a301665-ffc6-40e3-918a-d7fad37e8d29,previous,normal,muse-spark-1.2-contributor,F-011,承認者による差し戻し処理,2,2,100.0,2,0,0
6a301665-ffc6-40e3-918a-d7fad37e8d29,previous,normal,muse-spark-1.2-contributor,F-012,申請者による申請取り消し,2,2,100.0,2,0,0
6a301665-ffc6-40e3-918a-d7fad37e8d29,previous,normal,muse-spark-1.2-contributor,F-013,申請ステータス管理（遷移定義）,2,1,50.0,1,0,1
6a301665-ffc6-40e3-918a-d7fad37e8d29,previous,normal,muse-spark-1.2-contributor,F-014,メール通知,2,2,100.0,2,0,0
6a301665-ffc6-40e3-918a-d7fad37e8d29,previous,normal,muse-spark-1.2-contributor,F-015,承認履歴表示,1,0,0.0,0,0,1
6a301665-ffc6-40e3-918a-d7fad37e8d29,previous,normal,muse-spark-1.2-contributor,F-016,CSVエクスポート,3,2,66.66666666666667,3,0,0
6a301665-ffc6-40e3-918a-d7fad37e8d29,previous,normal,muse-spark-1.2-contributor,F-017,ダッシュボード,2,1,50.0,2,0,0
6a301665-ffc6-40e3-918a-d7fad37e8d29,previous,normal,muse-spark-1.2-contributor,F-018,ユーザー一覧・編集（管理者機能）,3,3,100.0,3,0,0
6a301665-ffc6-40e3-918a-d7fad37e8d29,previous,normal,muse-spark-1.2-contributor,F-019,パスワード変更,3,3,100.0,3,0,0
6a301665-ffc6-40e3-918a-d7fad37e8d29,previous,normal,muse-spark-1.2-contributor,F-020,システム設定（管理者機能）,4,4,100.0,4,0,0
11440dd4-c70f-466e-b37a-96376727430e,previous,anti,muse-spark-1.2-contributor,F-001,ユーザー登録,4,0,0.0,0,0,4
11440dd4-c70f-466e-b37a-96376727430e,previous,anti,muse-spark-1.2-contributor,F-002,ログイン・ログアウト,4,3,75.0,3,1,1
11440dd4-c70f-466e-b37a-96376727430e,previous,anti,muse-spark-1.2-contributor,F-003,申請書の新規作成,2,2,100.0,2,0,0
11440dd4-c70f-466e-b37a-96376727430e,previous,anti,muse-spark-1.2-contributor,F-004,申請内容の入力・編集,3,2,66.66666666666667,3,0,0
11440dd4-c70f-466e-b37a-96376727430e,previous,anti,muse-spark-1.2-contributor,F-005,申請の下書き保存,2,1,50.0,2,0,0
11440dd4-c70f-466e-b37a-96376727430e,previous,anti,muse-spark-1.2-contributor,F-006,申請の提出（申請番号採番・承認者決定）,6,3,50.0,7,0,0
11440dd4-c70f-466e-b37a-96376727430e,previous,anti,muse-spark-1.2-contributor,F-007,申請一覧表示,3,3,100.0,3,0,0
11440dd4-c70f-466e-b37a-96376727430e,previous,anti,muse-spark-1.2-contributor,F-008,申請の検索・絞り込み,4,4,100.0,4,0,0
11440dd4-c70f-466e-b37a-96376727430e,previous,anti,muse-spark-1.2-contributor,F-009,申請詳細表示,2,1,50.0,1,1,1
11440dd4-c70f-466e-b37a-96376727430e,previous,anti,muse-spark-1.2-contributor,F-010,承認者による承認処理,3,2,66.66666666666667,2,0,1
11440dd4-c70f-466e-b37a-96376727430e,previous,anti,muse-spark-1.2-contributor,F-011,承認者による差し戻し処理,2,0,0.0,0,0,2
11440dd4-c70f-466e-b37a-96376727430e,previous,anti,muse-spark-1.2-contributor,F-012,申請者による申請取り消し,2,0,0.0,1,0,1
11440dd4-c70f-466e-b37a-96376727430e,previous,anti,muse-spark-1.2-contributor,F-013,申請ステータス管理（遷移定義）,2,0,0.0,0,0,2
11440dd4-c70f-466e-b37a-96376727430e,previous,anti,muse-spark-1.2-contributor,F-014,メール通知,2,0,0.0,1,0,1
11440dd4-c70f-466e-b37a-96376727430e,previous,anti,muse-spark-1.2-contributor,F-015,承認履歴表示,1,0,0.0,0,0,1
11440dd4-c70f-466e-b37a-96376727430e,previous,anti,muse-spark-1.2-contributor,F-016,CSVエクスポート,3,2,66.66666666666667,3,0,0
11440dd4-c70f-466e-b37a-96376727430e,previous,anti,muse-spark-1.2-contributor,F-017,ダッシュボード,2,2,100.0,2,0,0
11440dd4-c70f-466e-b37a-96376727430e,previous,anti,muse-spark-1.2-contributor,F-018,ユーザー一覧・編集（管理者機能）,3,2,66.66666666666667,2,1,1
11440dd4-c70f-466e-b37a-96376727430e,previous,anti,muse-spark-1.2-contributor,F-019,パスワード変更,3,2,66.66666666666667,3,0,0
11440dd4-c70f-466e-b37a-96376727430e,previous,anti,muse-spark-1.2-contributor,F-020,システム設定（管理者機能）,4,4,100.0,4,0,0
9a8c5ff6-e5df-4b20-8646-cf11e16ed257,previous,anti,muse-spark-1.2-contributor,F-001,ユーザー登録,4,4,100.0,4,0,0
9a8c5ff6-e5df-4b20-8646-cf11e16ed257,previous,anti,muse-spark-1.2-contributor,F-002,ログイン・ログアウト,4,3,75.0,4,0,0
9a8c5ff6-e5df-4b20-8646-cf11e16ed257,previous,anti,muse-spark-1.2-contributor,F-003,申請書の新規作成,2,1,50.0,2,0,0
9a8c5ff6-e5df-4b20-8646-cf11e16ed257,previous,anti,muse-spark-1.2-contributor,F-004,申請内容の入力・編集,3,2,66.66666666666667,3,0,0
9a8c5ff6-e5df-4b20-8646-cf11e16ed257,previous,anti,muse-spark-1.2-contributor,F-005,申請の下書き保存,2,2,100.0,2,0,0
9a8c5ff6-e5df-4b20-8646-cf11e16ed257,previous,anti,muse-spark-1.2-contributor,F-006,申請の提出（申請番号採番・承認者決定）,6,3,50.0,7,0,0
9a8c5ff6-e5df-4b20-8646-cf11e16ed257,previous,anti,muse-spark-1.2-contributor,F-007,申請一覧表示,3,0,0.0,0,3,3
9a8c5ff6-e5df-4b20-8646-cf11e16ed257,previous,anti,muse-spark-1.2-contributor,F-008,申請の検索・絞り込み,4,2,50.0,2,2,2
9a8c5ff6-e5df-4b20-8646-cf11e16ed257,previous,anti,muse-spark-1.2-contributor,F-009,申請詳細表示,2,1,50.0,2,0,0
9a8c5ff6-e5df-4b20-8646-cf11e16ed257,previous,anti,muse-spark-1.2-contributor,F-010,承認者による承認処理,3,1,33.333333333333336,1,0,2
9a8c5ff6-e5df-4b20-8646-cf11e16ed257,previous,anti,muse-spark-1.2-contributor,F-011,承認者による差し戻し処理,2,0,0.0,0,0,2
9a8c5ff6-e5df-4b20-8646-cf11e16ed257,previous,anti,muse-spark-1.2-contributor,F-012,申請者による申請取り消し,2,0,0.0,1,0,1
9a8c5ff6-e5df-4b20-8646-cf11e16ed257,previous,anti,muse-spark-1.2-contributor,F-013,申請ステータス管理（遷移定義）,2,0,0.0,0,0,2
9a8c5ff6-e5df-4b20-8646-cf11e16ed257,previous,anti,muse-spark-1.2-contributor,F-014,メール通知,2,0,0.0,1,0,1
9a8c5ff6-e5df-4b20-8646-cf11e16ed257,previous,anti,muse-spark-1.2-contributor,F-015,承認履歴表示,1,0,0.0,0,0,1
9a8c5ff6-e5df-4b20-8646-cf11e16ed257,previous,anti,muse-spark-1.2-contributor,F-016,CSVエクスポート,3,1,33.333333333333336,1,2,2
9a8c5ff6-e5df-4b20-8646-cf11e16ed257,previous,anti,muse-spark-1.2-contributor,F-017,ダッシュボード,2,0,0.0,0,1,2
9a8c5ff6-e5df-4b20-8646-cf11e16ed257,previous,anti,muse-spark-1.2-contributor,F-018,ユーザー一覧・編集（管理者機能）,3,3,100.0,3,0,0
9a8c5ff6-e5df-4b20-8646-cf11e16ed257,previous,anti,muse-spark-1.2-contributor,F-019,パスワード変更,3,2,66.66666666666667,3,0,0
9a8c5ff6-e5df-4b20-8646-cf11e16ed257,previous,anti,muse-spark-1.2-contributor,F-020,システム設定（管理者機能）,4,4,100.0,4,0,0
cf27fbcf-5851-4bb9-8d56-b0fb385878e7,previous,normal,muse-spark-1.2-contributor,F-001,ユーザー登録,4,4,100.0,4,0,0
cf27fbcf-5851-4bb9-8d56-b0fb385878e7,previous,normal,muse-spark-1.2-contributor,F-002,ログイン・ログアウト,4,3,75.0,4,0,0
cf27fbcf-5851-4bb9-8d56-b0fb385878e7,previous,normal,muse-spark-1.2-contributor,F-003,申請書の新規作成,2,0,0.0,0,0,2
cf27fbcf-5851-4bb9-8d56-b0fb385878e7,previous,normal,muse-spark-1.2-contributor,F-004,申請内容の入力・編集,3,0,0.0,3,0,0
cf27fbcf-5851-4bb9-8d56-b0fb385878e7,previous,normal,muse-spark-1.2-contributor,F-005,申請の下書き保存,2,2,100.0,2,0,0
cf27fbcf-5851-4bb9-8d56-b0fb385878e7,previous,normal,muse-spark-1.2-contributor,F-006,申請の提出（申請番号採番・承認者決定）,6,6,100.0,7,0,0
cf27fbcf-5851-4bb9-8d56-b0fb385878e7,previous,normal,muse-spark-1.2-contributor,F-007,申請一覧表示,3,3,100.0,3,0,0
cf27fbcf-5851-4bb9-8d56-b0fb385878e7,previous,normal,muse-spark-1.2-contributor,F-008,申請の検索・絞り込み,4,4,100.0,4,0,0
cf27fbcf-5851-4bb9-8d56-b0fb385878e7,previous,normal,muse-spark-1.2-contributor,F-009,申請詳細表示,2,1,50.0,2,0,0
cf27fbcf-5851-4bb9-8d56-b0fb385878e7,previous,normal,muse-spark-1.2-contributor,F-010,承認者による承認処理,3,2,66.66666666666667,3,0,0
cf27fbcf-5851-4bb9-8d56-b0fb385878e7,previous,normal,muse-spark-1.2-contributor,F-011,承認者による差し戻し処理,2,1,50.0,2,0,0
cf27fbcf-5851-4bb9-8d56-b0fb385878e7,previous,normal,muse-spark-1.2-contributor,F-012,申請者による申請取り消し,2,2,100.0,2,0,0
cf27fbcf-5851-4bb9-8d56-b0fb385878e7,previous,normal,muse-spark-1.2-contributor,F-013,申請ステータス管理（遷移定義）,2,1,50.0,1,0,1
cf27fbcf-5851-4bb9-8d56-b0fb385878e7,previous,normal,muse-spark-1.2-contributor,F-014,メール通知,2,2,100.0,2,0,0
cf27fbcf-5851-4bb9-8d56-b0fb385878e7,previous,normal,muse-spark-1.2-contributor,F-015,承認履歴表示,1,0,0.0,0,0,1
cf27fbcf-5851-4bb9-8d56-b0fb385878e7,previous,normal,muse-spark-1.2-contributor,F-016,CSVエクスポート,3,2,66.66666666666667,3,0,0
cf27fbcf-5851-4bb9-8d56-b0fb385878e7,previous,normal,muse-spark-1.2-contributor,F-017,ダッシュボード,2,1,50.0,2,0,0
cf27fbcf-5851-4bb9-8d56-b0fb385878e7,previous,normal,muse-spark-1.2-contributor,F-018,ユーザー一覧・編集（管理者機能）,3,3,100.0,3,0,0
cf27fbcf-5851-4bb9-8d56-b0fb385878e7,previous,normal,muse-spark-1.2-contributor,F-019,パスワード変更,3,3,100.0,3,0,0
cf27fbcf-5851-4bb9-8d56-b0fb385878e7,previous,normal,muse-spark-1.2-contributor,F-020,システム設定（管理者機能）,4,2,50.0,2,0,2
47b5dc69-6cad-48e4-9959-339ef37bccd4,previous,anti,muse-spark-1.2-contributor,F-001,ユーザー登録,4,2,50.0,4,2,0
47b5dc69-6cad-48e4-9959-339ef37bccd4,previous,anti,muse-spark-1.2-contributor,F-002,ログイン・ログアウト,4,1,25.0,2,2,0
47b5dc69-6cad-48e4-9959-339ef37bccd4,previous,anti,muse-spark-1.2-contributor,F-003,申請書の新規作成,2,0,0.0,0,2,0
47b5dc69-6cad-48e4-9959-339ef37bccd4,previous,anti,muse-spark-1.2-contributor,F-004,申請内容の入力・編集,3,0,0.0,0,3,0
47b5dc69-6cad-48e4-9959-339ef37bccd4,previous,anti,muse-spark-1.2-contributor,F-005,申請の下書き保存,2,0,0.0,0,2,0
47b5dc69-6cad-48e4-9959-339ef37bccd4,previous,anti,muse-spark-1.2-contributor,F-006,申請の提出（申請番号採番・承認者決定）,6,0,0.0,0,7,0
47b5dc69-6cad-48e4-9959-339ef37bccd4,previous,anti,muse-spark-1.2-contributor,F-007,申請一覧表示,3,0,0.0,0,3,0
47b5dc69-6cad-48e4-9959-339ef37bccd4,previous,anti,muse-spark-1.2-contributor,F-008,申請の検索・絞り込み,4,0,0.0,0,4,0
47b5dc69-6cad-48e4-9959-339ef37bccd4,previous,anti,muse-spark-1.2-contributor,F-009,申請詳細表示,2,0,0.0,0,2,0
47b5dc69-6cad-48e4-9959-339ef37bccd4,previous,anti,muse-spark-1.2-contributor,F-010,承認者による承認処理,3,0,0.0,0,3,0
47b5dc69-6cad-48e4-9959-339ef37bccd4,previous,anti,muse-spark-1.2-contributor,F-011,承認者による差し戻し処理,2,0,0.0,0,2,0
47b5dc69-6cad-48e4-9959-339ef37bccd4,previous,anti,muse-spark-1.2-contributor,F-012,申請者による申請取り消し,2,0,0.0,0,2,0
47b5dc69-6cad-48e4-9959-339ef37bccd4,previous,anti,muse-spark-1.2-contributor,F-013,申請ステータス管理（遷移定義）,2,0,0.0,0,2,0
47b5dc69-6cad-48e4-9959-339ef37bccd4,previous,anti,muse-spark-1.2-contributor,F-014,メール通知,2,0,0.0,0,2,0
47b5dc69-6cad-48e4-9959-339ef37bccd4,previous,anti,muse-spark-1.2-contributor,F-015,承認履歴表示,1,0,0.0,0,1,0
47b5dc69-6cad-48e4-9959-339ef37bccd4,previous,anti,muse-spark-1.2-contributor,F-016,CSVエクスポート,3,0,0.0,0,3,0
47b5dc69-6cad-48e4-9959-339ef37bccd4,previous,anti,muse-spark-1.2-contributor,F-017,ダッシュボード,2,0,0.0,0,2,0
47b5dc69-6cad-48e4-9959-339ef37bccd4,previous,anti,muse-spark-1.2-contributor,F-018,ユーザー一覧・編集（管理者機能）,3,0,0.0,0,3,0
47b5dc69-6cad-48e4-9959-339ef37bccd4,previous,anti,muse-spark-1.2-contributor,F-019,パスワード変更,3,0,0.0,0,3,0
47b5dc69-6cad-48e4-9959-339ef37bccd4,previous,anti,muse-spark-1.2-contributor,F-020,システム設定（管理者機能）,4,0,0.0,0,4,0
833a4f06-b9c0-4a95-a03e-65dea5922e72,previous,normal,muse-spark-1.2-contributor,F-001,ユーザー登録,4,4,100.0,4,0,0
833a4f06-b9c0-4a95-a03e-65dea5922e72,previous,normal,muse-spark-1.2-contributor,F-002,ログイン・ログアウト,4,3,75.0,4,0,0
833a4f06-b9c0-4a95-a03e-65dea5922e72,previous,normal,muse-spark-1.2-contributor,F-003,申請書の新規作成,2,1,50.0,2,0,0
833a4f06-b9c0-4a95-a03e-65dea5922e72,previous,normal,muse-spark-1.2-contributor,F-004,申請内容の入力・編集,3,1,33.333333333333336,3,0,0
833a4f06-b9c0-4a95-a03e-65dea5922e72,previous,normal,muse-spark-1.2-contributor,F-005,申請の下書き保存,2,2,100.0,2,0,0
833a4f06-b9c0-4a95-a03e-65dea5922e72,previous,normal,muse-spark-1.2-contributor,F-006,申請の提出（申請番号採番・承認者決定）,6,6,100.0,7,0,0
833a4f06-b9c0-4a95-a03e-65dea5922e72,previous,normal,muse-spark-1.2-contributor,F-007,申請一覧表示,3,3,100.0,3,0,0
833a4f06-b9c0-4a95-a03e-65dea5922e72,previous,normal,muse-spark-1.2-contributor,F-008,申請の検索・絞り込み,4,3,75.0,4,0,0
833a4f06-b9c0-4a95-a03e-65dea5922e72,previous,normal,muse-spark-1.2-contributor,F-009,申請詳細表示,2,2,100.0,2,0,0
833a4f06-b9c0-4a95-a03e-65dea5922e72,previous,normal,muse-spark-1.2-contributor,F-010,承認者による承認処理,3,2,66.66666666666667,3,0,0
833a4f06-b9c0-4a95-a03e-65dea5922e72,previous,normal,muse-spark-1.2-contributor,F-011,承認者による差し戻し処理,2,1,50.0,2,0,0
833a4f06-b9c0-4a95-a03e-65dea5922e72,previous,normal,muse-spark-1.2-contributor,F-012,申請者による申請取り消し,2,2,100.0,2,0,0
833a4f06-b9c0-4a95-a03e-65dea5922e72,previous,normal,muse-spark-1.2-contributor,F-013,申請ステータス管理（遷移定義）,2,1,50.0,1,0,1
833a4f06-b9c0-4a95-a03e-65dea5922e72,previous,normal,muse-spark-1.2-contributor,F-014,メール通知,2,2,100.0,2,0,0
833a4f06-b9c0-4a95-a03e-65dea5922e72,previous,normal,muse-spark-1.2-contributor,F-015,承認履歴表示,1,0,0.0,0,0,1
833a4f06-b9c0-4a95-a03e-65dea5922e72,previous,normal,muse-spark-1.2-contributor,F-016,CSVエクスポート,3,2,66.66666666666667,3,0,0
833a4f06-b9c0-4a95-a03e-65dea5922e72,previous,normal,muse-spark-1.2-contributor,F-017,ダッシュボード,2,0,0.0,2,0,0
833a4f06-b9c0-4a95-a03e-65dea5922e72,previous,normal,muse-spark-1.2-contributor,F-018,ユーザー一覧・編集（管理者機能）,3,3,100.0,3,0,0
833a4f06-b9c0-4a95-a03e-65dea5922e72,previous,normal,muse-spark-1.2-contributor,F-019,パスワード変更,3,3,100.0,3,0,0
833a4f06-b9c0-4a95-a03e-65dea5922e72,previous,normal,muse-spark-1.2-contributor,F-020,システム設定（管理者機能）,4,1,25.0,2,0,2
4fec6537-4704-46a5-a732-8ea312b2551c,previous,normal,muse-spark-1.2-contributor,F-001,ユーザー登録,4,4,100.0,4,0,0
4fec6537-4704-46a5-a732-8ea312b2551c,previous,normal,muse-spark-1.2-contributor,F-002,ログイン・ログアウト,4,2,50.0,4,0,0
4fec6537-4704-46a5-a732-8ea312b2551c,previous,normal,muse-spark-1.2-contributor,F-003,申請書の新規作成,2,0,0.0,0,0,2
4fec6537-4704-46a5-a732-8ea312b2551c,previous,normal,muse-spark-1.2-contributor,F-004,申請内容の入力・編集,3,2,66.66666666666667,3,0,0
4fec6537-4704-46a5-a732-8ea312b2551c,previous,normal,muse-spark-1.2-contributor,F-005,申請の下書き保存,2,1,50.0,1,0,1
4fec6537-4704-46a5-a732-8ea312b2551c,previous,normal,muse-spark-1.2-contributor,F-006,申請の提出（申請番号採番・承認者決定）,6,6,100.0,7,0,0
4fec6537-4704-46a5-a732-8ea312b2551c,previous,normal,muse-spark-1.2-contributor,F-007,申請一覧表示,3,2,66.66666666666667,3,0,1
4fec6537-4704-46a5-a732-8ea312b2551c,previous,normal,muse-spark-1.2-contributor,F-008,申請の検索・絞り込み,4,4,100.0,4,0,0
4fec6537-4704-46a5-a732-8ea312b2551c,previous,normal,muse-spark-1.2-contributor,F-009,申請詳細表示,2,1,50.0,2,0,0
4fec6537-4704-46a5-a732-8ea312b2551c,previous,normal,muse-spark-1.2-contributor,F-010,承認者による承認処理,3,3,100.0,3,0,0
4fec6537-4704-46a5-a732-8ea312b2551c,previous,normal,muse-spark-1.2-contributor,F-011,承認者による差し戻し処理,2,1,50.0,2,0,0
4fec6537-4704-46a5-a732-8ea312b2551c,previous,normal,muse-spark-1.2-contributor,F-012,申請者による申請取り消し,2,1,50.0,2,0,0
4fec6537-4704-46a5-a732-8ea312b2551c,previous,normal,muse-spark-1.2-contributor,F-013,申請ステータス管理（遷移定義）,2,1,50.0,1,0,1
4fec6537-4704-46a5-a732-8ea312b2551c,previous,normal,muse-spark-1.2-contributor,F-014,メール通知,2,2,100.0,2,0,0
4fec6537-4704-46a5-a732-8ea312b2551c,previous,normal,muse-spark-1.2-contributor,F-015,承認履歴表示,1,0,0.0,0,0,1
4fec6537-4704-46a5-a732-8ea312b2551c,previous,normal,muse-spark-1.2-contributor,F-016,CSVエクスポート,3,2,66.66666666666667,3,0,0
4fec6537-4704-46a5-a732-8ea312b2551c,previous,normal,muse-spark-1.2-contributor,F-017,ダッシュボード,2,1,50.0,2,0,0
4fec6537-4704-46a5-a732-8ea312b2551c,previous,normal,muse-spark-1.2-contributor,F-018,ユーザー一覧・編集（管理者機能）,3,3,100.0,3,0,0
4fec6537-4704-46a5-a732-8ea312b2551c,previous,normal,muse-spark-1.2-contributor,F-019,パスワード変更,3,3,100.0,3,0,0
4fec6537-4704-46a5-a732-8ea312b2551c,previous,normal,muse-spark-1.2-contributor,F-020,システム設定（管理者機能）,4,3,75.0,4,0,0
600f4ba8-acdf-42ae-99e7-c86b95372d7e,previous,anti,muse-spark-1.2-contributor,F-001,ユーザー登録,4,3,75.0,4,0,0
600f4ba8-acdf-42ae-99e7-c86b95372d7e,previous,anti,muse-spark-1.2-contributor,F-002,ログイン・ログアウト,4,3,75.0,4,0,0
600f4ba8-acdf-42ae-99e7-c86b95372d7e,previous,anti,muse-spark-1.2-contributor,F-003,申請書の新規作成,2,2,100.0,2,0,0
600f4ba8-acdf-42ae-99e7-c86b95372d7e,previous,anti,muse-spark-1.2-contributor,F-004,申請内容の入力・編集,3,1,33.333333333333336,3,0,0
600f4ba8-acdf-42ae-99e7-c86b95372d7e,previous,anti,muse-spark-1.2-contributor,F-005,申請の下書き保存,2,0,0.0,1,0,1
600f4ba8-acdf-42ae-99e7-c86b95372d7e,previous,anti,muse-spark-1.2-contributor,F-006,申請の提出（申請番号採番・承認者決定）,6,1,16.666666666666668,1,6,6
600f4ba8-acdf-42ae-99e7-c86b95372d7e,previous,anti,muse-spark-1.2-contributor,F-007,申請一覧表示,3,0,0.0,0,3,3
600f4ba8-acdf-42ae-99e7-c86b95372d7e,previous,anti,muse-spark-1.2-contributor,F-008,申請の検索・絞り込み,4,2,50.0,2,2,2
600f4ba8-acdf-42ae-99e7-c86b95372d7e,previous,anti,muse-spark-1.2-contributor,F-009,申請詳細表示,2,0,0.0,0,2,2
600f4ba8-acdf-42ae-99e7-c86b95372d7e,previous,anti,muse-spark-1.2-contributor,F-010,承認者による承認処理,3,0,0.0,0,3,3
600f4ba8-acdf-42ae-99e7-c86b95372d7e,previous,anti,muse-spark-1.2-contributor,F-011,承認者による差し戻し処理,2,0,0.0,0,2,2
600f4ba8-acdf-42ae-99e7-c86b95372d7e,previous,anti,muse-spark-1.2-contributor,F-012,申請者による申請取り消し,2,0,0.0,0,2,2
600f4ba8-acdf-42ae-99e7-c86b95372d7e,previous,anti,muse-spark-1.2-contributor,F-013,申請ステータス管理（遷移定義）,2,0,0.0,0,2,2
600f4ba8-acdf-42ae-99e7-c86b95372d7e,previous,anti,muse-spark-1.2-contributor,F-014,メール通知,2,0,0.0,0,2,2
600f4ba8-acdf-42ae-99e7-c86b95372d7e,previous,anti,muse-spark-1.2-contributor,F-015,承認履歴表示,1,0,0.0,0,1,1
600f4ba8-acdf-42ae-99e7-c86b95372d7e,previous,anti,muse-spark-1.2-contributor,F-016,CSVエクスポート,3,1,33.333333333333336,1,2,2
600f4ba8-acdf-42ae-99e7-c86b95372d7e,previous,anti,muse-spark-1.2-contributor,F-017,ダッシュボード,2,0,0.0,0,2,2
600f4ba8-acdf-42ae-99e7-c86b95372d7e,previous,anti,muse-spark-1.2-contributor,F-018,ユーザー一覧・編集（管理者機能）,3,1,33.333333333333336,1,0,2
600f4ba8-acdf-42ae-99e7-c86b95372d7e,previous,anti,muse-spark-1.2-contributor,F-019,パスワード変更,3,3,100.0,3,0,0
600f4ba8-acdf-42ae-99e7-c86b95372d7e,previous,anti,muse-spark-1.2-contributor,F-020,システム設定（管理者機能）,4,4,100.0,4,0,0
bf51ba90-dc2c-4f70-85da-a9de5642d0a4,previous,normal,muse-spark-1.2-contributor,F-001,ユーザー登録,4,4,100.0,4,0,0
bf51ba90-dc2c-4f70-85da-a9de5642d0a4,previous,normal,muse-spark-1.2-contributor,F-002,ログイン・ログアウト,4,2,50.0,4,0,0
bf51ba90-dc2c-4f70-85da-a9de5642d0a4,previous,normal,muse-spark-1.2-contributor,F-003,申請書の新規作成,2,0,0.0,0,0,2
bf51ba90-dc2c-4f70-85da-a9de5642d0a4,previous,normal,muse-spark-1.2-contributor,F-004,申請内容の入力・編集,3,2,66.66666666666667,3,0,0
bf51ba90-dc2c-4f70-85da-a9de5642d0a4,previous,normal,muse-spark-1.2-contributor,F-005,申請の下書き保存,2,1,50.0,1,0,1
bf51ba90-dc2c-4f70-85da-a9de5642d0a4,previous,normal,muse-spark-1.2-contributor,F-006,申請の提出（申請番号採番・承認者決定）,6,6,100.0,7,0,0
bf51ba90-dc2c-4f70-85da-a9de5642d0a4,previous,normal,muse-spark-1.2-contributor,F-007,申請一覧表示,3,1,33.333333333333336,1,2,2
bf51ba90-dc2c-4f70-85da-a9de5642d0a4,previous,normal,muse-spark-1.2-contributor,F-008,申請の検索・絞り込み,4,2,50.0,2,2,2
bf51ba90-dc2c-4f70-85da-a9de5642d0a4,previous,normal,muse-spark-1.2-contributor,F-009,申請詳細表示,2,1,50.0,2,0,0
bf51ba90-dc2c-4f70-85da-a9de5642d0a4,previous,normal,muse-spark-1.2-contributor,F-010,承認者による承認処理,3,2,66.66666666666667,3,0,0
bf51ba90-dc2c-4f70-85da-a9de5642d0a4,previous,normal,muse-spark-1.2-contributor,F-011,承認者による差し戻し処理,2,2,100.0,2,0,0
bf51ba90-dc2c-4f70-85da-a9de5642d0a4,previous,normal,muse-spark-1.2-contributor,F-012,申請者による申請取り消し,2,1,50.0,1,0,1
bf51ba90-dc2c-4f70-85da-a9de5642d0a4,previous,normal,muse-spark-1.2-contributor,F-013,申請ステータス管理（遷移定義）,2,1,50.0,1,0,1
bf51ba90-dc2c-4f70-85da-a9de5642d0a4,previous,normal,muse-spark-1.2-contributor,F-014,メール通知,2,1,50.0,2,0,0
bf51ba90-dc2c-4f70-85da-a9de5642d0a4,previous,normal,muse-spark-1.2-contributor,F-015,承認履歴表示,1,0,0.0,0,0,1
bf51ba90-dc2c-4f70-85da-a9de5642d0a4,previous,normal,muse-spark-1.2-contributor,F-016,CSVエクスポート,3,1,33.333333333333336,1,2,2
bf51ba90-dc2c-4f70-85da-a9de5642d0a4,previous,normal,muse-spark-1.2-contributor,F-017,ダッシュボード,2,0,0.0,0,1,2
bf51ba90-dc2c-4f70-85da-a9de5642d0a4,previous,normal,muse-spark-1.2-contributor,F-018,ユーザー一覧・編集（管理者機能）,3,3,100.0,3,0,0
bf51ba90-dc2c-4f70-85da-a9de5642d0a4,previous,normal,muse-spark-1.2-contributor,F-019,パスワード変更,3,3,100.0,3,0,0
bf51ba90-dc2c-4f70-85da-a9de5642d0a4,previous,normal,muse-spark-1.2-contributor,F-020,システム設定（管理者機能）,4,4,100.0,4,0,0
6af34679-56f4-46d3-96f9-270931c32699,previous,anti,muse-spark-1.2-contributor,F-001,ユーザー登録,4,4,100.0,4,0,0
6af34679-56f4-46d3-96f9-270931c32699,previous,anti,muse-spark-1.2-contributor,F-002,ログイン・ログアウト,4,3,75.0,4,0,0
6af34679-56f4-46d3-96f9-270931c32699,previous,anti,muse-spark-1.2-contributor,F-003,申請書の新規作成,2,1,50.0,2,0,0
6af34679-56f4-46d3-96f9-270931c32699,previous,anti,muse-spark-1.2-contributor,F-004,申請内容の入力・編集,3,0,0.0,3,0,0
6af34679-56f4-46d3-96f9-270931c32699,previous,anti,muse-spark-1.2-contributor,F-005,申請の下書き保存,2,1,50.0,1,0,1
6af34679-56f4-46d3-96f9-270931c32699,previous,anti,muse-spark-1.2-contributor,F-006,申請の提出（申請番号採番・承認者決定）,6,3,50.0,7,0,0
6af34679-56f4-46d3-96f9-270931c32699,previous,anti,muse-spark-1.2-contributor,F-007,申請一覧表示,3,0,0.0,0,3,3
6af34679-56f4-46d3-96f9-270931c32699,previous,anti,muse-spark-1.2-contributor,F-008,申請の検索・絞り込み,4,2,50.0,2,2,2
6af34679-56f4-46d3-96f9-270931c32699,previous,anti,muse-spark-1.2-contributor,F-009,申請詳細表示,2,2,100.0,2,0,0
6af34679-56f4-46d3-96f9-270931c32699,previous,anti,muse-spark-1.2-contributor,F-010,承認者による承認処理,3,2,66.66666666666667,2,0,1
6af34679-56f4-46d3-96f9-270931c32699,previous,anti,muse-spark-1.2-contributor,F-011,承認者による差し戻し処理,2,0,0.0,0,0,2
6af34679-56f4-46d3-96f9-270931c32699,previous,anti,muse-spark-1.2-contributor,F-012,申請者による申請取り消し,2,0,0.0,1,0,1
6af34679-56f4-46d3-96f9-270931c32699,previous,anti,muse-spark-1.2-contributor,F-013,申請ステータス管理（遷移定義）,2,0,0.0,0,0,2
6af34679-56f4-46d3-96f9-270931c32699,previous,anti,muse-spark-1.2-contributor,F-014,メール通知,2,0,0.0,1,0,1
6af34679-56f4-46d3-96f9-270931c32699,previous,anti,muse-spark-1.2-contributor,F-015,承認履歴表示,1,0,0.0,0,0,1
6af34679-56f4-46d3-96f9-270931c32699,previous,anti,muse-spark-1.2-contributor,F-016,CSVエクスポート,3,1,33.333333333333336,1,2,2
6af34679-56f4-46d3-96f9-270931c32699,previous,anti,muse-spark-1.2-contributor,F-017,ダッシュボード,2,0,0.0,0,1,2
6af34679-56f4-46d3-96f9-270931c32699,previous,anti,muse-spark-1.2-contributor,F-018,ユーザー一覧・編集（管理者機能）,3,3,100.0,3,0,0
6af34679-56f4-46d3-96f9-270931c32699,previous,anti,muse-spark-1.2-contributor,F-019,パスワード変更,3,2,66.66666666666667,3,0,0
6af34679-56f4-46d3-96f9-270931c32699,previous,anti,muse-spark-1.2-contributor,F-020,システム設定（管理者機能）,4,2,50.0,2,0,2
09dbcec8-c9c3-49ec-921c-766894607e07,previous,normal,muse-spark-1.2-contributor,F-001,ユーザー登録,4,4,100.0,4,0,0
09dbcec8-c9c3-49ec-921c-766894607e07,previous,normal,muse-spark-1.2-contributor,F-002,ログイン・ログアウト,4,3,75.0,4,0,0
09dbcec8-c9c3-49ec-921c-766894607e07,previous,normal,muse-spark-1.2-contributor,F-003,申請書の新規作成,2,2,100.0,2,0,0
09dbcec8-c9c3-49ec-921c-766894607e07,previous,normal,muse-spark-1.2-contributor,F-004,申請内容の入力・編集,3,1,33.333333333333336,3,0,0
09dbcec8-c9c3-49ec-921c-766894607e07,previous,normal,muse-spark-1.2-contributor,F-005,申請の下書き保存,2,2,100.0,2,0,0
09dbcec8-c9c3-49ec-921c-766894607e07,previous,normal,muse-spark-1.2-contributor,F-006,申請の提出（申請番号採番・承認者決定）,6,6,100.0,7,0,0
09dbcec8-c9c3-49ec-921c-766894607e07,previous,normal,muse-spark-1.2-contributor,F-007,申請一覧表示,3,0,0.0,0,3,3
09dbcec8-c9c3-49ec-921c-766894607e07,previous,normal,muse-spark-1.2-contributor,F-008,申請の検索・絞り込み,4,2,50.0,2,2,2
09dbcec8-c9c3-49ec-921c-766894607e07,previous,normal,muse-spark-1.2-contributor,F-009,申請詳細表示,2,2,100.0,2,0,0
09dbcec8-c9c3-49ec-921c-766894607e07,previous,normal,muse-spark-1.2-contributor,F-010,承認者による承認処理,3,2,66.66666666666667,3,0,0
09dbcec8-c9c3-49ec-921c-766894607e07,previous,normal,muse-spark-1.2-contributor,F-011,承認者による差し戻し処理,2,1,50.0,2,0,0
09dbcec8-c9c3-49ec-921c-766894607e07,previous,normal,muse-spark-1.2-contributor,F-012,申請者による申請取り消し,2,1,50.0,2,0,1
09dbcec8-c9c3-49ec-921c-766894607e07,previous,normal,muse-spark-1.2-contributor,F-013,申請ステータス管理（遷移定義）,2,1,50.0,1,0,1
09dbcec8-c9c3-49ec-921c-766894607e07,previous,normal,muse-spark-1.2-contributor,F-014,メール通知,2,2,100.0,2,0,0
09dbcec8-c9c3-49ec-921c-766894607e07,previous,normal,muse-spark-1.2-contributor,F-015,承認履歴表示,1,0,0.0,0,0,1
09dbcec8-c9c3-49ec-921c-766894607e07,previous,normal,muse-spark-1.2-contributor,F-016,CSVエクスポート,3,1,33.333333333333336,1,2,2
09dbcec8-c9c3-49ec-921c-766894607e07,previous,normal,muse-spark-1.2-contributor,F-017,ダッシュボード,2,0,0.0,0,1,2
09dbcec8-c9c3-49ec-921c-766894607e07,previous,normal,muse-spark-1.2-contributor,F-018,ユーザー一覧・編集（管理者機能）,3,3,100.0,3,0,0
09dbcec8-c9c3-49ec-921c-766894607e07,previous,normal,muse-spark-1.2-contributor,F-019,パスワード変更,3,3,100.0,3,0,0
09dbcec8-c9c3-49ec-921c-766894607e07,previous,normal,muse-spark-1.2-contributor,F-020,システム設定（管理者機能）,4,4,100.0,4,0,0
76cac053-f623-45d1-96ff-c77edf4a0bee,previous,anti,muse-spark-1.2-contributor,F-001,ユーザー登録,4,4,100.0,4,0,0
76cac053-f623-45d1-96ff-c77edf4a0bee,previous,anti,muse-spark-1.2-contributor,F-002,ログイン・ログアウト,4,3,75.0,4,0,0
76cac053-f623-45d1-96ff-c77edf4a0bee,previous,anti,muse-spark-1.2-contributor,F-003,申請書の新規作成,2,0,0.0,0,0,2
76cac053-f623-45d1-96ff-c77edf4a0bee,previous,anti,muse-spark-1.2-contributor,F-004,申請内容の入力・編集,3,0,0.0,3,0,0
76cac053-f623-45d1-96ff-c77edf4a0bee,previous,anti,muse-spark-1.2-contributor,F-005,申請の下書き保存,2,2,100.0,2,0,0
76cac053-f623-45d1-96ff-c77edf4a0bee,previous,anti,muse-spark-1.2-contributor,F-006,申請の提出（申請番号採番・承認者決定）,6,3,50.0,7,0,0
76cac053-f623-45d1-96ff-c77edf4a0bee,previous,anti,muse-spark-1.2-contributor,F-007,申請一覧表示,3,3,100.0,3,0,0
76cac053-f623-45d1-96ff-c77edf4a0bee,previous,anti,muse-spark-1.2-contributor,F-008,申請の検索・絞り込み,4,2,50.0,2,0,2
76cac053-f623-45d1-96ff-c77edf4a0bee,previous,anti,muse-spark-1.2-contributor,F-009,申請詳細表示,2,1,50.0,2,0,0
76cac053-f623-45d1-96ff-c77edf4a0bee,previous,anti,muse-spark-1.2-contributor,F-010,承認者による承認処理,3,2,66.66666666666667,2,0,1
76cac053-f623-45d1-96ff-c77edf4a0bee,previous,anti,muse-spark-1.2-contributor,F-011,承認者による差し戻し処理,2,0,0.0,0,0,2
76cac053-f623-45d1-96ff-c77edf4a0bee,previous,anti,muse-spark-1.2-contributor,F-012,申請者による申請取り消し,2,0,0.0,1,0,1
76cac053-f623-45d1-96ff-c77edf4a0bee,previous,anti,muse-spark-1.2-contributor,F-013,申請ステータス管理（遷移定義）,2,0,0.0,0,0,2
76cac053-f623-45d1-96ff-c77edf4a0bee,previous,anti,muse-spark-1.2-contributor,F-014,メール通知,2,0,0.0,1,0,1
76cac053-f623-45d1-96ff-c77edf4a0bee,previous,anti,muse-spark-1.2-contributor,F-015,承認履歴表示,1,0,0.0,0,0,1
76cac053-f623-45d1-96ff-c77edf4a0bee,previous,anti,muse-spark-1.2-contributor,F-016,CSVエクスポート,3,2,66.66666666666667,3,0,0
76cac053-f623-45d1-96ff-c77edf4a0bee,previous,anti,muse-spark-1.2-contributor,F-017,ダッシュボード,2,2,100.0,2,0,0
76cac053-f623-45d1-96ff-c77edf4a0bee,previous,anti,muse-spark-1.2-contributor,F-018,ユーザー一覧・編集（管理者機能）,3,3,100.0,3,0,0
76cac053-f623-45d1-96ff-c77edf4a0bee,previous,anti,muse-spark-1.2-contributor,F-019,パスワード変更,3,2,66.66666666666667,3,0,0
76cac053-f623-45d1-96ff-c77edf4a0bee,previous,anti,muse-spark-1.2-contributor,F-020,システム設定（管理者機能）,4,2,50.0,2,0,2
69c2fcf8-cab9-49f0-ae99-d1aef80a64ab,previous,anti,muse-spark-1.2-contributor,F-001,ユーザー登録,4,4,100.0,4,0,0
69c2fcf8-cab9-49f0-ae99-d1aef80a64ab,previous,anti,muse-spark-1.2-contributor,F-002,ログイン・ログアウト,4,2,50.0,4,0,0
69c2fcf8-cab9-49f0-ae99-d1aef80a64ab,previous,anti,muse-spark-1.2-contributor,F-003,申請書の新規作成,2,2,100.0,2,0,0
69c2fcf8-cab9-49f0-ae99-d1aef80a64ab,previous,anti,muse-spark-1.2-contributor,F-004,申請内容の入力・編集,3,2,66.66666666666667,3,0,0
69c2fcf8-cab9-49f0-ae99-d1aef80a64ab,previous,anti,muse-spark-1.2-contributor,F-005,申請の下書き保存,2,1,50.0,1,0,1
69c2fcf8-cab9-49f0-ae99-d1aef80a64ab,previous,anti,muse-spark-1.2-contributor,F-006,申請の提出（申請番号採番・承認者決定）,6,3,50.0,7,0,0
69c2fcf8-cab9-49f0-ae99-d1aef80a64ab,previous,anti,muse-spark-1.2-contributor,F-007,申請一覧表示,3,0,0.0,0,3,3
69c2fcf8-cab9-49f0-ae99-d1aef80a64ab,previous,anti,muse-spark-1.2-contributor,F-008,申請の検索・絞り込み,4,2,50.0,2,2,2
69c2fcf8-cab9-49f0-ae99-d1aef80a64ab,previous,anti,muse-spark-1.2-contributor,F-009,申請詳細表示,2,2,100.0,2,0,0
69c2fcf8-cab9-49f0-ae99-d1aef80a64ab,previous,anti,muse-spark-1.2-contributor,F-010,承認者による承認処理,3,2,66.66666666666667,2,0,1
69c2fcf8-cab9-49f0-ae99-d1aef80a64ab,previous,anti,muse-spark-1.2-contributor,F-011,承認者による差し戻し処理,2,0,0.0,0,0,2
69c2fcf8-cab9-49f0-ae99-d1aef80a64ab,previous,anti,muse-spark-1.2-contributor,F-012,申請者による申請取り消し,2,0,0.0,1,0,1
69c2fcf8-cab9-49f0-ae99-d1aef80a64ab,previous,anti,muse-spark-1.2-contributor,F-013,申請ステータス管理（遷移定義）,2,0,0.0,0,0,2
69c2fcf8-cab9-49f0-ae99-d1aef80a64ab,previous,anti,muse-spark-1.2-contributor,F-014,メール通知,2,0,0.0,1,0,1
69c2fcf8-cab9-49f0-ae99-d1aef80a64ab,previous,anti,muse-spark-1.2-contributor,F-015,承認履歴表示,1,0,0.0,0,0,1
69c2fcf8-cab9-49f0-ae99-d1aef80a64ab,previous,anti,muse-spark-1.2-contributor,F-016,CSVエクスポート,3,1,33.333333333333336,1,2,2
69c2fcf8-cab9-49f0-ae99-d1aef80a64ab,previous,anti,muse-spark-1.2-contributor,F-017,ダッシュボード,2,0,0.0,0,1,2
69c2fcf8-cab9-49f0-ae99-d1aef80a64ab,previous,anti,muse-spark-1.2-contributor,F-018,ユーザー一覧・編集（管理者機能）,3,3,100.0,3,0,0
69c2fcf8-cab9-49f0-ae99-d1aef80a64ab,previous,anti,muse-spark-1.2-contributor,F-019,パスワード変更,3,3,100.0,3,0,0
69c2fcf8-cab9-49f0-ae99-d1aef80a64ab,previous,anti,muse-spark-1.2-contributor,F-020,システム設定（管理者機能）,4,4,100.0,4,0,0
cc1ad56e-0db0-4187-8d1d-9e89552abe92,previous,normal,muse-spark-1.2-contributor,F-001,ユーザー登録,4,4,100.0,4,0,0
cc1ad56e-0db0-4187-8d1d-9e89552abe92,previous,normal,muse-spark-1.2-contributor,F-002,ログイン・ログアウト,4,3,75.0,4,0,0
cc1ad56e-0db0-4187-8d1d-9e89552abe92,previous,normal,muse-spark-1.2-contributor,F-003,申請書の新規作成,2,2,100.0,2,0,0
cc1ad56e-0db0-4187-8d1d-9e89552abe92,previous,normal,muse-spark-1.2-contributor,F-004,申請内容の入力・編集,3,2,66.66666666666667,3,0,0
cc1ad56e-0db0-4187-8d1d-9e89552abe92,previous,normal,muse-spark-1.2-contributor,F-005,申請の下書き保存,2,1,50.0,1,0,1
cc1ad56e-0db0-4187-8d1d-9e89552abe92,previous,normal,muse-spark-1.2-contributor,F-006,申請の提出（申請番号採番・承認者決定）,6,6,100.0,7,0,0
cc1ad56e-0db0-4187-8d1d-9e89552abe92,previous,normal,muse-spark-1.2-contributor,F-007,申請一覧表示,3,1,33.333333333333336,1,2,2
cc1ad56e-0db0-4187-8d1d-9e89552abe92,previous,normal,muse-spark-1.2-contributor,F-008,申請の検索・絞り込み,4,2,50.0,2,2,2
cc1ad56e-0db0-4187-8d1d-9e89552abe92,previous,normal,muse-spark-1.2-contributor,F-009,申請詳細表示,2,2,100.0,2,0,0
cc1ad56e-0db0-4187-8d1d-9e89552abe92,previous,normal,muse-spark-1.2-contributor,F-010,承認者による承認処理,3,2,66.66666666666667,3,0,0
cc1ad56e-0db0-4187-8d1d-9e89552abe92,previous,normal,muse-spark-1.2-contributor,F-011,承認者による差し戻し処理,2,1,50.0,2,0,0
cc1ad56e-0db0-4187-8d1d-9e89552abe92,previous,normal,muse-spark-1.2-contributor,F-012,申請者による申請取り消し,2,2,100.0,2,0,0
cc1ad56e-0db0-4187-8d1d-9e89552abe92,previous,normal,muse-spark-1.2-contributor,F-013,申請ステータス管理（遷移定義）,2,1,50.0,1,0,1
cc1ad56e-0db0-4187-8d1d-9e89552abe92,previous,normal,muse-spark-1.2-contributor,F-014,メール通知,2,2,100.0,2,0,0
cc1ad56e-0db0-4187-8d1d-9e89552abe92,previous,normal,muse-spark-1.2-contributor,F-015,承認履歴表示,1,0,0.0,0,0,1
cc1ad56e-0db0-4187-8d1d-9e89552abe92,previous,normal,muse-spark-1.2-contributor,F-016,CSVエクスポート,3,1,33.333333333333336,1,2,2
cc1ad56e-0db0-4187-8d1d-9e89552abe92,previous,normal,muse-spark-1.2-contributor,F-017,ダッシュボード,2,0,0.0,0,2,2
cc1ad56e-0db0-4187-8d1d-9e89552abe92,previous,normal,muse-spark-1.2-contributor,F-018,ユーザー一覧・編集（管理者機能）,3,3,100.0,3,0,0
cc1ad56e-0db0-4187-8d1d-9e89552abe92,previous,normal,muse-spark-1.2-contributor,F-019,パスワード変更,3,2,66.66666666666667,3,0,0
cc1ad56e-0db0-4187-8d1d-9e89552abe92,previous,normal,muse-spark-1.2-contributor,F-020,システム設定（管理者機能）,4,3,75.0,4,0,0
dc4b4eaa-b0e8-4bf9-abbd-f777a2008ee6,previous,anti,muse-spark-1.2-contributor,F-001,ユーザー登録,4,4,100.0,4,0,0
dc4b4eaa-b0e8-4bf9-abbd-f777a2008ee6,previous,anti,muse-spark-1.2-contributor,F-002,ログイン・ログアウト,4,3,75.0,4,0,0
dc4b4eaa-b0e8-4bf9-abbd-f777a2008ee6,previous,anti,muse-spark-1.2-contributor,F-003,申請書の新規作成,2,2,100.0,2,0,0
dc4b4eaa-b0e8-4bf9-abbd-f777a2008ee6,previous,anti,muse-spark-1.2-contributor,F-004,申請内容の入力・編集,3,1,33.333333333333336,3,0,0
dc4b4eaa-b0e8-4bf9-abbd-f777a2008ee6,previous,anti,muse-spark-1.2-contributor,F-005,申請の下書き保存,2,1,50.0,2,0,0
dc4b4eaa-b0e8-4bf9-abbd-f777a2008ee6,previous,anti,muse-spark-1.2-contributor,F-006,申請の提出（申請番号採番・承認者決定）,6,3,50.0,7,0,0
dc4b4eaa-b0e8-4bf9-abbd-f777a2008ee6,previous,anti,muse-spark-1.2-contributor,F-007,申請一覧表示,3,3,100.0,3,0,0
dc4b4eaa-b0e8-4bf9-abbd-f777a2008ee6,previous,anti,muse-spark-1.2-contributor,F-008,申請の検索・絞り込み,4,4,100.0,4,0,0
dc4b4eaa-b0e8-4bf9-abbd-f777a2008ee6,previous,anti,muse-spark-1.2-contributor,F-009,申請詳細表示,2,1,50.0,2,0,0
dc4b4eaa-b0e8-4bf9-abbd-f777a2008ee6,previous,anti,muse-spark-1.2-contributor,F-010,承認者による承認処理,3,2,66.66666666666667,3,0,0
dc4b4eaa-b0e8-4bf9-abbd-f777a2008ee6,previous,anti,muse-spark-1.2-contributor,F-011,承認者による差し戻し処理,2,1,50.0,2,0,0
dc4b4eaa-b0e8-4bf9-abbd-f777a2008ee6,previous,anti,muse-spark-1.2-contributor,F-012,申請者による申請取り消し,2,0,0.0,2,0,0
dc4b4eaa-b0e8-4bf9-abbd-f777a2008ee6,previous,anti,muse-spark-1.2-contributor,F-013,申請ステータス管理（遷移定義）,2,0,0.0,1,0,1
dc4b4eaa-b0e8-4bf9-abbd-f777a2008ee6,previous,anti,muse-spark-1.2-contributor,F-014,メール通知,2,0,0.0,2,0,0
dc4b4eaa-b0e8-4bf9-abbd-f777a2008ee6,previous,anti,muse-spark-1.2-contributor,F-015,承認履歴表示,1,0,0.0,0,0,1
dc4b4eaa-b0e8-4bf9-abbd-f777a2008ee6,previous,anti,muse-spark-1.2-contributor,F-016,CSVエクスポート,3,2,66.66666666666667,3,0,0
dc4b4eaa-b0e8-4bf9-abbd-f777a2008ee6,previous,anti,muse-spark-1.2-contributor,F-017,ダッシュボード,2,2,100.0,2,0,0
dc4b4eaa-b0e8-4bf9-abbd-f777a2008ee6,previous,anti,muse-spark-1.2-contributor,F-018,ユーザー一覧・編集（管理者機能）,3,3,100.0,3,0,0
dc4b4eaa-b0e8-4bf9-abbd-f777a2008ee6,previous,anti,muse-spark-1.2-contributor,F-019,パスワード変更,3,3,100.0,3,0,0
dc4b4eaa-b0e8-4bf9-abbd-f777a2008ee6,previous,anti,muse-spark-1.2-contributor,F-020,システム設定（管理者機能）,4,4,100.0,4,0,0
b8bb85c7-e468-42ff-ad70-e10746737b87,previous,normal,muse-spark-1.2-contributor,F-001,ユーザー登録,4,4,100.0,4,0,0
b8bb85c7-e468-42ff-ad70-e10746737b87,previous,normal,muse-spark-1.2-contributor,F-002,ログイン・ログアウト,4,3,75.0,4,0,0
b8bb85c7-e468-42ff-ad70-e10746737b87,previous,normal,muse-spark-1.2-contributor,F-003,申請書の新規作成,2,2,100.0,2,0,0
b8bb85c7-e468-42ff-ad70-e10746737b87,previous,normal,muse-spark-1.2-contributor,F-004,申請内容の入力・編集,3,2,66.66666666666667,3,0,0
b8bb85c7-e468-42ff-ad70-e10746737b87,previous,normal,muse-spark-1.2-contributor,F-005,申請の下書き保存,2,1,50.0,1,0,1
b8bb85c7-e468-42ff-ad70-e10746737b87,previous,normal,muse-spark-1.2-contributor,F-006,申請の提出（申請番号採番・承認者決定）,6,6,100.0,7,0,0
b8bb85c7-e468-42ff-ad70-e10746737b87,previous,normal,muse-spark-1.2-contributor,F-007,申請一覧表示,3,0,0.0,0,3,3
b8bb85c7-e468-42ff-ad70-e10746737b87,previous,normal,muse-spark-1.2-contributor,F-008,申請の検索・絞り込み,4,2,50.0,2,2,2
b8bb85c7-e468-42ff-ad70-e10746737b87,previous,normal,muse-spark-1.2-contributor,F-009,申請詳細表示,2,1,50.0,2,0,0
b8bb85c7-e468-42ff-ad70-e10746737b87,previous,normal,muse-spark-1.2-contributor,F-010,承認者による承認処理,3,3,100.0,3,0,0
b8bb85c7-e468-42ff-ad70-e10746737b87,previous,normal,muse-spark-1.2-contributor,F-011,承認者による差し戻し処理,2,2,100.0,2,0,0
b8bb85c7-e468-42ff-ad70-e10746737b87,previous,normal,muse-spark-1.2-contributor,F-012,申請者による申請取り消し,2,1,50.0,1,0,1
b8bb85c7-e468-42ff-ad70-e10746737b87,previous,normal,muse-spark-1.2-contributor,F-013,申請ステータス管理（遷移定義）,2,1,50.0,1,0,1
b8bb85c7-e468-42ff-ad70-e10746737b87,previous,normal,muse-spark-1.2-contributor,F-014,メール通知,2,2,100.0,2,0,0
b8bb85c7-e468-42ff-ad70-e10746737b87,previous,normal,muse-spark-1.2-contributor,F-015,承認履歴表示,1,0,0.0,0,0,1
b8bb85c7-e468-42ff-ad70-e10746737b87,previous,normal,muse-spark-1.2-contributor,F-016,CSVエクスポート,3,1,33.333333333333336,1,2,2
b8bb85c7-e468-42ff-ad70-e10746737b87,previous,normal,muse-spark-1.2-contributor,F-017,ダッシュボード,2,0,0.0,0,1,2
b8bb85c7-e468-42ff-ad70-e10746737b87,previous,normal,muse-spark-1.2-contributor,F-018,ユーザー一覧・編集（管理者機能）,3,3,100.0,3,0,0
b8bb85c7-e468-42ff-ad70-e10746737b87,previous,normal,muse-spark-1.2-contributor,F-019,パスワード変更,3,2,66.66666666666667,3,0,0
b8bb85c7-e468-42ff-ad70-e10746737b87,previous,normal,muse-spark-1.2-contributor,F-020,システム設定（管理者機能）,4,3,75.0,4,0,0
7e5974e1-e419-4e9d-96f3-332c91617c78,previous,anti,muse-spark-1.2-contributor,F-001,ユーザー登録,4,2,50.0,4,0,0
7e5974e1-e419-4e9d-96f3-332c91617c78,previous,anti,muse-spark-1.2-contributor,F-002,ログイン・ログアウト,4,3,75.0,4,0,0
7e5974e1-e419-4e9d-96f3-332c91617c78,previous,anti,muse-spark-1.2-contributor,F-003,申請書の新規作成,2,0,0.0,0,0,2
7e5974e1-e419-4e9d-96f3-332c91617c78,previous,anti,muse-spark-1.2-contributor,F-004,申請内容の入力・編集,3,0,0.0,0,0,3
7e5974e1-e419-4e9d-96f3-332c91617c78,previous,anti,muse-spark-1.2-contributor,F-005,申請の下書き保存,2,0,0.0,0,0,2
7e5974e1-e419-4e9d-96f3-332c91617c78,previous,anti,muse-spark-1.2-contributor,F-006,申請の提出（申請番号採番・承認者決定）,6,0,0.0,0,0,7
7e5974e1-e419-4e9d-96f3-332c91617c78,previous,anti,muse-spark-1.2-contributor,F-007,申請一覧表示,3,0,0.0,0,3,3
7e5974e1-e419-4e9d-96f3-332c91617c78,previous,anti,muse-spark-1.2-contributor,F-008,申請の検索・絞り込み,4,0,0.0,0,2,4
7e5974e1-e419-4e9d-96f3-332c91617c78,previous,anti,muse-spark-1.2-contributor,F-009,申請詳細表示,2,0,0.0,0,0,2
7e5974e1-e419-4e9d-96f3-332c91617c78,previous,anti,muse-spark-1.2-contributor,F-010,承認者による承認処理,3,0,0.0,0,0,3
7e5974e1-e419-4e9d-96f3-332c91617c78,previous,anti,muse-spark-1.2-contributor,F-011,承認者による差し戻し処理,2,0,0.0,0,0,2
7e5974e1-e419-4e9d-96f3-332c91617c78,previous,anti,muse-spark-1.2-contributor,F-012,申請者による申請取り消し,2,0,0.0,0,0,2
7e5974e1-e419-4e9d-96f3-332c91617c78,previous,anti,muse-spark-1.2-contributor,F-013,申請ステータス管理（遷移定義）,2,0,0.0,0,0,2
7e5974e1-e419-4e9d-96f3-332c91617c78,previous,anti,muse-spark-1.2-contributor,F-014,メール通知,2,0,0.0,0,0,2
7e5974e1-e419-4e9d-96f3-332c91617c78,previous,anti,muse-spark-1.2-contributor,F-015,承認履歴表示,1,0,0.0,0,0,1
7e5974e1-e419-4e9d-96f3-332c91617c78,previous,anti,muse-spark-1.2-contributor,F-016,CSVエクスポート,3,0,0.0,0,3,3
7e5974e1-e419-4e9d-96f3-332c91617c78,previous,anti,muse-spark-1.2-contributor,F-017,ダッシュボード,2,0,0.0,0,1,2
7e5974e1-e419-4e9d-96f3-332c91617c78,previous,anti,muse-spark-1.2-contributor,F-018,ユーザー一覧・編集（管理者機能）,3,3,100.0,3,0,0
7e5974e1-e419-4e9d-96f3-332c91617c78,previous,anti,muse-spark-1.2-contributor,F-019,パスワード変更,3,2,66.66666666666667,3,0,0
7e5974e1-e419-4e9d-96f3-332c91617c78,previous,anti,muse-spark-1.2-contributor,F-020,システム設定（管理者機能）,4,3,75.0,4,0,0
ba9b31f3-7a29-4fad-ac2d-bba3bac61a0f,previous,normal,muse-spark-1.2-contributor,F-001,ユーザー登録,4,4,100.0,4,0,0
ba9b31f3-7a29-4fad-ac2d-bba3bac61a0f,previous,normal,muse-spark-1.2-contributor,F-002,ログイン・ログアウト,4,4,100.0,4,0,0
ba9b31f3-7a29-4fad-ac2d-bba3bac61a0f,previous,normal,muse-spark-1.2-contributor,F-003,申請書の新規作成,2,1,50.0,2,0,0
ba9b31f3-7a29-4fad-ac2d-bba3bac61a0f,previous,normal,muse-spark-1.2-contributor,F-004,申請内容の入力・編集,3,1,33.333333333333336,3,0,0
ba9b31f3-7a29-4fad-ac2d-bba3bac61a0f,previous,normal,muse-spark-1.2-contributor,F-005,申請の下書き保存,2,2,100.0,2,0,0
ba9b31f3-7a29-4fad-ac2d-bba3bac61a0f,previous,normal,muse-spark-1.2-contributor,F-006,申請の提出（申請番号採番・承認者決定）,6,5,83.33333333333333,7,0,0
ba9b31f3-7a29-4fad-ac2d-bba3bac61a0f,previous,normal,muse-spark-1.2-contributor,F-007,申請一覧表示,3,0,0.0,0,3,3
ba9b31f3-7a29-4fad-ac2d-bba3bac61a0f,previous,normal,muse-spark-1.2-contributor,F-008,申請の検索・絞り込み,4,2,50.0,2,2,2
ba9b31f3-7a29-4fad-ac2d-bba3bac61a0f,previous,normal,muse-spark-1.2-contributor,F-009,申請詳細表示,2,2,100.0,2,0,0
ba9b31f3-7a29-4fad-ac2d-bba3bac61a0f,previous,normal,muse-spark-1.2-contributor,F-010,承認者による承認処理,3,3,100.0,3,0,0
ba9b31f3-7a29-4fad-ac2d-bba3bac61a0f,previous,normal,muse-spark-1.2-contributor,F-011,承認者による差し戻し処理,2,2,100.0,2,0,0
ba9b31f3-7a29-4fad-ac2d-bba3bac61a0f,previous,normal,muse-spark-1.2-contributor,F-012,申請者による申請取り消し,2,1,50.0,2,0,0
ba9b31f3-7a29-4fad-ac2d-bba3bac61a0f,previous,normal,muse-spark-1.2-contributor,F-013,申請ステータス管理（遷移定義）,2,1,50.0,1,0,1
ba9b31f3-7a29-4fad-ac2d-bba3bac61a0f,previous,normal,muse-spark-1.2-contributor,F-014,メール通知,2,1,50.0,2,0,0
ba9b31f3-7a29-4fad-ac2d-bba3bac61a0f,previous,normal,muse-spark-1.2-contributor,F-015,承認履歴表示,1,0,0.0,0,0,1
ba9b31f3-7a29-4fad-ac2d-bba3bac61a0f,previous,normal,muse-spark-1.2-contributor,F-016,CSVエクスポート,3,1,33.333333333333336,1,2,2
ba9b31f3-7a29-4fad-ac2d-bba3bac61a0f,previous,normal,muse-spark-1.2-contributor,F-017,ダッシュボード,2,0,0.0,0,2,2
ba9b31f3-7a29-4fad-ac2d-bba3bac61a0f,previous,normal,muse-spark-1.2-contributor,F-018,ユーザー一覧・編集（管理者機能）,3,3,100.0,3,0,0
ba9b31f3-7a29-4fad-ac2d-bba3bac61a0f,previous,normal,muse-spark-1.2-contributor,F-019,パスワード変更,3,2,66.66666666666667,3,0,0
ba9b31f3-7a29-4fad-ac2d-bba3bac61a0f,previous,normal,muse-spark-1.2-contributor,F-020,システム設定（管理者機能）,4,4,100.0,4,0,0
25a01c2b-cf66-4053-848c-9af10ef2ef81,additional,anti,muse-spark-1.2-contributor,F-001,ユーザー登録,4,2,50.0,4,2,0
25a01c2b-cf66-4053-848c-9af10ef2ef81,additional,anti,muse-spark-1.2-contributor,F-002,ログイン・ログアウト,4,1,25.0,2,2,0
25a01c2b-cf66-4053-848c-9af10ef2ef81,additional,anti,muse-spark-1.2-contributor,F-003,申請書の新規作成,2,0,0.0,0,2,0
25a01c2b-cf66-4053-848c-9af10ef2ef81,additional,anti,muse-spark-1.2-contributor,F-004,申請内容の入力・編集,3,0,0.0,0,3,0
25a01c2b-cf66-4053-848c-9af10ef2ef81,additional,anti,muse-spark-1.2-contributor,F-005,申請の下書き保存,2,0,0.0,0,2,0
25a01c2b-cf66-4053-848c-9af10ef2ef81,additional,anti,muse-spark-1.2-contributor,F-006,申請の提出（申請番号採番・承認者決定）,6,0,0.0,0,7,0
25a01c2b-cf66-4053-848c-9af10ef2ef81,additional,anti,muse-spark-1.2-contributor,F-007,申請一覧表示,3,0,0.0,0,3,0
25a01c2b-cf66-4053-848c-9af10ef2ef81,additional,anti,muse-spark-1.2-contributor,F-008,申請の検索・絞り込み,4,0,0.0,0,4,0
25a01c2b-cf66-4053-848c-9af10ef2ef81,additional,anti,muse-spark-1.2-contributor,F-009,申請詳細表示,2,0,0.0,0,2,0
25a01c2b-cf66-4053-848c-9af10ef2ef81,additional,anti,muse-spark-1.2-contributor,F-010,承認者による承認処理,3,0,0.0,0,3,0
25a01c2b-cf66-4053-848c-9af10ef2ef81,additional,anti,muse-spark-1.2-contributor,F-011,承認者による差し戻し処理,2,0,0.0,0,2,0
25a01c2b-cf66-4053-848c-9af10ef2ef81,additional,anti,muse-spark-1.2-contributor,F-012,申請者による申請取り消し,2,0,0.0,0,2,0
25a01c2b-cf66-4053-848c-9af10ef2ef81,additional,anti,muse-spark-1.2-contributor,F-013,申請ステータス管理（遷移定義）,2,0,0.0,0,2,0
25a01c2b-cf66-4053-848c-9af10ef2ef81,additional,anti,muse-spark-1.2-contributor,F-014,メール通知,2,0,0.0,0,2,0
25a01c2b-cf66-4053-848c-9af10ef2ef81,additional,anti,muse-spark-1.2-contributor,F-015,承認履歴表示,1,0,0.0,0,1,0
25a01c2b-cf66-4053-848c-9af10ef2ef81,additional,anti,muse-spark-1.2-contributor,F-016,CSVエクスポート,3,0,0.0,0,3,0
25a01c2b-cf66-4053-848c-9af10ef2ef81,additional,anti,muse-spark-1.2-contributor,F-017,ダッシュボード,2,0,0.0,0,2,0
25a01c2b-cf66-4053-848c-9af10ef2ef81,additional,anti,muse-spark-1.2-contributor,F-018,ユーザー一覧・編集（管理者機能）,3,0,0.0,0,3,0
25a01c2b-cf66-4053-848c-9af10ef2ef81,additional,anti,muse-spark-1.2-contributor,F-019,パスワード変更,3,0,0.0,0,3,0
25a01c2b-cf66-4053-848c-9af10ef2ef81,additional,anti,muse-spark-1.2-contributor,F-020,システム設定（管理者機能）,4,0,0.0,0,4,0
ca85fc9b-7678-41f4-88bb-257f702ea65b,additional,anti,muse-spark-1.2-contributor,F-001,ユーザー登録,4,4,100.0,4,0,0
ca85fc9b-7678-41f4-88bb-257f702ea65b,additional,anti,muse-spark-1.2-contributor,F-002,ログイン・ログアウト,4,3,75.0,4,0,0
ca85fc9b-7678-41f4-88bb-257f702ea65b,additional,anti,muse-spark-1.2-contributor,F-003,申請書の新規作成,2,1,50.0,2,0,0
ca85fc9b-7678-41f4-88bb-257f702ea65b,additional,anti,muse-spark-1.2-contributor,F-004,申請内容の入力・編集,3,2,66.66666666666667,3,0,0
ca85fc9b-7678-41f4-88bb-257f702ea65b,additional,anti,muse-spark-1.2-contributor,F-005,申請の下書き保存,2,2,100.0,2,0,0
ca85fc9b-7678-41f4-88bb-257f702ea65b,additional,anti,muse-spark-1.2-contributor,F-006,申請の提出（申請番号採番・承認者決定）,6,3,50.0,7,0,0
ca85fc9b-7678-41f4-88bb-257f702ea65b,additional,anti,muse-spark-1.2-contributor,F-007,申請一覧表示,3,1,33.333333333333336,1,2,2
ca85fc9b-7678-41f4-88bb-257f702ea65b,additional,anti,muse-spark-1.2-contributor,F-008,申請の検索・絞り込み,4,3,75.0,3,1,1
ca85fc9b-7678-41f4-88bb-257f702ea65b,additional,anti,muse-spark-1.2-contributor,F-009,申請詳細表示,2,2,100.0,2,0,0
ca85fc9b-7678-41f4-88bb-257f702ea65b,additional,anti,muse-spark-1.2-contributor,F-010,承認者による承認処理,3,2,66.66666666666667,2,0,1
ca85fc9b-7678-41f4-88bb-257f702ea65b,additional,anti,muse-spark-1.2-contributor,F-011,承認者による差し戻し処理,2,0,0.0,0,0,2
ca85fc9b-7678-41f4-88bb-257f702ea65b,additional,anti,muse-spark-1.2-contributor,F-012,申請者による申請取り消し,2,0,0.0,1,0,1
ca85fc9b-7678-41f4-88bb-257f702ea65b,additional,anti,muse-spark-1.2-contributor,F-013,申請ステータス管理（遷移定義）,2,0,0.0,0,0,2
ca85fc9b-7678-41f4-88bb-257f702ea65b,additional,anti,muse-spark-1.2-contributor,F-014,メール通知,2,0,0.0,1,0,1
ca85fc9b-7678-41f4-88bb-257f702ea65b,additional,anti,muse-spark-1.2-contributor,F-015,承認履歴表示,1,0,0.0,0,0,1
ca85fc9b-7678-41f4-88bb-257f702ea65b,additional,anti,muse-spark-1.2-contributor,F-016,CSVエクスポート,3,2,66.66666666666667,3,0,0
ca85fc9b-7678-41f4-88bb-257f702ea65b,additional,anti,muse-spark-1.2-contributor,F-017,ダッシュボード,2,1,50.0,1,1,1
ca85fc9b-7678-41f4-88bb-257f702ea65b,additional,anti,muse-spark-1.2-contributor,F-018,ユーザー一覧・編集（管理者機能）,3,2,66.66666666666667,3,0,0
ca85fc9b-7678-41f4-88bb-257f702ea65b,additional,anti,muse-spark-1.2-contributor,F-019,パスワード変更,3,2,66.66666666666667,3,0,0
ca85fc9b-7678-41f4-88bb-257f702ea65b,additional,anti,muse-spark-1.2-contributor,F-020,システム設定（管理者機能）,4,3,75.0,4,0,0
f7474040-55b4-40da-b89d-a9a016139246,additional,normal,muse-spark-1.2-contributor,F-001,ユーザー登録,4,4,100.0,4,0,0
f7474040-55b4-40da-b89d-a9a016139246,additional,normal,muse-spark-1.2-contributor,F-002,ログイン・ログアウト,4,2,50.0,4,0,0
f7474040-55b4-40da-b89d-a9a016139246,additional,normal,muse-spark-1.2-contributor,F-003,申請書の新規作成,2,2,100.0,2,0,0
f7474040-55b4-40da-b89d-a9a016139246,additional,normal,muse-spark-1.2-contributor,F-004,申請内容の入力・編集,3,2,66.66666666666667,3,0,0
f7474040-55b4-40da-b89d-a9a016139246,additional,normal,muse-spark-1.2-contributor,F-005,申請の下書き保存,2,1,50.0,2,0,0
f7474040-55b4-40da-b89d-a9a016139246,additional,normal,muse-spark-1.2-contributor,F-006,申請の提出（申請番号採番・承認者決定）,6,6,100.0,7,0,0
f7474040-55b4-40da-b89d-a9a016139246,additional,normal,muse-spark-1.2-contributor,F-007,申請一覧表示,3,3,100.0,3,0,0
f7474040-55b4-40da-b89d-a9a016139246,additional,normal,muse-spark-1.2-contributor,F-008,申請の検索・絞り込み,4,4,100.0,4,0,0
f7474040-55b4-40da-b89d-a9a016139246,additional,normal,muse-spark-1.2-contributor,F-009,申請詳細表示,2,1,50.0,2,0,0
f7474040-55b4-40da-b89d-a9a016139246,additional,normal,muse-spark-1.2-contributor,F-010,承認者による承認処理,3,3,100.0,3,0,0
f7474040-55b4-40da-b89d-a9a016139246,additional,normal,muse-spark-1.2-contributor,F-011,承認者による差し戻し処理,2,2,100.0,2,0,0
f7474040-55b4-40da-b89d-a9a016139246,additional,normal,muse-spark-1.2-contributor,F-012,申請者による申請取り消し,2,1,50.0,2,0,0
f7474040-55b4-40da-b89d-a9a016139246,additional,normal,muse-spark-1.2-contributor,F-013,申請ステータス管理（遷移定義）,2,2,100.0,2,0,0
f7474040-55b4-40da-b89d-a9a016139246,additional,normal,muse-spark-1.2-contributor,F-014,メール通知,2,1,50.0,2,0,0
f7474040-55b4-40da-b89d-a9a016139246,additional,normal,muse-spark-1.2-contributor,F-015,承認履歴表示,1,1,100.0,1,0,0
f7474040-55b4-40da-b89d-a9a016139246,additional,normal,muse-spark-1.2-contributor,F-016,CSVエクスポート,3,2,66.66666666666667,3,0,0
f7474040-55b4-40da-b89d-a9a016139246,additional,normal,muse-spark-1.2-contributor,F-017,ダッシュボード,2,0,0.0,2,0,0
f7474040-55b4-40da-b89d-a9a016139246,additional,normal,muse-spark-1.2-contributor,F-018,ユーザー一覧・編集（管理者機能）,3,3,100.0,3,0,0
f7474040-55b4-40da-b89d-a9a016139246,additional,normal,muse-spark-1.2-contributor,F-019,パスワード変更,3,2,66.66666666666667,3,0,0
f7474040-55b4-40da-b89d-a9a016139246,additional,normal,muse-spark-1.2-contributor,F-020,システム設定（管理者機能）,4,3,75.0,4,0,0
451385f8-693c-4881-927a-2fd87ad343e5,additional,normal,muse-spark-1.2-contributor,F-001,ユーザー登録,4,3,75.0,4,0,0
451385f8-693c-4881-927a-2fd87ad343e5,additional,normal,muse-spark-1.2-contributor,F-002,ログイン・ログアウト,4,3,75.0,4,0,0
451385f8-693c-4881-927a-2fd87ad343e5,additional,normal,muse-spark-1.2-contributor,F-003,申請書の新規作成,2,2,100.0,2,0,0
451385f8-693c-4881-927a-2fd87ad343e5,additional,normal,muse-spark-1.2-contributor,F-004,申請内容の入力・編集,3,1,33.333333333333336,3,0,0
451385f8-693c-4881-927a-2fd87ad343e5,additional,normal,muse-spark-1.2-contributor,F-005,申請の下書き保存,2,0,0.0,1,0,1
451385f8-693c-4881-927a-2fd87ad343e5,additional,normal,muse-spark-1.2-contributor,F-006,申請の提出（申請番号採番・承認者決定）,6,1,16.666666666666668,1,6,6
451385f8-693c-4881-927a-2fd87ad343e5,additional,normal,muse-spark-1.2-contributor,F-007,申請一覧表示,3,0,0.0,0,3,3
451385f8-693c-4881-927a-2fd87ad343e5,additional,normal,muse-spark-1.2-contributor,F-008,申請の検索・絞り込み,4,2,50.0,2,2,2
451385f8-693c-4881-927a-2fd87ad343e5,additional,normal,muse-spark-1.2-contributor,F-009,申請詳細表示,2,0,0.0,0,2,2
451385f8-693c-4881-927a-2fd87ad343e5,additional,normal,muse-spark-1.2-contributor,F-010,承認者による承認処理,3,0,0.0,0,3,3
451385f8-693c-4881-927a-2fd87ad343e5,additional,normal,muse-spark-1.2-contributor,F-011,承認者による差し戻し処理,2,0,0.0,0,2,2
451385f8-693c-4881-927a-2fd87ad343e5,additional,normal,muse-spark-1.2-contributor,F-012,申請者による申請取り消し,2,0,0.0,0,2,2
451385f8-693c-4881-927a-2fd87ad343e5,additional,normal,muse-spark-1.2-contributor,F-013,申請ステータス管理（遷移定義）,2,0,0.0,0,2,2
451385f8-693c-4881-927a-2fd87ad343e5,additional,normal,muse-spark-1.2-contributor,F-014,メール通知,2,0,0.0,0,2,2
451385f8-693c-4881-927a-2fd87ad343e5,additional,normal,muse-spark-1.2-contributor,F-015,承認履歴表示,1,0,0.0,0,1,1
451385f8-693c-4881-927a-2fd87ad343e5,additional,normal,muse-spark-1.2-contributor,F-016,CSVエクスポート,3,1,33.333333333333336,1,2,2
451385f8-693c-4881-927a-2fd87ad343e5,additional,normal,muse-spark-1.2-contributor,F-017,ダッシュボード,2,0,0.0,0,2,2
451385f8-693c-4881-927a-2fd87ad343e5,additional,normal,muse-spark-1.2-contributor,F-018,ユーザー一覧・編集（管理者機能）,3,1,33.333333333333336,1,0,2
451385f8-693c-4881-927a-2fd87ad343e5,additional,normal,muse-spark-1.2-contributor,F-019,パスワード変更,3,3,100.0,3,0,0
451385f8-693c-4881-927a-2fd87ad343e5,additional,normal,muse-spark-1.2-contributor,F-020,システム設定（管理者機能）,4,2,50.0,4,0,0
41824f90-f8f8-45bc-b801-1762e265cd0f,additional,anti,muse-spark-1.2-contributor,F-001,ユーザー登録,4,4,100.0,4,0,0
41824f90-f8f8-45bc-b801-1762e265cd0f,additional,anti,muse-spark-1.2-contributor,F-002,ログイン・ログアウト,4,3,75.0,4,0,0
41824f90-f8f8-45bc-b801-1762e265cd0f,additional,anti,muse-spark-1.2-contributor,F-003,申請書の新規作成,2,2,100.0,2,0,0
41824f90-f8f8-45bc-b801-1762e265cd0f,additional,anti,muse-spark-1.2-contributor,F-004,申請内容の入力・編集,3,1,33.333333333333336,3,0,0
41824f90-f8f8-45bc-b801-1762e265cd0f,additional,anti,muse-spark-1.2-contributor,F-005,申請の下書き保存,2,0,0.0,1,0,1
41824f90-f8f8-45bc-b801-1762e265cd0f,additional,anti,muse-spark-1.2-contributor,F-006,申請の提出（申請番号採番・承認者決定）,6,3,50.0,7,0,0
41824f90-f8f8-45bc-b801-1762e265cd0f,additional,anti,muse-spark-1.2-contributor,F-007,申請一覧表示,3,2,66.66666666666667,3,0,1
41824f90-f8f8-45bc-b801-1762e265cd0f,additional,anti,muse-spark-1.2-contributor,F-008,申請の検索・絞り込み,4,4,100.0,4,0,0
41824f90-f8f8-45bc-b801-1762e265cd0f,additional,anti,muse-spark-1.2-contributor,F-009,申請詳細表示,2,2,100.0,2,0,0
41824f90-f8f8-45bc-b801-1762e265cd0f,additional,anti,muse-spark-1.2-contributor,F-010,承認者による承認処理,3,2,66.66666666666667,2,0,1
41824f90-f8f8-45bc-b801-1762e265cd0f,additional,anti,muse-spark-1.2-contributor,F-011,承認者による差し戻し処理,2,0,0.0,0,0,2
41824f90-f8f8-45bc-b801-1762e265cd0f,additional,anti,muse-spark-1.2-contributor,F-012,申請者による申請取り消し,2,0,0.0,1,0,1
41824f90-f8f8-45bc-b801-1762e265cd0f,additional,anti,muse-spark-1.2-contributor,F-013,申請ステータス管理（遷移定義）,2,0,0.0,0,0,2
41824f90-f8f8-45bc-b801-1762e265cd0f,additional,anti,muse-spark-1.2-contributor,F-014,メール通知,2,0,0.0,1,0,1
41824f90-f8f8-45bc-b801-1762e265cd0f,additional,anti,muse-spark-1.2-contributor,F-015,承認履歴表示,1,0,0.0,0,0,1
41824f90-f8f8-45bc-b801-1762e265cd0f,additional,anti,muse-spark-1.2-contributor,F-016,CSVエクスポート,3,2,66.66666666666667,3,0,0
41824f90-f8f8-45bc-b801-1762e265cd0f,additional,anti,muse-spark-1.2-contributor,F-017,ダッシュボード,2,2,100.0,2,0,0
41824f90-f8f8-45bc-b801-1762e265cd0f,additional,anti,muse-spark-1.2-contributor,F-018,ユーザー一覧・編集（管理者機能）,3,3,100.0,3,0,0
41824f90-f8f8-45bc-b801-1762e265cd0f,additional,anti,muse-spark-1.2-contributor,F-019,パスワード変更,3,3,100.0,3,0,0
41824f90-f8f8-45bc-b801-1762e265cd0f,additional,anti,muse-spark-1.2-contributor,F-020,システム設定（管理者機能）,4,4,100.0,4,0,0
ccac6a7d-177d-46df-b4d1-a3a441da6f3a,additional,anti,muse-spark-1.2-contributor,F-001,ユーザー登録,4,4,100.0,4,0,0
ccac6a7d-177d-46df-b4d1-a3a441da6f3a,additional,anti,muse-spark-1.2-contributor,F-002,ログイン・ログアウト,4,3,75.0,4,0,0
ccac6a7d-177d-46df-b4d1-a3a441da6f3a,additional,anti,muse-spark-1.2-contributor,F-003,申請書の新規作成,2,2,100.0,2,0,0
ccac6a7d-177d-46df-b4d1-a3a441da6f3a,additional,anti,muse-spark-1.2-contributor,F-004,申請内容の入力・編集,3,2,66.66666666666667,3,0,0
ccac6a7d-177d-46df-b4d1-a3a441da6f3a,additional,anti,muse-spark-1.2-contributor,F-005,申請の下書き保存,2,1,50.0,1,0,1
ccac6a7d-177d-46df-b4d1-a3a441da6f3a,additional,anti,muse-spark-1.2-contributor,F-006,申請の提出（申請番号採番・承認者決定）,6,3,50.0,7,0,0
ccac6a7d-177d-46df-b4d1-a3a441da6f3a,additional,anti,muse-spark-1.2-contributor,F-007,申請一覧表示,3,0,0.0,0,3,3
ccac6a7d-177d-46df-b4d1-a3a441da6f3a,additional,anti,muse-spark-1.2-contributor,F-008,申請の検索・絞り込み,4,2,50.0,2,2,2
ccac6a7d-177d-46df-b4d1-a3a441da6f3a,additional,anti,muse-spark-1.2-contributor,F-009,申請詳細表示,2,2,100.0,2,0,0
ccac6a7d-177d-46df-b4d1-a3a441da6f3a,additional,anti,muse-spark-1.2-contributor,F-010,承認者による承認処理,3,2,66.66666666666667,2,0,1
ccac6a7d-177d-46df-b4d1-a3a441da6f3a,additional,anti,muse-spark-1.2-contributor,F-011,承認者による差し戻し処理,2,0,0.0,0,0,2
ccac6a7d-177d-46df-b4d1-a3a441da6f3a,additional,anti,muse-spark-1.2-contributor,F-012,申請者による申請取り消し,2,0,0.0,1,0,1
ccac6a7d-177d-46df-b4d1-a3a441da6f3a,additional,anti,muse-spark-1.2-contributor,F-013,申請ステータス管理（遷移定義）,2,0,0.0,0,0,2
ccac6a7d-177d-46df-b4d1-a3a441da6f3a,additional,anti,muse-spark-1.2-contributor,F-014,メール通知,2,0,0.0,1,0,1
ccac6a7d-177d-46df-b4d1-a3a441da6f3a,additional,anti,muse-spark-1.2-contributor,F-015,承認履歴表示,1,0,0.0,0,0,1
ccac6a7d-177d-46df-b4d1-a3a441da6f3a,additional,anti,muse-spark-1.2-contributor,F-016,CSVエクスポート,3,1,33.333333333333336,1,2,2
ccac6a7d-177d-46df-b4d1-a3a441da6f3a,additional,anti,muse-spark-1.2-contributor,F-017,ダッシュボード,2,0,0.0,0,1,2
ccac6a7d-177d-46df-b4d1-a3a441da6f3a,additional,anti,muse-spark-1.2-contributor,F-018,ユーザー一覧・編集（管理者機能）,3,3,100.0,3,0,0
ccac6a7d-177d-46df-b4d1-a3a441da6f3a,additional,anti,muse-spark-1.2-contributor,F-019,パスワード変更,3,3,100.0,3,0,0
ccac6a7d-177d-46df-b4d1-a3a441da6f3a,additional,anti,muse-spark-1.2-contributor,F-020,システム設定（管理者機能）,4,2,50.0,2,0,2
9b477a67-1f93-4d09-b58a-d7969894d590,additional,normal,muse-spark-1.2-contributor,F-001,ユーザー登録,4,4,100.0,4,0,0
9b477a67-1f93-4d09-b58a-d7969894d590,additional,normal,muse-spark-1.2-contributor,F-002,ログイン・ログアウト,4,3,75.0,4,0,0
9b477a67-1f93-4d09-b58a-d7969894d590,additional,normal,muse-spark-1.2-contributor,F-003,申請書の新規作成,2,2,100.0,2,0,0
9b477a67-1f93-4d09-b58a-d7969894d590,additional,normal,muse-spark-1.2-contributor,F-004,申請内容の入力・編集,3,1,33.333333333333336,3,0,0
9b477a67-1f93-4d09-b58a-d7969894d590,additional,normal,muse-spark-1.2-contributor,F-005,申請の下書き保存,2,1,50.0,1,0,1
9b477a67-1f93-4d09-b58a-d7969894d590,additional,normal,muse-spark-1.2-contributor,F-006,申請の提出（申請番号採番・承認者決定）,6,6,100.0,7,0,0
9b477a67-1f93-4d09-b58a-d7969894d590,additional,normal,muse-spark-1.2-contributor,F-007,申請一覧表示,3,3,100.0,3,0,0
9b477a67-1f93-4d09-b58a-d7969894d590,additional,normal,muse-spark-1.2-contributor,F-008,申請の検索・絞り込み,4,3,75.0,4,0,0
9b477a67-1f93-4d09-b58a-d7969894d590,additional,normal,muse-spark-1.2-contributor,F-009,申請詳細表示,2,2,100.0,2,0,0
9b477a67-1f93-4d09-b58a-d7969894d590,additional,normal,muse-spark-1.2-contributor,F-010,承認者による承認処理,3,3,100.0,3,0,0
9b477a67-1f93-4d09-b58a-d7969894d590,additional,normal,muse-spark-1.2-contributor,F-011,承認者による差し戻し処理,2,2,100.0,2,0,0
9b477a67-1f93-4d09-b58a-d7969894d590,additional,normal,muse-spark-1.2-contributor,F-012,申請者による申請取り消し,2,2,100.0,2,0,0
9b477a67-1f93-4d09-b58a-d7969894d590,additional,normal,muse-spark-1.2-contributor,F-013,申請ステータス管理（遷移定義）,2,1,50.0,1,0,1
9b477a67-1f93-4d09-b58a-d7969894d590,additional,normal,muse-spark-1.2-contributor,F-014,メール通知,2,2,100.0,2,0,0
9b477a67-1f93-4d09-b58a-d7969894d590,additional,normal,muse-spark-1.2-contributor,F-015,承認履歴表示,1,0,0.0,0,0,1
9b477a67-1f93-4d09-b58a-d7969894d590,additional,normal,muse-spark-1.2-contributor,F-016,CSVエクスポート,3,1,33.333333333333336,2,1,1
9b477a67-1f93-4d09-b58a-d7969894d590,additional,normal,muse-spark-1.2-contributor,F-017,ダッシュボード,2,0,0.0,0,2,2
9b477a67-1f93-4d09-b58a-d7969894d590,additional,normal,muse-spark-1.2-contributor,F-018,ユーザー一覧・編集（管理者機能）,3,3,100.0,3,0,0
9b477a67-1f93-4d09-b58a-d7969894d590,additional,normal,muse-spark-1.2-contributor,F-019,パスワード変更,3,3,100.0,3,0,0
9b477a67-1f93-4d09-b58a-d7969894d590,additional,normal,muse-spark-1.2-contributor,F-020,システム設定（管理者機能）,4,4,100.0,4,0,0
9305af1b-22f7-490c-9f39-d6e7f82619fb,additional,anti,muse-spark-1.2-contributor,F-001,ユーザー登録,4,2,50.0,4,0,2
9305af1b-22f7-490c-9f39-d6e7f82619fb,additional,anti,muse-spark-1.2-contributor,F-002,ログイン・ログアウト,4,3,75.0,4,0,0
9305af1b-22f7-490c-9f39-d6e7f82619fb,additional,anti,muse-spark-1.2-contributor,F-003,申請書の新規作成,2,2,100.0,2,0,0
9305af1b-22f7-490c-9f39-d6e7f82619fb,additional,anti,muse-spark-1.2-contributor,F-004,申請内容の入力・編集,3,1,33.333333333333336,3,0,0
9305af1b-22f7-490c-9f39-d6e7f82619fb,additional,anti,muse-spark-1.2-contributor,F-005,申請の下書き保存,2,2,100.0,2,0,0
9305af1b-22f7-490c-9f39-d6e7f82619fb,additional,anti,muse-spark-1.2-contributor,F-006,申請の提出（申請番号採番・承認者決定）,6,3,50.0,7,0,0
9305af1b-22f7-490c-9f39-d6e7f82619fb,additional,anti,muse-spark-1.2-contributor,F-007,申請一覧表示,3,3,100.0,3,0,0
9305af1b-22f7-490c-9f39-d6e7f82619fb,additional,anti,muse-spark-1.2-contributor,F-008,申請の検索・絞り込み,4,4,100.0,4,0,0
9305af1b-22f7-490c-9f39-d6e7f82619fb,additional,anti,muse-spark-1.2-contributor,F-009,申請詳細表示,2,2,100.0,2,0,0
9305af1b-22f7-490c-9f39-d6e7f82619fb,additional,anti,muse-spark-1.2-contributor,F-010,承認者による承認処理,3,2,66.66666666666667,2,0,1
9305af1b-22f7-490c-9f39-d6e7f82619fb,additional,anti,muse-spark-1.2-contributor,F-011,承認者による差し戻し処理,2,0,0.0,0,0,2
9305af1b-22f7-490c-9f39-d6e7f82619fb,additional,anti,muse-spark-1.2-contributor,F-012,申請者による申請取り消し,2,0,0.0,1,0,1
9305af1b-22f7-490c-9f39-d6e7f82619fb,additional,anti,muse-spark-1.2-contributor,F-013,申請ステータス管理（遷移定義）,2,0,0.0,0,0,2
9305af1b-22f7-490c-9f39-d6e7f82619fb,additional,anti,muse-spark-1.2-contributor,F-014,メール通知,2,0,0.0,1,0,1
9305af1b-22f7-490c-9f39-d6e7f82619fb,additional,anti,muse-spark-1.2-contributor,F-015,承認履歴表示,1,0,0.0,0,0,1
9305af1b-22f7-490c-9f39-d6e7f82619fb,additional,anti,muse-spark-1.2-contributor,F-016,CSVエクスポート,3,0,0.0,0,1,3
9305af1b-22f7-490c-9f39-d6e7f82619fb,additional,anti,muse-spark-1.2-contributor,F-017,ダッシュボード,2,1,50.0,2,0,0
9305af1b-22f7-490c-9f39-d6e7f82619fb,additional,anti,muse-spark-1.2-contributor,F-018,ユーザー一覧・編集（管理者機能）,3,0,0.0,0,0,3
9305af1b-22f7-490c-9f39-d6e7f82619fb,additional,anti,muse-spark-1.2-contributor,F-019,パスワード変更,3,3,100.0,3,0,0
9305af1b-22f7-490c-9f39-d6e7f82619fb,additional,anti,muse-spark-1.2-contributor,F-020,システム設定（管理者機能）,4,0,0.0,0,0,4
5864c2dd-59e9-4a85-b07d-28c093aaa16a,additional,normal,muse-spark-1.2-contributor,F-001,ユーザー登録,4,4,100.0,4,0,0
5864c2dd-59e9-4a85-b07d-28c093aaa16a,additional,normal,muse-spark-1.2-contributor,F-002,ログイン・ログアウト,4,2,50.0,4,0,0
5864c2dd-59e9-4a85-b07d-28c093aaa16a,additional,normal,muse-spark-1.2-contributor,F-003,申請書の新規作成,2,2,100.0,2,0,0
5864c2dd-59e9-4a85-b07d-28c093aaa16a,additional,normal,muse-spark-1.2-contributor,F-004,申請内容の入力・編集,3,2,66.66666666666667,3,0,0
5864c2dd-59e9-4a85-b07d-28c093aaa16a,additional,normal,muse-spark-1.2-contributor,F-005,申請の下書き保存,2,1,50.0,1,0,1
5864c2dd-59e9-4a85-b07d-28c093aaa16a,additional,normal,muse-spark-1.2-contributor,F-006,申請の提出（申請番号採番・承認者決定）,6,6,100.0,7,0,0
5864c2dd-59e9-4a85-b07d-28c093aaa16a,additional,normal,muse-spark-1.2-contributor,F-007,申請一覧表示,3,0,0.0,0,3,3
5864c2dd-59e9-4a85-b07d-28c093aaa16a,additional,normal,muse-spark-1.2-contributor,F-008,申請の検索・絞り込み,4,2,50.0,2,2,2
5864c2dd-59e9-4a85-b07d-28c093aaa16a,additional,normal,muse-spark-1.2-contributor,F-009,申請詳細表示,2,1,50.0,2,0,0
5864c2dd-59e9-4a85-b07d-28c093aaa16a,additional,normal,muse-spark-1.2-contributor,F-010,承認者による承認処理,3,3,100.0,3,0,0
5864c2dd-59e9-4a85-b07d-28c093aaa16a,additional,normal,muse-spark-1.2-contributor,F-011,承認者による差し戻し処理,2,2,100.0,2,0,0
5864c2dd-59e9-4a85-b07d-28c093aaa16a,additional,normal,muse-spark-1.2-contributor,F-012,申請者による申請取り消し,2,2,100.0,2,0,0
5864c2dd-59e9-4a85-b07d-28c093aaa16a,additional,normal,muse-spark-1.2-contributor,F-013,申請ステータス管理（遷移定義）,2,1,50.0,1,0,1
5864c2dd-59e9-4a85-b07d-28c093aaa16a,additional,normal,muse-spark-1.2-contributor,F-014,メール通知,2,2,100.0,2,0,0
5864c2dd-59e9-4a85-b07d-28c093aaa16a,additional,normal,muse-spark-1.2-contributor,F-015,承認履歴表示,1,0,0.0,0,0,1
5864c2dd-59e9-4a85-b07d-28c093aaa16a,additional,normal,muse-spark-1.2-contributor,F-016,CSVエクスポート,3,1,33.333333333333336,1,2,2
5864c2dd-59e9-4a85-b07d-28c093aaa16a,additional,normal,muse-spark-1.2-contributor,F-017,ダッシュボード,2,0,0.0,0,2,2
5864c2dd-59e9-4a85-b07d-28c093aaa16a,additional,normal,muse-spark-1.2-contributor,F-018,ユーザー一覧・編集（管理者機能）,3,2,66.66666666666667,3,0,0
5864c2dd-59e9-4a85-b07d-28c093aaa16a,additional,normal,muse-spark-1.2-contributor,F-019,パスワード変更,3,2,66.66666666666667,3,0,0
5864c2dd-59e9-4a85-b07d-28c093aaa16a,additional,normal,muse-spark-1.2-contributor,F-020,システム設定（管理者機能）,4,3,75.0,4,0,0
7cce7b2d-1ee9-410e-a216-da48d74b3f23,additional,normal,muse-spark-1.2-contributor,F-001,ユーザー登録,4,4,100.0,4,0,0
7cce7b2d-1ee9-410e-a216-da48d74b3f23,additional,normal,muse-spark-1.2-contributor,F-002,ログイン・ログアウト,4,3,75.0,4,0,0
7cce7b2d-1ee9-410e-a216-da48d74b3f23,additional,normal,muse-spark-1.2-contributor,F-003,申請書の新規作成,2,0,0.0,0,0,2
7cce7b2d-1ee9-410e-a216-da48d74b3f23,additional,normal,muse-spark-1.2-contributor,F-004,申請内容の入力・編集,3,2,66.66666666666667,3,0,0
7cce7b2d-1ee9-410e-a216-da48d74b3f23,additional,normal,muse-spark-1.2-contributor,F-005,申請の下書き保存,2,1,50.0,1,0,1
7cce7b2d-1ee9-410e-a216-da48d74b3f23,additional,normal,muse-spark-1.2-contributor,F-006,申請の提出（申請番号採番・承認者決定）,6,6,100.0,7,0,0
7cce7b2d-1ee9-410e-a216-da48d74b3f23,additional,normal,muse-spark-1.2-contributor,F-007,申請一覧表示,3,3,100.0,3,0,0
7cce7b2d-1ee9-410e-a216-da48d74b3f23,additional,normal,muse-spark-1.2-contributor,F-008,申請の検索・絞り込み,4,3,75.0,4,0,0
7cce7b2d-1ee9-410e-a216-da48d74b3f23,additional,normal,muse-spark-1.2-contributor,F-009,申請詳細表示,2,2,100.0,2,0,0
7cce7b2d-1ee9-410e-a216-da48d74b3f23,additional,normal,muse-spark-1.2-contributor,F-010,承認者による承認処理,3,3,100.0,3,0,0
7cce7b2d-1ee9-410e-a216-da48d74b3f23,additional,normal,muse-spark-1.2-contributor,F-011,承認者による差し戻し処理,2,2,100.0,2,0,0
7cce7b2d-1ee9-410e-a216-da48d74b3f23,additional,normal,muse-spark-1.2-contributor,F-012,申請者による申請取り消し,2,2,100.0,2,0,0
7cce7b2d-1ee9-410e-a216-da48d74b3f23,additional,normal,muse-spark-1.2-contributor,F-013,申請ステータス管理（遷移定義）,2,1,50.0,1,0,1
7cce7b2d-1ee9-410e-a216-da48d74b3f23,additional,normal,muse-spark-1.2-contributor,F-014,メール通知,2,2,100.0,2,0,0
7cce7b2d-1ee9-410e-a216-da48d74b3f23,additional,normal,muse-spark-1.2-contributor,F-015,承認履歴表示,1,0,0.0,0,0,1
7cce7b2d-1ee9-410e-a216-da48d74b3f23,additional,normal,muse-spark-1.2-contributor,F-016,CSVエクスポート,3,1,33.333333333333336,2,0,1
7cce7b2d-1ee9-410e-a216-da48d74b3f23,additional,normal,muse-spark-1.2-contributor,F-017,ダッシュボード,2,2,100.0,2,0,0
7cce7b2d-1ee9-410e-a216-da48d74b3f23,additional,normal,muse-spark-1.2-contributor,F-018,ユーザー一覧・編集（管理者機能）,3,3,100.0,3,0,0
7cce7b2d-1ee9-410e-a216-da48d74b3f23,additional,normal,muse-spark-1.2-contributor,F-019,パスワード変更,3,2,66.66666666666667,3,0,0
7cce7b2d-1ee9-410e-a216-da48d74b3f23,additional,normal,muse-spark-1.2-contributor,F-020,システム設定（管理者機能）,4,4,100.0,4,0,0
cbbb10c7-8f02-4692-8214-a371b9bcc307,additional,normal,muse-spark-1.2-contributor,F-001,ユーザー登録,4,4,100.0,4,0,0
cbbb10c7-8f02-4692-8214-a371b9bcc307,additional,normal,muse-spark-1.2-contributor,F-002,ログイン・ログアウト,4,3,75.0,4,0,0
cbbb10c7-8f02-4692-8214-a371b9bcc307,additional,normal,muse-spark-1.2-contributor,F-003,申請書の新規作成,2,0,0.0,0,0,2
cbbb10c7-8f02-4692-8214-a371b9bcc307,additional,normal,muse-spark-1.2-contributor,F-004,申請内容の入力・編集,3,0,0.0,0,0,3
cbbb10c7-8f02-4692-8214-a371b9bcc307,additional,normal,muse-spark-1.2-contributor,F-005,申請の下書き保存,2,0,0.0,0,0,2
cbbb10c7-8f02-4692-8214-a371b9bcc307,additional,normal,muse-spark-1.2-contributor,F-006,申請の提出（申請番号採番・承認者決定）,6,0,0.0,0,0,7
cbbb10c7-8f02-4692-8214-a371b9bcc307,additional,normal,muse-spark-1.2-contributor,F-007,申請一覧表示,3,0,0.0,0,3,3
cbbb10c7-8f02-4692-8214-a371b9bcc307,additional,normal,muse-spark-1.2-contributor,F-008,申請の検索・絞り込み,4,2,50.0,2,2,2
cbbb10c7-8f02-4692-8214-a371b9bcc307,additional,normal,muse-spark-1.2-contributor,F-009,申請詳細表示,2,0,0.0,0,0,2
cbbb10c7-8f02-4692-8214-a371b9bcc307,additional,normal,muse-spark-1.2-contributor,F-010,承認者による承認処理,3,0,0.0,0,0,3
cbbb10c7-8f02-4692-8214-a371b9bcc307,additional,normal,muse-spark-1.2-contributor,F-011,承認者による差し戻し処理,2,0,0.0,0,0,2
cbbb10c7-8f02-4692-8214-a371b9bcc307,additional,normal,muse-spark-1.2-contributor,F-012,申請者による申請取り消し,2,0,0.0,0,0,2
cbbb10c7-8f02-4692-8214-a371b9bcc307,additional,normal,muse-spark-1.2-contributor,F-013,申請ステータス管理（遷移定義）,2,0,0.0,0,0,2
cbbb10c7-8f02-4692-8214-a371b9bcc307,additional,normal,muse-spark-1.2-contributor,F-014,メール通知,2,0,0.0,0,0,2
cbbb10c7-8f02-4692-8214-a371b9bcc307,additional,normal,muse-spark-1.2-contributor,F-015,承認履歴表示,1,0,0.0,0,0,1
cbbb10c7-8f02-4692-8214-a371b9bcc307,additional,normal,muse-spark-1.2-contributor,F-016,CSVエクスポート,3,1,33.333333333333336,1,2,2
cbbb10c7-8f02-4692-8214-a371b9bcc307,additional,normal,muse-spark-1.2-contributor,F-017,ダッシュボード,2,0,0.0,0,1,2
cbbb10c7-8f02-4692-8214-a371b9bcc307,additional,normal,muse-spark-1.2-contributor,F-018,ユーザー一覧・編集（管理者機能）,3,3,100.0,3,0,0
cbbb10c7-8f02-4692-8214-a371b9bcc307,additional,normal,muse-spark-1.2-contributor,F-019,パスワード変更,3,3,100.0,3,0,0
cbbb10c7-8f02-4692-8214-a371b9bcc307,additional,normal,muse-spark-1.2-contributor,F-020,システム設定（管理者機能）,4,1,25.0,2,0,2
cb52fec6-4294-41ad-8a10-e507d4995f0d,additional,anti,muse-spark-1.2-contributor,F-001,ユーザー登録,4,4,100.0,4,0,0
cb52fec6-4294-41ad-8a10-e507d4995f0d,additional,anti,muse-spark-1.2-contributor,F-002,ログイン・ログアウト,4,3,75.0,4,0,0
cb52fec6-4294-41ad-8a10-e507d4995f0d,additional,anti,muse-spark-1.2-contributor,F-003,申請書の新規作成,2,1,50.0,2,0,0
cb52fec6-4294-41ad-8a10-e507d4995f0d,additional,anti,muse-spark-1.2-contributor,F-004,申請内容の入力・編集,3,1,33.333333333333336,3,0,0
cb52fec6-4294-41ad-8a10-e507d4995f0d,additional,anti,muse-spark-1.2-contributor,F-005,申請の下書き保存,2,2,100.0,2,0,0
cb52fec6-4294-41ad-8a10-e507d4995f0d,additional,anti,muse-spark-1.2-contributor,F-006,申請の提出（申請番号採番・承認者決定）,6,1,16.666666666666668,1,6,6
cb52fec6-4294-41ad-8a10-e507d4995f0d,additional,anti,muse-spark-1.2-contributor,F-007,申請一覧表示,3,0,0.0,0,3,3
cb52fec6-4294-41ad-8a10-e507d4995f0d,additional,anti,muse-spark-1.2-contributor,F-008,申請の検索・絞り込み,4,2,50.0,2,2,2
cb52fec6-4294-41ad-8a10-e507d4995f0d,additional,anti,muse-spark-1.2-contributor,F-009,申請詳細表示,2,0,0.0,0,2,2
cb52fec6-4294-41ad-8a10-e507d4995f0d,additional,anti,muse-spark-1.2-contributor,F-010,承認者による承認処理,3,0,0.0,0,3,3
cb52fec6-4294-41ad-8a10-e507d4995f0d,additional,anti,muse-spark-1.2-contributor,F-011,承認者による差し戻し処理,2,0,0.0,0,2,2
cb52fec6-4294-41ad-8a10-e507d4995f0d,additional,anti,muse-spark-1.2-contributor,F-012,申請者による申請取り消し,2,0,0.0,0,2,2
cb52fec6-4294-41ad-8a10-e507d4995f0d,additional,anti,muse-spark-1.2-contributor,F-013,申請ステータス管理（遷移定義）,2,0,0.0,0,2,2
cb52fec6-4294-41ad-8a10-e507d4995f0d,additional,anti,muse-spark-1.2-contributor,F-014,メール通知,2,0,0.0,0,2,2
cb52fec6-4294-41ad-8a10-e507d4995f0d,additional,anti,muse-spark-1.2-contributor,F-015,承認履歴表示,1,0,0.0,0,1,1
cb52fec6-4294-41ad-8a10-e507d4995f0d,additional,anti,muse-spark-1.2-contributor,F-016,CSVエクスポート,3,1,33.333333333333336,1,2,2
cb52fec6-4294-41ad-8a10-e507d4995f0d,additional,anti,muse-spark-1.2-contributor,F-017,ダッシュボード,2,0,0.0,0,2,2
cb52fec6-4294-41ad-8a10-e507d4995f0d,additional,anti,muse-spark-1.2-contributor,F-018,ユーザー一覧・編集（管理者機能）,3,3,100.0,3,0,0
cb52fec6-4294-41ad-8a10-e507d4995f0d,additional,anti,muse-spark-1.2-contributor,F-019,パスワード変更,3,3,100.0,3,0,0
cb52fec6-4294-41ad-8a10-e507d4995f0d,additional,anti,muse-spark-1.2-contributor,F-020,システム設定（管理者機能）,4,4,100.0,4,0,0
cd059f6d-258d-45e1-a395-eecbda0ac97a,additional,normal,muse-spark-1.2-contributor,F-001,ユーザー登録,4,2,50.0,4,0,1
cd059f6d-258d-45e1-a395-eecbda0ac97a,additional,normal,muse-spark-1.2-contributor,F-002,ログイン・ログアウト,4,2,50.0,3,1,0
cd059f6d-258d-45e1-a395-eecbda0ac97a,additional,normal,muse-spark-1.2-contributor,F-003,申請書の新規作成,2,2,100.0,2,0,0
cd059f6d-258d-45e1-a395-eecbda0ac97a,additional,normal,muse-spark-1.2-contributor,F-004,申請内容の入力・編集,3,2,66.66666666666667,2,0,1
cd059f6d-258d-45e1-a395-eecbda0ac97a,additional,normal,muse-spark-1.2-contributor,F-005,申請の下書き保存,2,0,0.0,1,0,1
cd059f6d-258d-45e1-a395-eecbda0ac97a,additional,normal,muse-spark-1.2-contributor,F-006,申請の提出（申請番号採番・承認者決定）,6,1,16.666666666666668,1,6,6
cd059f6d-258d-45e1-a395-eecbda0ac97a,additional,normal,muse-spark-1.2-contributor,F-007,申請一覧表示,3,0,0.0,0,3,3
cd059f6d-258d-45e1-a395-eecbda0ac97a,additional,normal,muse-spark-1.2-contributor,F-008,申請の検索・絞り込み,4,2,50.0,2,2,2
cd059f6d-258d-45e1-a395-eecbda0ac97a,additional,normal,muse-spark-1.2-contributor,F-009,申請詳細表示,2,0,0.0,0,1,1
cd059f6d-258d-45e1-a395-eecbda0ac97a,additional,normal,muse-spark-1.2-contributor,F-010,承認者による承認処理,3,0,0.0,0,3,3
cd059f6d-258d-45e1-a395-eecbda0ac97a,additional,normal,muse-spark-1.2-contributor,F-011,承認者による差し戻し処理,2,0,0.0,0,2,2
cd059f6d-258d-45e1-a395-eecbda0ac97a,additional,normal,muse-spark-1.2-contributor,F-012,申請者による申請取り消し,2,0,0.0,0,2,2
cd059f6d-258d-45e1-a395-eecbda0ac97a,additional,normal,muse-spark-1.2-contributor,F-013,申請ステータス管理（遷移定義）,2,0,0.0,0,2,2
cd059f6d-258d-45e1-a395-eecbda0ac97a,additional,normal,muse-spark-1.2-contributor,F-014,メール通知,2,0,0.0,0,2,2
cd059f6d-258d-45e1-a395-eecbda0ac97a,additional,normal,muse-spark-1.2-contributor,F-015,承認履歴表示,1,0,0.0,0,1,1
cd059f6d-258d-45e1-a395-eecbda0ac97a,additional,normal,muse-spark-1.2-contributor,F-016,CSVエクスポート,3,0,0.0,0,3,3
cd059f6d-258d-45e1-a395-eecbda0ac97a,additional,normal,muse-spark-1.2-contributor,F-017,ダッシュボード,2,0,0.0,0,2,2
cd059f6d-258d-45e1-a395-eecbda0ac97a,additional,normal,muse-spark-1.2-contributor,F-018,ユーザー一覧・編集（管理者機能）,3,0,0.0,0,1,2
cd059f6d-258d-45e1-a395-eecbda0ac97a,additional,normal,muse-spark-1.2-contributor,F-019,パスワード変更,3,3,100.0,3,0,0
cd059f6d-258d-45e1-a395-eecbda0ac97a,additional,normal,muse-spark-1.2-contributor,F-020,システム設定（管理者機能）,4,0,0.0,0,0,4
c276743a-2030-42c6-a0b7-e8c787f6f37b,additional,anti,muse-spark-1.2-contributor,F-001,ユーザー登録,4,4,100.0,4,0,0
c276743a-2030-42c6-a0b7-e8c787f6f37b,additional,anti,muse-spark-1.2-contributor,F-002,ログイン・ログアウト,4,3,75.0,4,0,0
c276743a-2030-42c6-a0b7-e8c787f6f37b,additional,anti,muse-spark-1.2-contributor,F-003,申請書の新規作成,2,0,0.0,0,0,2
c276743a-2030-42c6-a0b7-e8c787f6f37b,additional,anti,muse-spark-1.2-contributor,F-004,申請内容の入力・編集,3,0,0.0,0,0,3
c276743a-2030-42c6-a0b7-e8c787f6f37b,additional,anti,muse-spark-1.2-contributor,F-005,申請の下書き保存,2,0,0.0,0,0,2
c276743a-2030-42c6-a0b7-e8c787f6f37b,additional,anti,muse-spark-1.2-contributor,F-006,申請の提出（申請番号採番・承認者決定）,6,0,0.0,0,0,7
c276743a-2030-42c6-a0b7-e8c787f6f37b,additional,anti,muse-spark-1.2-contributor,F-007,申請一覧表示,3,0,0.0,0,3,3
c276743a-2030-42c6-a0b7-e8c787f6f37b,additional,anti,muse-spark-1.2-contributor,F-008,申請の検索・絞り込み,4,0,0.0,0,2,4
c276743a-2030-42c6-a0b7-e8c787f6f37b,additional,anti,muse-spark-1.2-contributor,F-009,申請詳細表示,2,0,0.0,0,0,2
c276743a-2030-42c6-a0b7-e8c787f6f37b,additional,anti,muse-spark-1.2-contributor,F-010,承認者による承認処理,3,0,0.0,0,0,3
c276743a-2030-42c6-a0b7-e8c787f6f37b,additional,anti,muse-spark-1.2-contributor,F-011,承認者による差し戻し処理,2,0,0.0,0,0,2
c276743a-2030-42c6-a0b7-e8c787f6f37b,additional,anti,muse-spark-1.2-contributor,F-012,申請者による申請取り消し,2,0,0.0,0,0,2
c276743a-2030-42c6-a0b7-e8c787f6f37b,additional,anti,muse-spark-1.2-contributor,F-013,申請ステータス管理（遷移定義）,2,0,0.0,0,0,2
c276743a-2030-42c6-a0b7-e8c787f6f37b,additional,anti,muse-spark-1.2-contributor,F-014,メール通知,2,0,0.0,0,0,2
c276743a-2030-42c6-a0b7-e8c787f6f37b,additional,anti,muse-spark-1.2-contributor,F-015,承認履歴表示,1,0,0.0,0,0,1
c276743a-2030-42c6-a0b7-e8c787f6f37b,additional,anti,muse-spark-1.2-contributor,F-016,CSVエクスポート,3,0,0.0,0,3,3
c276743a-2030-42c6-a0b7-e8c787f6f37b,additional,anti,muse-spark-1.2-contributor,F-017,ダッシュボード,2,0,0.0,0,1,2
c276743a-2030-42c6-a0b7-e8c787f6f37b,additional,anti,muse-spark-1.2-contributor,F-018,ユーザー一覧・編集（管理者機能）,3,3,100.0,3,0,0
c276743a-2030-42c6-a0b7-e8c787f6f37b,additional,anti,muse-spark-1.2-contributor,F-019,パスワード変更,3,3,100.0,3,0,0
c276743a-2030-42c6-a0b7-e8c787f6f37b,additional,anti,muse-spark-1.2-contributor,F-020,システム設定（管理者機能）,4,1,25.0,2,0,2
1e69ea5e-7f7f-40e3-b95b-94663edf4734,additional,normal,muse-spark-1.2-contributor,F-001,ユーザー登録,4,4,100.0,4,0,0
1e69ea5e-7f7f-40e3-b95b-94663edf4734,additional,normal,muse-spark-1.2-contributor,F-002,ログイン・ログアウト,4,3,75.0,4,0,0
1e69ea5e-7f7f-40e3-b95b-94663edf4734,additional,normal,muse-spark-1.2-contributor,F-003,申請書の新規作成,2,2,100.0,2,0,0
1e69ea5e-7f7f-40e3-b95b-94663edf4734,additional,normal,muse-spark-1.2-contributor,F-004,申請内容の入力・編集,3,2,66.66666666666667,2,0,1
1e69ea5e-7f7f-40e3-b95b-94663edf4734,additional,normal,muse-spark-1.2-contributor,F-005,申請の下書き保存,2,0,0.0,2,0,0
1e69ea5e-7f7f-40e3-b95b-94663edf4734,additional,normal,muse-spark-1.2-contributor,F-006,申請の提出（申請番号採番・承認者決定）,6,6,100.0,7,0,0
1e69ea5e-7f7f-40e3-b95b-94663edf4734,additional,normal,muse-spark-1.2-contributor,F-007,申請一覧表示,3,3,100.0,3,0,0
1e69ea5e-7f7f-40e3-b95b-94663edf4734,additional,normal,muse-spark-1.2-contributor,F-008,申請の検索・絞り込み,4,3,75.0,4,0,0
1e69ea5e-7f7f-40e3-b95b-94663edf4734,additional,normal,muse-spark-1.2-contributor,F-009,申請詳細表示,2,1,50.0,1,0,1
1e69ea5e-7f7f-40e3-b95b-94663edf4734,additional,normal,muse-spark-1.2-contributor,F-010,承認者による承認処理,3,2,66.66666666666667,2,0,1
1e69ea5e-7f7f-40e3-b95b-94663edf4734,additional,normal,muse-spark-1.2-contributor,F-011,承認者による差し戻し処理,2,0,0.0,0,0,2
1e69ea5e-7f7f-40e3-b95b-94663edf4734,additional,normal,muse-spark-1.2-contributor,F-012,申請者による申請取り消し,2,1,50.0,2,0,0
1e69ea5e-7f7f-40e3-b95b-94663edf4734,additional,normal,muse-spark-1.2-contributor,F-013,申請ステータス管理（遷移定義）,2,1,50.0,1,0,1
1e69ea5e-7f7f-40e3-b95b-94663edf4734,additional,normal,muse-spark-1.2-contributor,F-014,メール通知,2,2,100.0,2,0,0
1e69ea5e-7f7f-40e3-b95b-94663edf4734,additional,normal,muse-spark-1.2-contributor,F-015,承認履歴表示,1,0,0.0,0,0,1
1e69ea5e-7f7f-40e3-b95b-94663edf4734,additional,normal,muse-spark-1.2-contributor,F-016,CSVエクスポート,3,2,66.66666666666667,3,0,0
1e69ea5e-7f7f-40e3-b95b-94663edf4734,additional,normal,muse-spark-1.2-contributor,F-017,ダッシュボード,2,1,50.0,1,0,1
1e69ea5e-7f7f-40e3-b95b-94663edf4734,additional,normal,muse-spark-1.2-contributor,F-018,ユーザー一覧・編集（管理者機能）,3,1,33.333333333333336,3,0,0
1e69ea5e-7f7f-40e3-b95b-94663edf4734,additional,normal,muse-spark-1.2-contributor,F-019,パスワード変更,3,2,66.66666666666667,3,0,0
1e69ea5e-7f7f-40e3-b95b-94663edf4734,additional,normal,muse-spark-1.2-contributor,F-020,システム設定（管理者機能）,4,1,25.0,2,0,2
aa86b7d9-3527-4481-926b-d65012b6fd06,additional,anti,muse-spark-1.2-contributor,F-001,ユーザー登録,4,4,100.0,4,0,0
aa86b7d9-3527-4481-926b-d65012b6fd06,additional,anti,muse-spark-1.2-contributor,F-002,ログイン・ログアウト,4,2,50.0,4,0,0
aa86b7d9-3527-4481-926b-d65012b6fd06,additional,anti,muse-spark-1.2-contributor,F-003,申請書の新規作成,2,2,100.0,2,0,0
aa86b7d9-3527-4481-926b-d65012b6fd06,additional,anti,muse-spark-1.2-contributor,F-004,申請内容の入力・編集,3,1,33.333333333333336,3,0,0
aa86b7d9-3527-4481-926b-d65012b6fd06,additional,anti,muse-spark-1.2-contributor,F-005,申請の下書き保存,2,2,100.0,2,0,0
aa86b7d9-3527-4481-926b-d65012b6fd06,additional,anti,muse-spark-1.2-contributor,F-006,申請の提出（申請番号採番・承認者決定）,6,3,50.0,7,0,0
aa86b7d9-3527-4481-926b-d65012b6fd06,additional,anti,muse-spark-1.2-contributor,F-007,申請一覧表示,3,3,100.0,3,0,0
aa86b7d9-3527-4481-926b-d65012b6fd06,additional,anti,muse-spark-1.2-contributor,F-008,申請の検索・絞り込み,4,4,100.0,4,0,0
aa86b7d9-3527-4481-926b-d65012b6fd06,additional,anti,muse-spark-1.2-contributor,F-009,申請詳細表示,2,2,100.0,2,0,0
aa86b7d9-3527-4481-926b-d65012b6fd06,additional,anti,muse-spark-1.2-contributor,F-010,承認者による承認処理,3,2,66.66666666666667,2,0,1
aa86b7d9-3527-4481-926b-d65012b6fd06,additional,anti,muse-spark-1.2-contributor,F-011,承認者による差し戻し処理,2,0,0.0,0,0,2
aa86b7d9-3527-4481-926b-d65012b6fd06,additional,anti,muse-spark-1.2-contributor,F-012,申請者による申請取り消し,2,0,0.0,1,0,1
aa86b7d9-3527-4481-926b-d65012b6fd06,additional,anti,muse-spark-1.2-contributor,F-013,申請ステータス管理（遷移定義）,2,0,0.0,0,0,2
aa86b7d9-3527-4481-926b-d65012b6fd06,additional,anti,muse-spark-1.2-contributor,F-014,メール通知,2,0,0.0,1,0,1
aa86b7d9-3527-4481-926b-d65012b6fd06,additional,anti,muse-spark-1.2-contributor,F-015,承認履歴表示,1,0,0.0,0,0,1
aa86b7d9-3527-4481-926b-d65012b6fd06,additional,anti,muse-spark-1.2-contributor,F-016,CSVエクスポート,3,2,66.66666666666667,3,0,0
aa86b7d9-3527-4481-926b-d65012b6fd06,additional,anti,muse-spark-1.2-contributor,F-017,ダッシュボード,2,1,50.0,2,0,0
aa86b7d9-3527-4481-926b-d65012b6fd06,additional,anti,muse-spark-1.2-contributor,F-018,ユーザー一覧・編集（管理者機能）,3,3,100.0,3,0,0
aa86b7d9-3527-4481-926b-d65012b6fd06,additional,anti,muse-spark-1.2-contributor,F-019,パスワード変更,3,3,100.0,3,0,0
aa86b7d9-3527-4481-926b-d65012b6fd06,additional,anti,muse-spark-1.2-contributor,F-020,システム設定（管理者機能）,4,4,100.0,4,0,0
38fba73c-e82c-49e2-9dd4-3fca7d63bdfd,additional,anti,muse-spark-1.2-contributor,F-001,ユーザー登録,4,2,50.0,4,2,0
38fba73c-e82c-49e2-9dd4-3fca7d63bdfd,additional,anti,muse-spark-1.2-contributor,F-002,ログイン・ログアウト,4,1,25.0,2,2,0
38fba73c-e82c-49e2-9dd4-3fca7d63bdfd,additional,anti,muse-spark-1.2-contributor,F-003,申請書の新規作成,2,0,0.0,0,2,0
38fba73c-e82c-49e2-9dd4-3fca7d63bdfd,additional,anti,muse-spark-1.2-contributor,F-004,申請内容の入力・編集,3,0,0.0,0,3,0
38fba73c-e82c-49e2-9dd4-3fca7d63bdfd,additional,anti,muse-spark-1.2-contributor,F-005,申請の下書き保存,2,0,0.0,0,2,0
38fba73c-e82c-49e2-9dd4-3fca7d63bdfd,additional,anti,muse-spark-1.2-contributor,F-006,申請の提出（申請番号採番・承認者決定）,6,0,0.0,0,7,0
38fba73c-e82c-49e2-9dd4-3fca7d63bdfd,additional,anti,muse-spark-1.2-contributor,F-007,申請一覧表示,3,0,0.0,0,3,0
38fba73c-e82c-49e2-9dd4-3fca7d63bdfd,additional,anti,muse-spark-1.2-contributor,F-008,申請の検索・絞り込み,4,0,0.0,0,4,0
38fba73c-e82c-49e2-9dd4-3fca7d63bdfd,additional,anti,muse-spark-1.2-contributor,F-009,申請詳細表示,2,0,0.0,0,2,0
38fba73c-e82c-49e2-9dd4-3fca7d63bdfd,additional,anti,muse-spark-1.2-contributor,F-010,承認者による承認処理,3,0,0.0,0,3,0
38fba73c-e82c-49e2-9dd4-3fca7d63bdfd,additional,anti,muse-spark-1.2-contributor,F-011,承認者による差し戻し処理,2,0,0.0,0,2,0
38fba73c-e82c-49e2-9dd4-3fca7d63bdfd,additional,anti,muse-spark-1.2-contributor,F-012,申請者による申請取り消し,2,0,0.0,0,2,0
38fba73c-e82c-49e2-9dd4-3fca7d63bdfd,additional,anti,muse-spark-1.2-contributor,F-013,申請ステータス管理（遷移定義）,2,0,0.0,0,2,0
38fba73c-e82c-49e2-9dd4-3fca7d63bdfd,additional,anti,muse-spark-1.2-contributor,F-014,メール通知,2,0,0.0,0,2,0
38fba73c-e82c-49e2-9dd4-3fca7d63bdfd,additional,anti,muse-spark-1.2-contributor,F-015,承認履歴表示,1,0,0.0,0,1,0
38fba73c-e82c-49e2-9dd4-3fca7d63bdfd,additional,anti,muse-spark-1.2-contributor,F-016,CSVエクスポート,3,0,0.0,0,3,0
38fba73c-e82c-49e2-9dd4-3fca7d63bdfd,additional,anti,muse-spark-1.2-contributor,F-017,ダッシュボード,2,0,0.0,0,2,0
38fba73c-e82c-49e2-9dd4-3fca7d63bdfd,additional,anti,muse-spark-1.2-contributor,F-018,ユーザー一覧・編集（管理者機能）,3,0,0.0,0,3,0
38fba73c-e82c-49e2-9dd4-3fca7d63bdfd,additional,anti,muse-spark-1.2-contributor,F-019,パスワード変更,3,0,0.0,0,3,0
38fba73c-e82c-49e2-9dd4-3fca7d63bdfd,additional,anti,muse-spark-1.2-contributor,F-020,システム設定（管理者機能）,4,0,0.0,0,4,0
71ff896b-3c40-4903-a819-e4d5aa98f11b,additional,normal,muse-spark-1.2-contributor,F-001,ユーザー登録,4,4,100.0,4,0,0
71ff896b-3c40-4903-a819-e4d5aa98f11b,additional,normal,muse-spark-1.2-contributor,F-002,ログイン・ログアウト,4,3,75.0,4,0,0
71ff896b-3c40-4903-a819-e4d5aa98f11b,additional,normal,muse-spark-1.2-contributor,F-003,申請書の新規作成,2,2,100.0,2,0,0
71ff896b-3c40-4903-a819-e4d5aa98f11b,additional,normal,muse-spark-1.2-contributor,F-004,申請内容の入力・編集,3,2,66.66666666666667,3,0,0
71ff896b-3c40-4903-a819-e4d5aa98f11b,additional,normal,muse-spark-1.2-contributor,F-005,申請の下書き保存,2,0,0.0,1,0,1
71ff896b-3c40-4903-a819-e4d5aa98f11b,additional,normal,muse-spark-1.2-contributor,F-006,申請の提出（申請番号採番・承認者決定）,6,6,100.0,7,0,0
71ff896b-3c40-4903-a819-e4d5aa98f11b,additional,normal,muse-spark-1.2-contributor,F-007,申請一覧表示,3,3,100.0,3,0,0
71ff896b-3c40-4903-a819-e4d5aa98f11b,additional,normal,muse-spark-1.2-contributor,F-008,申請の検索・絞り込み,4,4,100.0,4,0,0
71ff896b-3c40-4903-a819-e4d5aa98f11b,additional,normal,muse-spark-1.2-contributor,F-009,申請詳細表示,2,1,50.0,2,0,0
71ff896b-3c40-4903-a819-e4d5aa98f11b,additional,normal,muse-spark-1.2-contributor,F-010,承認者による承認処理,3,3,100.0,3,0,0
71ff896b-3c40-4903-a819-e4d5aa98f11b,additional,normal,muse-spark-1.2-contributor,F-011,承認者による差し戻し処理,2,2,100.0,2,0,0
71ff896b-3c40-4903-a819-e4d5aa98f11b,additional,normal,muse-spark-1.2-contributor,F-012,申請者による申請取り消し,2,1,50.0,2,0,0
71ff896b-3c40-4903-a819-e4d5aa98f11b,additional,normal,muse-spark-1.2-contributor,F-013,申請ステータス管理（遷移定義）,2,1,50.0,1,0,1
71ff896b-3c40-4903-a819-e4d5aa98f11b,additional,normal,muse-spark-1.2-contributor,F-014,メール通知,2,1,50.0,2,0,0
71ff896b-3c40-4903-a819-e4d5aa98f11b,additional,normal,muse-spark-1.2-contributor,F-015,承認履歴表示,1,0,0.0,0,0,1
71ff896b-3c40-4903-a819-e4d5aa98f11b,additional,normal,muse-spark-1.2-contributor,F-016,CSVエクスポート,3,2,66.66666666666667,3,0,0
71ff896b-3c40-4903-a819-e4d5aa98f11b,additional,normal,muse-spark-1.2-contributor,F-017,ダッシュボード,2,2,100.0,2,0,0
71ff896b-3c40-4903-a819-e4d5aa98f11b,additional,normal,muse-spark-1.2-contributor,F-018,ユーザー一覧・編集（管理者機能）,3,3,100.0,3,0,0
71ff896b-3c40-4903-a819-e4d5aa98f11b,additional,normal,muse-spark-1.2-contributor,F-019,パスワード変更,3,3,100.0,3,0,0
71ff896b-3c40-4903-a819-e4d5aa98f11b,additional,normal,muse-spark-1.2-contributor,F-020,システム設定（管理者機能）,4,4,100.0,4,0,0
a95e1037-7728-4d70-836a-f0f8b9604e94,additional,normal,muse-spark-1.2-contributor,F-001,ユーザー登録,4,4,100.0,4,0,0
a95e1037-7728-4d70-836a-f0f8b9604e94,additional,normal,muse-spark-1.2-contributor,F-002,ログイン・ログアウト,4,3,75.0,4,0,0
a95e1037-7728-4d70-836a-f0f8b9604e94,additional,normal,muse-spark-1.2-contributor,F-003,申請書の新規作成,2,2,100.0,2,0,0
a95e1037-7728-4d70-836a-f0f8b9604e94,additional,normal,muse-spark-1.2-contributor,F-004,申請内容の入力・編集,3,2,66.66666666666667,3,0,0
a95e1037-7728-4d70-836a-f0f8b9604e94,additional,normal,muse-spark-1.2-contributor,F-005,申請の下書き保存,2,1,50.0,1,0,1
a95e1037-7728-4d70-836a-f0f8b9604e94,additional,normal,muse-spark-1.2-contributor,F-006,申請の提出（申請番号採番・承認者決定）,6,6,100.0,7,0,0
a95e1037-7728-4d70-836a-f0f8b9604e94,additional,normal,muse-spark-1.2-contributor,F-007,申請一覧表示,3,3,100.0,3,0,0
a95e1037-7728-4d70-836a-f0f8b9604e94,additional,normal,muse-spark-1.2-contributor,F-008,申請の検索・絞り込み,4,4,100.0,4,0,0
a95e1037-7728-4d70-836a-f0f8b9604e94,additional,normal,muse-spark-1.2-contributor,F-009,申請詳細表示,2,2,100.0,2,0,0
a95e1037-7728-4d70-836a-f0f8b9604e94,additional,normal,muse-spark-1.2-contributor,F-010,承認者による承認処理,3,3,100.0,3,0,0
a95e1037-7728-4d70-836a-f0f8b9604e94,additional,normal,muse-spark-1.2-contributor,F-011,承認者による差し戻し処理,2,2,100.0,2,0,0
a95e1037-7728-4d70-836a-f0f8b9604e94,additional,normal,muse-spark-1.2-contributor,F-012,申請者による申請取り消し,2,1,50.0,2,0,0
a95e1037-7728-4d70-836a-f0f8b9604e94,additional,normal,muse-spark-1.2-contributor,F-013,申請ステータス管理（遷移定義）,2,1,50.0,1,0,1
a95e1037-7728-4d70-836a-f0f8b9604e94,additional,normal,muse-spark-1.2-contributor,F-014,メール通知,2,2,100.0,2,0,0
a95e1037-7728-4d70-836a-f0f8b9604e94,additional,normal,muse-spark-1.2-contributor,F-015,承認履歴表示,1,0,0.0,0,0,1
a95e1037-7728-4d70-836a-f0f8b9604e94,additional,normal,muse-spark-1.2-contributor,F-016,CSVエクスポート,3,2,66.66666666666667,3,0,0
a95e1037-7728-4d70-836a-f0f8b9604e94,additional,normal,muse-spark-1.2-contributor,F-017,ダッシュボード,2,2,100.0,2,0,0
a95e1037-7728-4d70-836a-f0f8b9604e94,additional,normal,muse-spark-1.2-contributor,F-018,ユーザー一覧・編集（管理者機能）,3,3,100.0,3,0,0
a95e1037-7728-4d70-836a-f0f8b9604e94,additional,normal,muse-spark-1.2-contributor,F-019,パスワード変更,3,3,100.0,3,0,0
a95e1037-7728-4d70-836a-f0f8b9604e94,additional,normal,muse-spark-1.2-contributor,F-020,システム設定（管理者機能）,4,4,100.0,4,0,0
ea871692-692b-4028-8456-126aba55dac8,additional,anti,muse-spark-1.2-contributor,F-001,ユーザー登録,4,4,100.0,4,0,0
ea871692-692b-4028-8456-126aba55dac8,additional,anti,muse-spark-1.2-contributor,F-002,ログイン・ログアウト,4,4,100.0,4,0,0
ea871692-692b-4028-8456-126aba55dac8,additional,anti,muse-spark-1.2-contributor,F-003,申請書の新規作成,2,2,100.0,2,0,0
ea871692-692b-4028-8456-126aba55dac8,additional,anti,muse-spark-1.2-contributor,F-004,申請内容の入力・編集,3,1,33.333333333333336,3,0,0
ea871692-692b-4028-8456-126aba55dac8,additional,anti,muse-spark-1.2-contributor,F-005,申請の下書き保存,2,1,50.0,1,0,1
ea871692-692b-4028-8456-126aba55dac8,additional,anti,muse-spark-1.2-contributor,F-006,申請の提出（申請番号採番・承認者決定）,6,3,50.0,7,0,0
ea871692-692b-4028-8456-126aba55dac8,additional,anti,muse-spark-1.2-contributor,F-007,申請一覧表示,3,1,33.333333333333336,1,2,2
ea871692-692b-4028-8456-126aba55dac8,additional,anti,muse-spark-1.2-contributor,F-008,申請の検索・絞り込み,4,2,50.0,2,2,2
ea871692-692b-4028-8456-126aba55dac8,additional,anti,muse-spark-1.2-contributor,F-009,申請詳細表示,2,2,100.0,2,0,0
ea871692-692b-4028-8456-126aba55dac8,additional,anti,muse-spark-1.2-contributor,F-010,承認者による承認処理,3,2,66.66666666666667,2,0,1
ea871692-692b-4028-8456-126aba55dac8,additional,anti,muse-spark-1.2-contributor,F-011,承認者による差し戻し処理,2,0,0.0,0,0,2
ea871692-692b-4028-8456-126aba55dac8,additional,anti,muse-spark-1.2-contributor,F-012,申請者による申請取り消し,2,0,0.0,1,0,1
ea871692-692b-4028-8456-126aba55dac8,additional,anti,muse-spark-1.2-contributor,F-013,申請ステータス管理（遷移定義）,2,0,0.0,0,0,2
ea871692-692b-4028-8456-126aba55dac8,additional,anti,muse-spark-1.2-contributor,F-014,メール通知,2,0,0.0,1,0,1
ea871692-692b-4028-8456-126aba55dac8,additional,anti,muse-spark-1.2-contributor,F-015,承認履歴表示,1,0,0.0,0,0,1
ea871692-692b-4028-8456-126aba55dac8,additional,anti,muse-spark-1.2-contributor,F-016,CSVエクスポート,3,1,33.333333333333336,1,2,2
ea871692-692b-4028-8456-126aba55dac8,additional,anti,muse-spark-1.2-contributor,F-017,ダッシュボード,2,0,0.0,0,2,2
ea871692-692b-4028-8456-126aba55dac8,additional,anti,muse-spark-1.2-contributor,F-018,ユーザー一覧・編集（管理者機能）,3,3,100.0,3,0,0
ea871692-692b-4028-8456-126aba55dac8,additional,anti,muse-spark-1.2-contributor,F-019,パスワード変更,3,3,100.0,3,0,0
ea871692-692b-4028-8456-126aba55dac8,additional,anti,muse-spark-1.2-contributor,F-020,システム設定（管理者機能）,4,4,100.0,4,0,0
87a2727c-dec6-49d9-a03b-cd33351c7f48,additional,anti,muse-spark-1.2-contributor,F-001,ユーザー登録,4,4,100.0,4,0,0
87a2727c-dec6-49d9-a03b-cd33351c7f48,additional,anti,muse-spark-1.2-contributor,F-002,ログイン・ログアウト,4,3,75.0,4,0,0
87a2727c-dec6-49d9-a03b-cd33351c7f48,additional,anti,muse-spark-1.2-contributor,F-003,申請書の新規作成,2,2,100.0,2,0,0
87a2727c-dec6-49d9-a03b-cd33351c7f48,additional,anti,muse-spark-1.2-contributor,F-004,申請内容の入力・編集,3,1,33.333333333333336,3,0,0
87a2727c-dec6-49d9-a03b-cd33351c7f48,additional,anti,muse-spark-1.2-contributor,F-005,申請の下書き保存,2,2,100.0,2,0,0
87a2727c-dec6-49d9-a03b-cd33351c7f48,additional,anti,muse-spark-1.2-contributor,F-006,申請の提出（申請番号採番・承認者決定）,6,3,50.0,7,0,0
87a2727c-dec6-49d9-a03b-cd33351c7f48,additional,anti,muse-spark-1.2-contributor,F-007,申請一覧表示,3,2,66.66666666666667,2,1,1
87a2727c-dec6-49d9-a03b-cd33351c7f48,additional,anti,muse-spark-1.2-contributor,F-008,申請の検索・絞り込み,4,2,50.0,2,2,2
87a2727c-dec6-49d9-a03b-cd33351c7f48,additional,anti,muse-spark-1.2-contributor,F-009,申請詳細表示,2,2,100.0,2,0,0
87a2727c-dec6-49d9-a03b-cd33351c7f48,additional,anti,muse-spark-1.2-contributor,F-010,承認者による承認処理,3,2,66.66666666666667,2,0,1
87a2727c-dec6-49d9-a03b-cd33351c7f48,additional,anti,muse-spark-1.2-contributor,F-011,承認者による差し戻し処理,2,0,0.0,0,0,2
87a2727c-dec6-49d9-a03b-cd33351c7f48,additional,anti,muse-spark-1.2-contributor,F-012,申請者による申請取り消し,2,0,0.0,1,0,1
87a2727c-dec6-49d9-a03b-cd33351c7f48,additional,anti,muse-spark-1.2-contributor,F-013,申請ステータス管理（遷移定義）,2,0,0.0,0,0,2
87a2727c-dec6-49d9-a03b-cd33351c7f48,additional,anti,muse-spark-1.2-contributor,F-014,メール通知,2,0,0.0,1,0,1
87a2727c-dec6-49d9-a03b-cd33351c7f48,additional,anti,muse-spark-1.2-contributor,F-015,承認履歴表示,1,0,0.0,0,0,1
87a2727c-dec6-49d9-a03b-cd33351c7f48,additional,anti,muse-spark-1.2-contributor,F-016,CSVエクスポート,3,1,33.333333333333336,1,2,2
87a2727c-dec6-49d9-a03b-cd33351c7f48,additional,anti,muse-spark-1.2-contributor,F-017,ダッシュボード,2,1,50.0,1,1,1
87a2727c-dec6-49d9-a03b-cd33351c7f48,additional,anti,muse-spark-1.2-contributor,F-018,ユーザー一覧・編集（管理者機能）,3,3,100.0,3,0,0
87a2727c-dec6-49d9-a03b-cd33351c7f48,additional,anti,muse-spark-1.2-contributor,F-019,パスワード変更,3,2,66.66666666666667,3,0,0
87a2727c-dec6-49d9-a03b-cd33351c7f48,additional,anti,muse-spark-1.2-contributor,F-020,システム設定（管理者機能）,4,4,100.0,4,0,0
8562d613-be4e-4350-9e8d-8ac02a644845,additional,normal,muse-spark-1.2-contributor,F-001,ユーザー登録,4,4,100.0,4,0,0
8562d613-be4e-4350-9e8d-8ac02a644845,additional,normal,muse-spark-1.2-contributor,F-002,ログイン・ログアウト,4,3,75.0,4,0,0
8562d613-be4e-4350-9e8d-8ac02a644845,additional,normal,muse-spark-1.2-contributor,F-003,申請書の新規作成,2,1,50.0,2,0,0
8562d613-be4e-4350-9e8d-8ac02a644845,additional,normal,muse-spark-1.2-contributor,F-004,申請内容の入力・編集,3,2,66.66666666666667,2,0,1
8562d613-be4e-4350-9e8d-8ac02a644845,additional,normal,muse-spark-1.2-contributor,F-005,申請の下書き保存,2,0,0.0,1,0,1
8562d613-be4e-4350-9e8d-8ac02a644845,additional,normal,muse-spark-1.2-contributor,F-006,申請の提出（申請番号採番・承認者決定）,6,6,100.0,7,0,0
8562d613-be4e-4350-9e8d-8ac02a644845,additional,normal,muse-spark-1.2-contributor,F-007,申請一覧表示,3,2,66.66666666666667,3,0,1
8562d613-be4e-4350-9e8d-8ac02a644845,additional,normal,muse-spark-1.2-contributor,F-008,申請の検索・絞り込み,4,4,100.0,4,0,0
8562d613-be4e-4350-9e8d-8ac02a644845,additional,normal,muse-spark-1.2-contributor,F-009,申請詳細表示,2,1,50.0,1,0,1
8562d613-be4e-4350-9e8d-8ac02a644845,additional,normal,muse-spark-1.2-contributor,F-010,承認者による承認処理,3,2,66.66666666666667,3,0,0
8562d613-be4e-4350-9e8d-8ac02a644845,additional,normal,muse-spark-1.2-contributor,F-011,承認者による差し戻し処理,2,0,0.0,2,0,0
8562d613-be4e-4350-9e8d-8ac02a644845,additional,normal,muse-spark-1.2-contributor,F-012,申請者による申請取り消し,2,1,50.0,2,0,0
8562d613-be4e-4350-9e8d-8ac02a644845,additional,normal,muse-spark-1.2-contributor,F-013,申請ステータス管理（遷移定義）,2,1,50.0,1,0,1
8562d613-be4e-4350-9e8d-8ac02a644845,additional,normal,muse-spark-1.2-contributor,F-014,メール通知,2,2,100.0,2,0,0
8562d613-be4e-4350-9e8d-8ac02a644845,additional,normal,muse-spark-1.2-contributor,F-015,承認履歴表示,1,0,0.0,0,0,1
8562d613-be4e-4350-9e8d-8ac02a644845,additional,normal,muse-spark-1.2-contributor,F-016,CSVエクスポート,3,2,66.66666666666667,3,0,0
8562d613-be4e-4350-9e8d-8ac02a644845,additional,normal,muse-spark-1.2-contributor,F-017,ダッシュボード,2,1,50.0,2,0,0
8562d613-be4e-4350-9e8d-8ac02a644845,additional,normal,muse-spark-1.2-contributor,F-018,ユーザー一覧・編集（管理者機能）,3,3,100.0,3,0,0
8562d613-be4e-4350-9e8d-8ac02a644845,additional,normal,muse-spark-1.2-contributor,F-019,パスワード変更,3,2,66.66666666666667,3,0,0
8562d613-be4e-4350-9e8d-8ac02a644845,additional,normal,muse-spark-1.2-contributor,F-020,システム設定（管理者機能）,4,3,75.0,4,0,0
00f64f52-6070-4f28-9070-cc52bdf4de13,additional,normal,muse-spark-1.2-contributor,F-001,ユーザー登録,4,4,100.0,4,0,0
00f64f52-6070-4f28-9070-cc52bdf4de13,additional,normal,muse-spark-1.2-contributor,F-002,ログイン・ログアウト,4,3,75.0,4,0,0
00f64f52-6070-4f28-9070-cc52bdf4de13,additional,normal,muse-spark-1.2-contributor,F-003,申請書の新規作成,2,1,50.0,2,0,0
00f64f52-6070-4f28-9070-cc52bdf4de13,additional,normal,muse-spark-1.2-contributor,F-004,申請内容の入力・編集,3,1,33.333333333333336,2,0,1
00f64f52-6070-4f28-9070-cc52bdf4de13,additional,normal,muse-spark-1.2-contributor,F-005,申請の下書き保存,2,0,0.0,1,0,1
00f64f52-6070-4f28-9070-cc52bdf4de13,additional,normal,muse-spark-1.2-contributor,F-006,申請の提出（申請番号採番・承認者決定）,6,6,100.0,7,0,0
00f64f52-6070-4f28-9070-cc52bdf4de13,additional,normal,muse-spark-1.2-contributor,F-007,申請一覧表示,3,3,100.0,3,0,0
00f64f52-6070-4f28-9070-cc52bdf4de13,additional,normal,muse-spark-1.2-contributor,F-008,申請の検索・絞り込み,4,4,100.0,4,0,0
00f64f52-6070-4f28-9070-cc52bdf4de13,additional,normal,muse-spark-1.2-contributor,F-009,申請詳細表示,2,1,50.0,1,0,1
00f64f52-6070-4f28-9070-cc52bdf4de13,additional,normal,muse-spark-1.2-contributor,F-010,承認者による承認処理,3,3,100.0,3,0,0
00f64f52-6070-4f28-9070-cc52bdf4de13,additional,normal,muse-spark-1.2-contributor,F-011,承認者による差し戻し処理,2,1,50.0,2,0,0
00f64f52-6070-4f28-9070-cc52bdf4de13,additional,normal,muse-spark-1.2-contributor,F-012,申請者による申請取り消し,2,2,100.0,2,0,0
00f64f52-6070-4f28-9070-cc52bdf4de13,additional,normal,muse-spark-1.2-contributor,F-013,申請ステータス管理（遷移定義）,2,1,50.0,1,0,1
00f64f52-6070-4f28-9070-cc52bdf4de13,additional,normal,muse-spark-1.2-contributor,F-014,メール通知,2,2,100.0,2,0,0
00f64f52-6070-4f28-9070-cc52bdf4de13,additional,normal,muse-spark-1.2-contributor,F-015,承認履歴表示,1,0,0.0,0,0,1
00f64f52-6070-4f28-9070-cc52bdf4de13,additional,normal,muse-spark-1.2-contributor,F-016,CSVエクスポート,3,2,66.66666666666667,3,0,0
00f64f52-6070-4f28-9070-cc52bdf4de13,additional,normal,muse-spark-1.2-contributor,F-017,ダッシュボード,2,1,50.0,2,0,0
00f64f52-6070-4f28-9070-cc52bdf4de13,additional,normal,muse-spark-1.2-contributor,F-018,ユーザー一覧・編集（管理者機能）,3,3,100.0,3,0,0
00f64f52-6070-4f28-9070-cc52bdf4de13,additional,normal,muse-spark-1.2-contributor,F-019,パスワード変更,3,2,66.66666666666667,3,0,0
00f64f52-6070-4f28-9070-cc52bdf4de13,additional,normal,muse-spark-1.2-contributor,F-020,システム設定（管理者機能）,4,4,100.0,4,0,0
5a7c902f-5503-4289-9afc-76609043cc3a,additional,anti,muse-spark-1.2-contributor,F-001,ユーザー登録,4,4,100.0,4,0,0
5a7c902f-5503-4289-9afc-76609043cc3a,additional,anti,muse-spark-1.2-contributor,F-002,ログイン・ログアウト,4,3,75.0,4,0,0
5a7c902f-5503-4289-9afc-76609043cc3a,additional,anti,muse-spark-1.2-contributor,F-003,申請書の新規作成,2,1,50.0,2,0,0
5a7c902f-5503-4289-9afc-76609043cc3a,additional,anti,muse-spark-1.2-contributor,F-004,申請内容の入力・編集,3,3,100.0,3,0,0
5a7c902f-5503-4289-9afc-76609043cc3a,additional,anti,muse-spark-1.2-contributor,F-005,申請の下書き保存,2,2,100.0,2,0,0
5a7c902f-5503-4289-9afc-76609043cc3a,additional,anti,muse-spark-1.2-contributor,F-006,申請の提出（申請番号採番・承認者決定）,6,3,50.0,7,0,0
5a7c902f-5503-4289-9afc-76609043cc3a,additional,anti,muse-spark-1.2-contributor,F-007,申請一覧表示,3,3,100.0,3,0,0
5a7c902f-5503-4289-9afc-76609043cc3a,additional,anti,muse-spark-1.2-contributor,F-008,申請の検索・絞り込み,4,4,100.0,4,0,0
5a7c902f-5503-4289-9afc-76609043cc3a,additional,anti,muse-spark-1.2-contributor,F-009,申請詳細表示,2,1,50.0,2,0,0
5a7c902f-5503-4289-9afc-76609043cc3a,additional,anti,muse-spark-1.2-contributor,F-010,承認者による承認処理,3,2,66.66666666666667,2,0,1
5a7c902f-5503-4289-9afc-76609043cc3a,additional,anti,muse-spark-1.2-contributor,F-011,承認者による差し戻し処理,2,0,0.0,0,0,2
5a7c902f-5503-4289-9afc-76609043cc3a,additional,anti,muse-spark-1.2-contributor,F-012,申請者による申請取り消し,2,0,0.0,1,0,1
5a7c902f-5503-4289-9afc-76609043cc3a,additional,anti,muse-spark-1.2-contributor,F-013,申請ステータス管理（遷移定義）,2,0,0.0,0,0,2
5a7c902f-5503-4289-9afc-76609043cc3a,additional,anti,muse-spark-1.2-contributor,F-014,メール通知,2,0,0.0,1,0,1
5a7c902f-5503-4289-9afc-76609043cc3a,additional,anti,muse-spark-1.2-contributor,F-015,承認履歴表示,1,0,0.0,0,0,1
5a7c902f-5503-4289-9afc-76609043cc3a,additional,anti,muse-spark-1.2-contributor,F-016,CSVエクスポート,3,2,66.66666666666667,3,0,0
5a7c902f-5503-4289-9afc-76609043cc3a,additional,anti,muse-spark-1.2-contributor,F-017,ダッシュボード,2,2,100.0,2,0,0
5a7c902f-5503-4289-9afc-76609043cc3a,additional,anti,muse-spark-1.2-contributor,F-018,ユーザー一覧・編集（管理者機能）,3,3,100.0,3,0,0
5a7c902f-5503-4289-9afc-76609043cc3a,additional,anti,muse-spark-1.2-contributor,F-019,パスワード変更,3,2,66.66666666666667,3,0,0
5a7c902f-5503-4289-9afc-76609043cc3a,additional,anti,muse-spark-1.2-contributor,F-020,システム設定（管理者機能）,4,3,75.0,4,0,0
959de722-b6ae-433c-80fe-fc5062db90e7,additional,normal,muse-spark-1.2-contributor,F-001,ユーザー登録,4,4,100.0,4,0,0
959de722-b6ae-433c-80fe-fc5062db90e7,additional,normal,muse-spark-1.2-contributor,F-002,ログイン・ログアウト,4,3,75.0,4,0,0
959de722-b6ae-433c-80fe-fc5062db90e7,additional,normal,muse-spark-1.2-contributor,F-003,申請書の新規作成,2,1,50.0,2,0,0
959de722-b6ae-433c-80fe-fc5062db90e7,additional,normal,muse-spark-1.2-contributor,F-004,申請内容の入力・編集,3,1,33.333333333333336,3,0,0
959de722-b6ae-433c-80fe-fc5062db90e7,additional,normal,muse-spark-1.2-contributor,F-005,申請の下書き保存,2,1,50.0,2,0,0
959de722-b6ae-433c-80fe-fc5062db90e7,additional,normal,muse-spark-1.2-contributor,F-006,申請の提出（申請番号採番・承認者決定）,6,6,100.0,7,0,0
959de722-b6ae-433c-80fe-fc5062db90e7,additional,normal,muse-spark-1.2-contributor,F-007,申請一覧表示,3,2,66.66666666666667,2,1,1
959de722-b6ae-433c-80fe-fc5062db90e7,additional,normal,muse-spark-1.2-contributor,F-008,申請の検索・絞り込み,4,2,50.0,2,2,2
959de722-b6ae-433c-80fe-fc5062db90e7,additional,normal,muse-spark-1.2-contributor,F-009,申請詳細表示,2,1,50.0,2,0,0
959de722-b6ae-433c-80fe-fc5062db90e7,additional,normal,muse-spark-1.2-contributor,F-010,承認者による承認処理,3,2,66.66666666666667,3,0,0
959de722-b6ae-433c-80fe-fc5062db90e7,additional,normal,muse-spark-1.2-contributor,F-011,承認者による差し戻し処理,2,0,0.0,2,0,0
959de722-b6ae-433c-80fe-fc5062db90e7,additional,normal,muse-spark-1.2-contributor,F-012,申請者による申請取り消し,2,2,100.0,2,0,0
959de722-b6ae-433c-80fe-fc5062db90e7,additional,normal,muse-spark-1.2-contributor,F-013,申請ステータス管理（遷移定義）,2,1,50.0,1,0,1
959de722-b6ae-433c-80fe-fc5062db90e7,additional,normal,muse-spark-1.2-contributor,F-014,メール通知,2,2,100.0,2,0,0
959de722-b6ae-433c-80fe-fc5062db90e7,additional,normal,muse-spark-1.2-contributor,F-015,承認履歴表示,1,0,0.0,0,0,1
959de722-b6ae-433c-80fe-fc5062db90e7,additional,normal,muse-spark-1.2-contributor,F-016,CSVエクスポート,3,1,33.333333333333336,2,1,1
959de722-b6ae-433c-80fe-fc5062db90e7,additional,normal,muse-spark-1.2-contributor,F-017,ダッシュボード,2,1,50.0,1,1,1
959de722-b6ae-433c-80fe-fc5062db90e7,additional,normal,muse-spark-1.2-contributor,F-018,ユーザー一覧・編集（管理者機能）,3,1,33.333333333333336,3,0,0
959de722-b6ae-433c-80fe-fc5062db90e7,additional,normal,muse-spark-1.2-contributor,F-019,パスワード変更,3,3,100.0,3,0,0
959de722-b6ae-433c-80fe-fc5062db90e7,additional,normal,muse-spark-1.2-contributor,F-020,システム設定（管理者機能）,4,4,100.0,4,0,0
6a0f735d-c6df-4cd3-bcb6-489807e94b58,additional,anti,muse-spark-1.2-contributor,F-001,ユーザー登録,4,4,100.0,4,0,0
6a0f735d-c6df-4cd3-bcb6-489807e94b58,additional,anti,muse-spark-1.2-contributor,F-002,ログイン・ログアウト,4,3,75.0,4,0,0
6a0f735d-c6df-4cd3-bcb6-489807e94b58,additional,anti,muse-spark-1.2-contributor,F-003,申請書の新規作成,2,1,50.0,2,0,0
6a0f735d-c6df-4cd3-bcb6-489807e94b58,additional,anti,muse-spark-1.2-contributor,F-004,申請内容の入力・編集,3,2,66.66666666666667,3,0,0
6a0f735d-c6df-4cd3-bcb6-489807e94b58,additional,anti,muse-spark-1.2-contributor,F-005,申請の下書き保存,2,1,50.0,1,0,1
6a0f735d-c6df-4cd3-bcb6-489807e94b58,additional,anti,muse-spark-1.2-contributor,F-006,申請の提出（申請番号採番・承認者決定）,6,3,50.0,7,0,0
6a0f735d-c6df-4cd3-bcb6-489807e94b58,additional,anti,muse-spark-1.2-contributor,F-007,申請一覧表示,3,2,66.66666666666667,2,1,1
6a0f735d-c6df-4cd3-bcb6-489807e94b58,additional,anti,muse-spark-1.2-contributor,F-008,申請の検索・絞り込み,4,4,100.0,4,0,0
6a0f735d-c6df-4cd3-bcb6-489807e94b58,additional,anti,muse-spark-1.2-contributor,F-009,申請詳細表示,2,2,100.0,2,0,0
6a0f735d-c6df-4cd3-bcb6-489807e94b58,additional,anti,muse-spark-1.2-contributor,F-010,承認者による承認処理,3,2,66.66666666666667,2,0,1
6a0f735d-c6df-4cd3-bcb6-489807e94b58,additional,anti,muse-spark-1.2-contributor,F-011,承認者による差し戻し処理,2,0,0.0,0,0,2
6a0f735d-c6df-4cd3-bcb6-489807e94b58,additional,anti,muse-spark-1.2-contributor,F-012,申請者による申請取り消し,2,0,0.0,1,0,1
6a0f735d-c6df-4cd3-bcb6-489807e94b58,additional,anti,muse-spark-1.2-contributor,F-013,申請ステータス管理（遷移定義）,2,0,0.0,0,0,2
6a0f735d-c6df-4cd3-bcb6-489807e94b58,additional,anti,muse-spark-1.2-contributor,F-014,メール通知,2,0,0.0,1,0,1
6a0f735d-c6df-4cd3-bcb6-489807e94b58,additional,anti,muse-spark-1.2-contributor,F-015,承認履歴表示,1,0,0.0,0,0,1
6a0f735d-c6df-4cd3-bcb6-489807e94b58,additional,anti,muse-spark-1.2-contributor,F-016,CSVエクスポート,3,2,66.66666666666667,3,0,0
6a0f735d-c6df-4cd3-bcb6-489807e94b58,additional,anti,muse-spark-1.2-contributor,F-017,ダッシュボード,2,1,50.0,1,0,1
6a0f735d-c6df-4cd3-bcb6-489807e94b58,additional,anti,muse-spark-1.2-contributor,F-018,ユーザー一覧・編集（管理者機能）,3,3,100.0,3,0,0
6a0f735d-c6df-4cd3-bcb6-489807e94b58,additional,anti,muse-spark-1.2-contributor,F-019,パスワード変更,3,3,100.0,3,0,0
6a0f735d-c6df-4cd3-bcb6-489807e94b58,additional,anti,muse-spark-1.2-contributor,F-020,システム設定（管理者機能）,4,4,100.0,4,0,0
15c9af27-f25b-43b4-a75c-409991b14a37,additional,anti,muse-spark-1.2-contributor,F-001,ユーザー登録,4,4,100.0,4,0,0
15c9af27-f25b-43b4-a75c-409991b14a37,additional,anti,muse-spark-1.2-contributor,F-002,ログイン・ログアウト,4,3,75.0,4,0,0
15c9af27-f25b-43b4-a75c-409991b14a37,additional,anti,muse-spark-1.2-contributor,F-003,申請書の新規作成,2,1,50.0,2,0,0
15c9af27-f25b-43b4-a75c-409991b14a37,additional,anti,muse-spark-1.2-contributor,F-004,申請内容の入力・編集,3,1,33.333333333333336,3,0,0
15c9af27-f25b-43b4-a75c-409991b14a37,additional,anti,muse-spark-1.2-contributor,F-005,申請の下書き保存,2,0,0.0,1,0,1
15c9af27-f25b-43b4-a75c-409991b14a37,additional,anti,muse-spark-1.2-contributor,F-006,申請の提出（申請番号採番・承認者決定）,6,3,50.0,7,0,0
15c9af27-f25b-43b4-a75c-409991b14a37,additional,anti,muse-spark-1.2-contributor,F-007,申請一覧表示,3,0,0.0,0,3,3
15c9af27-f25b-43b4-a75c-409991b14a37,additional,anti,muse-spark-1.2-contributor,F-008,申請の検索・絞り込み,4,2,50.0,2,2,2
15c9af27-f25b-43b4-a75c-409991b14a37,additional,anti,muse-spark-1.2-contributor,F-009,申請詳細表示,2,1,50.0,2,0,0
15c9af27-f25b-43b4-a75c-409991b14a37,additional,anti,muse-spark-1.2-contributor,F-010,承認者による承認処理,3,2,66.66666666666667,2,0,1
15c9af27-f25b-43b4-a75c-409991b14a37,additional,anti,muse-spark-1.2-contributor,F-011,承認者による差し戻し処理,2,0,0.0,0,0,2
15c9af27-f25b-43b4-a75c-409991b14a37,additional,anti,muse-spark-1.2-contributor,F-012,申請者による申請取り消し,2,0,0.0,1,0,1
15c9af27-f25b-43b4-a75c-409991b14a37,additional,anti,muse-spark-1.2-contributor,F-013,申請ステータス管理（遷移定義）,2,0,0.0,0,0,2
15c9af27-f25b-43b4-a75c-409991b14a37,additional,anti,muse-spark-1.2-contributor,F-014,メール通知,2,0,0.0,1,0,1
15c9af27-f25b-43b4-a75c-409991b14a37,additional,anti,muse-spark-1.2-contributor,F-015,承認履歴表示,1,0,0.0,0,0,1
15c9af27-f25b-43b4-a75c-409991b14a37,additional,anti,muse-spark-1.2-contributor,F-016,CSVエクスポート,3,1,33.333333333333336,1,2,2
15c9af27-f25b-43b4-a75c-409991b14a37,additional,anti,muse-spark-1.2-contributor,F-017,ダッシュボード,2,0,0.0,0,1,2
15c9af27-f25b-43b4-a75c-409991b14a37,additional,anti,muse-spark-1.2-contributor,F-018,ユーザー一覧・編集（管理者機能）,3,3,100.0,3,0,0
15c9af27-f25b-43b4-a75c-409991b14a37,additional,anti,muse-spark-1.2-contributor,F-019,パスワード変更,3,2,66.66666666666667,3,0,0
15c9af27-f25b-43b4-a75c-409991b14a37,additional,anti,muse-spark-1.2-contributor,F-020,システム設定（管理者機能）,4,3,75.0,3,0,1
2645ec0d-e014-4d99-96ce-ec0b0dc714fb,additional,normal,muse-spark-1.2-contributor,F-001,ユーザー登録,4,4,100.0,4,0,0
2645ec0d-e014-4d99-96ce-ec0b0dc714fb,additional,normal,muse-spark-1.2-contributor,F-002,ログイン・ログアウト,4,3,75.0,4,0,0
2645ec0d-e014-4d99-96ce-ec0b0dc714fb,additional,normal,muse-spark-1.2-contributor,F-003,申請書の新規作成,2,1,50.0,2,0,0
2645ec0d-e014-4d99-96ce-ec0b0dc714fb,additional,normal,muse-spark-1.2-contributor,F-004,申請内容の入力・編集,3,2,66.66666666666667,3,0,0
2645ec0d-e014-4d99-96ce-ec0b0dc714fb,additional,normal,muse-spark-1.2-contributor,F-005,申請の下書き保存,2,2,100.0,2,0,0
2645ec0d-e014-4d99-96ce-ec0b0dc714fb,additional,normal,muse-spark-1.2-contributor,F-006,申請の提出（申請番号採番・承認者決定）,6,6,100.0,7,0,0
2645ec0d-e014-4d99-96ce-ec0b0dc714fb,additional,normal,muse-spark-1.2-contributor,F-007,申請一覧表示,3,2,66.66666666666667,3,0,1
2645ec0d-e014-4d99-96ce-ec0b0dc714fb,additional,normal,muse-spark-1.2-contributor,F-008,申請の検索・絞り込み,4,4,100.0,4,0,0
2645ec0d-e014-4d99-96ce-ec0b0dc714fb,additional,normal,muse-spark-1.2-contributor,F-009,申請詳細表示,2,2,100.0,2,0,0
2645ec0d-e014-4d99-96ce-ec0b0dc714fb,additional,normal,muse-spark-1.2-contributor,F-010,承認者による承認処理,3,3,100.0,3,0,0
2645ec0d-e014-4d99-96ce-ec0b0dc714fb,additional,normal,muse-spark-1.2-contributor,F-011,承認者による差し戻し処理,2,2,100.0,2,0,0
2645ec0d-e014-4d99-96ce-ec0b0dc714fb,additional,normal,muse-spark-1.2-contributor,F-012,申請者による申請取り消し,2,2,100.0,2,0,0
2645ec0d-e014-4d99-96ce-ec0b0dc714fb,additional,normal,muse-spark-1.2-contributor,F-013,申請ステータス管理（遷移定義）,2,1,50.0,1,0,1
2645ec0d-e014-4d99-96ce-ec0b0dc714fb,additional,normal,muse-spark-1.2-contributor,F-014,メール通知,2,2,100.0,2,0,0
2645ec0d-e014-4d99-96ce-ec0b0dc714fb,additional,normal,muse-spark-1.2-contributor,F-015,承認履歴表示,1,0,0.0,0,0,1
2645ec0d-e014-4d99-96ce-ec0b0dc714fb,additional,normal,muse-spark-1.2-contributor,F-016,CSVエクスポート,3,2,66.66666666666667,3,0,0
2645ec0d-e014-4d99-96ce-ec0b0dc714fb,additional,normal,muse-spark-1.2-contributor,F-017,ダッシュボード,2,2,100.0,2,0,0
2645ec0d-e014-4d99-96ce-ec0b0dc714fb,additional,normal,muse-spark-1.2-contributor,F-018,ユーザー一覧・編集（管理者機能）,3,3,100.0,3,0,0
2645ec0d-e014-4d99-96ce-ec0b0dc714fb,additional,normal,muse-spark-1.2-contributor,F-019,パスワード変更,3,2,66.66666666666667,3,0,0
2645ec0d-e014-4d99-96ce-ec0b0dc714fb,additional,normal,muse-spark-1.2-contributor,F-020,システム設定（管理者機能）,4,2,50.0,2,0,2
3528ca0e-fdcd-49f7-bedd-4e4826f9c3fd,additional,anti,muse-spark-1.2-contributor,F-001,ユーザー登録,4,4,100.0,4,0,0
3528ca0e-fdcd-49f7-bedd-4e4826f9c3fd,additional,anti,muse-spark-1.2-contributor,F-002,ログイン・ログアウト,4,3,75.0,4,0,0
3528ca0e-fdcd-49f7-bedd-4e4826f9c3fd,additional,anti,muse-spark-1.2-contributor,F-003,申請書の新規作成,2,2,100.0,2,0,0
3528ca0e-fdcd-49f7-bedd-4e4826f9c3fd,additional,anti,muse-spark-1.2-contributor,F-004,申請内容の入力・編集,3,1,33.333333333333336,3,0,0
3528ca0e-fdcd-49f7-bedd-4e4826f9c3fd,additional,anti,muse-spark-1.2-contributor,F-005,申請の下書き保存,2,2,100.0,2,0,0
3528ca0e-fdcd-49f7-bedd-4e4826f9c3fd,additional,anti,muse-spark-1.2-contributor,F-006,申請の提出（申請番号採番・承認者決定）,6,3,50.0,7,0,0
3528ca0e-fdcd-49f7-bedd-4e4826f9c3fd,additional,anti,muse-spark-1.2-contributor,F-007,申請一覧表示,3,3,100.0,3,0,0
3528ca0e-fdcd-49f7-bedd-4e4826f9c3fd,additional,anti,muse-spark-1.2-contributor,F-008,申請の検索・絞り込み,4,4,100.0,4,0,0
3528ca0e-fdcd-49f7-bedd-4e4826f9c3fd,additional,anti,muse-spark-1.2-contributor,F-009,申請詳細表示,2,2,100.0,2,0,0
3528ca0e-fdcd-49f7-bedd-4e4826f9c3fd,additional,anti,muse-spark-1.2-contributor,F-010,承認者による承認処理,3,2,66.66666666666667,2,0,1
3528ca0e-fdcd-49f7-bedd-4e4826f9c3fd,additional,anti,muse-spark-1.2-contributor,F-011,承認者による差し戻し処理,2,0,0.0,0,0,2
3528ca0e-fdcd-49f7-bedd-4e4826f9c3fd,additional,anti,muse-spark-1.2-contributor,F-012,申請者による申請取り消し,2,0,0.0,1,0,1
3528ca0e-fdcd-49f7-bedd-4e4826f9c3fd,additional,anti,muse-spark-1.2-contributor,F-013,申請ステータス管理（遷移定義）,2,0,0.0,0,0,2
3528ca0e-fdcd-49f7-bedd-4e4826f9c3fd,additional,anti,muse-spark-1.2-contributor,F-014,メール通知,2,0,0.0,1,0,1
3528ca0e-fdcd-49f7-bedd-4e4826f9c3fd,additional,anti,muse-spark-1.2-contributor,F-015,承認履歴表示,1,0,0.0,0,0,1
3528ca0e-fdcd-49f7-bedd-4e4826f9c3fd,additional,anti,muse-spark-1.2-contributor,F-016,CSVエクスポート,3,2,66.66666666666667,3,0,0
3528ca0e-fdcd-49f7-bedd-4e4826f9c3fd,additional,anti,muse-spark-1.2-contributor,F-017,ダッシュボード,2,2,100.0,2,0,0
3528ca0e-fdcd-49f7-bedd-4e4826f9c3fd,additional,anti,muse-spark-1.2-contributor,F-018,ユーザー一覧・編集（管理者機能）,3,3,100.0,3,0,0
3528ca0e-fdcd-49f7-bedd-4e4826f9c3fd,additional,anti,muse-spark-1.2-contributor,F-019,パスワード変更,3,2,66.66666666666667,3,0,0
3528ca0e-fdcd-49f7-bedd-4e4826f9c3fd,additional,anti,muse-spark-1.2-contributor,F-020,システム設定（管理者機能）,4,4,100.0,4,0,0
b8182790-1837-4290-b467-47ac1231783b,additional,normal,muse-spark-1.2-contributor,F-001,ユーザー登録,4,4,100.0,4,0,0
b8182790-1837-4290-b467-47ac1231783b,additional,normal,muse-spark-1.2-contributor,F-002,ログイン・ログアウト,4,4,100.0,4,0,0
b8182790-1837-4290-b467-47ac1231783b,additional,normal,muse-spark-1.2-contributor,F-003,申請書の新規作成,2,2,100.0,2,0,0
b8182790-1837-4290-b467-47ac1231783b,additional,normal,muse-spark-1.2-contributor,F-004,申請内容の入力・編集,3,2,66.66666666666667,3,0,0
b8182790-1837-4290-b467-47ac1231783b,additional,normal,muse-spark-1.2-contributor,F-005,申請の下書き保存,2,1,50.0,1,0,1
b8182790-1837-4290-b467-47ac1231783b,additional,normal,muse-spark-1.2-contributor,F-006,申請の提出（申請番号採番・承認者決定）,6,6,100.0,7,0,0
b8182790-1837-4290-b467-47ac1231783b,additional,normal,muse-spark-1.2-contributor,F-007,申請一覧表示,3,3,100.0,3,0,0
b8182790-1837-4290-b467-47ac1231783b,additional,normal,muse-spark-1.2-contributor,F-008,申請の検索・絞り込み,4,4,100.0,4,0,0
b8182790-1837-4290-b467-47ac1231783b,additional,normal,muse-spark-1.2-contributor,F-009,申請詳細表示,2,1,50.0,2,0,1
b8182790-1837-4290-b467-47ac1231783b,additional,normal,muse-spark-1.2-contributor,F-010,承認者による承認処理,3,3,100.0,3,0,0
b8182790-1837-4290-b467-47ac1231783b,additional,normal,muse-spark-1.2-contributor,F-011,承認者による差し戻し処理,2,2,100.0,2,0,0
b8182790-1837-4290-b467-47ac1231783b,additional,normal,muse-spark-1.2-contributor,F-012,申請者による申請取り消し,2,2,100.0,2,0,0
b8182790-1837-4290-b467-47ac1231783b,additional,normal,muse-spark-1.2-contributor,F-013,申請ステータス管理（遷移定義）,2,1,50.0,1,0,1
b8182790-1837-4290-b467-47ac1231783b,additional,normal,muse-spark-1.2-contributor,F-014,メール通知,2,2,100.0,2,0,0
b8182790-1837-4290-b467-47ac1231783b,additional,normal,muse-spark-1.2-contributor,F-015,承認履歴表示,1,0,0.0,0,0,1
b8182790-1837-4290-b467-47ac1231783b,additional,normal,muse-spark-1.2-contributor,F-016,CSVエクスポート,3,2,66.66666666666667,3,0,0
b8182790-1837-4290-b467-47ac1231783b,additional,normal,muse-spark-1.2-contributor,F-017,ダッシュボード,2,2,100.0,2,0,0
b8182790-1837-4290-b467-47ac1231783b,additional,normal,muse-spark-1.2-contributor,F-018,ユーザー一覧・編集（管理者機能）,3,3,100.0,3,0,0
b8182790-1837-4290-b467-47ac1231783b,additional,normal,muse-spark-1.2-contributor,F-019,パスワード変更,3,3,100.0,3,0,0
b8182790-1837-4290-b467-47ac1231783b,additional,normal,muse-spark-1.2-contributor,F-020,システム設定（管理者機能）,4,4,100.0,4,0,0
740a2f8e-7509-4915-880d-a21086bffe9a,additional,anti,muse-spark-1.2-contributor,F-001,ユーザー登録,4,3,75.0,4,0,0
740a2f8e-7509-4915-880d-a21086bffe9a,additional,anti,muse-spark-1.2-contributor,F-002,ログイン・ログアウト,4,2,50.0,3,1,0
740a2f8e-7509-4915-880d-a21086bffe9a,additional,anti,muse-spark-1.2-contributor,F-003,申請書の新規作成,2,1,50.0,2,0,0
740a2f8e-7509-4915-880d-a21086bffe9a,additional,anti,muse-spark-1.2-contributor,F-004,申請内容の入力・編集,3,0,0.0,3,0,0
740a2f8e-7509-4915-880d-a21086bffe9a,additional,anti,muse-spark-1.2-contributor,F-005,申請の下書き保存,2,0,0.0,1,0,1
740a2f8e-7509-4915-880d-a21086bffe9a,additional,anti,muse-spark-1.2-contributor,F-006,申請の提出（申請番号採番・承認者決定）,6,3,50.0,7,0,0
740a2f8e-7509-4915-880d-a21086bffe9a,additional,anti,muse-spark-1.2-contributor,F-007,申請一覧表示,3,3,100.0,3,0,0
740a2f8e-7509-4915-880d-a21086bffe9a,additional,anti,muse-spark-1.2-contributor,F-008,申請の検索・絞り込み,4,2,50.0,2,0,2
740a2f8e-7509-4915-880d-a21086bffe9a,additional,anti,muse-spark-1.2-contributor,F-009,申請詳細表示,2,0,0.0,1,1,0
740a2f8e-7509-4915-880d-a21086bffe9a,additional,anti,muse-spark-1.2-contributor,F-010,承認者による承認処理,3,2,66.66666666666667,2,0,1
740a2f8e-7509-4915-880d-a21086bffe9a,additional,anti,muse-spark-1.2-contributor,F-011,承認者による差し戻し処理,2,0,0.0,0,0,2
740a2f8e-7509-4915-880d-a21086bffe9a,additional,anti,muse-spark-1.2-contributor,F-012,申請者による申請取り消し,2,0,0.0,1,0,1
740a2f8e-7509-4915-880d-a21086bffe9a,additional,anti,muse-spark-1.2-contributor,F-013,申請ステータス管理（遷移定義）,2,0,0.0,0,0,2
740a2f8e-7509-4915-880d-a21086bffe9a,additional,anti,muse-spark-1.2-contributor,F-014,メール通知,2,0,0.0,1,0,1
740a2f8e-7509-4915-880d-a21086bffe9a,additional,anti,muse-spark-1.2-contributor,F-015,承認履歴表示,1,0,0.0,0,0,1
740a2f8e-7509-4915-880d-a21086bffe9a,additional,anti,muse-spark-1.2-contributor,F-016,CSVエクスポート,3,1,33.333333333333336,2,0,1
740a2f8e-7509-4915-880d-a21086bffe9a,additional,anti,muse-spark-1.2-contributor,F-017,ダッシュボード,2,0,0.0,2,0,0
740a2f8e-7509-4915-880d-a21086bffe9a,additional,anti,muse-spark-1.2-contributor,F-018,ユーザー一覧・編集（管理者機能）,3,2,66.66666666666667,2,1,0
740a2f8e-7509-4915-880d-a21086bffe9a,additional,anti,muse-spark-1.2-contributor,F-019,パスワード変更,3,2,66.66666666666667,3,0,0
740a2f8e-7509-4915-880d-a21086bffe9a,additional,anti,muse-spark-1.2-contributor,F-020,システム設定（管理者機能）,4,3,75.0,4,0,0
724b281a-c3d0-43a8-85df-6e8df56845e7,additional,normal,muse-spark-1.2-contributor,F-001,ユーザー登録,4,0,0.0,0,0,4
724b281a-c3d0-43a8-85df-6e8df56845e7,additional,normal,muse-spark-1.2-contributor,F-002,ログイン・ログアウト,4,0,0.0,0,3,4
724b281a-c3d0-43a8-85df-6e8df56845e7,additional,normal,muse-spark-1.2-contributor,F-003,申請書の新規作成,2,0,0.0,0,2,2
724b281a-c3d0-43a8-85df-6e8df56845e7,additional,normal,muse-spark-1.2-contributor,F-004,申請内容の入力・編集,3,0,0.0,0,3,3
724b281a-c3d0-43a8-85df-6e8df56845e7,additional,normal,muse-spark-1.2-contributor,F-005,申請の下書き保存,2,0,0.0,0,2,2
724b281a-c3d0-43a8-85df-6e8df56845e7,additional,normal,muse-spark-1.2-contributor,F-006,申請の提出（申請番号採番・承認者決定）,6,0,0.0,0,7,7
724b281a-c3d0-43a8-85df-6e8df56845e7,additional,normal,muse-spark-1.2-contributor,F-007,申請一覧表示,3,0,0.0,0,3,3
724b281a-c3d0-43a8-85df-6e8df56845e7,additional,normal,muse-spark-1.2-contributor,F-008,申請の検索・絞り込み,4,0,0.0,0,4,4
724b281a-c3d0-43a8-85df-6e8df56845e7,additional,normal,muse-spark-1.2-contributor,F-009,申請詳細表示,2,0,0.0,0,2,2
724b281a-c3d0-43a8-85df-6e8df56845e7,additional,normal,muse-spark-1.2-contributor,F-010,承認者による承認処理,3,0,0.0,0,3,3
724b281a-c3d0-43a8-85df-6e8df56845e7,additional,normal,muse-spark-1.2-contributor,F-011,承認者による差し戻し処理,2,0,0.0,0,2,2
724b281a-c3d0-43a8-85df-6e8df56845e7,additional,normal,muse-spark-1.2-contributor,F-012,申請者による申請取り消し,2,0,0.0,0,2,2
724b281a-c3d0-43a8-85df-6e8df56845e7,additional,normal,muse-spark-1.2-contributor,F-013,申請ステータス管理（遷移定義）,2,0,0.0,0,2,2
724b281a-c3d0-43a8-85df-6e8df56845e7,additional,normal,muse-spark-1.2-contributor,F-014,メール通知,2,0,0.0,0,2,2
724b281a-c3d0-43a8-85df-6e8df56845e7,additional,normal,muse-spark-1.2-contributor,F-015,承認履歴表示,1,0,0.0,0,1,1
724b281a-c3d0-43a8-85df-6e8df56845e7,additional,normal,muse-spark-1.2-contributor,F-016,CSVエクスポート,3,0,0.0,0,3,3
724b281a-c3d0-43a8-85df-6e8df56845e7,additional,normal,muse-spark-1.2-contributor,F-017,ダッシュボード,2,0,0.0,0,2,2
724b281a-c3d0-43a8-85df-6e8df56845e7,additional,normal,muse-spark-1.2-contributor,F-018,ユーザー一覧・編集（管理者機能）,3,0,0.0,0,3,3
724b281a-c3d0-43a8-85df-6e8df56845e7,additional,normal,muse-spark-1.2-contributor,F-019,パスワード変更,3,0,0.0,0,3,3
724b281a-c3d0-43a8-85df-6e8df56845e7,additional,normal,muse-spark-1.2-contributor,F-020,システム設定（管理者機能）,4,0,0.0,0,4,4
133cba3d-7333-4f8a-be4f-f44b8e93e154,additional,anti,muse-spark-1.2-contributor,F-001,ユーザー登録,4,4,100.0,4,0,0
133cba3d-7333-4f8a-be4f-f44b8e93e154,additional,anti,muse-spark-1.2-contributor,F-002,ログイン・ログアウト,4,2,50.0,4,0,0
133cba3d-7333-4f8a-be4f-f44b8e93e154,additional,anti,muse-spark-1.2-contributor,F-003,申請書の新規作成,2,2,100.0,2,0,0
133cba3d-7333-4f8a-be4f-f44b8e93e154,additional,anti,muse-spark-1.2-contributor,F-004,申請内容の入力・編集,3,1,33.333333333333336,3,0,0
133cba3d-7333-4f8a-be4f-f44b8e93e154,additional,anti,muse-spark-1.2-contributor,F-005,申請の下書き保存,2,0,0.0,1,0,1
133cba3d-7333-4f8a-be4f-f44b8e93e154,additional,anti,muse-spark-1.2-contributor,F-006,申請の提出（申請番号採番・承認者決定）,6,3,50.0,7,0,0
133cba3d-7333-4f8a-be4f-f44b8e93e154,additional,anti,muse-spark-1.2-contributor,F-007,申請一覧表示,3,0,0.0,0,3,3
133cba3d-7333-4f8a-be4f-f44b8e93e154,additional,anti,muse-spark-1.2-contributor,F-008,申請の検索・絞り込み,4,2,50.0,2,2,2
133cba3d-7333-4f8a-be4f-f44b8e93e154,additional,anti,muse-spark-1.2-contributor,F-009,申請詳細表示,2,2,100.0,2,0,0
133cba3d-7333-4f8a-be4f-f44b8e93e154,additional,anti,muse-spark-1.2-contributor,F-010,承認者による承認処理,3,2,66.66666666666667,2,0,1
133cba3d-7333-4f8a-be4f-f44b8e93e154,additional,anti,muse-spark-1.2-contributor,F-011,承認者による差し戻し処理,2,0,0.0,0,0,2
133cba3d-7333-4f8a-be4f-f44b8e93e154,additional,anti,muse-spark-1.2-contributor,F-012,申請者による申請取り消し,2,0,0.0,1,0,1
133cba3d-7333-4f8a-be4f-f44b8e93e154,additional,anti,muse-spark-1.2-contributor,F-013,申請ステータス管理（遷移定義）,2,0,0.0,0,0,2
133cba3d-7333-4f8a-be4f-f44b8e93e154,additional,anti,muse-spark-1.2-contributor,F-014,メール通知,2,0,0.0,1,0,1
133cba3d-7333-4f8a-be4f-f44b8e93e154,additional,anti,muse-spark-1.2-contributor,F-015,承認履歴表示,1,0,0.0,0,0,1
133cba3d-7333-4f8a-be4f-f44b8e93e154,additional,anti,muse-spark-1.2-contributor,F-016,CSVエクスポート,3,1,33.333333333333336,1,2,2
133cba3d-7333-4f8a-be4f-f44b8e93e154,additional,anti,muse-spark-1.2-contributor,F-017,ダッシュボード,2,0,0.0,0,2,2
133cba3d-7333-4f8a-be4f-f44b8e93e154,additional,anti,muse-spark-1.2-contributor,F-018,ユーザー一覧・編集（管理者機能）,3,3,100.0,3,0,0
133cba3d-7333-4f8a-be4f-f44b8e93e154,additional,anti,muse-spark-1.2-contributor,F-019,パスワード変更,3,3,100.0,3,0,0
133cba3d-7333-4f8a-be4f-f44b8e93e154,additional,anti,muse-spark-1.2-contributor,F-020,システム設定（管理者機能）,4,4,100.0,4,0,0
cdcf39ea-b857-4b0f-a3e7-75ad0395fd40,additional,anti,muse-spark-1.2-contributor,F-001,ユーザー登録,4,4,100.0,4,0,0
cdcf39ea-b857-4b0f-a3e7-75ad0395fd40,additional,anti,muse-spark-1.2-contributor,F-002,ログイン・ログアウト,4,2,50.0,4,0,0
cdcf39ea-b857-4b0f-a3e7-75ad0395fd40,additional,anti,muse-spark-1.2-contributor,F-003,申請書の新規作成,2,0,0.0,0,0,2
cdcf39ea-b857-4b0f-a3e7-75ad0395fd40,additional,anti,muse-spark-1.2-contributor,F-004,申請内容の入力・編集,3,2,66.66666666666667,3,0,0
cdcf39ea-b857-4b0f-a3e7-75ad0395fd40,additional,anti,muse-spark-1.2-contributor,F-005,申請の下書き保存,2,2,100.0,2,0,0
cdcf39ea-b857-4b0f-a3e7-75ad0395fd40,additional,anti,muse-spark-1.2-contributor,F-006,申請の提出（申請番号採番・承認者決定）,6,3,50.0,7,0,0
cdcf39ea-b857-4b0f-a3e7-75ad0395fd40,additional,anti,muse-spark-1.2-contributor,F-007,申請一覧表示,3,3,100.0,3,0,0
cdcf39ea-b857-4b0f-a3e7-75ad0395fd40,additional,anti,muse-spark-1.2-contributor,F-008,申請の検索・絞り込み,4,4,100.0,4,0,0
cdcf39ea-b857-4b0f-a3e7-75ad0395fd40,additional,anti,muse-spark-1.2-contributor,F-009,申請詳細表示,2,2,100.0,2,0,0
cdcf39ea-b857-4b0f-a3e7-75ad0395fd40,additional,anti,muse-spark-1.2-contributor,F-010,承認者による承認処理,3,2,66.66666666666667,2,0,1
cdcf39ea-b857-4b0f-a3e7-75ad0395fd40,additional,anti,muse-spark-1.2-contributor,F-011,承認者による差し戻し処理,2,0,0.0,0,0,2
cdcf39ea-b857-4b0f-a3e7-75ad0395fd40,additional,anti,muse-spark-1.2-contributor,F-012,申請者による申請取り消し,2,0,0.0,1,0,1
cdcf39ea-b857-4b0f-a3e7-75ad0395fd40,additional,anti,muse-spark-1.2-contributor,F-013,申請ステータス管理（遷移定義）,2,0,0.0,0,0,2
cdcf39ea-b857-4b0f-a3e7-75ad0395fd40,additional,anti,muse-spark-1.2-contributor,F-014,メール通知,2,0,0.0,1,0,1
cdcf39ea-b857-4b0f-a3e7-75ad0395fd40,additional,anti,muse-spark-1.2-contributor,F-015,承認履歴表示,1,0,0.0,0,0,1
cdcf39ea-b857-4b0f-a3e7-75ad0395fd40,additional,anti,muse-spark-1.2-contributor,F-016,CSVエクスポート,3,2,66.66666666666667,3,0,0
cdcf39ea-b857-4b0f-a3e7-75ad0395fd40,additional,anti,muse-spark-1.2-contributor,F-017,ダッシュボード,2,1,50.0,2,0,0
cdcf39ea-b857-4b0f-a3e7-75ad0395fd40,additional,anti,muse-spark-1.2-contributor,F-018,ユーザー一覧・編集（管理者機能）,3,3,100.0,3,0,0
cdcf39ea-b857-4b0f-a3e7-75ad0395fd40,additional,anti,muse-spark-1.2-contributor,F-019,パスワード変更,3,3,100.0,3,0,0
cdcf39ea-b857-4b0f-a3e7-75ad0395fd40,additional,anti,muse-spark-1.2-contributor,F-020,システム設定（管理者機能）,4,3,75.0,4,0,0
51463b84-66e0-4a29-9992-b74a598cf1cc,additional,normal,muse-spark-1.2-contributor,F-001,ユーザー登録,4,4,100.0,4,0,0
51463b84-66e0-4a29-9992-b74a598cf1cc,additional,normal,muse-spark-1.2-contributor,F-002,ログイン・ログアウト,4,2,50.0,4,0,0
51463b84-66e0-4a29-9992-b74a598cf1cc,additional,normal,muse-spark-1.2-contributor,F-003,申請書の新規作成,2,2,100.0,2,0,0
51463b84-66e0-4a29-9992-b74a598cf1cc,additional,normal,muse-spark-1.2-contributor,F-004,申請内容の入力・編集,3,2,66.66666666666667,3,0,0
51463b84-66e0-4a29-9992-b74a598cf1cc,additional,normal,muse-spark-1.2-contributor,F-005,申請の下書き保存,2,2,100.0,2,0,0
51463b84-66e0-4a29-9992-b74a598cf1cc,additional,normal,muse-spark-1.2-contributor,F-006,申請の提出（申請番号採番・承認者決定）,6,6,100.0,7,0,0
51463b84-66e0-4a29-9992-b74a598cf1cc,additional,normal,muse-spark-1.2-contributor,F-007,申請一覧表示,3,3,100.0,3,0,0
51463b84-66e0-4a29-9992-b74a598cf1cc,additional,normal,muse-spark-1.2-contributor,F-008,申請の検索・絞り込み,4,4,100.0,4,0,0
51463b84-66e0-4a29-9992-b74a598cf1cc,additional,normal,muse-spark-1.2-contributor,F-009,申請詳細表示,2,1,50.0,2,0,0
51463b84-66e0-4a29-9992-b74a598cf1cc,additional,normal,muse-spark-1.2-contributor,F-010,承認者による承認処理,3,2,66.66666666666667,3,0,0
51463b84-66e0-4a29-9992-b74a598cf1cc,additional,normal,muse-spark-1.2-contributor,F-011,承認者による差し戻し処理,2,1,50.0,2,0,0
51463b84-66e0-4a29-9992-b74a598cf1cc,additional,normal,muse-spark-1.2-contributor,F-012,申請者による申請取り消し,2,2,100.0,2,0,0
51463b84-66e0-4a29-9992-b74a598cf1cc,additional,normal,muse-spark-1.2-contributor,F-013,申請ステータス管理（遷移定義）,2,1,50.0,1,0,1
51463b84-66e0-4a29-9992-b74a598cf1cc,additional,normal,muse-spark-1.2-contributor,F-014,メール通知,2,2,100.0,2,0,0
51463b84-66e0-4a29-9992-b74a598cf1cc,additional,normal,muse-spark-1.2-contributor,F-015,承認履歴表示,1,0,0.0,0,0,1
51463b84-66e0-4a29-9992-b74a598cf1cc,additional,normal,muse-spark-1.2-contributor,F-016,CSVエクスポート,3,2,66.66666666666667,3,0,0
51463b84-66e0-4a29-9992-b74a598cf1cc,additional,normal,muse-spark-1.2-contributor,F-017,ダッシュボード,2,1,50.0,2,0,0
51463b84-66e0-4a29-9992-b74a598cf1cc,additional,normal,muse-spark-1.2-contributor,F-018,ユーザー一覧・編集（管理者機能）,3,3,100.0,3,0,0
51463b84-66e0-4a29-9992-b74a598cf1cc,additional,normal,muse-spark-1.2-contributor,F-019,パスワード変更,3,2,66.66666666666667,3,0,0
51463b84-66e0-4a29-9992-b74a598cf1cc,additional,normal,muse-spark-1.2-contributor,F-020,システム設定（管理者機能）,4,4,100.0,4,0,0
434b58e3-f948-4cfb-92a5-577b1c4c4af8,additional,normal,muse-spark-1.2-contributor,F-001,ユーザー登録,4,4,100.0,4,0,0
434b58e3-f948-4cfb-92a5-577b1c4c4af8,additional,normal,muse-spark-1.2-contributor,F-002,ログイン・ログアウト,4,3,75.0,4,0,0
434b58e3-f948-4cfb-92a5-577b1c4c4af8,additional,normal,muse-spark-1.2-contributor,F-003,申請書の新規作成,2,2,100.0,2,0,0
434b58e3-f948-4cfb-92a5-577b1c4c4af8,additional,normal,muse-spark-1.2-contributor,F-004,申請内容の入力・編集,3,3,100.0,3,0,0
434b58e3-f948-4cfb-92a5-577b1c4c4af8,additional,normal,muse-spark-1.2-contributor,F-005,申請の下書き保存,2,1,50.0,1,0,1
434b58e3-f948-4cfb-92a5-577b1c4c4af8,additional,normal,muse-spark-1.2-contributor,F-006,申請の提出（申請番号採番・承認者決定）,6,6,100.0,7,0,0
434b58e3-f948-4cfb-92a5-577b1c4c4af8,additional,normal,muse-spark-1.2-contributor,F-007,申請一覧表示,3,3,100.0,3,0,0
434b58e3-f948-4cfb-92a5-577b1c4c4af8,additional,normal,muse-spark-1.2-contributor,F-008,申請の検索・絞り込み,4,4,100.0,4,0,0
434b58e3-f948-4cfb-92a5-577b1c4c4af8,additional,normal,muse-spark-1.2-contributor,F-009,申請詳細表示,2,1,50.0,2,0,1
434b58e3-f948-4cfb-92a5-577b1c4c4af8,additional,normal,muse-spark-1.2-contributor,F-010,承認者による承認処理,3,3,100.0,3,0,0
434b58e3-f948-4cfb-92a5-577b1c4c4af8,additional,normal,muse-spark-1.2-contributor,F-011,承認者による差し戻し処理,2,2,100.0,2,0,0
434b58e3-f948-4cfb-92a5-577b1c4c4af8,additional,normal,muse-spark-1.2-contributor,F-012,申請者による申請取り消し,2,2,100.0,2,0,0
434b58e3-f948-4cfb-92a5-577b1c4c4af8,additional,normal,muse-spark-1.2-contributor,F-013,申請ステータス管理（遷移定義）,2,1,50.0,1,0,1
434b58e3-f948-4cfb-92a5-577b1c4c4af8,additional,normal,muse-spark-1.2-contributor,F-014,メール通知,2,2,100.0,2,0,0
434b58e3-f948-4cfb-92a5-577b1c4c4af8,additional,normal,muse-spark-1.2-contributor,F-015,承認履歴表示,1,0,0.0,0,0,1
434b58e3-f948-4cfb-92a5-577b1c4c4af8,additional,normal,muse-spark-1.2-contributor,F-016,CSVエクスポート,3,2,66.66666666666667,3,0,0
434b58e3-f948-4cfb-92a5-577b1c4c4af8,additional,normal,muse-spark-1.2-contributor,F-017,ダッシュボード,2,2,100.0,2,0,0
434b58e3-f948-4cfb-92a5-577b1c4c4af8,additional,normal,muse-spark-1.2-contributor,F-018,ユーザー一覧・編集（管理者機能）,3,3,100.0,3,0,0
434b58e3-f948-4cfb-92a5-577b1c4c4af8,additional,normal,muse-spark-1.2-contributor,F-019,パスワード変更,3,2,66.66666666666667,3,0,0
434b58e3-f948-4cfb-92a5-577b1c4c4af8,additional,normal,muse-spark-1.2-contributor,F-020,システム設定（管理者機能）,4,4,100.0,4,0,0
8521b60c-d58e-4f17-8cd0-75cf45d82d8b,additional,anti,muse-spark-1.2-contributor,F-001,ユーザー登録,4,2,50.0,4,2,0
8521b60c-d58e-4f17-8cd0-75cf45d82d8b,additional,anti,muse-spark-1.2-contributor,F-002,ログイン・ログアウト,4,1,25.0,2,2,0
8521b60c-d58e-4f17-8cd0-75cf45d82d8b,additional,anti,muse-spark-1.2-contributor,F-003,申請書の新規作成,2,0,0.0,0,2,0
8521b60c-d58e-4f17-8cd0-75cf45d82d8b,additional,anti,muse-spark-1.2-contributor,F-004,申請内容の入力・編集,3,0,0.0,0,3,0
8521b60c-d58e-4f17-8cd0-75cf45d82d8b,additional,anti,muse-spark-1.2-contributor,F-005,申請の下書き保存,2,0,0.0,0,2,0
8521b60c-d58e-4f17-8cd0-75cf45d82d8b,additional,anti,muse-spark-1.2-contributor,F-006,申請の提出（申請番号採番・承認者決定）,6,0,0.0,0,7,0
8521b60c-d58e-4f17-8cd0-75cf45d82d8b,additional,anti,muse-spark-1.2-contributor,F-007,申請一覧表示,3,0,0.0,0,3,0
8521b60c-d58e-4f17-8cd0-75cf45d82d8b,additional,anti,muse-spark-1.2-contributor,F-008,申請の検索・絞り込み,4,0,0.0,0,4,0
8521b60c-d58e-4f17-8cd0-75cf45d82d8b,additional,anti,muse-spark-1.2-contributor,F-009,申請詳細表示,2,0,0.0,0,2,0
8521b60c-d58e-4f17-8cd0-75cf45d82d8b,additional,anti,muse-spark-1.2-contributor,F-010,承認者による承認処理,3,0,0.0,0,3,0
8521b60c-d58e-4f17-8cd0-75cf45d82d8b,additional,anti,muse-spark-1.2-contributor,F-011,承認者による差し戻し処理,2,0,0.0,0,2,0
8521b60c-d58e-4f17-8cd0-75cf45d82d8b,additional,anti,muse-spark-1.2-contributor,F-012,申請者による申請取り消し,2,0,0.0,0,2,0
8521b60c-d58e-4f17-8cd0-75cf45d82d8b,additional,anti,muse-spark-1.2-contributor,F-013,申請ステータス管理（遷移定義）,2,0,0.0,0,2,0
8521b60c-d58e-4f17-8cd0-75cf45d82d8b,additional,anti,muse-spark-1.2-contributor,F-014,メール通知,2,0,0.0,0,2,0
8521b60c-d58e-4f17-8cd0-75cf45d82d8b,additional,anti,muse-spark-1.2-contributor,F-015,承認履歴表示,1,0,0.0,0,1,0
8521b60c-d58e-4f17-8cd0-75cf45d82d8b,additional,anti,muse-spark-1.2-contributor,F-016,CSVエクスポート,3,0,0.0,0,3,0
8521b60c-d58e-4f17-8cd0-75cf45d82d8b,additional,anti,muse-spark-1.2-contributor,F-017,ダッシュボード,2,0,0.0,0,2,0
8521b60c-d58e-4f17-8cd0-75cf45d82d8b,additional,anti,muse-spark-1.2-contributor,F-018,ユーザー一覧・編集（管理者機能）,3,0,0.0,0,3,0
8521b60c-d58e-4f17-8cd0-75cf45d82d8b,additional,anti,muse-spark-1.2-contributor,F-019,パスワード変更,3,0,0.0,0,3,0
8521b60c-d58e-4f17-8cd0-75cf45d82d8b,additional,anti,muse-spark-1.2-contributor,F-020,システム設定（管理者機能）,4,0,0.0,0,4,0
